1498 1500 74902
1 1
1 2
1 3
1 4
1 5
1 6
1 7
1 8
1 9
1 10
1 11
1 12
1 13
1 14
1 15
1 16
1 17
1 18
1 19
1 20
1 21
1 22
1 23
1 24
1 25
1 26
1 27
1 28
1 29
1 30
1 31
1 32
1 33
1 34
1 35
1 36
1 37
1 38
1 39
1 40
1 41
1 42
1 43
1 44
1 45
1 46
1 47
1 48
1 49
1 50
2 2
2 3
2 4
2 5
2 6
2 7
2 8
2 9
2 10
2 11
2 12
2 13
2 14
2 15
2 16
2 17
2 18
2 19
2 20
2 21
2 22
2 23
2 24
2 25
2 26
2 27
2 28
2 29
2 30
2 31
2 32
2 33
2 34
2 35
2 36
2 37
2 38
2 39
2 40
2 41
2 42
2 43
2 44
2 45
2 46
2 47
2 48
2 49
2 50
2 51
3 3
3 4
3 5
3 6
3 7
3 8
3 9
3 10
3 11
3 12
3 13
3 14
3 15
3 16
3 17
3 18
3 19
3 20
3 21
3 22
3 23
3 24
3 25
3 26
3 27
3 28
3 29
3 30
3 31
3 32
3 33
3 34
3 35
3 36
3 37
3 38
3 39
3 40
3 41
3 42
3 43
3 44
3 45
3 46
3 47
3 48
3 49
3 50
3 51
3 52
4 4
4 5
4 6
4 7
4 8
4 9
4 10
4 11
4 12
4 13
4 14
4 15
4 16
4 17
4 18
4 19
4 20
4 21
4 22
4 23
4 24
4 25
4 26
4 27
4 28
4 29
4 30
4 31
4 32
4 33
4 34
4 35
4 36
4 37
4 38
4 39
4 40
4 41
4 42
4 43
4 44
4 45
4 46
4 47
4 48
4 49
4 50
4 51
4 52
4 53
5 5
5 6
5 7
5 8
5 9
5 10
5 11
5 12
5 13
5 14
5 15
5 16
5 17
5 18
5 19
5 20
5 21
5 22
5 23
5 24
5 25
5 26
5 27
5 28
5 29
5 30
5 31
5 32
5 33
5 34
5 35
5 36
5 37
5 38
5 39
5 40
5 41
5 42
5 43
5 44
5 45
5 46
5 47
5 48
5 49
5 50
5 51
5 52
5 53
5 54
6 6
6 7
6 8
6 9
6 10
6 11
6 12
6 13
6 14
6 15
6 16
6 17
6 18
6 19
6 20
6 21
6 22
6 23
6 24
6 25
6 26
6 27
6 28
6 29
6 30
6 31
6 32
6 33
6 34
6 35
6 36
6 37
6 38
6 39
6 40
6 41
6 42
6 43
6 44
6 45
6 46
6 47
6 48
6 49
6 50
6 51
6 52
6 53
6 54
6 55
7 7
7 8
7 9
7 10
7 11
7 12
7 13
7 14
7 15
7 16
7 17
7 18
7 19
7 20
7 21
7 22
7 23
7 24
7 25
7 26
7 27
7 28
7 29
7 30
7 31
7 32
7 33
7 34
7 35
7 36
7 37
7 38
7 39
7 40
7 41
7 42
7 43
7 44
7 45
7 46
7 47
7 48
7 49
7 50
7 51
7 52
7 53
7 54
7 55
7 56
8 8
8 9
8 10
8 11
8 12
8 13
8 14
8 15
8 16
8 17
8 18
8 19
8 20
8 21
8 22
8 23
8 24
8 25
8 26
8 27
8 28
8 29
8 30
8 31
8 32
8 33
8 34
8 35
8 36
8 37
8 38
8 39
8 40
8 41
8 42
8 43
8 44
8 45
8 46
8 47
8 48
8 49
8 50
8 51
8 52
8 53
8 54
8 55
8 56
8 57
9 9
9 10
9 11
9 12
9 13
9 14
9 15
9 16
9 17
9 18
9 19
9 20
9 21
9 22
9 23
9 24
9 25
9 26
9 27
9 28
9 29
9 30
9 31
9 32
9 33
9 34
9 35
9 36
9 37
9 38
9 39
9 40
9 41
9 42
9 43
9 44
9 45
9 46
9 47
9 48
9 49
9 50
9 51
9 52
9 53
9 54
9 55
9 56
9 57
9 58
10 10
10 11
10 12
10 13
10 14
10 15
10 16
10 17
10 18
10 19
10 20
10 21
10 22
10 23
10 24
10 25
10 26
10 27
10 28
10 29
10 30
10 31
10 32
10 33
10 34
10 35
10 36
10 37
10 38
10 39
10 40
10 41
10 42
10 43
10 44
10 45
10 46
10 47
10 48
10 49
10 50
10 51
10 52
10 53
10 54
10 55
10 56
10 57
10 58
10 59
11 11
11 12
11 13
11 14
11 15
11 16
11 17
11 18
11 19
11 20
11 21
11 22
11 23
11 24
11 25
11 26
11 27
11 28
11 29
11 30
11 31
11 32
11 33
11 34
11 35
11 36
11 37
11 38
11 39
11 40
11 41
11 42
11 43
11 44
11 45
11 46
11 47
11 48
11 49
11 50
11 51
11 52
11 53
11 54
11 55
11 56
11 57
11 58
11 59
11 60
12 12
12 13
12 14
12 15
12 16
12 17
12 18
12 19
12 20
12 21
12 22
12 23
12 24
12 25
12 26
12 27
12 28
12 29
12 30
12 31
12 32
12 33
12 34
12 35
12 36
12 37
12 38
12 39
12 40
12 41
12 42
12 43
12 44
12 45
12 46
12 47
12 48
12 49
12 50
12 51
12 52
12 53
12 54
12 55
12 56
12 57
12 58
12 59
12 60
12 61
13 13
13 14
13 15
13 16
13 17
13 18
13 19
13 20
13 21
13 22
13 23
13 24
13 25
13 26
13 27
13 28
13 29
13 30
13 31
13 32
13 33
13 34
13 35
13 36
13 37
13 38
13 39
13 40
13 41
13 42
13 43
13 44
13 45
13 46
13 47
13 48
13 49
13 50
13 51
13 52
13 53
13 54
13 55
13 56
13 57
13 58
13 59
13 60
13 61
13 62
14 14
14 15
14 16
14 17
14 18
14 19
14 20
14 21
14 22
14 23
14 24
14 25
14 26
14 27
14 28
14 29
14 30
14 31
14 32
14 33
14 34
14 35
14 36
14 37
14 38
14 39
14 40
14 41
14 42
14 43
14 44
14 45
14 46
14 47
14 48
14 49
14 50
14 51
14 52
14 53
14 54
14 55
14 56
14 57
14 58
14 59
14 60
14 61
14 62
14 63
15 15
15 16
15 17
15 18
15 19
15 20
15 21
15 22
15 23
15 24
15 25
15 26
15 27
15 28
15 29
15 30
15 31
15 32
15 33
15 34
15 35
15 36
15 37
15 38
15 39
15 40
15 41
15 42
15 43
15 44
15 45
15 46
15 47
15 48
15 49
15 50
15 51
15 52
15 53
15 54
15 55
15 56
15 57
15 58
15 59
15 60
15 61
15 62
15 63
15 64
16 16
16 17
16 18
16 19
16 20
16 21
16 22
16 23
16 24
16 25
16 26
16 27
16 28
16 29
16 30
16 31
16 32
16 33
16 34
16 35
16 36
16 37
16 38
16 39
16 40
16 41
16 42
16 43
16 44
16 45
16 46
16 47
16 48
16 49
16 50
16 51
16 52
16 53
16 54
16 55
16 56
16 57
16 58
16 59
16 60
16 61
16 62
16 63
16 64
16 65
17 17
17 18
17 19
17 20
17 21
17 22
17 23
17 24
17 25
17 26
17 27
17 28
17 29
17 30
17 31
17 32
17 33
17 34
17 35
17 36
17 37
17 38
17 39
17 40
17 41
17 42
17 43
17 44
17 45
17 46
17 47
17 48
17 49
17 50
17 51
17 52
17 53
17 54
17 55
17 56
17 57
17 58
17 59
17 60
17 61
17 62
17 63
17 64
17 65
17 66
18 18
18 19
18 20
18 21
18 22
18 23
18 24
18 25
18 26
18 27
18 28
18 29
18 30
18 31
18 32
18 33
18 34
18 35
18 36
18 37
18 38
18 39
18 40
18 41
18 42
18 43
18 44
18 45
18 46
18 47
18 48
18 49
18 50
18 51
18 52
18 53
18 54
18 55
18 56
18 57
18 58
18 59
18 60
18 61
18 62
18 63
18 64
18 65
18 66
18 67
19 19
19 20
19 21
19 22
19 23
19 24
19 25
19 26
19 27
19 28
19 29
19 30
19 31
19 32
19 33
19 34
19 35
19 36
19 37
19 38
19 39
19 40
19 41
19 42
19 43
19 44
19 45
19 46
19 47
19 48
19 49
19 50
19 51
19 52
19 53
19 54
19 55
19 56
19 57
19 58
19 59
19 60
19 61
19 62
19 63
19 64
19 65
19 66
19 67
19 68
20 20
20 21
20 22
20 23
20 24
20 25
20 26
20 27
20 28
20 29
20 30
20 31
20 32
20 33
20 34
20 35
20 36
20 37
20 38
20 39
20 40
20 41
20 42
20 43
20 44
20 45
20 46
20 47
20 48
20 49
20 50
20 51
20 52
20 53
20 54
20 55
20 56
20 57
20 58
20 59
20 60
20 61
20 62
20 63
20 64
20 65
20 66
20 67
20 68
20 69
21 21
21 22
21 23
21 24
21 25
21 26
21 27
21 28
21 29
21 30
21 31
21 32
21 33
21 34
21 35
21 36
21 37
21 38
21 39
21 40
21 41
21 42
21 43
21 44
21 45
21 46
21 47
21 48
21 49
21 50
21 51
21 52
21 53
21 54
21 55
21 56
21 57
21 58
21 59
21 60
21 61
21 62
21 63
21 64
21 65
21 66
21 67
21 68
21 69
21 70
22 22
22 23
22 24
22 25
22 26
22 27
22 28
22 29
22 30
22 31
22 32
22 33
22 34
22 35
22 36
22 37
22 38
22 39
22 40
22 41
22 42
22 43
22 44
22 45
22 46
22 47
22 48
22 49
22 50
22 51
22 52
22 53
22 54
22 55
22 56
22 57
22 58
22 59
22 60
22 61
22 62
22 63
22 64
22 65
22 66
22 67
22 68
22 69
22 70
22 71
23 23
23 24
23 25
23 26
23 27
23 28
23 29
23 30
23 31
23 32
23 33
23 34
23 35
23 36
23 37
23 38
23 39
23 40
23 41
23 42
23 43
23 44
23 45
23 46
23 47
23 48
23 49
23 50
23 51
23 52
23 53
23 54
23 55
23 56
23 57
23 58
23 59
23 60
23 61
23 62
23 63
23 64
23 65
23 66
23 67
23 68
23 69
23 70
23 71
23 72
24 24
24 25
24 26
24 27
24 28
24 29
24 30
24 31
24 32
24 33
24 34
24 35
24 36
24 37
24 38
24 39
24 40
24 41
24 42
24 43
24 44
24 45
24 46
24 47
24 48
24 49
24 50
24 51
24 52
24 53
24 54
24 55
24 56
24 57
24 58
24 59
24 60
24 61
24 62
24 63
24 64
24 65
24 66
24 67
24 68
24 69
24 70
24 71
24 72
24 73
25 25
25 26
25 27
25 28
25 29
25 30
25 31
25 32
25 33
25 34
25 35
25 36
25 37
25 38
25 39
25 40
25 41
25 42
25 43
25 44
25 45
25 46
25 47
25 48
25 49
25 50
25 51
25 52
25 53
25 54
25 55
25 56
25 57
25 58
25 59
25 60
25 61
25 62
25 63
25 64
25 65
25 66
25 67
25 68
25 69
25 70
25 71
25 72
25 73
25 74
26 26
26 27
26 28
26 29
26 30
26 31
26 32
26 33
26 34
26 35
26 36
26 37
26 38
26 39
26 40
26 41
26 42
26 43
26 44
26 45
26 46
26 47
26 48
26 49
26 50
26 51
26 52
26 53
26 54
26 55
26 56
26 57
26 58
26 59
26 60
26 61
26 62
26 63
26 64
26 65
26 66
26 67
26 68
26 69
26 70
26 71
26 72
26 73
26 74
26 75
27 27
27 28
27 29
27 30
27 31
27 32
27 33
27 34
27 35
27 36
27 37
27 38
27 39
27 40
27 41
27 42
27 43
27 44
27 45
27 46
27 47
27 48
27 49
27 50
27 51
27 52
27 53
27 54
27 55
27 56
27 57
27 58
27 59
27 60
27 61
27 62
27 63
27 64
27 65
27 66
27 67
27 68
27 69
27 70
27 71
27 72
27 73
27 74
27 75
27 76
28 28
28 29
28 30
28 31
28 32
28 33
28 34
28 35
28 36
28 37
28 38
28 39
28 40
28 41
28 42
28 43
28 44
28 45
28 46
28 47
28 48
28 49
28 50
28 51
28 52
28 53
28 54
28 55
28 56
28 57
28 58
28 59
28 60
28 61
28 62
28 63
28 64
28 65
28 66
28 67
28 68
28 69
28 70
28 71
28 72
28 73
28 74
28 75
28 76
28 77
29 29
29 30
29 31
29 32
29 33
29 34
29 35
29 36
29 37
29 38
29 39
29 40
29 41
29 42
29 43
29 44
29 45
29 46
29 47
29 48
29 49
29 50
29 51
29 52
29 53
29 54
29 55
29 56
29 57
29 58
29 59
29 60
29 61
29 62
29 63
29 64
29 65
29 66
29 67
29 68
29 69
29 70
29 71
29 72
29 73
29 74
29 75
29 76
29 77
29 78
30 30
30 31
30 32
30 33
30 34
30 35
30 36
30 37
30 38
30 39
30 40
30 41
30 42
30 43
30 44
30 45
30 46
30 47
30 48
30 49
30 50
30 51
30 52
30 53
30 54
30 55
30 56
30 57
30 58
30 59
30 60
30 61
30 62
30 63
30 64
30 65
30 66
30 67
30 68
30 69
30 70
30 71
30 72
30 73
30 74
30 75
30 76
30 77
30 78
30 79
31 31
31 32
31 33
31 34
31 35
31 36
31 37
31 38
31 39
31 40
31 41
31 42
31 43
31 44
31 45
31 46
31 47
31 48
31 49
31 50
31 51
31 52
31 53
31 54
31 55
31 56
31 57
31 58
31 59
31 60
31 61
31 62
31 63
31 64
31 65
31 66
31 67
31 68
31 69
31 70
31 71
31 72
31 73
31 74
31 75
31 76
31 77
31 78
31 79
31 80
32 32
32 33
32 34
32 35
32 36
32 37
32 38
32 39
32 40
32 41
32 42
32 43
32 44
32 45
32 46
32 47
32 48
32 49
32 50
32 51
32 52
32 53
32 54
32 55
32 56
32 57
32 58
32 59
32 60
32 61
32 62
32 63
32 64
32 65
32 66
32 67
32 68
32 69
32 70
32 71
32 72
32 73
32 74
32 75
32 76
32 77
32 78
32 79
32 80
32 81
33 33
33 34
33 35
33 36
33 37
33 38
33 39
33 40
33 41
33 42
33 43
33 44
33 45
33 46
33 47
33 48
33 49
33 50
33 51
33 52
33 53
33 54
33 55
33 56
33 57
33 58
33 59
33 60
33 61
33 62
33 63
33 64
33 65
33 66
33 67
33 68
33 69
33 70
33 71
33 72
33 73
33 74
33 75
33 76
33 77
33 78
33 79
33 80
33 81
33 82
34 34
34 35
34 36
34 37
34 38
34 39
34 40
34 41
34 42
34 43
34 44
34 45
34 46
34 47
34 48
34 49
34 50
34 51
34 52
34 53
34 54
34 55
34 56
34 57
34 58
34 59
34 60
34 61
34 62
34 63
34 64
34 65
34 66
34 67
34 68
34 69
34 70
34 71
34 72
34 73
34 74
34 75
34 76
34 77
34 78
34 79
34 80
34 81
34 82
34 83
35 35
35 36
35 37
35 38
35 39
35 40
35 41
35 42
35 43
35 44
35 45
35 46
35 47
35 48
35 49
35 50
35 51
35 52
35 53
35 54
35 55
35 56
35 57
35 58
35 59
35 60
35 61
35 62
35 63
35 64
35 65
35 66
35 67
35 68
35 69
35 70
35 71
35 72
35 73
35 74
35 75
35 76
35 77
35 78
35 79
35 80
35 81
35 82
35 83
35 84
36 36
36 37
36 38
36 39
36 40
36 41
36 42
36 43
36 44
36 45
36 46
36 47
36 48
36 49
36 50
36 51
36 52
36 53
36 54
36 55
36 56
36 57
36 58
36 59
36 60
36 61
36 62
36 63
36 64
36 65
36 66
36 67
36 68
36 69
36 70
36 71
36 72
36 73
36 74
36 75
36 76
36 77
36 78
36 79
36 80
36 81
36 82
36 83
36 84
36 85
37 37
37 38
37 39
37 40
37 41
37 42
37 43
37 44
37 45
37 46
37 47
37 48
37 49
37 50
37 51
37 52
37 53
37 54
37 55
37 56
37 57
37 58
37 59
37 60
37 61
37 62
37 63
37 64
37 65
37 66
37 67
37 68
37 69
37 70
37 71
37 72
37 73
37 74
37 75
37 76
37 77
37 78
37 79
37 80
37 81
37 82
37 83
37 84
37 85
37 86
38 38
38 39
38 40
38 41
38 42
38 43
38 44
38 45
38 46
38 47
38 48
38 49
38 50
38 51
38 52
38 53
38 54
38 55
38 56
38 57
38 58
38 59
38 60
38 61
38 62
38 63
38 64
38 65
38 66
38 67
38 68
38 69
38 70
38 71
38 72
38 73
38 74
38 75
38 76
38 77
38 78
38 79
38 80
38 81
38 82
38 83
38 84
38 85
38 86
38 87
39 39
39 40
39 41
39 42
39 43
39 44
39 45
39 46
39 47
39 48
39 49
39 50
39 51
39 52
39 53
39 54
39 55
39 56
39 57
39 58
39 59
39 60
39 61
39 62
39 63
39 64
39 65
39 66
39 67
39 68
39 69
39 70
39 71
39 72
39 73
39 74
39 75
39 76
39 77
39 78
39 79
39 80
39 81
39 82
39 83
39 84
39 85
39 86
39 87
39 88
40 40
40 41
40 42
40 43
40 44
40 45
40 46
40 47
40 48
40 49
40 50
40 51
40 52
40 53
40 54
40 55
40 56
40 57
40 58
40 59
40 60
40 61
40 62
40 63
40 64
40 65
40 66
40 67
40 68
40 69
40 70
40 71
40 72
40 73
40 74
40 75
40 76
40 77
40 78
40 79
40 80
40 81
40 82
40 83
40 84
40 85
40 86
40 87
40 88
40 89
41 41
41 42
41 43
41 44
41 45
41 46
41 47
41 48
41 49
41 50
41 51
41 52
41 53
41 54
41 55
41 56
41 57
41 58
41 59
41 60
41 61
41 62
41 63
41 64
41 65
41 66
41 67
41 68
41 69
41 70
41 71
41 72
41 73
41 74
41 75
41 76
41 77
41 78
41 79
41 80
41 81
41 82
41 83
41 84
41 85
41 86
41 87
41 88
41 89
41 90
42 42
42 43
42 44
42 45
42 46
42 47
42 48
42 49
42 50
42 51
42 52
42 53
42 54
42 55
42 56
42 57
42 58
42 59
42 60
42 61
42 62
42 63
42 64
42 65
42 66
42 67
42 68
42 69
42 70
42 71
42 72
42 73
42 74
42 75
42 76
42 77
42 78
42 79
42 80
42 81
42 82
42 83
42 84
42 85
42 86
42 87
42 88
42 89
42 90
42 91
43 43
43 44
43 45
43 46
43 47
43 48
43 49
43 50
43 51
43 52
43 53
43 54
43 55
43 56
43 57
43 58
43 59
43 60
43 61
43 62
43 63
43 64
43 65
43 66
43 67
43 68
43 69
43 70
43 71
43 72
43 73
43 74
43 75
43 76
43 77
43 78
43 79
43 80
43 81
43 82
43 83
43 84
43 85
43 86
43 87
43 88
43 89
43 90
43 91
43 92
44 44
44 45
44 46
44 47
44 48
44 49
44 50
44 51
44 52
44 53
44 54
44 55
44 56
44 57
44 58
44 59
44 60
44 61
44 62
44 63
44 64
44 65
44 66
44 67
44 68
44 69
44 70
44 71
44 72
44 73
44 74
44 75
44 76
44 77
44 78
44 79
44 80
44 81
44 82
44 83
44 84
44 85
44 86
44 87
44 88
44 89
44 90
44 91
44 92
44 93
45 45
45 46
45 47
45 48
45 49
45 50
45 51
45 52
45 53
45 54
45 55
45 56
45 57
45 58
45 59
45 60
45 61
45 62
45 63
45 64
45 65
45 66
45 67
45 68
45 69
45 70
45 71
45 72
45 73
45 74
45 75
45 76
45 77
45 78
45 79
45 80
45 81
45 82
45 83
45 84
45 85
45 86
45 87
45 88
45 89
45 90
45 91
45 92
45 93
45 94
46 46
46 47
46 48
46 49
46 50
46 51
46 52
46 53
46 54
46 55
46 56
46 57
46 58
46 59
46 60
46 61
46 62
46 63
46 64
46 65
46 66
46 67
46 68
46 69
46 70
46 71
46 72
46 73
46 74
46 75
46 76
46 77
46 78
46 79
46 80
46 81
46 82
46 83
46 84
46 85
46 86
46 87
46 88
46 89
46 90
46 91
46 92
46 93
46 94
46 95
47 47
47 48
47 49
47 50
47 51
47 52
47 53
47 54
47 55
47 56
47 57
47 58
47 59
47 60
47 61
47 62
47 63
47 64
47 65
47 66
47 67
47 68
47 69
47 70
47 71
47 72
47 73
47 74
47 75
47 76
47 77
47 78
47 79
47 80
47 81
47 82
47 83
47 84
47 85
47 86
47 87
47 88
47 89
47 90
47 91
47 92
47 93
47 94
47 95
47 96
48 48
48 49
48 50
48 51
48 52
48 53
48 54
48 55
48 56
48 57
48 58
48 59
48 60
48 61
48 62
48 63
48 64
48 65
48 66
48 67
48 68
48 69
48 70
48 71
48 72
48 73
48 74
48 75
48 76
48 77
48 78
48 79
48 80
48 81
48 82
48 83
48 84
48 85
48 86
48 87
48 88
48 89
48 90
48 91
48 92
48 93
48 94
48 95
48 96
48 97
49 49
49 50
49 51
49 52
49 53
49 54
49 55
49 56
49 57
49 58
49 59
49 60
49 61
49 62
49 63
49 64
49 65
49 66
49 67
49 68
49 69
49 70
49 71
49 72
49 73
49 74
49 75
49 76
49 77
49 78
49 79
49 80
49 81
49 82
49 83
49 84
49 85
49 86
49 87
49 88
49 89
49 90
49 91
49 92
49 93
49 94
49 95
49 96
49 97
49 98
50 50
50 51
50 52
50 53
50 54
50 55
50 56
50 57
50 58
50 59
50 60
50 61
50 62
50 63
50 64
50 65
50 66
50 67
50 68
50 69
50 70
50 71
50 72
50 73
50 74
50 75
50 76
50 77
50 78
50 79
50 80
50 81
50 82
50 83
50 84
50 85
50 86
50 87
50 88
50 89
50 90
50 91
50 92
50 93
50 94
50 95
50 96
50 97
50 98
50 99
51 51
51 52
51 53
51 54
51 55
51 56
51 57
51 58
51 59
51 60
51 61
51 62
51 63
51 64
51 65
51 66
51 67
51 68
51 69
51 70
51 71
51 72
51 73
51 74
51 75
51 76
51 77
51 78
51 79
51 80
51 81
51 82
51 83
51 84
51 85
51 86
51 87
51 88
51 89
51 90
51 91
51 92
51 93
51 94
51 95
51 96
51 97
51 98
51 99
51 100
52 52
52 53
52 54
52 55
52 56
52 57
52 58
52 59
52 60
52 61
52 62
52 63
52 64
52 65
52 66
52 67
52 68
52 69
52 70
52 71
52 72
52 73
52 74
52 75
52 76
52 77
52 78
52 79
52 80
52 81
52 82
52 83
52 84
52 85
52 86
52 87
52 88
52 89
52 90
52 91
52 92
52 93
52 94
52 95
52 96
52 97
52 98
52 99
52 100
52 101
53 53
53 54
53 55
53 56
53 57
53 58
53 59
53 60
53 61
53 62
53 63
53 64
53 65
53 66
53 67
53 68
53 69
53 70
53 71
53 72
53 73
53 74
53 75
53 76
53 77
53 78
53 79
53 80
53 81
53 82
53 83
53 84
53 85
53 86
53 87
53 88
53 89
53 90
53 91
53 92
53 93
53 94
53 95
53 96
53 97
53 98
53 99
53 100
53 101
53 102
54 54
54 55
54 56
54 57
54 58
54 59
54 60
54 61
54 62
54 63
54 64
54 65
54 66
54 67
54 68
54 69
54 70
54 71
54 72
54 73
54 74
54 75
54 76
54 77
54 78
54 79
54 80
54 81
54 82
54 83
54 84
54 85
54 86
54 87
54 88
54 89
54 90
54 91
54 92
54 93
54 94
54 95
54 96
54 97
54 98
54 99
54 100
54 101
54 102
54 103
55 55
55 56
55 57
55 58
55 59
55 60
55 61
55 62
55 63
55 64
55 65
55 66
55 67
55 68
55 69
55 70
55 71
55 72
55 73
55 74
55 75
55 76
55 77
55 78
55 79
55 80
55 81
55 82
55 83
55 84
55 85
55 86
55 87
55 88
55 89
55 90
55 91
55 92
55 93
55 94
55 95
55 96
55 97
55 98
55 99
55 100
55 101
55 102
55 103
55 104
56 56
56 57
56 58
56 59
56 60
56 61
56 62
56 63
56 64
56 65
56 66
56 67
56 68
56 69
56 70
56 71
56 72
56 73
56 74
56 75
56 76
56 77
56 78
56 79
56 80
56 81
56 82
56 83
56 84
56 85
56 86
56 87
56 88
56 89
56 90
56 91
56 92
56 93
56 94
56 95
56 96
56 97
56 98
56 99
56 100
56 101
56 102
56 103
56 104
56 105
57 57
57 58
57 59
57 60
57 61
57 62
57 63
57 64
57 65
57 66
57 67
57 68
57 69
57 70
57 71
57 72
57 73
57 74
57 75
57 76
57 77
57 78
57 79
57 80
57 81
57 82
57 83
57 84
57 85
57 86
57 87
57 88
57 89
57 90
57 91
57 92
57 93
57 94
57 95
57 96
57 97
57 98
57 99
57 100
57 101
57 102
57 103
57 104
57 105
57 106
58 58
58 59
58 60
58 61
58 62
58 63
58 64
58 65
58 66
58 67
58 68
58 69
58 70
58 71
58 72
58 73
58 74
58 75
58 76
58 77
58 78
58 79
58 80
58 81
58 82
58 83
58 84
58 85
58 86
58 87
58 88
58 89
58 90
58 91
58 92
58 93
58 94
58 95
58 96
58 97
58 98
58 99
58 100
58 101
58 102
58 103
58 104
58 105
58 106
58 107
59 59
59 60
59 61
59 62
59 63
59 64
59 65
59 66
59 67
59 68
59 69
59 70
59 71
59 72
59 73
59 74
59 75
59 76
59 77
59 78
59 79
59 80
59 81
59 82
59 83
59 84
59 85
59 86
59 87
59 88
59 89
59 90
59 91
59 92
59 93
59 94
59 95
59 96
59 97
59 98
59 99
59 100
59 101
59 102
59 103
59 104
59 105
59 106
59 107
59 108
60 60
60 61
60 62
60 63
60 64
60 65
60 66
60 67
60 68
60 69
60 70
60 71
60 72
60 73
60 74
60 75
60 76
60 77
60 78
60 79
60 80
60 81
60 82
60 83
60 84
60 85
60 86
60 87
60 88
60 89
60 90
60 91
60 92
60 93
60 94
60 95
60 96
60 97
60 98
60 99
60 100
60 101
60 102
60 103
60 104
60 105
60 106
60 107
60 108
60 109
61 61
61 62
61 63
61 64
61 65
61 66
61 67
61 68
61 69
61 70
61 71
61 72
61 73
61 74
61 75
61 76
61 77
61 78
61 79
61 80
61 81
61 82
61 83
61 84
61 85
61 86
61 87
61 88
61 89
61 90
61 91
61 92
61 93
61 94
61 95
61 96
61 97
61 98
61 99
61 100
61 101
61 102
61 103
61 104
61 105
61 106
61 107
61 108
61 109
61 110
62 62
62 63
62 64
62 65
62 66
62 67
62 68
62 69
62 70
62 71
62 72
62 73
62 74
62 75
62 76
62 77
62 78
62 79
62 80
62 81
62 82
62 83
62 84
62 85
62 86
62 87
62 88
62 89
62 90
62 91
62 92
62 93
62 94
62 95
62 96
62 97
62 98
62 99
62 100
62 101
62 102
62 103
62 104
62 105
62 106
62 107
62 108
62 109
62 110
62 111
63 63
63 64
63 65
63 66
63 67
63 68
63 69
63 70
63 71
63 72
63 73
63 74
63 75
63 76
63 77
63 78
63 79
63 80
63 81
63 82
63 83
63 84
63 85
63 86
63 87
63 88
63 89
63 90
63 91
63 92
63 93
63 94
63 95
63 96
63 97
63 98
63 99
63 100
63 101
63 102
63 103
63 104
63 105
63 106
63 107
63 108
63 109
63 110
63 111
63 112
64 64
64 65
64 66
64 67
64 68
64 69
64 70
64 71
64 72
64 73
64 74
64 75
64 76
64 77
64 78
64 79
64 80
64 81
64 82
64 83
64 84
64 85
64 86
64 87
64 88
64 89
64 90
64 91
64 92
64 93
64 94
64 95
64 96
64 97
64 98
64 99
64 100
64 101
64 102
64 103
64 104
64 105
64 106
64 107
64 108
64 109
64 110
64 111
64 112
64 113
65 65
65 66
65 67
65 68
65 69
65 70
65 71
65 72
65 73
65 74
65 75
65 76
65 77
65 78
65 79
65 80
65 81
65 82
65 83
65 84
65 85
65 86
65 87
65 88
65 89
65 90
65 91
65 92
65 93
65 94
65 95
65 96
65 97
65 98
65 99
65 100
65 101
65 102
65 103
65 104
65 105
65 106
65 107
65 108
65 109
65 110
65 111
65 112
65 113
65 114
66 66
66 67
66 68
66 69
66 70
66 71
66 72
66 73
66 74
66 75
66 76
66 77
66 78
66 79
66 80
66 81
66 82
66 83
66 84
66 85
66 86
66 87
66 88
66 89
66 90
66 91
66 92
66 93
66 94
66 95
66 96
66 97
66 98
66 99
66 100
66 101
66 102
66 103
66 104
66 105
66 106
66 107
66 108
66 109
66 110
66 111
66 112
66 113
66 114
66 115
67 67
67 68
67 69
67 70
67 71
67 72
67 73
67 74
67 75
67 76
67 77
67 78
67 79
67 80
67 81
67 82
67 83
67 84
67 85
67 86
67 87
67 88
67 89
67 90
67 91
67 92
67 93
67 94
67 95
67 96
67 97
67 98
67 99
67 100
67 101
67 102
67 103
67 104
67 105
67 106
67 107
67 108
67 109
67 110
67 111
67 112
67 113
67 114
67 115
67 116
68 68
68 69
68 70
68 71
68 72
68 73
68 74
68 75
68 76
68 77
68 78
68 79
68 80
68 81
68 82
68 83
68 84
68 85
68 86
68 87
68 88
68 89
68 90
68 91
68 92
68 93
68 94
68 95
68 96
68 97
68 98
68 99
68 100
68 101
68 102
68 103
68 104
68 105
68 106
68 107
68 108
68 109
68 110
68 111
68 112
68 113
68 114
68 115
68 116
68 117
69 69
69 70
69 71
69 72
69 73
69 74
69 75
69 76
69 77
69 78
69 79
69 80
69 81
69 82
69 83
69 84
69 85
69 86
69 87
69 88
69 89
69 90
69 91
69 92
69 93
69 94
69 95
69 96
69 97
69 98
69 99
69 100
69 101
69 102
69 103
69 104
69 105
69 106
69 107
69 108
69 109
69 110
69 111
69 112
69 113
69 114
69 115
69 116
69 117
69 118
70 70
70 71
70 72
70 73
70 74
70 75
70 76
70 77
70 78
70 79
70 80
70 81
70 82
70 83
70 84
70 85
70 86
70 87
70 88
70 89
70 90
70 91
70 92
70 93
70 94
70 95
70 96
70 97
70 98
70 99
70 100
70 101
70 102
70 103
70 104
70 105
70 106
70 107
70 108
70 109
70 110
70 111
70 112
70 113
70 114
70 115
70 116
70 117
70 118
70 119
71 71
71 72
71 73
71 74
71 75
71 76
71 77
71 78
71 79
71 80
71 81
71 82
71 83
71 84
71 85
71 86
71 87
71 88
71 89
71 90
71 91
71 92
71 93
71 94
71 95
71 96
71 97
71 98
71 99
71 100
71 101
71 102
71 103
71 104
71 105
71 106
71 107
71 108
71 109
71 110
71 111
71 112
71 113
71 114
71 115
71 116
71 117
71 118
71 119
71 120
72 72
72 73
72 74
72 75
72 76
72 77
72 78
72 79
72 80
72 81
72 82
72 83
72 84
72 85
72 86
72 87
72 88
72 89
72 90
72 91
72 92
72 93
72 94
72 95
72 96
72 97
72 98
72 99
72 100
72 101
72 102
72 103
72 104
72 105
72 106
72 107
72 108
72 109
72 110
72 111
72 112
72 113
72 114
72 115
72 116
72 117
72 118
72 119
72 120
72 121
73 73
73 74
73 75
73 76
73 77
73 78
73 79
73 80
73 81
73 82
73 83
73 84
73 85
73 86
73 87
73 88
73 89
73 90
73 91
73 92
73 93
73 94
73 95
73 96
73 97
73 98
73 99
73 100
73 101
73 102
73 103
73 104
73 105
73 106
73 107
73 108
73 109
73 110
73 111
73 112
73 113
73 114
73 115
73 116
73 117
73 118
73 119
73 120
73 121
73 122
74 74
74 75
74 76
74 77
74 78
74 79
74 80
74 81
74 82
74 83
74 84
74 85
74 86
74 87
74 88
74 89
74 90
74 91
74 92
74 93
74 94
74 95
74 96
74 97
74 98
74 99
74 100
74 101
74 102
74 103
74 104
74 105
74 106
74 107
74 108
74 109
74 110
74 111
74 112
74 113
74 114
74 115
74 116
74 117
74 118
74 119
74 120
74 121
74 122
74 123
75 75
75 76
75 77
75 78
75 79
75 80
75 81
75 82
75 83
75 84
75 85
75 86
75 87
75 88
75 89
75 90
75 91
75 92
75 93
75 94
75 95
75 96
75 97
75 98
75 99
75 100
75 101
75 102
75 103
75 104
75 105
75 106
75 107
75 108
75 109
75 110
75 111
75 112
75 113
75 114
75 115
75 116
75 117
75 118
75 119
75 120
75 121
75 122
75 123
75 124
76 76
76 77
76 78
76 79
76 80
76 81
76 82
76 83
76 84
76 85
76 86
76 87
76 88
76 89
76 90
76 91
76 92
76 93
76 94
76 95
76 96
76 97
76 98
76 99
76 100
76 101
76 102
76 103
76 104
76 105
76 106
76 107
76 108
76 109
76 110
76 111
76 112
76 113
76 114
76 115
76 116
76 117
76 118
76 119
76 120
76 121
76 122
76 123
76 124
76 125
77 77
77 78
77 79
77 80
77 81
77 82
77 83
77 84
77 85
77 86
77 87
77 88
77 89
77 90
77 91
77 92
77 93
77 94
77 95
77 96
77 97
77 98
77 99
77 100
77 101
77 102
77 103
77 104
77 105
77 106
77 107
77 108
77 109
77 110
77 111
77 112
77 113
77 114
77 115
77 116
77 117
77 118
77 119
77 120
77 121
77 122
77 123
77 124
77 125
77 126
78 78
78 79
78 80
78 81
78 82
78 83
78 84
78 85
78 86
78 87
78 88
78 89
78 90
78 91
78 92
78 93
78 94
78 95
78 96
78 97
78 98
78 99
78 100
78 101
78 102
78 103
78 104
78 105
78 106
78 107
78 108
78 109
78 110
78 111
78 112
78 113
78 114
78 115
78 116
78 117
78 118
78 119
78 120
78 121
78 122
78 123
78 124
78 125
78 126
78 127
79 79
79 80
79 81
79 82
79 83
79 84
79 85
79 86
79 87
79 88
79 89
79 90
79 91
79 92
79 93
79 94
79 95
79 96
79 97
79 98
79 99
79 100
79 101
79 102
79 103
79 104
79 105
79 106
79 107
79 108
79 109
79 110
79 111
79 112
79 113
79 114
79 115
79 116
79 117
79 118
79 119
79 120
79 121
79 122
79 123
79 124
79 125
79 126
79 127
79 128
80 80
80 81
80 82
80 83
80 84
80 85
80 86
80 87
80 88
80 89
80 90
80 91
80 92
80 93
80 94
80 95
80 96
80 97
80 98
80 99
80 100
80 101
80 102
80 103
80 104
80 105
80 106
80 107
80 108
80 109
80 110
80 111
80 112
80 113
80 114
80 115
80 116
80 117
80 118
80 119
80 120
80 121
80 122
80 123
80 124
80 125
80 126
80 127
80 128
80 129
81 81
81 82
81 83
81 84
81 85
81 86
81 87
81 88
81 89
81 90
81 91
81 92
81 93
81 94
81 95
81 96
81 97
81 98
81 99
81 100
81 101
81 102
81 103
81 104
81 105
81 106
81 107
81 108
81 109
81 110
81 111
81 112
81 113
81 114
81 115
81 116
81 117
81 118
81 119
81 120
81 121
81 122
81 123
81 124
81 125
81 126
81 127
81 128
81 129
81 130
82 82
82 83
82 84
82 85
82 86
82 87
82 88
82 89
82 90
82 91
82 92
82 93
82 94
82 95
82 96
82 97
82 98
82 99
82 100
82 101
82 102
82 103
82 104
82 105
82 106
82 107
82 108
82 109
82 110
82 111
82 112
82 113
82 114
82 115
82 116
82 117
82 118
82 119
82 120
82 121
82 122
82 123
82 124
82 125
82 126
82 127
82 128
82 129
82 130
82 131
83 83
83 84
83 85
83 86
83 87
83 88
83 89
83 90
83 91
83 92
83 93
83 94
83 95
83 96
83 97
83 98
83 99
83 100
83 101
83 102
83 103
83 104
83 105
83 106
83 107
83 108
83 109
83 110
83 111
83 112
83 113
83 114
83 115
83 116
83 117
83 118
83 119
83 120
83 121
83 122
83 123
83 124
83 125
83 126
83 127
83 128
83 129
83 130
83 131
83 132
84 84
84 85
84 86
84 87
84 88
84 89
84 90
84 91
84 92
84 93
84 94
84 95
84 96
84 97
84 98
84 99
84 100
84 101
84 102
84 103
84 104
84 105
84 106
84 107
84 108
84 109
84 110
84 111
84 112
84 113
84 114
84 115
84 116
84 117
84 118
84 119
84 120
84 121
84 122
84 123
84 124
84 125
84 126
84 127
84 128
84 129
84 130
84 131
84 132
84 133
85 85
85 86
85 87
85 88
85 89
85 90
85 91
85 92
85 93
85 94
85 95
85 96
85 97
85 98
85 99
85 100
85 101
85 102
85 103
85 104
85 105
85 106
85 107
85 108
85 109
85 110
85 111
85 112
85 113
85 114
85 115
85 116
85 117
85 118
85 119
85 120
85 121
85 122
85 123
85 124
85 125
85 126
85 127
85 128
85 129
85 130
85 131
85 132
85 133
85 134
86 86
86 87
86 88
86 89
86 90
86 91
86 92
86 93
86 94
86 95
86 96
86 97
86 98
86 99
86 100
86 101
86 102
86 103
86 104
86 105
86 106
86 107
86 108
86 109
86 110
86 111
86 112
86 113
86 114
86 115
86 116
86 117
86 118
86 119
86 120
86 121
86 122
86 123
86 124
86 125
86 126
86 127
86 128
86 129
86 130
86 131
86 132
86 133
86 134
86 135
87 87
87 88
87 89
87 90
87 91
87 92
87 93
87 94
87 95
87 96
87 97
87 98
87 99
87 100
87 101
87 102
87 103
87 104
87 105
87 106
87 107
87 108
87 109
87 110
87 111
87 112
87 113
87 114
87 115
87 116
87 117
87 118
87 119
87 120
87 121
87 122
87 123
87 124
87 125
87 126
87 127
87 128
87 129
87 130
87 131
87 132
87 133
87 134
87 135
87 136
88 88
88 89
88 90
88 91
88 92
88 93
88 94
88 95
88 96
88 97
88 98
88 99
88 100
88 101
88 102
88 103
88 104
88 105
88 106
88 107
88 108
88 109
88 110
88 111
88 112
88 113
88 114
88 115
88 116
88 117
88 118
88 119
88 120
88 121
88 122
88 123
88 124
88 125
88 126
88 127
88 128
88 129
88 130
88 131
88 132
88 133
88 134
88 135
88 136
88 137
89 89
89 90
89 91
89 92
89 93
89 94
89 95
89 96
89 97
89 98
89 99
89 100
89 101
89 102
89 103
89 104
89 105
89 106
89 107
89 108
89 109
89 110
89 111
89 112
89 113
89 114
89 115
89 116
89 117
89 118
89 119
89 120
89 121
89 122
89 123
89 124
89 125
89 126
89 127
89 128
89 129
89 130
89 131
89 132
89 133
89 134
89 135
89 136
89 137
89 138
90 90
90 91
90 92
90 93
90 94
90 95
90 96
90 97
90 98
90 99
90 100
90 101
90 102
90 103
90 104
90 105
90 106
90 107
90 108
90 109
90 110
90 111
90 112
90 113
90 114
90 115
90 116
90 117
90 118
90 119
90 120
90 121
90 122
90 123
90 124
90 125
90 126
90 127
90 128
90 129
90 130
90 131
90 132
90 133
90 134
90 135
90 136
90 137
90 138
90 139
91 91
91 92
91 93
91 94
91 95
91 96
91 97
91 98
91 99
91 100
91 101
91 102
91 103
91 104
91 105
91 106
91 107
91 108
91 109
91 110
91 111
91 112
91 113
91 114
91 115
91 116
91 117
91 118
91 119
91 120
91 121
91 122
91 123
91 124
91 125
91 126
91 127
91 128
91 129
91 130
91 131
91 132
91 133
91 134
91 135
91 136
91 137
91 138
91 139
91 140
92 92
92 93
92 94
92 95
92 96
92 97
92 98
92 99
92 100
92 101
92 102
92 103
92 104
92 105
92 106
92 107
92 108
92 109
92 110
92 111
92 112
92 113
92 114
92 115
92 116
92 117
92 118
92 119
92 120
92 121
92 122
92 123
92 124
92 125
92 126
92 127
92 128
92 129
92 130
92 131
92 132
92 133
92 134
92 135
92 136
92 137
92 138
92 139
92 140
92 141
93 93
93 94
93 95
93 96
93 97
93 98
93 99
93 100
93 101
93 102
93 103
93 104
93 105
93 106
93 107
93 108
93 109
93 110
93 111
93 112
93 113
93 114
93 115
93 116
93 117
93 118
93 119
93 120
93 121
93 122
93 123
93 124
93 125
93 126
93 127
93 128
93 129
93 130
93 131
93 132
93 133
93 134
93 135
93 136
93 137
93 138
93 139
93 140
93 141
93 142
94 94
94 95
94 96
94 97
94 98
94 99
94 100
94 101
94 102
94 103
94 104
94 105
94 106
94 107
94 108
94 109
94 110
94 111
94 112
94 113
94 114
94 115
94 116
94 117
94 118
94 119
94 120
94 121
94 122
94 123
94 124
94 125
94 126
94 127
94 128
94 129
94 130
94 131
94 132
94 133
94 134
94 135
94 136
94 137
94 138
94 139
94 140
94 141
94 142
94 143
95 95
95 96
95 97
95 98
95 99
95 100
95 101
95 102
95 103
95 104
95 105
95 106
95 107
95 108
95 109
95 110
95 111
95 112
95 113
95 114
95 115
95 116
95 117
95 118
95 119
95 120
95 121
95 122
95 123
95 124
95 125
95 126
95 127
95 128
95 129
95 130
95 131
95 132
95 133
95 134
95 135
95 136
95 137
95 138
95 139
95 140
95 141
95 142
95 143
95 144
96 96
96 97
96 98
96 99
96 100
96 101
96 102
96 103
96 104
96 105
96 106
96 107
96 108
96 109
96 110
96 111
96 112
96 113
96 114
96 115
96 116
96 117
96 118
96 119
96 120
96 121
96 122
96 123
96 124
96 125
96 126
96 127
96 128
96 129
96 130
96 131
96 132
96 133
96 134
96 135
96 136
96 137
96 138
96 139
96 140
96 141
96 142
96 143
96 144
96 145
97 97
97 98
97 99
97 100
97 101
97 102
97 103
97 104
97 105
97 106
97 107
97 108
97 109
97 110
97 111
97 112
97 113
97 114
97 115
97 116
97 117
97 118
97 119
97 120
97 121
97 122
97 123
97 124
97 125
97 126
97 127
97 128
97 129
97 130
97 131
97 132
97 133
97 134
97 135
97 136
97 137
97 138
97 139
97 140
97 141
97 142
97 143
97 144
97 145
97 146
98 98
98 99
98 100
98 101
98 102
98 103
98 104
98 105
98 106
98 107
98 108
98 109
98 110
98 111
98 112
98 113
98 114
98 115
98 116
98 117
98 118
98 119
98 120
98 121
98 122
98 123
98 124
98 125
98 126
98 127
98 128
98 129
98 130
98 131
98 132
98 133
98 134
98 135
98 136
98 137
98 138
98 139
98 140
98 141
98 142
98 143
98 144
98 145
98 146
98 147
99 99
99 100
99 101
99 102
99 103
99 104
99 105
99 106
99 107
99 108
99 109
99 110
99 111
99 112
99 113
99 114
99 115
99 116
99 117
99 118
99 119
99 120
99 121
99 122
99 123
99 124
99 125
99 126
99 127
99 128
99 129
99 130
99 131
99 132
99 133
99 134
99 135
99 136
99 137
99 138
99 139
99 140
99 141
99 142
99 143
99 144
99 145
99 146
99 147
99 148
100 100
100 101
100 102
100 103
100 104
100 105
100 106
100 107
100 108
100 109
100 110
100 111
100 112
100 113
100 114
100 115
100 116
100 117
100 118
100 119
100 120
100 121
100 122
100 123
100 124
100 125
100 126
100 127
100 128
100 129
100 130
100 131
100 132
100 133
100 134
100 135
100 136
100 137
100 138
100 139
100 140
100 141
100 142
100 143
100 144
100 145
100 146
100 147
100 148
100 149
101 101
101 102
101 103
101 104
101 105
101 106
101 107
101 108
101 109
101 110
101 111
101 112
101 113
101 114
101 115
101 116
101 117
101 118
101 119
101 120
101 121
101 122
101 123
101 124
101 125
101 126
101 127
101 128
101 129
101 130
101 131
101 132
101 133
101 134
101 135
101 136
101 137
101 138
101 139
101 140
101 141
101 142
101 143
101 144
101 145
101 146
101 147
101 148
101 149
101 150
102 102
102 103
102 104
102 105
102 106
102 107
102 108
102 109
102 110
102 111
102 112
102 113
102 114
102 115
102 116
102 117
102 118
102 119
102 120
102 121
102 122
102 123
102 124
102 125
102 126
102 127
102 128
102 129
102 130
102 131
102 132
102 133
102 134
102 135
102 136
102 137
102 138
102 139
102 140
102 141
102 142
102 143
102 144
102 145
102 146
102 147
102 148
102 149
102 150
102 151
103 103
103 104
103 105
103 106
103 107
103 108
103 109
103 110
103 111
103 112
103 113
103 114
103 115
103 116
103 117
103 118
103 119
103 120
103 121
103 122
103 123
103 124
103 125
103 126
103 127
103 128
103 129
103 130
103 131
103 132
103 133
103 134
103 135
103 136
103 137
103 138
103 139
103 140
103 141
103 142
103 143
103 144
103 145
103 146
103 147
103 148
103 149
103 150
103 151
103 152
104 104
104 105
104 106
104 107
104 108
104 109
104 110
104 111
104 112
104 113
104 114
104 115
104 116
104 117
104 118
104 119
104 120
104 121
104 122
104 123
104 124
104 125
104 126
104 127
104 128
104 129
104 130
104 131
104 132
104 133
104 134
104 135
104 136
104 137
104 138
104 139
104 140
104 141
104 142
104 143
104 144
104 145
104 146
104 147
104 148
104 149
104 150
104 151
104 152
104 153
105 105
105 106
105 107
105 108
105 109
105 110
105 111
105 112
105 113
105 114
105 115
105 116
105 117
105 118
105 119
105 120
105 121
105 122
105 123
105 124
105 125
105 126
105 127
105 128
105 129
105 130
105 131
105 132
105 133
105 134
105 135
105 136
105 137
105 138
105 139
105 140
105 141
105 142
105 143
105 144
105 145
105 146
105 147
105 148
105 149
105 150
105 151
105 152
105 153
105 154
106 106
106 107
106 108
106 109
106 110
106 111
106 112
106 113
106 114
106 115
106 116
106 117
106 118
106 119
106 120
106 121
106 122
106 123
106 124
106 125
106 126
106 127
106 128
106 129
106 130
106 131
106 132
106 133
106 134
106 135
106 136
106 137
106 138
106 139
106 140
106 141
106 142
106 143
106 144
106 145
106 146
106 147
106 148
106 149
106 150
106 151
106 152
106 153
106 154
106 155
107 107
107 108
107 109
107 110
107 111
107 112
107 113
107 114
107 115
107 116
107 117
107 118
107 119
107 120
107 121
107 122
107 123
107 124
107 125
107 126
107 127
107 128
107 129
107 130
107 131
107 132
107 133
107 134
107 135
107 136
107 137
107 138
107 139
107 140
107 141
107 142
107 143
107 144
107 145
107 146
107 147
107 148
107 149
107 150
107 151
107 152
107 153
107 154
107 155
107 156
108 108
108 109
108 110
108 111
108 112
108 113
108 114
108 115
108 116
108 117
108 118
108 119
108 120
108 121
108 122
108 123
108 124
108 125
108 126
108 127
108 128
108 129
108 130
108 131
108 132
108 133
108 134
108 135
108 136
108 137
108 138
108 139
108 140
108 141
108 142
108 143
108 144
108 145
108 146
108 147
108 148
108 149
108 150
108 151
108 152
108 153
108 154
108 155
108 156
108 157
109 109
109 110
109 111
109 112
109 113
109 114
109 115
109 116
109 117
109 118
109 119
109 120
109 121
109 122
109 123
109 124
109 125
109 126
109 127
109 128
109 129
109 130
109 131
109 132
109 133
109 134
109 135
109 136
109 137
109 138
109 139
109 140
109 141
109 142
109 143
109 144
109 145
109 146
109 147
109 148
109 149
109 150
109 151
109 152
109 153
109 154
109 155
109 156
109 157
109 158
110 110
110 111
110 112
110 113
110 114
110 115
110 116
110 117
110 118
110 119
110 120
110 121
110 122
110 123
110 124
110 125
110 126
110 127
110 128
110 129
110 130
110 131
110 132
110 133
110 134
110 135
110 136
110 137
110 138
110 139
110 140
110 141
110 142
110 143
110 144
110 145
110 146
110 147
110 148
110 149
110 150
110 151
110 152
110 153
110 154
110 155
110 156
110 157
110 158
110 159
111 111
111 112
111 113
111 114
111 115
111 116
111 117
111 118
111 119
111 120
111 121
111 122
111 123
111 124
111 125
111 126
111 127
111 128
111 129
111 130
111 131
111 132
111 133
111 134
111 135
111 136
111 137
111 138
111 139
111 140
111 141
111 142
111 143
111 144
111 145
111 146
111 147
111 148
111 149
111 150
111 151
111 152
111 153
111 154
111 155
111 156
111 157
111 158
111 159
111 160
112 112
112 113
112 114
112 115
112 116
112 117
112 118
112 119
112 120
112 121
112 122
112 123
112 124
112 125
112 126
112 127
112 128
112 129
112 130
112 131
112 132
112 133
112 134
112 135
112 136
112 137
112 138
112 139
112 140
112 141
112 142
112 143
112 144
112 145
112 146
112 147
112 148
112 149
112 150
112 151
112 152
112 153
112 154
112 155
112 156
112 157
112 158
112 159
112 160
112 161
113 113
113 114
113 115
113 116
113 117
113 118
113 119
113 120
113 121
113 122
113 123
113 124
113 125
113 126
113 127
113 128
113 129
113 130
113 131
113 132
113 133
113 134
113 135
113 136
113 137
113 138
113 139
113 140
113 141
113 142
113 143
113 144
113 145
113 146
113 147
113 148
113 149
113 150
113 151
113 152
113 153
113 154
113 155
113 156
113 157
113 158
113 159
113 160
113 161
113 162
114 114
114 115
114 116
114 117
114 118
114 119
114 120
114 121
114 122
114 123
114 124
114 125
114 126
114 127
114 128
114 129
114 130
114 131
114 132
114 133
114 134
114 135
114 136
114 137
114 138
114 139
114 140
114 141
114 142
114 143
114 144
114 145
114 146
114 147
114 148
114 149
114 150
114 151
114 152
114 153
114 154
114 155
114 156
114 157
114 158
114 159
114 160
114 161
114 162
114 163
115 115
115 116
115 117
115 118
115 119
115 120
115 121
115 122
115 123
115 124
115 125
115 126
115 127
115 128
115 129
115 130
115 131
115 132
115 133
115 134
115 135
115 136
115 137
115 138
115 139
115 140
115 141
115 142
115 143
115 144
115 145
115 146
115 147
115 148
115 149
115 150
115 151
115 152
115 153
115 154
115 155
115 156
115 157
115 158
115 159
115 160
115 161
115 162
115 163
115 164
116 116
116 117
116 118
116 119
116 120
116 121
116 122
116 123
116 124
116 125
116 126
116 127
116 128
116 129
116 130
116 131
116 132
116 133
116 134
116 135
116 136
116 137
116 138
116 139
116 140
116 141
116 142
116 143
116 144
116 145
116 146
116 147
116 148
116 149
116 150
116 151
116 152
116 153
116 154
116 155
116 156
116 157
116 158
116 159
116 160
116 161
116 162
116 163
116 164
116 165
117 117
117 118
117 119
117 120
117 121
117 122
117 123
117 124
117 125
117 126
117 127
117 128
117 129
117 130
117 131
117 132
117 133
117 134
117 135
117 136
117 137
117 138
117 139
117 140
117 141
117 142
117 143
117 144
117 145
117 146
117 147
117 148
117 149
117 150
117 151
117 152
117 153
117 154
117 155
117 156
117 157
117 158
117 159
117 160
117 161
117 162
117 163
117 164
117 165
117 166
118 118
118 119
118 120
118 121
118 122
118 123
118 124
118 125
118 126
118 127
118 128
118 129
118 130
118 131
118 132
118 133
118 134
118 135
118 136
118 137
118 138
118 139
118 140
118 141
118 142
118 143
118 144
118 145
118 146
118 147
118 148
118 149
118 150
118 151
118 152
118 153
118 154
118 155
118 156
118 157
118 158
118 159
118 160
118 161
118 162
118 163
118 164
118 165
118 166
118 167
119 119
119 120
119 121
119 122
119 123
119 124
119 125
119 126
119 127
119 128
119 129
119 130
119 131
119 132
119 133
119 134
119 135
119 136
119 137
119 138
119 139
119 140
119 141
119 142
119 143
119 144
119 145
119 146
119 147
119 148
119 149
119 150
119 151
119 152
119 153
119 154
119 155
119 156
119 157
119 158
119 159
119 160
119 161
119 162
119 163
119 164
119 165
119 166
119 167
119 168
120 120
120 121
120 122
120 123
120 124
120 125
120 126
120 127
120 128
120 129
120 130
120 131
120 132
120 133
120 134
120 135
120 136
120 137
120 138
120 139
120 140
120 141
120 142
120 143
120 144
120 145
120 146
120 147
120 148
120 149
120 150
120 151
120 152
120 153
120 154
120 155
120 156
120 157
120 158
120 159
120 160
120 161
120 162
120 163
120 164
120 165
120 166
120 167
120 168
120 169
121 121
121 122
121 123
121 124
121 125
121 126
121 127
121 128
121 129
121 130
121 131
121 132
121 133
121 134
121 135
121 136
121 137
121 138
121 139
121 140
121 141
121 142
121 143
121 144
121 145
121 146
121 147
121 148
121 149
121 150
121 151
121 152
121 153
121 154
121 155
121 156
121 157
121 158
121 159
121 160
121 161
121 162
121 163
121 164
121 165
121 166
121 167
121 168
121 169
121 170
122 122
122 123
122 124
122 125
122 126
122 127
122 128
122 129
122 130
122 131
122 132
122 133
122 134
122 135
122 136
122 137
122 138
122 139
122 140
122 141
122 142
122 143
122 144
122 145
122 146
122 147
122 148
122 149
122 150
122 151
122 152
122 153
122 154
122 155
122 156
122 157
122 158
122 159
122 160
122 161
122 162
122 163
122 164
122 165
122 166
122 167
122 168
122 169
122 170
122 171
123 123
123 124
123 125
123 126
123 127
123 128
123 129
123 130
123 131
123 132
123 133
123 134
123 135
123 136
123 137
123 138
123 139
123 140
123 141
123 142
123 143
123 144
123 145
123 146
123 147
123 148
123 149
123 150
123 151
123 152
123 153
123 154
123 155
123 156
123 157
123 158
123 159
123 160
123 161
123 162
123 163
123 164
123 165
123 166
123 167
123 168
123 169
123 170
123 171
123 172
124 124
124 125
124 126
124 127
124 128
124 129
124 130
124 131
124 132
124 133
124 134
124 135
124 136
124 137
124 138
124 139
124 140
124 141
124 142
124 143
124 144
124 145
124 146
124 147
124 148
124 149
124 150
124 151
124 152
124 153
124 154
124 155
124 156
124 157
124 158
124 159
124 160
124 161
124 162
124 163
124 164
124 165
124 166
124 167
124 168
124 169
124 170
124 171
124 172
124 173
125 125
125 126
125 127
125 128
125 129
125 130
125 131
125 132
125 133
125 134
125 135
125 136
125 137
125 138
125 139
125 140
125 141
125 142
125 143
125 144
125 145
125 146
125 147
125 148
125 149
125 150
125 151
125 152
125 153
125 154
125 155
125 156
125 157
125 158
125 159
125 160
125 161
125 162
125 163
125 164
125 165
125 166
125 167
125 168
125 169
125 170
125 171
125 172
125 173
125 174
126 126
126 127
126 128
126 129
126 130
126 131
126 132
126 133
126 134
126 135
126 136
126 137
126 138
126 139
126 140
126 141
126 142
126 143
126 144
126 145
126 146
126 147
126 148
126 149
126 150
126 151
126 152
126 153
126 154
126 155
126 156
126 157
126 158
126 159
126 160
126 161
126 162
126 163
126 164
126 165
126 166
126 167
126 168
126 169
126 170
126 171
126 172
126 173
126 174
126 175
127 127
127 128
127 129
127 130
127 131
127 132
127 133
127 134
127 135
127 136
127 137
127 138
127 139
127 140
127 141
127 142
127 143
127 144
127 145
127 146
127 147
127 148
127 149
127 150
127 151
127 152
127 153
127 154
127 155
127 156
127 157
127 158
127 159
127 160
127 161
127 162
127 163
127 164
127 165
127 166
127 167
127 168
127 169
127 170
127 171
127 172
127 173
127 174
127 175
127 176
128 128
128 129
128 130
128 131
128 132
128 133
128 134
128 135
128 136
128 137
128 138
128 139
128 140
128 141
128 142
128 143
128 144
128 145
128 146
128 147
128 148
128 149
128 150
128 151
128 152
128 153
128 154
128 155
128 156
128 157
128 158
128 159
128 160
128 161
128 162
128 163
128 164
128 165
128 166
128 167
128 168
128 169
128 170
128 171
128 172
128 173
128 174
128 175
128 176
128 177
129 129
129 130
129 131
129 132
129 133
129 134
129 135
129 136
129 137
129 138
129 139
129 140
129 141
129 142
129 143
129 144
129 145
129 146
129 147
129 148
129 149
129 150
129 151
129 152
129 153
129 154
129 155
129 156
129 157
129 158
129 159
129 160
129 161
129 162
129 163
129 164
129 165
129 166
129 167
129 168
129 169
129 170
129 171
129 172
129 173
129 174
129 175
129 176
129 177
129 178
130 130
130 131
130 132
130 133
130 134
130 135
130 136
130 137
130 138
130 139
130 140
130 141
130 142
130 143
130 144
130 145
130 146
130 147
130 148
130 149
130 150
130 151
130 152
130 153
130 154
130 155
130 156
130 157
130 158
130 159
130 160
130 161
130 162
130 163
130 164
130 165
130 166
130 167
130 168
130 169
130 170
130 171
130 172
130 173
130 174
130 175
130 176
130 177
130 178
130 179
131 131
131 132
131 133
131 134
131 135
131 136
131 137
131 138
131 139
131 140
131 141
131 142
131 143
131 144
131 145
131 146
131 147
131 148
131 149
131 150
131 151
131 152
131 153
131 154
131 155
131 156
131 157
131 158
131 159
131 160
131 161
131 162
131 163
131 164
131 165
131 166
131 167
131 168
131 169
131 170
131 171
131 172
131 173
131 174
131 175
131 176
131 177
131 178
131 179
131 180
132 132
132 133
132 134
132 135
132 136
132 137
132 138
132 139
132 140
132 141
132 142
132 143
132 144
132 145
132 146
132 147
132 148
132 149
132 150
132 151
132 152
132 153
132 154
132 155
132 156
132 157
132 158
132 159
132 160
132 161
132 162
132 163
132 164
132 165
132 166
132 167
132 168
132 169
132 170
132 171
132 172
132 173
132 174
132 175
132 176
132 177
132 178
132 179
132 180
132 181
133 133
133 134
133 135
133 136
133 137
133 138
133 139
133 140
133 141
133 142
133 143
133 144
133 145
133 146
133 147
133 148
133 149
133 150
133 151
133 152
133 153
133 154
133 155
133 156
133 157
133 158
133 159
133 160
133 161
133 162
133 163
133 164
133 165
133 166
133 167
133 168
133 169
133 170
133 171
133 172
133 173
133 174
133 175
133 176
133 177
133 178
133 179
133 180
133 181
133 182
134 134
134 135
134 136
134 137
134 138
134 139
134 140
134 141
134 142
134 143
134 144
134 145
134 146
134 147
134 148
134 149
134 150
134 151
134 152
134 153
134 154
134 155
134 156
134 157
134 158
134 159
134 160
134 161
134 162
134 163
134 164
134 165
134 166
134 167
134 168
134 169
134 170
134 171
134 172
134 173
134 174
134 175
134 176
134 177
134 178
134 179
134 180
134 181
134 182
134 183
135 135
135 136
135 137
135 138
135 139
135 140
135 141
135 142
135 143
135 144
135 145
135 146
135 147
135 148
135 149
135 150
135 151
135 152
135 153
135 154
135 155
135 156
135 157
135 158
135 159
135 160
135 161
135 162
135 163
135 164
135 165
135 166
135 167
135 168
135 169
135 170
135 171
135 172
135 173
135 174
135 175
135 176
135 177
135 178
135 179
135 180
135 181
135 182
135 183
135 184
136 136
136 137
136 138
136 139
136 140
136 141
136 142
136 143
136 144
136 145
136 146
136 147
136 148
136 149
136 150
136 151
136 152
136 153
136 154
136 155
136 156
136 157
136 158
136 159
136 160
136 161
136 162
136 163
136 164
136 165
136 166
136 167
136 168
136 169
136 170
136 171
136 172
136 173
136 174
136 175
136 176
136 177
136 178
136 179
136 180
136 181
136 182
136 183
136 184
136 185
137 137
137 138
137 139
137 140
137 141
137 142
137 143
137 144
137 145
137 146
137 147
137 148
137 149
137 150
137 151
137 152
137 153
137 154
137 155
137 156
137 157
137 158
137 159
137 160
137 161
137 162
137 163
137 164
137 165
137 166
137 167
137 168
137 169
137 170
137 171
137 172
137 173
137 174
137 175
137 176
137 177
137 178
137 179
137 180
137 181
137 182
137 183
137 184
137 185
137 186
138 138
138 139
138 140
138 141
138 142
138 143
138 144
138 145
138 146
138 147
138 148
138 149
138 150
138 151
138 152
138 153
138 154
138 155
138 156
138 157
138 158
138 159
138 160
138 161
138 162
138 163
138 164
138 165
138 166
138 167
138 168
138 169
138 170
138 171
138 172
138 173
138 174
138 175
138 176
138 177
138 178
138 179
138 180
138 181
138 182
138 183
138 184
138 185
138 186
138 187
139 139
139 140
139 141
139 142
139 143
139 144
139 145
139 146
139 147
139 148
139 149
139 150
139 151
139 152
139 153
139 154
139 155
139 156
139 157
139 158
139 159
139 160
139 161
139 162
139 163
139 164
139 165
139 166
139 167
139 168
139 169
139 170
139 171
139 172
139 173
139 174
139 175
139 176
139 177
139 178
139 179
139 180
139 181
139 182
139 183
139 184
139 185
139 186
139 187
139 188
140 140
140 141
140 142
140 143
140 144
140 145
140 146
140 147
140 148
140 149
140 150
140 151
140 152
140 153
140 154
140 155
140 156
140 157
140 158
140 159
140 160
140 161
140 162
140 163
140 164
140 165
140 166
140 167
140 168
140 169
140 170
140 171
140 172
140 173
140 174
140 175
140 176
140 177
140 178
140 179
140 180
140 181
140 182
140 183
140 184
140 185
140 186
140 187
140 188
140 189
141 141
141 142
141 143
141 144
141 145
141 146
141 147
141 148
141 149
141 150
141 151
141 152
141 153
141 154
141 155
141 156
141 157
141 158
141 159
141 160
141 161
141 162
141 163
141 164
141 165
141 166
141 167
141 168
141 169
141 170
141 171
141 172
141 173
141 174
141 175
141 176
141 177
141 178
141 179
141 180
141 181
141 182
141 183
141 184
141 185
141 186
141 187
141 188
141 189
141 190
142 142
142 143
142 144
142 145
142 146
142 147
142 148
142 149
142 150
142 151
142 152
142 153
142 154
142 155
142 156
142 157
142 158
142 159
142 160
142 161
142 162
142 163
142 164
142 165
142 166
142 167
142 168
142 169
142 170
142 171
142 172
142 173
142 174
142 175
142 176
142 177
142 178
142 179
142 180
142 181
142 182
142 183
142 184
142 185
142 186
142 187
142 188
142 189
142 190
142 191
143 143
143 144
143 145
143 146
143 147
143 148
143 149
143 150
143 151
143 152
143 153
143 154
143 155
143 156
143 157
143 158
143 159
143 160
143 161
143 162
143 163
143 164
143 165
143 166
143 167
143 168
143 169
143 170
143 171
143 172
143 173
143 174
143 175
143 176
143 177
143 178
143 179
143 180
143 181
143 182
143 183
143 184
143 185
143 186
143 187
143 188
143 189
143 190
143 191
143 192
144 144
144 145
144 146
144 147
144 148
144 149
144 150
144 151
144 152
144 153
144 154
144 155
144 156
144 157
144 158
144 159
144 160
144 161
144 162
144 163
144 164
144 165
144 166
144 167
144 168
144 169
144 170
144 171
144 172
144 173
144 174
144 175
144 176
144 177
144 178
144 179
144 180
144 181
144 182
144 183
144 184
144 185
144 186
144 187
144 188
144 189
144 190
144 191
144 192
144 193
145 145
145 146
145 147
145 148
145 149
145 150
145 151
145 152
145 153
145 154
145 155
145 156
145 157
145 158
145 159
145 160
145 161
145 162
145 163
145 164
145 165
145 166
145 167
145 168
145 169
145 170
145 171
145 172
145 173
145 174
145 175
145 176
145 177
145 178
145 179
145 180
145 181
145 182
145 183
145 184
145 185
145 186
145 187
145 188
145 189
145 190
145 191
145 192
145 193
145 194
146 146
146 147
146 148
146 149
146 150
146 151
146 152
146 153
146 154
146 155
146 156
146 157
146 158
146 159
146 160
146 161
146 162
146 163
146 164
146 165
146 166
146 167
146 168
146 169
146 170
146 171
146 172
146 173
146 174
146 175
146 176
146 177
146 178
146 179
146 180
146 181
146 182
146 183
146 184
146 185
146 186
146 187
146 188
146 189
146 190
146 191
146 192
146 193
146 194
146 195
147 147
147 148
147 149
147 150
147 151
147 152
147 153
147 154
147 155
147 156
147 157
147 158
147 159
147 160
147 161
147 162
147 163
147 164
147 165
147 166
147 167
147 168
147 169
147 170
147 171
147 172
147 173
147 174
147 175
147 176
147 177
147 178
147 179
147 180
147 181
147 182
147 183
147 184
147 185
147 186
147 187
147 188
147 189
147 190
147 191
147 192
147 193
147 194
147 195
147 196
148 148
148 149
148 150
148 151
148 152
148 153
148 154
148 155
148 156
148 157
148 158
148 159
148 160
148 161
148 162
148 163
148 164
148 165
148 166
148 167
148 168
148 169
148 170
148 171
148 172
148 173
148 174
148 175
148 176
148 177
148 178
148 179
148 180
148 181
148 182
148 183
148 184
148 185
148 186
148 187
148 188
148 189
148 190
148 191
148 192
148 193
148 194
148 195
148 196
148 197
149 149
149 150
149 151
149 152
149 153
149 154
149 155
149 156
149 157
149 158
149 159
149 160
149 161
149 162
149 163
149 164
149 165
149 166
149 167
149 168
149 169
149 170
149 171
149 172
149 173
149 174
149 175
149 176
149 177
149 178
149 179
149 180
149 181
149 182
149 183
149 184
149 185
149 186
149 187
149 188
149 189
149 190
149 191
149 192
149 193
149 194
149 195
149 196
149 197
149 198
150 150
150 151
150 152
150 153
150 154
150 155
150 156
150 157
150 158
150 159
150 160
150 161
150 162
150 163
150 164
150 165
150 166
150 167
150 168
150 169
150 170
150 171
150 172
150 173
150 174
150 175
150 176
150 177
150 178
150 179
150 180
150 181
150 182
150 183
150 184
150 185
150 186
150 187
150 188
150 189
150 190
150 191
150 192
150 193
150 194
150 195
150 196
150 197
150 198
150 199
151 151
151 152
151 153
151 154
151 155
151 156
151 157
151 158
151 159
151 160
151 161
151 162
151 163
151 164
151 165
151 166
151 167
151 168
151 169
151 170
151 171
151 172
151 173
151 174
151 175
151 176
151 177
151 178
151 179
151 180
151 181
151 182
151 183
151 184
151 185
151 186
151 187
151 188
151 189
151 190
151 191
151 192
151 193
151 194
151 195
151 196
151 197
151 198
151 199
151 200
152 152
152 153
152 154
152 155
152 156
152 157
152 158
152 159
152 160
152 161
152 162
152 163
152 164
152 165
152 166
152 167
152 168
152 169
152 170
152 171
152 172
152 173
152 174
152 175
152 176
152 177
152 178
152 179
152 180
152 181
152 182
152 183
152 184
152 185
152 186
152 187
152 188
152 189
152 190
152 191
152 192
152 193
152 194
152 195
152 196
152 197
152 198
152 199
152 200
152 201
153 153
153 154
153 155
153 156
153 157
153 158
153 159
153 160
153 161
153 162
153 163
153 164
153 165
153 166
153 167
153 168
153 169
153 170
153 171
153 172
153 173
153 174
153 175
153 176
153 177
153 178
153 179
153 180
153 181
153 182
153 183
153 184
153 185
153 186
153 187
153 188
153 189
153 190
153 191
153 192
153 193
153 194
153 195
153 196
153 197
153 198
153 199
153 200
153 201
153 202
154 154
154 155
154 156
154 157
154 158
154 159
154 160
154 161
154 162
154 163
154 164
154 165
154 166
154 167
154 168
154 169
154 170
154 171
154 172
154 173
154 174
154 175
154 176
154 177
154 178
154 179
154 180
154 181
154 182
154 183
154 184
154 185
154 186
154 187
154 188
154 189
154 190
154 191
154 192
154 193
154 194
154 195
154 196
154 197
154 198
154 199
154 200
154 201
154 202
154 203
155 155
155 156
155 157
155 158
155 159
155 160
155 161
155 162
155 163
155 164
155 165
155 166
155 167
155 168
155 169
155 170
155 171
155 172
155 173
155 174
155 175
155 176
155 177
155 178
155 179
155 180
155 181
155 182
155 183
155 184
155 185
155 186
155 187
155 188
155 189
155 190
155 191
155 192
155 193
155 194
155 195
155 196
155 197
155 198
155 199
155 200
155 201
155 202
155 203
155 204
156 156
156 157
156 158
156 159
156 160
156 161
156 162
156 163
156 164
156 165
156 166
156 167
156 168
156 169
156 170
156 171
156 172
156 173
156 174
156 175
156 176
156 177
156 178
156 179
156 180
156 181
156 182
156 183
156 184
156 185
156 186
156 187
156 188
156 189
156 190
156 191
156 192
156 193
156 194
156 195
156 196
156 197
156 198
156 199
156 200
156 201
156 202
156 203
156 204
156 205
157 157
157 158
157 159
157 160
157 161
157 162
157 163
157 164
157 165
157 166
157 167
157 168
157 169
157 170
157 171
157 172
157 173
157 174
157 175
157 176
157 177
157 178
157 179
157 180
157 181
157 182
157 183
157 184
157 185
157 186
157 187
157 188
157 189
157 190
157 191
157 192
157 193
157 194
157 195
157 196
157 197
157 198
157 199
157 200
157 201
157 202
157 203
157 204
157 205
157 206
158 158
158 159
158 160
158 161
158 162
158 163
158 164
158 165
158 166
158 167
158 168
158 169
158 170
158 171
158 172
158 173
158 174
158 175
158 176
158 177
158 178
158 179
158 180
158 181
158 182
158 183
158 184
158 185
158 186
158 187
158 188
158 189
158 190
158 191
158 192
158 193
158 194
158 195
158 196
158 197
158 198
158 199
158 200
158 201
158 202
158 203
158 204
158 205
158 206
158 207
159 159
159 160
159 161
159 162
159 163
159 164
159 165
159 166
159 167
159 168
159 169
159 170
159 171
159 172
159 173
159 174
159 175
159 176
159 177
159 178
159 179
159 180
159 181
159 182
159 183
159 184
159 185
159 186
159 187
159 188
159 189
159 190
159 191
159 192
159 193
159 194
159 195
159 196
159 197
159 198
159 199
159 200
159 201
159 202
159 203
159 204
159 205
159 206
159 207
159 208
160 160
160 161
160 162
160 163
160 164
160 165
160 166
160 167
160 168
160 169
160 170
160 171
160 172
160 173
160 174
160 175
160 176
160 177
160 178
160 179
160 180
160 181
160 182
160 183
160 184
160 185
160 186
160 187
160 188
160 189
160 190
160 191
160 192
160 193
160 194
160 195
160 196
160 197
160 198
160 199
160 200
160 201
160 202
160 203
160 204
160 205
160 206
160 207
160 208
160 209
161 161
161 162
161 163
161 164
161 165
161 166
161 167
161 168
161 169
161 170
161 171
161 172
161 173
161 174
161 175
161 176
161 177
161 178
161 179
161 180
161 181
161 182
161 183
161 184
161 185
161 186
161 187
161 188
161 189
161 190
161 191
161 192
161 193
161 194
161 195
161 196
161 197
161 198
161 199
161 200
161 201
161 202
161 203
161 204
161 205
161 206
161 207
161 208
161 209
161 210
162 162
162 163
162 164
162 165
162 166
162 167
162 168
162 169
162 170
162 171
162 172
162 173
162 174
162 175
162 176
162 177
162 178
162 179
162 180
162 181
162 182
162 183
162 184
162 185
162 186
162 187
162 188
162 189
162 190
162 191
162 192
162 193
162 194
162 195
162 196
162 197
162 198
162 199
162 200
162 201
162 202
162 203
162 204
162 205
162 206
162 207
162 208
162 209
162 210
162 211
163 163
163 164
163 165
163 166
163 167
163 168
163 169
163 170
163 171
163 172
163 173
163 174
163 175
163 176
163 177
163 178
163 179
163 180
163 181
163 182
163 183
163 184
163 185
163 186
163 187
163 188
163 189
163 190
163 191
163 192
163 193
163 194
163 195
163 196
163 197
163 198
163 199
163 200
163 201
163 202
163 203
163 204
163 205
163 206
163 207
163 208
163 209
163 210
163 211
163 212
164 164
164 165
164 166
164 167
164 168
164 169
164 170
164 171
164 172
164 173
164 174
164 175
164 176
164 177
164 178
164 179
164 180
164 181
164 182
164 183
164 184
164 185
164 186
164 187
164 188
164 189
164 190
164 191
164 192
164 193
164 194
164 195
164 196
164 197
164 198
164 199
164 200
164 201
164 202
164 203
164 204
164 205
164 206
164 207
164 208
164 209
164 210
164 211
164 212
164 213
165 165
165 166
165 167
165 168
165 169
165 170
165 171
165 172
165 173
165 174
165 175
165 176
165 177
165 178
165 179
165 180
165 181
165 182
165 183
165 184
165 185
165 186
165 187
165 188
165 189
165 190
165 191
165 192
165 193
165 194
165 195
165 196
165 197
165 198
165 199
165 200
165 201
165 202
165 203
165 204
165 205
165 206
165 207
165 208
165 209
165 210
165 211
165 212
165 213
165 214
166 166
166 167
166 168
166 169
166 170
166 171
166 172
166 173
166 174
166 175
166 176
166 177
166 178
166 179
166 180
166 181
166 182
166 183
166 184
166 185
166 186
166 187
166 188
166 189
166 190
166 191
166 192
166 193
166 194
166 195
166 196
166 197
166 198
166 199
166 200
166 201
166 202
166 203
166 204
166 205
166 206
166 207
166 208
166 209
166 210
166 211
166 212
166 213
166 214
166 215
167 167
167 168
167 169
167 170
167 171
167 172
167 173
167 174
167 175
167 176
167 177
167 178
167 179
167 180
167 181
167 182
167 183
167 184
167 185
167 186
167 187
167 188
167 189
167 190
167 191
167 192
167 193
167 194
167 195
167 196
167 197
167 198
167 199
167 200
167 201
167 202
167 203
167 204
167 205
167 206
167 207
167 208
167 209
167 210
167 211
167 212
167 213
167 214
167 215
167 216
168 168
168 169
168 170
168 171
168 172
168 173
168 174
168 175
168 176
168 177
168 178
168 179
168 180
168 181
168 182
168 183
168 184
168 185
168 186
168 187
168 188
168 189
168 190
168 191
168 192
168 193
168 194
168 195
168 196
168 197
168 198
168 199
168 200
168 201
168 202
168 203
168 204
168 205
168 206
168 207
168 208
168 209
168 210
168 211
168 212
168 213
168 214
168 215
168 216
168 217
169 169
169 170
169 171
169 172
169 173
169 174
169 175
169 176
169 177
169 178
169 179
169 180
169 181
169 182
169 183
169 184
169 185
169 186
169 187
169 188
169 189
169 190
169 191
169 192
169 193
169 194
169 195
169 196
169 197
169 198
169 199
169 200
169 201
169 202
169 203
169 204
169 205
169 206
169 207
169 208
169 209
169 210
169 211
169 212
169 213
169 214
169 215
169 216
169 217
169 218
170 170
170 171
170 172
170 173
170 174
170 175
170 176
170 177
170 178
170 179
170 180
170 181
170 182
170 183
170 184
170 185
170 186
170 187
170 188
170 189
170 190
170 191
170 192
170 193
170 194
170 195
170 196
170 197
170 198
170 199
170 200
170 201
170 202
170 203
170 204
170 205
170 206
170 207
170 208
170 209
170 210
170 211
170 212
170 213
170 214
170 215
170 216
170 217
170 218
170 219
171 171
171 172
171 173
171 174
171 175
171 176
171 177
171 178
171 179
171 180
171 181
171 182
171 183
171 184
171 185
171 186
171 187
171 188
171 189
171 190
171 191
171 192
171 193
171 194
171 195
171 196
171 197
171 198
171 199
171 200
171 201
171 202
171 203
171 204
171 205
171 206
171 207
171 208
171 209
171 210
171 211
171 212
171 213
171 214
171 215
171 216
171 217
171 218
171 219
171 220
172 172
172 173
172 174
172 175
172 176
172 177
172 178
172 179
172 180
172 181
172 182
172 183
172 184
172 185
172 186
172 187
172 188
172 189
172 190
172 191
172 192
172 193
172 194
172 195
172 196
172 197
172 198
172 199
172 200
172 201
172 202
172 203
172 204
172 205
172 206
172 207
172 208
172 209
172 210
172 211
172 212
172 213
172 214
172 215
172 216
172 217
172 218
172 219
172 220
172 221
173 173
173 174
173 175
173 176
173 177
173 178
173 179
173 180
173 181
173 182
173 183
173 184
173 185
173 186
173 187
173 188
173 189
173 190
173 191
173 192
173 193
173 194
173 195
173 196
173 197
173 198
173 199
173 200
173 201
173 202
173 203
173 204
173 205
173 206
173 207
173 208
173 209
173 210
173 211
173 212
173 213
173 214
173 215
173 216
173 217
173 218
173 219
173 220
173 221
173 222
174 174
174 175
174 176
174 177
174 178
174 179
174 180
174 181
174 182
174 183
174 184
174 185
174 186
174 187
174 188
174 189
174 190
174 191
174 192
174 193
174 194
174 195
174 196
174 197
174 198
174 199
174 200
174 201
174 202
174 203
174 204
174 205
174 206
174 207
174 208
174 209
174 210
174 211
174 212
174 213
174 214
174 215
174 216
174 217
174 218
174 219
174 220
174 221
174 222
174 223
175 175
175 176
175 177
175 178
175 179
175 180
175 181
175 182
175 183
175 184
175 185
175 186
175 187
175 188
175 189
175 190
175 191
175 192
175 193
175 194
175 195
175 196
175 197
175 198
175 199
175 200
175 201
175 202
175 203
175 204
175 205
175 206
175 207
175 208
175 209
175 210
175 211
175 212
175 213
175 214
175 215
175 216
175 217
175 218
175 219
175 220
175 221
175 222
175 223
175 224
176 176
176 177
176 178
176 179
176 180
176 181
176 182
176 183
176 184
176 185
176 186
176 187
176 188
176 189
176 190
176 191
176 192
176 193
176 194
176 195
176 196
176 197
176 198
176 199
176 200
176 201
176 202
176 203
176 204
176 205
176 206
176 207
176 208
176 209
176 210
176 211
176 212
176 213
176 214
176 215
176 216
176 217
176 218
176 219
176 220
176 221
176 222
176 223
176 224
176 225
177 177
177 178
177 179
177 180
177 181
177 182
177 183
177 184
177 185
177 186
177 187
177 188
177 189
177 190
177 191
177 192
177 193
177 194
177 195
177 196
177 197
177 198
177 199
177 200
177 201
177 202
177 203
177 204
177 205
177 206
177 207
177 208
177 209
177 210
177 211
177 212
177 213
177 214
177 215
177 216
177 217
177 218
177 219
177 220
177 221
177 222
177 223
177 224
177 225
177 226
178 178
178 179
178 180
178 181
178 182
178 183
178 184
178 185
178 186
178 187
178 188
178 189
178 190
178 191
178 192
178 193
178 194
178 195
178 196
178 197
178 198
178 199
178 200
178 201
178 202
178 203
178 204
178 205
178 206
178 207
178 208
178 209
178 210
178 211
178 212
178 213
178 214
178 215
178 216
178 217
178 218
178 219
178 220
178 221
178 222
178 223
178 224
178 225
178 226
178 227
179 179
179 180
179 181
179 182
179 183
179 184
179 185
179 186
179 187
179 188
179 189
179 190
179 191
179 192
179 193
179 194
179 195
179 196
179 197
179 198
179 199
179 200
179 201
179 202
179 203
179 204
179 205
179 206
179 207
179 208
179 209
179 210
179 211
179 212
179 213
179 214
179 215
179 216
179 217
179 218
179 219
179 220
179 221
179 222
179 223
179 224
179 225
179 226
179 227
179 228
180 180
180 181
180 182
180 183
180 184
180 185
180 186
180 187
180 188
180 189
180 190
180 191
180 192
180 193
180 194
180 195
180 196
180 197
180 198
180 199
180 200
180 201
180 202
180 203
180 204
180 205
180 206
180 207
180 208
180 209
180 210
180 211
180 212
180 213
180 214
180 215
180 216
180 217
180 218
180 219
180 220
180 221
180 222
180 223
180 224
180 225
180 226
180 227
180 228
180 229
181 181
181 182
181 183
181 184
181 185
181 186
181 187
181 188
181 189
181 190
181 191
181 192
181 193
181 194
181 195
181 196
181 197
181 198
181 199
181 200
181 201
181 202
181 203
181 204
181 205
181 206
181 207
181 208
181 209
181 210
181 211
181 212
181 213
181 214
181 215
181 216
181 217
181 218
181 219
181 220
181 221
181 222
181 223
181 224
181 225
181 226
181 227
181 228
181 229
181 230
182 182
182 183
182 184
182 185
182 186
182 187
182 188
182 189
182 190
182 191
182 192
182 193
182 194
182 195
182 196
182 197
182 198
182 199
182 200
182 201
182 202
182 203
182 204
182 205
182 206
182 207
182 208
182 209
182 210
182 211
182 212
182 213
182 214
182 215
182 216
182 217
182 218
182 219
182 220
182 221
182 222
182 223
182 224
182 225
182 226
182 227
182 228
182 229
182 230
182 231
183 183
183 184
183 185
183 186
183 187
183 188
183 189
183 190
183 191
183 192
183 193
183 194
183 195
183 196
183 197
183 198
183 199
183 200
183 201
183 202
183 203
183 204
183 205
183 206
183 207
183 208
183 209
183 210
183 211
183 212
183 213
183 214
183 215
183 216
183 217
183 218
183 219
183 220
183 221
183 222
183 223
183 224
183 225
183 226
183 227
183 228
183 229
183 230
183 231
183 232
184 184
184 185
184 186
184 187
184 188
184 189
184 190
184 191
184 192
184 193
184 194
184 195
184 196
184 197
184 198
184 199
184 200
184 201
184 202
184 203
184 204
184 205
184 206
184 207
184 208
184 209
184 210
184 211
184 212
184 213
184 214
184 215
184 216
184 217
184 218
184 219
184 220
184 221
184 222
184 223
184 224
184 225
184 226
184 227
184 228
184 229
184 230
184 231
184 232
184 233
185 185
185 186
185 187
185 188
185 189
185 190
185 191
185 192
185 193
185 194
185 195
185 196
185 197
185 198
185 199
185 200
185 201
185 202
185 203
185 204
185 205
185 206
185 207
185 208
185 209
185 210
185 211
185 212
185 213
185 214
185 215
185 216
185 217
185 218
185 219
185 220
185 221
185 222
185 223
185 224
185 225
185 226
185 227
185 228
185 229
185 230
185 231
185 232
185 233
185 234
186 186
186 187
186 188
186 189
186 190
186 191
186 192
186 193
186 194
186 195
186 196
186 197
186 198
186 199
186 200
186 201
186 202
186 203
186 204
186 205
186 206
186 207
186 208
186 209
186 210
186 211
186 212
186 213
186 214
186 215
186 216
186 217
186 218
186 219
186 220
186 221
186 222
186 223
186 224
186 225
186 226
186 227
186 228
186 229
186 230
186 231
186 232
186 233
186 234
186 235
187 187
187 188
187 189
187 190
187 191
187 192
187 193
187 194
187 195
187 196
187 197
187 198
187 199
187 200
187 201
187 202
187 203
187 204
187 205
187 206
187 207
187 208
187 209
187 210
187 211
187 212
187 213
187 214
187 215
187 216
187 217
187 218
187 219
187 220
187 221
187 222
187 223
187 224
187 225
187 226
187 227
187 228
187 229
187 230
187 231
187 232
187 233
187 234
187 235
187 236
188 188
188 189
188 190
188 191
188 192
188 193
188 194
188 195
188 196
188 197
188 198
188 199
188 200
188 201
188 202
188 203
188 204
188 205
188 206
188 207
188 208
188 209
188 210
188 211
188 212
188 213
188 214
188 215
188 216
188 217
188 218
188 219
188 220
188 221
188 222
188 223
188 224
188 225
188 226
188 227
188 228
188 229
188 230
188 231
188 232
188 233
188 234
188 235
188 236
188 237
189 189
189 190
189 191
189 192
189 193
189 194
189 195
189 196
189 197
189 198
189 199
189 200
189 201
189 202
189 203
189 204
189 205
189 206
189 207
189 208
189 209
189 210
189 211
189 212
189 213
189 214
189 215
189 216
189 217
189 218
189 219
189 220
189 221
189 222
189 223
189 224
189 225
189 226
189 227
189 228
189 229
189 230
189 231
189 232
189 233
189 234
189 235
189 236
189 237
189 238
190 190
190 191
190 192
190 193
190 194
190 195
190 196
190 197
190 198
190 199
190 200
190 201
190 202
190 203
190 204
190 205
190 206
190 207
190 208
190 209
190 210
190 211
190 212
190 213
190 214
190 215
190 216
190 217
190 218
190 219
190 220
190 221
190 222
190 223
190 224
190 225
190 226
190 227
190 228
190 229
190 230
190 231
190 232
190 233
190 234
190 235
190 236
190 237
190 238
190 239
191 191
191 192
191 193
191 194
191 195
191 196
191 197
191 198
191 199
191 200
191 201
191 202
191 203
191 204
191 205
191 206
191 207
191 208
191 209
191 210
191 211
191 212
191 213
191 214
191 215
191 216
191 217
191 218
191 219
191 220
191 221
191 222
191 223
191 224
191 225
191 226
191 227
191 228
191 229
191 230
191 231
191 232
191 233
191 234
191 235
191 236
191 237
191 238
191 239
191 240
192 192
192 193
192 194
192 195
192 196
192 197
192 198
192 199
192 200
192 201
192 202
192 203
192 204
192 205
192 206
192 207
192 208
192 209
192 210
192 211
192 212
192 213
192 214
192 215
192 216
192 217
192 218
192 219
192 220
192 221
192 222
192 223
192 224
192 225
192 226
192 227
192 228
192 229
192 230
192 231
192 232
192 233
192 234
192 235
192 236
192 237
192 238
192 239
192 240
192 241
193 193
193 194
193 195
193 196
193 197
193 198
193 199
193 200
193 201
193 202
193 203
193 204
193 205
193 206
193 207
193 208
193 209
193 210
193 211
193 212
193 213
193 214
193 215
193 216
193 217
193 218
193 219
193 220
193 221
193 222
193 223
193 224
193 225
193 226
193 227
193 228
193 229
193 230
193 231
193 232
193 233
193 234
193 235
193 236
193 237
193 238
193 239
193 240
193 241
193 242
194 194
194 195
194 196
194 197
194 198
194 199
194 200
194 201
194 202
194 203
194 204
194 205
194 206
194 207
194 208
194 209
194 210
194 211
194 212
194 213
194 214
194 215
194 216
194 217
194 218
194 219
194 220
194 221
194 222
194 223
194 224
194 225
194 226
194 227
194 228
194 229
194 230
194 231
194 232
194 233
194 234
194 235
194 236
194 237
194 238
194 239
194 240
194 241
194 242
194 243
195 195
195 196
195 197
195 198
195 199
195 200
195 201
195 202
195 203
195 204
195 205
195 206
195 207
195 208
195 209
195 210
195 211
195 212
195 213
195 214
195 215
195 216
195 217
195 218
195 219
195 220
195 221
195 222
195 223
195 224
195 225
195 226
195 227
195 228
195 229
195 230
195 231
195 232
195 233
195 234
195 235
195 236
195 237
195 238
195 239
195 240
195 241
195 242
195 243
195 244
196 196
196 197
196 198
196 199
196 200
196 201
196 202
196 203
196 204
196 205
196 206
196 207
196 208
196 209
196 210
196 211
196 212
196 213
196 214
196 215
196 216
196 217
196 218
196 219
196 220
196 221
196 222
196 223
196 224
196 225
196 226
196 227
196 228
196 229
196 230
196 231
196 232
196 233
196 234
196 235
196 236
196 237
196 238
196 239
196 240
196 241
196 242
196 243
196 244
196 245
197 197
197 198
197 199
197 200
197 201
197 202
197 203
197 204
197 205
197 206
197 207
197 208
197 209
197 210
197 211
197 212
197 213
197 214
197 215
197 216
197 217
197 218
197 219
197 220
197 221
197 222
197 223
197 224
197 225
197 226
197 227
197 228
197 229
197 230
197 231
197 232
197 233
197 234
197 235
197 236
197 237
197 238
197 239
197 240
197 241
197 242
197 243
197 244
197 245
197 246
198 198
198 199
198 200
198 201
198 202
198 203
198 204
198 205
198 206
198 207
198 208
198 209
198 210
198 211
198 212
198 213
198 214
198 215
198 216
198 217
198 218
198 219
198 220
198 221
198 222
198 223
198 224
198 225
198 226
198 227
198 228
198 229
198 230
198 231
198 232
198 233
198 234
198 235
198 236
198 237
198 238
198 239
198 240
198 241
198 242
198 243
198 244
198 245
198 246
198 247
199 199
199 200
199 201
199 202
199 203
199 204
199 205
199 206
199 207
199 208
199 209
199 210
199 211
199 212
199 213
199 214
199 215
199 216
199 217
199 218
199 219
199 220
199 221
199 222
199 223
199 224
199 225
199 226
199 227
199 228
199 229
199 230
199 231
199 232
199 233
199 234
199 235
199 236
199 237
199 238
199 239
199 240
199 241
199 242
199 243
199 244
199 245
199 246
199 247
199 248
200 200
200 201
200 202
200 203
200 204
200 205
200 206
200 207
200 208
200 209
200 210
200 211
200 212
200 213
200 214
200 215
200 216
200 217
200 218
200 219
200 220
200 221
200 222
200 223
200 224
200 225
200 226
200 227
200 228
200 229
200 230
200 231
200 232
200 233
200 234
200 235
200 236
200 237
200 238
200 239
200 240
200 241
200 242
200 243
200 244
200 245
200 246
200 247
200 248
200 249
201 201
201 202
201 203
201 204
201 205
201 206
201 207
201 208
201 209
201 210
201 211
201 212
201 213
201 214
201 215
201 216
201 217
201 218
201 219
201 220
201 221
201 222
201 223
201 224
201 225
201 226
201 227
201 228
201 229
201 230
201 231
201 232
201 233
201 234
201 235
201 236
201 237
201 238
201 239
201 240
201 241
201 242
201 243
201 244
201 245
201 246
201 247
201 248
201 249
201 250
202 202
202 203
202 204
202 205
202 206
202 207
202 208
202 209
202 210
202 211
202 212
202 213
202 214
202 215
202 216
202 217
202 218
202 219
202 220
202 221
202 222
202 223
202 224
202 225
202 226
202 227
202 228
202 229
202 230
202 231
202 232
202 233
202 234
202 235
202 236
202 237
202 238
202 239
202 240
202 241
202 242
202 243
202 244
202 245
202 246
202 247
202 248
202 249
202 250
202 251
203 203
203 204
203 205
203 206
203 207
203 208
203 209
203 210
203 211
203 212
203 213
203 214
203 215
203 216
203 217
203 218
203 219
203 220
203 221
203 222
203 223
203 224
203 225
203 226
203 227
203 228
203 229
203 230
203 231
203 232
203 233
203 234
203 235
203 236
203 237
203 238
203 239
203 240
203 241
203 242
203 243
203 244
203 245
203 246
203 247
203 248
203 249
203 250
203 251
203 252
204 204
204 205
204 206
204 207
204 208
204 209
204 210
204 211
204 212
204 213
204 214
204 215
204 216
204 217
204 218
204 219
204 220
204 221
204 222
204 223
204 224
204 225
204 226
204 227
204 228
204 229
204 230
204 231
204 232
204 233
204 234
204 235
204 236
204 237
204 238
204 239
204 240
204 241
204 242
204 243
204 244
204 245
204 246
204 247
204 248
204 249
204 250
204 251
204 252
204 253
205 205
205 206
205 207
205 208
205 209
205 210
205 211
205 212
205 213
205 214
205 215
205 216
205 217
205 218
205 219
205 220
205 221
205 222
205 223
205 224
205 225
205 226
205 227
205 228
205 229
205 230
205 231
205 232
205 233
205 234
205 235
205 236
205 237
205 238
205 239
205 240
205 241
205 242
205 243
205 244
205 245
205 246
205 247
205 248
205 249
205 250
205 251
205 252
205 253
205 254
206 206
206 207
206 208
206 209
206 210
206 211
206 212
206 213
206 214
206 215
206 216
206 217
206 218
206 219
206 220
206 221
206 222
206 223
206 224
206 225
206 226
206 227
206 228
206 229
206 230
206 231
206 232
206 233
206 234
206 235
206 236
206 237
206 238
206 239
206 240
206 241
206 242
206 243
206 244
206 245
206 246
206 247
206 248
206 249
206 250
206 251
206 252
206 253
206 254
206 255
207 207
207 208
207 209
207 210
207 211
207 212
207 213
207 214
207 215
207 216
207 217
207 218
207 219
207 220
207 221
207 222
207 223
207 224
207 225
207 226
207 227
207 228
207 229
207 230
207 231
207 232
207 233
207 234
207 235
207 236
207 237
207 238
207 239
207 240
207 241
207 242
207 243
207 244
207 245
207 246
207 247
207 248
207 249
207 250
207 251
207 252
207 253
207 254
207 255
207 256
208 208
208 209
208 210
208 211
208 212
208 213
208 214
208 215
208 216
208 217
208 218
208 219
208 220
208 221
208 222
208 223
208 224
208 225
208 226
208 227
208 228
208 229
208 230
208 231
208 232
208 233
208 234
208 235
208 236
208 237
208 238
208 239
208 240
208 241
208 242
208 243
208 244
208 245
208 246
208 247
208 248
208 249
208 250
208 251
208 252
208 253
208 254
208 255
208 256
208 257
209 209
209 210
209 211
209 212
209 213
209 214
209 215
209 216
209 217
209 218
209 219
209 220
209 221
209 222
209 223
209 224
209 225
209 226
209 227
209 228
209 229
209 230
209 231
209 232
209 233
209 234
209 235
209 236
209 237
209 238
209 239
209 240
209 241
209 242
209 243
209 244
209 245
209 246
209 247
209 248
209 249
209 250
209 251
209 252
209 253
209 254
209 255
209 256
209 257
209 258
210 210
210 211
210 212
210 213
210 214
210 215
210 216
210 217
210 218
210 219
210 220
210 221
210 222
210 223
210 224
210 225
210 226
210 227
210 228
210 229
210 230
210 231
210 232
210 233
210 234
210 235
210 236
210 237
210 238
210 239
210 240
210 241
210 242
210 243
210 244
210 245
210 246
210 247
210 248
210 249
210 250
210 251
210 252
210 253
210 254
210 255
210 256
210 257
210 258
210 259
211 211
211 212
211 213
211 214
211 215
211 216
211 217
211 218
211 219
211 220
211 221
211 222
211 223
211 224
211 225
211 226
211 227
211 228
211 229
211 230
211 231
211 232
211 233
211 234
211 235
211 236
211 237
211 238
211 239
211 240
211 241
211 242
211 243
211 244
211 245
211 246
211 247
211 248
211 249
211 250
211 251
211 252
211 253
211 254
211 255
211 256
211 257
211 258
211 259
211 260
212 212
212 213
212 214
212 215
212 216
212 217
212 218
212 219
212 220
212 221
212 222
212 223
212 224
212 225
212 226
212 227
212 228
212 229
212 230
212 231
212 232
212 233
212 234
212 235
212 236
212 237
212 238
212 239
212 240
212 241
212 242
212 243
212 244
212 245
212 246
212 247
212 248
212 249
212 250
212 251
212 252
212 253
212 254
212 255
212 256
212 257
212 258
212 259
212 260
212 261
213 213
213 214
213 215
213 216
213 217
213 218
213 219
213 220
213 221
213 222
213 223
213 224
213 225
213 226
213 227
213 228
213 229
213 230
213 231
213 232
213 233
213 234
213 235
213 236
213 237
213 238
213 239
213 240
213 241
213 242
213 243
213 244
213 245
213 246
213 247
213 248
213 249
213 250
213 251
213 252
213 253
213 254
213 255
213 256
213 257
213 258
213 259
213 260
213 261
213 262
214 214
214 215
214 216
214 217
214 218
214 219
214 220
214 221
214 222
214 223
214 224
214 225
214 226
214 227
214 228
214 229
214 230
214 231
214 232
214 233
214 234
214 235
214 236
214 237
214 238
214 239
214 240
214 241
214 242
214 243
214 244
214 245
214 246
214 247
214 248
214 249
214 250
214 251
214 252
214 253
214 254
214 255
214 256
214 257
214 258
214 259
214 260
214 261
214 262
214 263
215 215
215 216
215 217
215 218
215 219
215 220
215 221
215 222
215 223
215 224
215 225
215 226
215 227
215 228
215 229
215 230
215 231
215 232
215 233
215 234
215 235
215 236
215 237
215 238
215 239
215 240
215 241
215 242
215 243
215 244
215 245
215 246
215 247
215 248
215 249
215 250
215 251
215 252
215 253
215 254
215 255
215 256
215 257
215 258
215 259
215 260
215 261
215 262
215 263
215 264
216 216
216 217
216 218
216 219
216 220
216 221
216 222
216 223
216 224
216 225
216 226
216 227
216 228
216 229
216 230
216 231
216 232
216 233
216 234
216 235
216 236
216 237
216 238
216 239
216 240
216 241
216 242
216 243
216 244
216 245
216 246
216 247
216 248
216 249
216 250
216 251
216 252
216 253
216 254
216 255
216 256
216 257
216 258
216 259
216 260
216 261
216 262
216 263
216 264
216 265
217 217
217 218
217 219
217 220
217 221
217 222
217 223
217 224
217 225
217 226
217 227
217 228
217 229
217 230
217 231
217 232
217 233
217 234
217 235
217 236
217 237
217 238
217 239
217 240
217 241
217 242
217 243
217 244
217 245
217 246
217 247
217 248
217 249
217 250
217 251
217 252
217 253
217 254
217 255
217 256
217 257
217 258
217 259
217 260
217 261
217 262
217 263
217 264
217 265
217 266
218 218
218 219
218 220
218 221
218 222
218 223
218 224
218 225
218 226
218 227
218 228
218 229
218 230
218 231
218 232
218 233
218 234
218 235
218 236
218 237
218 238
218 239
218 240
218 241
218 242
218 243
218 244
218 245
218 246
218 247
218 248
218 249
218 250
218 251
218 252
218 253
218 254
218 255
218 256
218 257
218 258
218 259
218 260
218 261
218 262
218 263
218 264
218 265
218 266
218 267
219 219
219 220
219 221
219 222
219 223
219 224
219 225
219 226
219 227
219 228
219 229
219 230
219 231
219 232
219 233
219 234
219 235
219 236
219 237
219 238
219 239
219 240
219 241
219 242
219 243
219 244
219 245
219 246
219 247
219 248
219 249
219 250
219 251
219 252
219 253
219 254
219 255
219 256
219 257
219 258
219 259
219 260
219 261
219 262
219 263
219 264
219 265
219 266
219 267
219 268
220 220
220 221
220 222
220 223
220 224
220 225
220 226
220 227
220 228
220 229
220 230
220 231
220 232
220 233
220 234
220 235
220 236
220 237
220 238
220 239
220 240
220 241
220 242
220 243
220 244
220 245
220 246
220 247
220 248
220 249
220 250
220 251
220 252
220 253
220 254
220 255
220 256
220 257
220 258
220 259
220 260
220 261
220 262
220 263
220 264
220 265
220 266
220 267
220 268
220 269
221 221
221 222
221 223
221 224
221 225
221 226
221 227
221 228
221 229
221 230
221 231
221 232
221 233
221 234
221 235
221 236
221 237
221 238
221 239
221 240
221 241
221 242
221 243
221 244
221 245
221 246
221 247
221 248
221 249
221 250
221 251
221 252
221 253
221 254
221 255
221 256
221 257
221 258
221 259
221 260
221 261
221 262
221 263
221 264
221 265
221 266
221 267
221 268
221 269
221 270
222 222
222 223
222 224
222 225
222 226
222 227
222 228
222 229
222 230
222 231
222 232
222 233
222 234
222 235
222 236
222 237
222 238
222 239
222 240
222 241
222 242
222 243
222 244
222 245
222 246
222 247
222 248
222 249
222 250
222 251
222 252
222 253
222 254
222 255
222 256
222 257
222 258
222 259
222 260
222 261
222 262
222 263
222 264
222 265
222 266
222 267
222 268
222 269
222 270
222 271
223 223
223 224
223 225
223 226
223 227
223 228
223 229
223 230
223 231
223 232
223 233
223 234
223 235
223 236
223 237
223 238
223 239
223 240
223 241
223 242
223 243
223 244
223 245
223 246
223 247
223 248
223 249
223 250
223 251
223 252
223 253
223 254
223 255
223 256
223 257
223 258
223 259
223 260
223 261
223 262
223 263
223 264
223 265
223 266
223 267
223 268
223 269
223 270
223 271
223 272
224 224
224 225
224 226
224 227
224 228
224 229
224 230
224 231
224 232
224 233
224 234
224 235
224 236
224 237
224 238
224 239
224 240
224 241
224 242
224 243
224 244
224 245
224 246
224 247
224 248
224 249
224 250
224 251
224 252
224 253
224 254
224 255
224 256
224 257
224 258
224 259
224 260
224 261
224 262
224 263
224 264
224 265
224 266
224 267
224 268
224 269
224 270
224 271
224 272
224 273
225 225
225 226
225 227
225 228
225 229
225 230
225 231
225 232
225 233
225 234
225 235
225 236
225 237
225 238
225 239
225 240
225 241
225 242
225 243
225 244
225 245
225 246
225 247
225 248
225 249
225 250
225 251
225 252
225 253
225 254
225 255
225 256
225 257
225 258
225 259
225 260
225 261
225 262
225 263
225 264
225 265
225 266
225 267
225 268
225 269
225 270
225 271
225 272
225 273
225 274
226 226
226 227
226 228
226 229
226 230
226 231
226 232
226 233
226 234
226 235
226 236
226 237
226 238
226 239
226 240
226 241
226 242
226 243
226 244
226 245
226 246
226 247
226 248
226 249
226 250
226 251
226 252
226 253
226 254
226 255
226 256
226 257
226 258
226 259
226 260
226 261
226 262
226 263
226 264
226 265
226 266
226 267
226 268
226 269
226 270
226 271
226 272
226 273
226 274
226 275
227 227
227 228
227 229
227 230
227 231
227 232
227 233
227 234
227 235
227 236
227 237
227 238
227 239
227 240
227 241
227 242
227 243
227 244
227 245
227 246
227 247
227 248
227 249
227 250
227 251
227 252
227 253
227 254
227 255
227 256
227 257
227 258
227 259
227 260
227 261
227 262
227 263
227 264
227 265
227 266
227 267
227 268
227 269
227 270
227 271
227 272
227 273
227 274
227 275
227 276
228 228
228 229
228 230
228 231
228 232
228 233
228 234
228 235
228 236
228 237
228 238
228 239
228 240
228 241
228 242
228 243
228 244
228 245
228 246
228 247
228 248
228 249
228 250
228 251
228 252
228 253
228 254
228 255
228 256
228 257
228 258
228 259
228 260
228 261
228 262
228 263
228 264
228 265
228 266
228 267
228 268
228 269
228 270
228 271
228 272
228 273
228 274
228 275
228 276
228 277
229 229
229 230
229 231
229 232
229 233
229 234
229 235
229 236
229 237
229 238
229 239
229 240
229 241
229 242
229 243
229 244
229 245
229 246
229 247
229 248
229 249
229 250
229 251
229 252
229 253
229 254
229 255
229 256
229 257
229 258
229 259
229 260
229 261
229 262
229 263
229 264
229 265
229 266
229 267
229 268
229 269
229 270
229 271
229 272
229 273
229 274
229 275
229 276
229 277
229 278
230 230
230 231
230 232
230 233
230 234
230 235
230 236
230 237
230 238
230 239
230 240
230 241
230 242
230 243
230 244
230 245
230 246
230 247
230 248
230 249
230 250
230 251
230 252
230 253
230 254
230 255
230 256
230 257
230 258
230 259
230 260
230 261
230 262
230 263
230 264
230 265
230 266
230 267
230 268
230 269
230 270
230 271
230 272
230 273
230 274
230 275
230 276
230 277
230 278
230 279
231 231
231 232
231 233
231 234
231 235
231 236
231 237
231 238
231 239
231 240
231 241
231 242
231 243
231 244
231 245
231 246
231 247
231 248
231 249
231 250
231 251
231 252
231 253
231 254
231 255
231 256
231 257
231 258
231 259
231 260
231 261
231 262
231 263
231 264
231 265
231 266
231 267
231 268
231 269
231 270
231 271
231 272
231 273
231 274
231 275
231 276
231 277
231 278
231 279
231 280
232 232
232 233
232 234
232 235
232 236
232 237
232 238
232 239
232 240
232 241
232 242
232 243
232 244
232 245
232 246
232 247
232 248
232 249
232 250
232 251
232 252
232 253
232 254
232 255
232 256
232 257
232 258
232 259
232 260
232 261
232 262
232 263
232 264
232 265
232 266
232 267
232 268
232 269
232 270
232 271
232 272
232 273
232 274
232 275
232 276
232 277
232 278
232 279
232 280
232 281
233 233
233 234
233 235
233 236
233 237
233 238
233 239
233 240
233 241
233 242
233 243
233 244
233 245
233 246
233 247
233 248
233 249
233 250
233 251
233 252
233 253
233 254
233 255
233 256
233 257
233 258
233 259
233 260
233 261
233 262
233 263
233 264
233 265
233 266
233 267
233 268
233 269
233 270
233 271
233 272
233 273
233 274
233 275
233 276
233 277
233 278
233 279
233 280
233 281
233 282
234 234
234 235
234 236
234 237
234 238
234 239
234 240
234 241
234 242
234 243
234 244
234 245
234 246
234 247
234 248
234 249
234 250
234 251
234 252
234 253
234 254
234 255
234 256
234 257
234 258
234 259
234 260
234 261
234 262
234 263
234 264
234 265
234 266
234 267
234 268
234 269
234 270
234 271
234 272
234 273
234 274
234 275
234 276
234 277
234 278
234 279
234 280
234 281
234 282
234 283
235 235
235 236
235 237
235 238
235 239
235 240
235 241
235 242
235 243
235 244
235 245
235 246
235 247
235 248
235 249
235 250
235 251
235 252
235 253
235 254
235 255
235 256
235 257
235 258
235 259
235 260
235 261
235 262
235 263
235 264
235 265
235 266
235 267
235 268
235 269
235 270
235 271
235 272
235 273
235 274
235 275
235 276
235 277
235 278
235 279
235 280
235 281
235 282
235 283
235 284
236 236
236 237
236 238
236 239
236 240
236 241
236 242
236 243
236 244
236 245
236 246
236 247
236 248
236 249
236 250
236 251
236 252
236 253
236 254
236 255
236 256
236 257
236 258
236 259
236 260
236 261
236 262
236 263
236 264
236 265
236 266
236 267
236 268
236 269
236 270
236 271
236 272
236 273
236 274
236 275
236 276
236 277
236 278
236 279
236 280
236 281
236 282
236 283
236 284
236 285
237 237
237 238
237 239
237 240
237 241
237 242
237 243
237 244
237 245
237 246
237 247
237 248
237 249
237 250
237 251
237 252
237 253
237 254
237 255
237 256
237 257
237 258
237 259
237 260
237 261
237 262
237 263
237 264
237 265
237 266
237 267
237 268
237 269
237 270
237 271
237 272
237 273
237 274
237 275
237 276
237 277
237 278
237 279
237 280
237 281
237 282
237 283
237 284
237 285
237 286
238 238
238 239
238 240
238 241
238 242
238 243
238 244
238 245
238 246
238 247
238 248
238 249
238 250
238 251
238 252
238 253
238 254
238 255
238 256
238 257
238 258
238 259
238 260
238 261
238 262
238 263
238 264
238 265
238 266
238 267
238 268
238 269
238 270
238 271
238 272
238 273
238 274
238 275
238 276
238 277
238 278
238 279
238 280
238 281
238 282
238 283
238 284
238 285
238 286
238 287
239 239
239 240
239 241
239 242
239 243
239 244
239 245
239 246
239 247
239 248
239 249
239 250
239 251
239 252
239 253
239 254
239 255
239 256
239 257
239 258
239 259
239 260
239 261
239 262
239 263
239 264
239 265
239 266
239 267
239 268
239 269
239 270
239 271
239 272
239 273
239 274
239 275
239 276
239 277
239 278
239 279
239 280
239 281
239 282
239 283
239 284
239 285
239 286
239 287
239 288
240 240
240 241
240 242
240 243
240 244
240 245
240 246
240 247
240 248
240 249
240 250
240 251
240 252
240 253
240 254
240 255
240 256
240 257
240 258
240 259
240 260
240 261
240 262
240 263
240 264
240 265
240 266
240 267
240 268
240 269
240 270
240 271
240 272
240 273
240 274
240 275
240 276
240 277
240 278
240 279
240 280
240 281
240 282
240 283
240 284
240 285
240 286
240 287
240 288
240 289
241 241
241 242
241 243
241 244
241 245
241 246
241 247
241 248
241 249
241 250
241 251
241 252
241 253
241 254
241 255
241 256
241 257
241 258
241 259
241 260
241 261
241 262
241 263
241 264
241 265
241 266
241 267
241 268
241 269
241 270
241 271
241 272
241 273
241 274
241 275
241 276
241 277
241 278
241 279
241 280
241 281
241 282
241 283
241 284
241 285
241 286
241 287
241 288
241 289
241 290
242 242
242 243
242 244
242 245
242 246
242 247
242 248
242 249
242 250
242 251
242 252
242 253
242 254
242 255
242 256
242 257
242 258
242 259
242 260
242 261
242 262
242 263
242 264
242 265
242 266
242 267
242 268
242 269
242 270
242 271
242 272
242 273
242 274
242 275
242 276
242 277
242 278
242 279
242 280
242 281
242 282
242 283
242 284
242 285
242 286
242 287
242 288
242 289
242 290
242 291
243 243
243 244
243 245
243 246
243 247
243 248
243 249
243 250
243 251
243 252
243 253
243 254
243 255
243 256
243 257
243 258
243 259
243 260
243 261
243 262
243 263
243 264
243 265
243 266
243 267
243 268
243 269
243 270
243 271
243 272
243 273
243 274
243 275
243 276
243 277
243 278
243 279
243 280
243 281
243 282
243 283
243 284
243 285
243 286
243 287
243 288
243 289
243 290
243 291
243 292
244 244
244 245
244 246
244 247
244 248
244 249
244 250
244 251
244 252
244 253
244 254
244 255
244 256
244 257
244 258
244 259
244 260
244 261
244 262
244 263
244 264
244 265
244 266
244 267
244 268
244 269
244 270
244 271
244 272
244 273
244 274
244 275
244 276
244 277
244 278
244 279
244 280
244 281
244 282
244 283
244 284
244 285
244 286
244 287
244 288
244 289
244 290
244 291
244 292
244 293
245 245
245 246
245 247
245 248
245 249
245 250
245 251
245 252
245 253
245 254
245 255
245 256
245 257
245 258
245 259
245 260
245 261
245 262
245 263
245 264
245 265
245 266
245 267
245 268
245 269
245 270
245 271
245 272
245 273
245 274
245 275
245 276
245 277
245 278
245 279
245 280
245 281
245 282
245 283
245 284
245 285
245 286
245 287
245 288
245 289
245 290
245 291
245 292
245 293
245 294
246 246
246 247
246 248
246 249
246 250
246 251
246 252
246 253
246 254
246 255
246 256
246 257
246 258
246 259
246 260
246 261
246 262
246 263
246 264
246 265
246 266
246 267
246 268
246 269
246 270
246 271
246 272
246 273
246 274
246 275
246 276
246 277
246 278
246 279
246 280
246 281
246 282
246 283
246 284
246 285
246 286
246 287
246 288
246 289
246 290
246 291
246 292
246 293
246 294
246 295
247 247
247 248
247 249
247 250
247 251
247 252
247 253
247 254
247 255
247 256
247 257
247 258
247 259
247 260
247 261
247 262
247 263
247 264
247 265
247 266
247 267
247 268
247 269
247 270
247 271
247 272
247 273
247 274
247 275
247 276
247 277
247 278
247 279
247 280
247 281
247 282
247 283
247 284
247 285
247 286
247 287
247 288
247 289
247 290
247 291
247 292
247 293
247 294
247 295
247 296
248 248
248 249
248 250
248 251
248 252
248 253
248 254
248 255
248 256
248 257
248 258
248 259
248 260
248 261
248 262
248 263
248 264
248 265
248 266
248 267
248 268
248 269
248 270
248 271
248 272
248 273
248 274
248 275
248 276
248 277
248 278
248 279
248 280
248 281
248 282
248 283
248 284
248 285
248 286
248 287
248 288
248 289
248 290
248 291
248 292
248 293
248 294
248 295
248 296
248 297
249 249
249 250
249 251
249 252
249 253
249 254
249 255
249 256
249 257
249 258
249 259
249 260
249 261
249 262
249 263
249 264
249 265
249 266
249 267
249 268
249 269
249 270
249 271
249 272
249 273
249 274
249 275
249 276
249 277
249 278
249 279
249 280
249 281
249 282
249 283
249 284
249 285
249 286
249 287
249 288
249 289
249 290
249 291
249 292
249 293
249 294
249 295
249 296
249 297
249 298
250 250
250 251
250 252
250 253
250 254
250 255
250 256
250 257
250 258
250 259
250 260
250 261
250 262
250 263
250 264
250 265
250 266
250 267
250 268
250 269
250 270
250 271
250 272
250 273
250 274
250 275
250 276
250 277
250 278
250 279
250 280
250 281
250 282
250 283
250 284
250 285
250 286
250 287
250 288
250 289
250 290
250 291
250 292
250 293
250 294
250 295
250 296
250 297
250 298
250 299
251 251
251 252
251 253
251 254
251 255
251 256
251 257
251 258
251 259
251 260
251 261
251 262
251 263
251 264
251 265
251 266
251 267
251 268
251 269
251 270
251 271
251 272
251 273
251 274
251 275
251 276
251 277
251 278
251 279
251 280
251 281
251 282
251 283
251 284
251 285
251 286
251 287
251 288
251 289
251 290
251 291
251 292
251 293
251 294
251 295
251 296
251 297
251 298
251 299
251 300
252 252
252 253
252 254
252 255
252 256
252 257
252 258
252 259
252 260
252 261
252 262
252 263
252 264
252 265
252 266
252 267
252 268
252 269
252 270
252 271
252 272
252 273
252 274
252 275
252 276
252 277
252 278
252 279
252 280
252 281
252 282
252 283
252 284
252 285
252 286
252 287
252 288
252 289
252 290
252 291
252 292
252 293
252 294
252 295
252 296
252 297
252 298
252 299
252 300
252 301
253 253
253 254
253 255
253 256
253 257
253 258
253 259
253 260
253 261
253 262
253 263
253 264
253 265
253 266
253 267
253 268
253 269
253 270
253 271
253 272
253 273
253 274
253 275
253 276
253 277
253 278
253 279
253 280
253 281
253 282
253 283
253 284
253 285
253 286
253 287
253 288
253 289
253 290
253 291
253 292
253 293
253 294
253 295
253 296
253 297
253 298
253 299
253 300
253 301
253 302
254 254
254 255
254 256
254 257
254 258
254 259
254 260
254 261
254 262
254 263
254 264
254 265
254 266
254 267
254 268
254 269
254 270
254 271
254 272
254 273
254 274
254 275
254 276
254 277
254 278
254 279
254 280
254 281
254 282
254 283
254 284
254 285
254 286
254 287
254 288
254 289
254 290
254 291
254 292
254 293
254 294
254 295
254 296
254 297
254 298
254 299
254 300
254 301
254 302
254 303
255 255
255 256
255 257
255 258
255 259
255 260
255 261
255 262
255 263
255 264
255 265
255 266
255 267
255 268
255 269
255 270
255 271
255 272
255 273
255 274
255 275
255 276
255 277
255 278
255 279
255 280
255 281
255 282
255 283
255 284
255 285
255 286
255 287
255 288
255 289
255 290
255 291
255 292
255 293
255 294
255 295
255 296
255 297
255 298
255 299
255 300
255 301
255 302
255 303
255 304
256 256
256 257
256 258
256 259
256 260
256 261
256 262
256 263
256 264
256 265
256 266
256 267
256 268
256 269
256 270
256 271
256 272
256 273
256 274
256 275
256 276
256 277
256 278
256 279
256 280
256 281
256 282
256 283
256 284
256 285
256 286
256 287
256 288
256 289
256 290
256 291
256 292
256 293
256 294
256 295
256 296
256 297
256 298
256 299
256 300
256 301
256 302
256 303
256 304
256 305
257 257
257 258
257 259
257 260
257 261
257 262
257 263
257 264
257 265
257 266
257 267
257 268
257 269
257 270
257 271
257 272
257 273
257 274
257 275
257 276
257 277
257 278
257 279
257 280
257 281
257 282
257 283
257 284
257 285
257 286
257 287
257 288
257 289
257 290
257 291
257 292
257 293
257 294
257 295
257 296
257 297
257 298
257 299
257 300
257 301
257 302
257 303
257 304
257 305
257 306
258 258
258 259
258 260
258 261
258 262
258 263
258 264
258 265
258 266
258 267
258 268
258 269
258 270
258 271
258 272
258 273
258 274
258 275
258 276
258 277
258 278
258 279
258 280
258 281
258 282
258 283
258 284
258 285
258 286
258 287
258 288
258 289
258 290
258 291
258 292
258 293
258 294
258 295
258 296
258 297
258 298
258 299
258 300
258 301
258 302
258 303
258 304
258 305
258 306
258 307
259 259
259 260
259 261
259 262
259 263
259 264
259 265
259 266
259 267
259 268
259 269
259 270
259 271
259 272
259 273
259 274
259 275
259 276
259 277
259 278
259 279
259 280
259 281
259 282
259 283
259 284
259 285
259 286
259 287
259 288
259 289
259 290
259 291
259 292
259 293
259 294
259 295
259 296
259 297
259 298
259 299
259 300
259 301
259 302
259 303
259 304
259 305
259 306
259 307
259 308
260 260
260 261
260 262
260 263
260 264
260 265
260 266
260 267
260 268
260 269
260 270
260 271
260 272
260 273
260 274
260 275
260 276
260 277
260 278
260 279
260 280
260 281
260 282
260 283
260 284
260 285
260 286
260 287
260 288
260 289
260 290
260 291
260 292
260 293
260 294
260 295
260 296
260 297
260 298
260 299
260 300
260 301
260 302
260 303
260 304
260 305
260 306
260 307
260 308
260 309
261 261
261 262
261 263
261 264
261 265
261 266
261 267
261 268
261 269
261 270
261 271
261 272
261 273
261 274
261 275
261 276
261 277
261 278
261 279
261 280
261 281
261 282
261 283
261 284
261 285
261 286
261 287
261 288
261 289
261 290
261 291
261 292
261 293
261 294
261 295
261 296
261 297
261 298
261 299
261 300
261 301
261 302
261 303
261 304
261 305
261 306
261 307
261 308
261 309
261 310
262 262
262 263
262 264
262 265
262 266
262 267
262 268
262 269
262 270
262 271
262 272
262 273
262 274
262 275
262 276
262 277
262 278
262 279
262 280
262 281
262 282
262 283
262 284
262 285
262 286
262 287
262 288
262 289
262 290
262 291
262 292
262 293
262 294
262 295
262 296
262 297
262 298
262 299
262 300
262 301
262 302
262 303
262 304
262 305
262 306
262 307
262 308
262 309
262 310
262 311
263 263
263 264
263 265
263 266
263 267
263 268
263 269
263 270
263 271
263 272
263 273
263 274
263 275
263 276
263 277
263 278
263 279
263 280
263 281
263 282
263 283
263 284
263 285
263 286
263 287
263 288
263 289
263 290
263 291
263 292
263 293
263 294
263 295
263 296
263 297
263 298
263 299
263 300
263 301
263 302
263 303
263 304
263 305
263 306
263 307
263 308
263 309
263 310
263 311
263 312
264 264
264 265
264 266
264 267
264 268
264 269
264 270
264 271
264 272
264 273
264 274
264 275
264 276
264 277
264 278
264 279
264 280
264 281
264 282
264 283
264 284
264 285
264 286
264 287
264 288
264 289
264 290
264 291
264 292
264 293
264 294
264 295
264 296
264 297
264 298
264 299
264 300
264 301
264 302
264 303
264 304
264 305
264 306
264 307
264 308
264 309
264 310
264 311
264 312
264 313
265 265
265 266
265 267
265 268
265 269
265 270
265 271
265 272
265 273
265 274
265 275
265 276
265 277
265 278
265 279
265 280
265 281
265 282
265 283
265 284
265 285
265 286
265 287
265 288
265 289
265 290
265 291
265 292
265 293
265 294
265 295
265 296
265 297
265 298
265 299
265 300
265 301
265 302
265 303
265 304
265 305
265 306
265 307
265 308
265 309
265 310
265 311
265 312
265 313
265 314
266 266
266 267
266 268
266 269
266 270
266 271
266 272
266 273
266 274
266 275
266 276
266 277
266 278
266 279
266 280
266 281
266 282
266 283
266 284
266 285
266 286
266 287
266 288
266 289
266 290
266 291
266 292
266 293
266 294
266 295
266 296
266 297
266 298
266 299
266 300
266 301
266 302
266 303
266 304
266 305
266 306
266 307
266 308
266 309
266 310
266 311
266 312
266 313
266 314
266 315
267 267
267 268
267 269
267 270
267 271
267 272
267 273
267 274
267 275
267 276
267 277
267 278
267 279
267 280
267 281
267 282
267 283
267 284
267 285
267 286
267 287
267 288
267 289
267 290
267 291
267 292
267 293
267 294
267 295
267 296
267 297
267 298
267 299
267 300
267 301
267 302
267 303
267 304
267 305
267 306
267 307
267 308
267 309
267 310
267 311
267 312
267 313
267 314
267 315
267 316
268 268
268 269
268 270
268 271
268 272
268 273
268 274
268 275
268 276
268 277
268 278
268 279
268 280
268 281
268 282
268 283
268 284
268 285
268 286
268 287
268 288
268 289
268 290
268 291
268 292
268 293
268 294
268 295
268 296
268 297
268 298
268 299
268 300
268 301
268 302
268 303
268 304
268 305
268 306
268 307
268 308
268 309
268 310
268 311
268 312
268 313
268 314
268 315
268 316
268 317
269 269
269 270
269 271
269 272
269 273
269 274
269 275
269 276
269 277
269 278
269 279
269 280
269 281
269 282
269 283
269 284
269 285
269 286
269 287
269 288
269 289
269 290
269 291
269 292
269 293
269 294
269 295
269 296
269 297
269 298
269 299
269 300
269 301
269 302
269 303
269 304
269 305
269 306
269 307
269 308
269 309
269 310
269 311
269 312
269 313
269 314
269 315
269 316
269 317
269 318
270 270
270 271
270 272
270 273
270 274
270 275
270 276
270 277
270 278
270 279
270 280
270 281
270 282
270 283
270 284
270 285
270 286
270 287
270 288
270 289
270 290
270 291
270 292
270 293
270 294
270 295
270 296
270 297
270 298
270 299
270 300
270 301
270 302
270 303
270 304
270 305
270 306
270 307
270 308
270 309
270 310
270 311
270 312
270 313
270 314
270 315
270 316
270 317
270 318
270 319
271 271
271 272
271 273
271 274
271 275
271 276
271 277
271 278
271 279
271 280
271 281
271 282
271 283
271 284
271 285
271 286
271 287
271 288
271 289
271 290
271 291
271 292
271 293
271 294
271 295
271 296
271 297
271 298
271 299
271 300
271 301
271 302
271 303
271 304
271 305
271 306
271 307
271 308
271 309
271 310
271 311
271 312
271 313
271 314
271 315
271 316
271 317
271 318
271 319
271 320
272 272
272 273
272 274
272 275
272 276
272 277
272 278
272 279
272 280
272 281
272 282
272 283
272 284
272 285
272 286
272 287
272 288
272 289
272 290
272 291
272 292
272 293
272 294
272 295
272 296
272 297
272 298
272 299
272 300
272 301
272 302
272 303
272 304
272 305
272 306
272 307
272 308
272 309
272 310
272 311
272 312
272 313
272 314
272 315
272 316
272 317
272 318
272 319
272 320
272 321
273 273
273 274
273 275
273 276
273 277
273 278
273 279
273 280
273 281
273 282
273 283
273 284
273 285
273 286
273 287
273 288
273 289
273 290
273 291
273 292
273 293
273 294
273 295
273 296
273 297
273 298
273 299
273 300
273 301
273 302
273 303
273 304
273 305
273 306
273 307
273 308
273 309
273 310
273 311
273 312
273 313
273 314
273 315
273 316
273 317
273 318
273 319
273 320
273 321
273 322
274 274
274 275
274 276
274 277
274 278
274 279
274 280
274 281
274 282
274 283
274 284
274 285
274 286
274 287
274 288
274 289
274 290
274 291
274 292
274 293
274 294
274 295
274 296
274 297
274 298
274 299
274 300
274 301
274 302
274 303
274 304
274 305
274 306
274 307
274 308
274 309
274 310
274 311
274 312
274 313
274 314
274 315
274 316
274 317
274 318
274 319
274 320
274 321
274 322
274 323
275 275
275 276
275 277
275 278
275 279
275 280
275 281
275 282
275 283
275 284
275 285
275 286
275 287
275 288
275 289
275 290
275 291
275 292
275 293
275 294
275 295
275 296
275 297
275 298
275 299
275 300
275 301
275 302
275 303
275 304
275 305
275 306
275 307
275 308
275 309
275 310
275 311
275 312
275 313
275 314
275 315
275 316
275 317
275 318
275 319
275 320
275 321
275 322
275 323
275 324
276 276
276 277
276 278
276 279
276 280
276 281
276 282
276 283
276 284
276 285
276 286
276 287
276 288
276 289
276 290
276 291
276 292
276 293
276 294
276 295
276 296
276 297
276 298
276 299
276 300
276 301
276 302
276 303
276 304
276 305
276 306
276 307
276 308
276 309
276 310
276 311
276 312
276 313
276 314
276 315
276 316
276 317
276 318
276 319
276 320
276 321
276 322
276 323
276 324
276 325
277 277
277 278
277 279
277 280
277 281
277 282
277 283
277 284
277 285
277 286
277 287
277 288
277 289
277 290
277 291
277 292
277 293
277 294
277 295
277 296
277 297
277 298
277 299
277 300
277 301
277 302
277 303
277 304
277 305
277 306
277 307
277 308
277 309
277 310
277 311
277 312
277 313
277 314
277 315
277 316
277 317
277 318
277 319
277 320
277 321
277 322
277 323
277 324
277 325
277 326
278 278
278 279
278 280
278 281
278 282
278 283
278 284
278 285
278 286
278 287
278 288
278 289
278 290
278 291
278 292
278 293
278 294
278 295
278 296
278 297
278 298
278 299
278 300
278 301
278 302
278 303
278 304
278 305
278 306
278 307
278 308
278 309
278 310
278 311
278 312
278 313
278 314
278 315
278 316
278 317
278 318
278 319
278 320
278 321
278 322
278 323
278 324
278 325
278 326
278 327
279 279
279 280
279 281
279 282
279 283
279 284
279 285
279 286
279 287
279 288
279 289
279 290
279 291
279 292
279 293
279 294
279 295
279 296
279 297
279 298
279 299
279 300
279 301
279 302
279 303
279 304
279 305
279 306
279 307
279 308
279 309
279 310
279 311
279 312
279 313
279 314
279 315
279 316
279 317
279 318
279 319
279 320
279 321
279 322
279 323
279 324
279 325
279 326
279 327
279 328
280 280
280 281
280 282
280 283
280 284
280 285
280 286
280 287
280 288
280 289
280 290
280 291
280 292
280 293
280 294
280 295
280 296
280 297
280 298
280 299
280 300
280 301
280 302
280 303
280 304
280 305
280 306
280 307
280 308
280 309
280 310
280 311
280 312
280 313
280 314
280 315
280 316
280 317
280 318
280 319
280 320
280 321
280 322
280 323
280 324
280 325
280 326
280 327
280 328
280 329
281 281
281 282
281 283
281 284
281 285
281 286
281 287
281 288
281 289
281 290
281 291
281 292
281 293
281 294
281 295
281 296
281 297
281 298
281 299
281 300
281 301
281 302
281 303
281 304
281 305
281 306
281 307
281 308
281 309
281 310
281 311
281 312
281 313
281 314
281 315
281 316
281 317
281 318
281 319
281 320
281 321
281 322
281 323
281 324
281 325
281 326
281 327
281 328
281 329
281 330
282 282
282 283
282 284
282 285
282 286
282 287
282 288
282 289
282 290
282 291
282 292
282 293
282 294
282 295
282 296
282 297
282 298
282 299
282 300
282 301
282 302
282 303
282 304
282 305
282 306
282 307
282 308
282 309
282 310
282 311
282 312
282 313
282 314
282 315
282 316
282 317
282 318
282 319
282 320
282 321
282 322
282 323
282 324
282 325
282 326
282 327
282 328
282 329
282 330
282 331
283 283
283 284
283 285
283 286
283 287
283 288
283 289
283 290
283 291
283 292
283 293
283 294
283 295
283 296
283 297
283 298
283 299
283 300
283 301
283 302
283 303
283 304
283 305
283 306
283 307
283 308
283 309
283 310
283 311
283 312
283 313
283 314
283 315
283 316
283 317
283 318
283 319
283 320
283 321
283 322
283 323
283 324
283 325
283 326
283 327
283 328
283 329
283 330
283 331
283 332
284 284
284 285
284 286
284 287
284 288
284 289
284 290
284 291
284 292
284 293
284 294
284 295
284 296
284 297
284 298
284 299
284 300
284 301
284 302
284 303
284 304
284 305
284 306
284 307
284 308
284 309
284 310
284 311
284 312
284 313
284 314
284 315
284 316
284 317
284 318
284 319
284 320
284 321
284 322
284 323
284 324
284 325
284 326
284 327
284 328
284 329
284 330
284 331
284 332
284 333
285 285
285 286
285 287
285 288
285 289
285 290
285 291
285 292
285 293
285 294
285 295
285 296
285 297
285 298
285 299
285 300
285 301
285 302
285 303
285 304
285 305
285 306
285 307
285 308
285 309
285 310
285 311
285 312
285 313
285 314
285 315
285 316
285 317
285 318
285 319
285 320
285 321
285 322
285 323
285 324
285 325
285 326
285 327
285 328
285 329
285 330
285 331
285 332
285 333
285 334
286 286
286 287
286 288
286 289
286 290
286 291
286 292
286 293
286 294
286 295
286 296
286 297
286 298
286 299
286 300
286 301
286 302
286 303
286 304
286 305
286 306
286 307
286 308
286 309
286 310
286 311
286 312
286 313
286 314
286 315
286 316
286 317
286 318
286 319
286 320
286 321
286 322
286 323
286 324
286 325
286 326
286 327
286 328
286 329
286 330
286 331
286 332
286 333
286 334
286 335
287 287
287 288
287 289
287 290
287 291
287 292
287 293
287 294
287 295
287 296
287 297
287 298
287 299
287 300
287 301
287 302
287 303
287 304
287 305
287 306
287 307
287 308
287 309
287 310
287 311
287 312
287 313
287 314
287 315
287 316
287 317
287 318
287 319
287 320
287 321
287 322
287 323
287 324
287 325
287 326
287 327
287 328
287 329
287 330
287 331
287 332
287 333
287 334
287 335
287 336
288 288
288 289
288 290
288 291
288 292
288 293
288 294
288 295
288 296
288 297
288 298
288 299
288 300
288 301
288 302
288 303
288 304
288 305
288 306
288 307
288 308
288 309
288 310
288 311
288 312
288 313
288 314
288 315
288 316
288 317
288 318
288 319
288 320
288 321
288 322
288 323
288 324
288 325
288 326
288 327
288 328
288 329
288 330
288 331
288 332
288 333
288 334
288 335
288 336
288 337
289 289
289 290
289 291
289 292
289 293
289 294
289 295
289 296
289 297
289 298
289 299
289 300
289 301
289 302
289 303
289 304
289 305
289 306
289 307
289 308
289 309
289 310
289 311
289 312
289 313
289 314
289 315
289 316
289 317
289 318
289 319
289 320
289 321
289 322
289 323
289 324
289 325
289 326
289 327
289 328
289 329
289 330
289 331
289 332
289 333
289 334
289 335
289 336
289 337
289 338
290 290
290 291
290 292
290 293
290 294
290 295
290 296
290 297
290 298
290 299
290 300
290 301
290 302
290 303
290 304
290 305
290 306
290 307
290 308
290 309
290 310
290 311
290 312
290 313
290 314
290 315
290 316
290 317
290 318
290 319
290 320
290 321
290 322
290 323
290 324
290 325
290 326
290 327
290 328
290 329
290 330
290 331
290 332
290 333
290 334
290 335
290 336
290 337
290 338
290 339
291 291
291 292
291 293
291 294
291 295
291 296
291 297
291 298
291 299
291 300
291 301
291 302
291 303
291 304
291 305
291 306
291 307
291 308
291 309
291 310
291 311
291 312
291 313
291 314
291 315
291 316
291 317
291 318
291 319
291 320
291 321
291 322
291 323
291 324
291 325
291 326
291 327
291 328
291 329
291 330
291 331
291 332
291 333
291 334
291 335
291 336
291 337
291 338
291 339
291 340
292 292
292 293
292 294
292 295
292 296
292 297
292 298
292 299
292 300
292 301
292 302
292 303
292 304
292 305
292 306
292 307
292 308
292 309
292 310
292 311
292 312
292 313
292 314
292 315
292 316
292 317
292 318
292 319
292 320
292 321
292 322
292 323
292 324
292 325
292 326
292 327
292 328
292 329
292 330
292 331
292 332
292 333
292 334
292 335
292 336
292 337
292 338
292 339
292 340
292 341
293 293
293 294
293 295
293 296
293 297
293 298
293 299
293 300
293 301
293 302
293 303
293 304
293 305
293 306
293 307
293 308
293 309
293 310
293 311
293 312
293 313
293 314
293 315
293 316
293 317
293 318
293 319
293 320
293 321
293 322
293 323
293 324
293 325
293 326
293 327
293 328
293 329
293 330
293 331
293 332
293 333
293 334
293 335
293 336
293 337
293 338
293 339
293 340
293 341
293 342
294 294
294 295
294 296
294 297
294 298
294 299
294 300
294 301
294 302
294 303
294 304
294 305
294 306
294 307
294 308
294 309
294 310
294 311
294 312
294 313
294 314
294 315
294 316
294 317
294 318
294 319
294 320
294 321
294 322
294 323
294 324
294 325
294 326
294 327
294 328
294 329
294 330
294 331
294 332
294 333
294 334
294 335
294 336
294 337
294 338
294 339
294 340
294 341
294 342
294 343
295 295
295 296
295 297
295 298
295 299
295 300
295 301
295 302
295 303
295 304
295 305
295 306
295 307
295 308
295 309
295 310
295 311
295 312
295 313
295 314
295 315
295 316
295 317
295 318
295 319
295 320
295 321
295 322
295 323
295 324
295 325
295 326
295 327
295 328
295 329
295 330
295 331
295 332
295 333
295 334
295 335
295 336
295 337
295 338
295 339
295 340
295 341
295 342
295 343
295 344
296 296
296 297
296 298
296 299
296 300
296 301
296 302
296 303
296 304
296 305
296 306
296 307
296 308
296 309
296 310
296 311
296 312
296 313
296 314
296 315
296 316
296 317
296 318
296 319
296 320
296 321
296 322
296 323
296 324
296 325
296 326
296 327
296 328
296 329
296 330
296 331
296 332
296 333
296 334
296 335
296 336
296 337
296 338
296 339
296 340
296 341
296 342
296 343
296 344
296 345
297 297
297 298
297 299
297 300
297 301
297 302
297 303
297 304
297 305
297 306
297 307
297 308
297 309
297 310
297 311
297 312
297 313
297 314
297 315
297 316
297 317
297 318
297 319
297 320
297 321
297 322
297 323
297 324
297 325
297 326
297 327
297 328
297 329
297 330
297 331
297 332
297 333
297 334
297 335
297 336
297 337
297 338
297 339
297 340
297 341
297 342
297 343
297 344
297 345
297 346
298 298
298 299
298 300
298 301
298 302
298 303
298 304
298 305
298 306
298 307
298 308
298 309
298 310
298 311
298 312
298 313
298 314
298 315
298 316
298 317
298 318
298 319
298 320
298 321
298 322
298 323
298 324
298 325
298 326
298 327
298 328
298 329
298 330
298 331
298 332
298 333
298 334
298 335
298 336
298 337
298 338
298 339
298 340
298 341
298 342
298 343
298 344
298 345
298 346
298 347
299 299
299 300
299 301
299 302
299 303
299 304
299 305
299 306
299 307
299 308
299 309
299 310
299 311
299 312
299 313
299 314
299 315
299 316
299 317
299 318
299 319
299 320
299 321
299 322
299 323
299 324
299 325
299 326
299 327
299 328
299 329
299 330
299 331
299 332
299 333
299 334
299 335
299 336
299 337
299 338
299 339
299 340
299 341
299 342
299 343
299 344
299 345
299 346
299 347
299 348
300 300
300 301
300 302
300 303
300 304
300 305
300 306
300 307
300 308
300 309
300 310
300 311
300 312
300 313
300 314
300 315
300 316
300 317
300 318
300 319
300 320
300 321
300 322
300 323
300 324
300 325
300 326
300 327
300 328
300 329
300 330
300 331
300 332
300 333
300 334
300 335
300 336
300 337
300 338
300 339
300 340
300 341
300 342
300 343
300 344
300 345
300 346
300 347
300 348
300 349
301 301
301 302
301 303
301 304
301 305
301 306
301 307
301 308
301 309
301 310
301 311
301 312
301 313
301 314
301 315
301 316
301 317
301 318
301 319
301 320
301 321
301 322
301 323
301 324
301 325
301 326
301 327
301 328
301 329
301 330
301 331
301 332
301 333
301 334
301 335
301 336
301 337
301 338
301 339
301 340
301 341
301 342
301 343
301 344
301 345
301 346
301 347
301 348
301 349
301 350
302 302
302 303
302 304
302 305
302 306
302 307
302 308
302 309
302 310
302 311
302 312
302 313
302 314
302 315
302 316
302 317
302 318
302 319
302 320
302 321
302 322
302 323
302 324
302 325
302 326
302 327
302 328
302 329
302 330
302 331
302 332
302 333
302 334
302 335
302 336
302 337
302 338
302 339
302 340
302 341
302 342
302 343
302 344
302 345
302 346
302 347
302 348
302 349
302 350
302 351
303 303
303 304
303 305
303 306
303 307
303 308
303 309
303 310
303 311
303 312
303 313
303 314
303 315
303 316
303 317
303 318
303 319
303 320
303 321
303 322
303 323
303 324
303 325
303 326
303 327
303 328
303 329
303 330
303 331
303 332
303 333
303 334
303 335
303 336
303 337
303 338
303 339
303 340
303 341
303 342
303 343
303 344
303 345
303 346
303 347
303 348
303 349
303 350
303 351
303 352
304 304
304 305
304 306
304 307
304 308
304 309
304 310
304 311
304 312
304 313
304 314
304 315
304 316
304 317
304 318
304 319
304 320
304 321
304 322
304 323
304 324
304 325
304 326
304 327
304 328
304 329
304 330
304 331
304 332
304 333
304 334
304 335
304 336
304 337
304 338
304 339
304 340
304 341
304 342
304 343
304 344
304 345
304 346
304 347
304 348
304 349
304 350
304 351
304 352
304 353
305 305
305 306
305 307
305 308
305 309
305 310
305 311
305 312
305 313
305 314
305 315
305 316
305 317
305 318
305 319
305 320
305 321
305 322
305 323
305 324
305 325
305 326
305 327
305 328
305 329
305 330
305 331
305 332
305 333
305 334
305 335
305 336
305 337
305 338
305 339
305 340
305 341
305 342
305 343
305 344
305 345
305 346
305 347
305 348
305 349
305 350
305 351
305 352
305 353
305 354
306 306
306 307
306 308
306 309
306 310
306 311
306 312
306 313
306 314
306 315
306 316
306 317
306 318
306 319
306 320
306 321
306 322
306 323
306 324
306 325
306 326
306 327
306 328
306 329
306 330
306 331
306 332
306 333
306 334
306 335
306 336
306 337
306 338
306 339
306 340
306 341
306 342
306 343
306 344
306 345
306 346
306 347
306 348
306 349
306 350
306 351
306 352
306 353
306 354
306 355
307 307
307 308
307 309
307 310
307 311
307 312
307 313
307 314
307 315
307 316
307 317
307 318
307 319
307 320
307 321
307 322
307 323
307 324
307 325
307 326
307 327
307 328
307 329
307 330
307 331
307 332
307 333
307 334
307 335
307 336
307 337
307 338
307 339
307 340
307 341
307 342
307 343
307 344
307 345
307 346
307 347
307 348
307 349
307 350
307 351
307 352
307 353
307 354
307 355
307 356
308 308
308 309
308 310
308 311
308 312
308 313
308 314
308 315
308 316
308 317
308 318
308 319
308 320
308 321
308 322
308 323
308 324
308 325
308 326
308 327
308 328
308 329
308 330
308 331
308 332
308 333
308 334
308 335
308 336
308 337
308 338
308 339
308 340
308 341
308 342
308 343
308 344
308 345
308 346
308 347
308 348
308 349
308 350
308 351
308 352
308 353
308 354
308 355
308 356
308 357
309 309
309 310
309 311
309 312
309 313
309 314
309 315
309 316
309 317
309 318
309 319
309 320
309 321
309 322
309 323
309 324
309 325
309 326
309 327
309 328
309 329
309 330
309 331
309 332
309 333
309 334
309 335
309 336
309 337
309 338
309 339
309 340
309 341
309 342
309 343
309 344
309 345
309 346
309 347
309 348
309 349
309 350
309 351
309 352
309 353
309 354
309 355
309 356
309 357
309 358
310 310
310 311
310 312
310 313
310 314
310 315
310 316
310 317
310 318
310 319
310 320
310 321
310 322
310 323
310 324
310 325
310 326
310 327
310 328
310 329
310 330
310 331
310 332
310 333
310 334
310 335
310 336
310 337
310 338
310 339
310 340
310 341
310 342
310 343
310 344
310 345
310 346
310 347
310 348
310 349
310 350
310 351
310 352
310 353
310 354
310 355
310 356
310 357
310 358
310 359
311 311
311 312
311 313
311 314
311 315
311 316
311 317
311 318
311 319
311 320
311 321
311 322
311 323
311 324
311 325
311 326
311 327
311 328
311 329
311 330
311 331
311 332
311 333
311 334
311 335
311 336
311 337
311 338
311 339
311 340
311 341
311 342
311 343
311 344
311 345
311 346
311 347
311 348
311 349
311 350
311 351
311 352
311 353
311 354
311 355
311 356
311 357
311 358
311 359
311 360
312 312
312 313
312 314
312 315
312 316
312 317
312 318
312 319
312 320
312 321
312 322
312 323
312 324
312 325
312 326
312 327
312 328
312 329
312 330
312 331
312 332
312 333
312 334
312 335
312 336
312 337
312 338
312 339
312 340
312 341
312 342
312 343
312 344
312 345
312 346
312 347
312 348
312 349
312 350
312 351
312 352
312 353
312 354
312 355
312 356
312 357
312 358
312 359
312 360
312 361
313 313
313 314
313 315
313 316
313 317
313 318
313 319
313 320
313 321
313 322
313 323
313 324
313 325
313 326
313 327
313 328
313 329
313 330
313 331
313 332
313 333
313 334
313 335
313 336
313 337
313 338
313 339
313 340
313 341
313 342
313 343
313 344
313 345
313 346
313 347
313 348
313 349
313 350
313 351
313 352
313 353
313 354
313 355
313 356
313 357
313 358
313 359
313 360
313 361
313 362
314 314
314 315
314 316
314 317
314 318
314 319
314 320
314 321
314 322
314 323
314 324
314 325
314 326
314 327
314 328
314 329
314 330
314 331
314 332
314 333
314 334
314 335
314 336
314 337
314 338
314 339
314 340
314 341
314 342
314 343
314 344
314 345
314 346
314 347
314 348
314 349
314 350
314 351
314 352
314 353
314 354
314 355
314 356
314 357
314 358
314 359
314 360
314 361
314 362
314 363
315 315
315 316
315 317
315 318
315 319
315 320
315 321
315 322
315 323
315 324
315 325
315 326
315 327
315 328
315 329
315 330
315 331
315 332
315 333
315 334
315 335
315 336
315 337
315 338
315 339
315 340
315 341
315 342
315 343
315 344
315 345
315 346
315 347
315 348
315 349
315 350
315 351
315 352
315 353
315 354
315 355
315 356
315 357
315 358
315 359
315 360
315 361
315 362
315 363
315 364
316 316
316 317
316 318
316 319
316 320
316 321
316 322
316 323
316 324
316 325
316 326
316 327
316 328
316 329
316 330
316 331
316 332
316 333
316 334
316 335
316 336
316 337
316 338
316 339
316 340
316 341
316 342
316 343
316 344
316 345
316 346
316 347
316 348
316 349
316 350
316 351
316 352
316 353
316 354
316 355
316 356
316 357
316 358
316 359
316 360
316 361
316 362
316 363
316 364
316 365
317 317
317 318
317 319
317 320
317 321
317 322
317 323
317 324
317 325
317 326
317 327
317 328
317 329
317 330
317 331
317 332
317 333
317 334
317 335
317 336
317 337
317 338
317 339
317 340
317 341
317 342
317 343
317 344
317 345
317 346
317 347
317 348
317 349
317 350
317 351
317 352
317 353
317 354
317 355
317 356
317 357
317 358
317 359
317 360
317 361
317 362
317 363
317 364
317 365
317 366
318 318
318 319
318 320
318 321
318 322
318 323
318 324
318 325
318 326
318 327
318 328
318 329
318 330
318 331
318 332
318 333
318 334
318 335
318 336
318 337
318 338
318 339
318 340
318 341
318 342
318 343
318 344
318 345
318 346
318 347
318 348
318 349
318 350
318 351
318 352
318 353
318 354
318 355
318 356
318 357
318 358
318 359
318 360
318 361
318 362
318 363
318 364
318 365
318 366
318 367
319 319
319 320
319 321
319 322
319 323
319 324
319 325
319 326
319 327
319 328
319 329
319 330
319 331
319 332
319 333
319 334
319 335
319 336
319 337
319 338
319 339
319 340
319 341
319 342
319 343
319 344
319 345
319 346
319 347
319 348
319 349
319 350
319 351
319 352
319 353
319 354
319 355
319 356
319 357
319 358
319 359
319 360
319 361
319 362
319 363
319 364
319 365
319 366
319 367
319 368
320 320
320 321
320 322
320 323
320 324
320 325
320 326
320 327
320 328
320 329
320 330
320 331
320 332
320 333
320 334
320 335
320 336
320 337
320 338
320 339
320 340
320 341
320 342
320 343
320 344
320 345
320 346
320 347
320 348
320 349
320 350
320 351
320 352
320 353
320 354
320 355
320 356
320 357
320 358
320 359
320 360
320 361
320 362
320 363
320 364
320 365
320 366
320 367
320 368
320 369
321 321
321 322
321 323
321 324
321 325
321 326
321 327
321 328
321 329
321 330
321 331
321 332
321 333
321 334
321 335
321 336
321 337
321 338
321 339
321 340
321 341
321 342
321 343
321 344
321 345
321 346
321 347
321 348
321 349
321 350
321 351
321 352
321 353
321 354
321 355
321 356
321 357
321 358
321 359
321 360
321 361
321 362
321 363
321 364
321 365
321 366
321 367
321 368
321 369
321 370
322 322
322 323
322 324
322 325
322 326
322 327
322 328
322 329
322 330
322 331
322 332
322 333
322 334
322 335
322 336
322 337
322 338
322 339
322 340
322 341
322 342
322 343
322 344
322 345
322 346
322 347
322 348
322 349
322 350
322 351
322 352
322 353
322 354
322 355
322 356
322 357
322 358
322 359
322 360
322 361
322 362
322 363
322 364
322 365
322 366
322 367
322 368
322 369
322 370
322 371
323 323
323 324
323 325
323 326
323 327
323 328
323 329
323 330
323 331
323 332
323 333
323 334
323 335
323 336
323 337
323 338
323 339
323 340
323 341
323 342
323 343
323 344
323 345
323 346
323 347
323 348
323 349
323 350
323 351
323 352
323 353
323 354
323 355
323 356
323 357
323 358
323 359
323 360
323 361
323 362
323 363
323 364
323 365
323 366
323 367
323 368
323 369
323 370
323 371
323 372
324 324
324 325
324 326
324 327
324 328
324 329
324 330
324 331
324 332
324 333
324 334
324 335
324 336
324 337
324 338
324 339
324 340
324 341
324 342
324 343
324 344
324 345
324 346
324 347
324 348
324 349
324 350
324 351
324 352
324 353
324 354
324 355
324 356
324 357
324 358
324 359
324 360
324 361
324 362
324 363
324 364
324 365
324 366
324 367
324 368
324 369
324 370
324 371
324 372
324 373
325 325
325 326
325 327
325 328
325 329
325 330
325 331
325 332
325 333
325 334
325 335
325 336
325 337
325 338
325 339
325 340
325 341
325 342
325 343
325 344
325 345
325 346
325 347
325 348
325 349
325 350
325 351
325 352
325 353
325 354
325 355
325 356
325 357
325 358
325 359
325 360
325 361
325 362
325 363
325 364
325 365
325 366
325 367
325 368
325 369
325 370
325 371
325 372
325 373
325 374
326 326
326 327
326 328
326 329
326 330
326 331
326 332
326 333
326 334
326 335
326 336
326 337
326 338
326 339
326 340
326 341
326 342
326 343
326 344
326 345
326 346
326 347
326 348
326 349
326 350
326 351
326 352
326 353
326 354
326 355
326 356
326 357
326 358
326 359
326 360
326 361
326 362
326 363
326 364
326 365
326 366
326 367
326 368
326 369
326 370
326 371
326 372
326 373
326 374
326 375
327 327
327 328
327 329
327 330
327 331
327 332
327 333
327 334
327 335
327 336
327 337
327 338
327 339
327 340
327 341
327 342
327 343
327 344
327 345
327 346
327 347
327 348
327 349
327 350
327 351
327 352
327 353
327 354
327 355
327 356
327 357
327 358
327 359
327 360
327 361
327 362
327 363
327 364
327 365
327 366
327 367
327 368
327 369
327 370
327 371
327 372
327 373
327 374
327 375
327 376
328 328
328 329
328 330
328 331
328 332
328 333
328 334
328 335
328 336
328 337
328 338
328 339
328 340
328 341
328 342
328 343
328 344
328 345
328 346
328 347
328 348
328 349
328 350
328 351
328 352
328 353
328 354
328 355
328 356
328 357
328 358
328 359
328 360
328 361
328 362
328 363
328 364
328 365
328 366
328 367
328 368
328 369
328 370
328 371
328 372
328 373
328 374
328 375
328 376
328 377
329 329
329 330
329 331
329 332
329 333
329 334
329 335
329 336
329 337
329 338
329 339
329 340
329 341
329 342
329 343
329 344
329 345
329 346
329 347
329 348
329 349
329 350
329 351
329 352
329 353
329 354
329 355
329 356
329 357
329 358
329 359
329 360
329 361
329 362
329 363
329 364
329 365
329 366
329 367
329 368
329 369
329 370
329 371
329 372
329 373
329 374
329 375
329 376
329 377
329 378
330 330
330 331
330 332
330 333
330 334
330 335
330 336
330 337
330 338
330 339
330 340
330 341
330 342
330 343
330 344
330 345
330 346
330 347
330 348
330 349
330 350
330 351
330 352
330 353
330 354
330 355
330 356
330 357
330 358
330 359
330 360
330 361
330 362
330 363
330 364
330 365
330 366
330 367
330 368
330 369
330 370
330 371
330 372
330 373
330 374
330 375
330 376
330 377
330 378
330 379
331 331
331 332
331 333
331 334
331 335
331 336
331 337
331 338
331 339
331 340
331 341
331 342
331 343
331 344
331 345
331 346
331 347
331 348
331 349
331 350
331 351
331 352
331 353
331 354
331 355
331 356
331 357
331 358
331 359
331 360
331 361
331 362
331 363
331 364
331 365
331 366
331 367
331 368
331 369
331 370
331 371
331 372
331 373
331 374
331 375
331 376
331 377
331 378
331 379
331 380
332 332
332 333
332 334
332 335
332 336
332 337
332 338
332 339
332 340
332 341
332 342
332 343
332 344
332 345
332 346
332 347
332 348
332 349
332 350
332 351
332 352
332 353
332 354
332 355
332 356
332 357
332 358
332 359
332 360
332 361
332 362
332 363
332 364
332 365
332 366
332 367
332 368
332 369
332 370
332 371
332 372
332 373
332 374
332 375
332 376
332 377
332 378
332 379
332 380
332 381
333 333
333 334
333 335
333 336
333 337
333 338
333 339
333 340
333 341
333 342
333 343
333 344
333 345
333 346
333 347
333 348
333 349
333 350
333 351
333 352
333 353
333 354
333 355
333 356
333 357
333 358
333 359
333 360
333 361
333 362
333 363
333 364
333 365
333 366
333 367
333 368
333 369
333 370
333 371
333 372
333 373
333 374
333 375
333 376
333 377
333 378
333 379
333 380
333 381
333 382
334 334
334 335
334 336
334 337
334 338
334 339
334 340
334 341
334 342
334 343
334 344
334 345
334 346
334 347
334 348
334 349
334 350
334 351
334 352
334 353
334 354
334 355
334 356
334 357
334 358
334 359
334 360
334 361
334 362
334 363
334 364
334 365
334 366
334 367
334 368
334 369
334 370
334 371
334 372
334 373
334 374
334 375
334 376
334 377
334 378
334 379
334 380
334 381
334 382
334 383
335 335
335 336
335 337
335 338
335 339
335 340
335 341
335 342
335 343
335 344
335 345
335 346
335 347
335 348
335 349
335 350
335 351
335 352
335 353
335 354
335 355
335 356
335 357
335 358
335 359
335 360
335 361
335 362
335 363
335 364
335 365
335 366
335 367
335 368
335 369
335 370
335 371
335 372
335 373
335 374
335 375
335 376
335 377
335 378
335 379
335 380
335 381
335 382
335 383
335 384
336 336
336 337
336 338
336 339
336 340
336 341
336 342
336 343
336 344
336 345
336 346
336 347
336 348
336 349
336 350
336 351
336 352
336 353
336 354
336 355
336 356
336 357
336 358
336 359
336 360
336 361
336 362
336 363
336 364
336 365
336 366
336 367
336 368
336 369
336 370
336 371
336 372
336 373
336 374
336 375
336 376
336 377
336 378
336 379
336 380
336 381
336 382
336 383
336 384
336 385
337 337
337 338
337 339
337 340
337 341
337 342
337 343
337 344
337 345
337 346
337 347
337 348
337 349
337 350
337 351
337 352
337 353
337 354
337 355
337 356
337 357
337 358
337 359
337 360
337 361
337 362
337 363
337 364
337 365
337 366
337 367
337 368
337 369
337 370
337 371
337 372
337 373
337 374
337 375
337 376
337 377
337 378
337 379
337 380
337 381
337 382
337 383
337 384
337 385
337 386
338 338
338 339
338 340
338 341
338 342
338 343
338 344
338 345
338 346
338 347
338 348
338 349
338 350
338 351
338 352
338 353
338 354
338 355
338 356
338 357
338 358
338 359
338 360
338 361
338 362
338 363
338 364
338 365
338 366
338 367
338 368
338 369
338 370
338 371
338 372
338 373
338 374
338 375
338 376
338 377
338 378
338 379
338 380
338 381
338 382
338 383
338 384
338 385
338 386
338 387
339 339
339 340
339 341
339 342
339 343
339 344
339 345
339 346
339 347
339 348
339 349
339 350
339 351
339 352
339 353
339 354
339 355
339 356
339 357
339 358
339 359
339 360
339 361
339 362
339 363
339 364
339 365
339 366
339 367
339 368
339 369
339 370
339 371
339 372
339 373
339 374
339 375
339 376
339 377
339 378
339 379
339 380
339 381
339 382
339 383
339 384
339 385
339 386
339 387
339 388
340 340
340 341
340 342
340 343
340 344
340 345
340 346
340 347
340 348
340 349
340 350
340 351
340 352
340 353
340 354
340 355
340 356
340 357
340 358
340 359
340 360
340 361
340 362
340 363
340 364
340 365
340 366
340 367
340 368
340 369
340 370
340 371
340 372
340 373
340 374
340 375
340 376
340 377
340 378
340 379
340 380
340 381
340 382
340 383
340 384
340 385
340 386
340 387
340 388
340 389
341 341
341 342
341 343
341 344
341 345
341 346
341 347
341 348
341 349
341 350
341 351
341 352
341 353
341 354
341 355
341 356
341 357
341 358
341 359
341 360
341 361
341 362
341 363
341 364
341 365
341 366
341 367
341 368
341 369
341 370
341 371
341 372
341 373
341 374
341 375
341 376
341 377
341 378
341 379
341 380
341 381
341 382
341 383
341 384
341 385
341 386
341 387
341 388
341 389
341 390
342 342
342 343
342 344
342 345
342 346
342 347
342 348
342 349
342 350
342 351
342 352
342 353
342 354
342 355
342 356
342 357
342 358
342 359
342 360
342 361
342 362
342 363
342 364
342 365
342 366
342 367
342 368
342 369
342 370
342 371
342 372
342 373
342 374
342 375
342 376
342 377
342 378
342 379
342 380
342 381
342 382
342 383
342 384
342 385
342 386
342 387
342 388
342 389
342 390
342 391
343 343
343 344
343 345
343 346
343 347
343 348
343 349
343 350
343 351
343 352
343 353
343 354
343 355
343 356
343 357
343 358
343 359
343 360
343 361
343 362
343 363
343 364
343 365
343 366
343 367
343 368
343 369
343 370
343 371
343 372
343 373
343 374
343 375
343 376
343 377
343 378
343 379
343 380
343 381
343 382
343 383
343 384
343 385
343 386
343 387
343 388
343 389
343 390
343 391
343 392
344 344
344 345
344 346
344 347
344 348
344 349
344 350
344 351
344 352
344 353
344 354
344 355
344 356
344 357
344 358
344 359
344 360
344 361
344 362
344 363
344 364
344 365
344 366
344 367
344 368
344 369
344 370
344 371
344 372
344 373
344 374
344 375
344 376
344 377
344 378
344 379
344 380
344 381
344 382
344 383
344 384
344 385
344 386
344 387
344 388
344 389
344 390
344 391
344 392
344 393
345 345
345 346
345 347
345 348
345 349
345 350
345 351
345 352
345 353
345 354
345 355
345 356
345 357
345 358
345 359
345 360
345 361
345 362
345 363
345 364
345 365
345 366
345 367
345 368
345 369
345 370
345 371
345 372
345 373
345 374
345 375
345 376
345 377
345 378
345 379
345 380
345 381
345 382
345 383
345 384
345 385
345 386
345 387
345 388
345 389
345 390
345 391
345 392
345 393
345 394
346 346
346 347
346 348
346 349
346 350
346 351
346 352
346 353
346 354
346 355
346 356
346 357
346 358
346 359
346 360
346 361
346 362
346 363
346 364
346 365
346 366
346 367
346 368
346 369
346 370
346 371
346 372
346 373
346 374
346 375
346 376
346 377
346 378
346 379
346 380
346 381
346 382
346 383
346 384
346 385
346 386
346 387
346 388
346 389
346 390
346 391
346 392
346 393
346 394
346 395
347 347
347 348
347 349
347 350
347 351
347 352
347 353
347 354
347 355
347 356
347 357
347 358
347 359
347 360
347 361
347 362
347 363
347 364
347 365
347 366
347 367
347 368
347 369
347 370
347 371
347 372
347 373
347 374
347 375
347 376
347 377
347 378
347 379
347 380
347 381
347 382
347 383
347 384
347 385
347 386
347 387
347 388
347 389
347 390
347 391
347 392
347 393
347 394
347 395
347 396
348 348
348 349
348 350
348 351
348 352
348 353
348 354
348 355
348 356
348 357
348 358
348 359
348 360
348 361
348 362
348 363
348 364
348 365
348 366
348 367
348 368
348 369
348 370
348 371
348 372
348 373
348 374
348 375
348 376
348 377
348 378
348 379
348 380
348 381
348 382
348 383
348 384
348 385
348 386
348 387
348 388
348 389
348 390
348 391
348 392
348 393
348 394
348 395
348 396
348 397
349 349
349 350
349 351
349 352
349 353
349 354
349 355
349 356
349 357
349 358
349 359
349 360
349 361
349 362
349 363
349 364
349 365
349 366
349 367
349 368
349 369
349 370
349 371
349 372
349 373
349 374
349 375
349 376
349 377
349 378
349 379
349 380
349 381
349 382
349 383
349 384
349 385
349 386
349 387
349 388
349 389
349 390
349 391
349 392
349 393
349 394
349 395
349 396
349 397
349 398
350 350
350 351
350 352
350 353
350 354
350 355
350 356
350 357
350 358
350 359
350 360
350 361
350 362
350 363
350 364
350 365
350 366
350 367
350 368
350 369
350 370
350 371
350 372
350 373
350 374
350 375
350 376
350 377
350 378
350 379
350 380
350 381
350 382
350 383
350 384
350 385
350 386
350 387
350 388
350 389
350 390
350 391
350 392
350 393
350 394
350 395
350 396
350 397
350 398
350 399
351 351
351 352
351 353
351 354
351 355
351 356
351 357
351 358
351 359
351 360
351 361
351 362
351 363
351 364
351 365
351 366
351 367
351 368
351 369
351 370
351 371
351 372
351 373
351 374
351 375
351 376
351 377
351 378
351 379
351 380
351 381
351 382
351 383
351 384
351 385
351 386
351 387
351 388
351 389
351 390
351 391
351 392
351 393
351 394
351 395
351 396
351 397
351 398
351 399
351 400
352 352
352 353
352 354
352 355
352 356
352 357
352 358
352 359
352 360
352 361
352 362
352 363
352 364
352 365
352 366
352 367
352 368
352 369
352 370
352 371
352 372
352 373
352 374
352 375
352 376
352 377
352 378
352 379
352 380
352 381
352 382
352 383
352 384
352 385
352 386
352 387
352 388
352 389
352 390
352 391
352 392
352 393
352 394
352 395
352 396
352 397
352 398
352 399
352 400
352 401
353 353
353 354
353 355
353 356
353 357
353 358
353 359
353 360
353 361
353 362
353 363
353 364
353 365
353 366
353 367
353 368
353 369
353 370
353 371
353 372
353 373
353 374
353 375
353 376
353 377
353 378
353 379
353 380
353 381
353 382
353 383
353 384
353 385
353 386
353 387
353 388
353 389
353 390
353 391
353 392
353 393
353 394
353 395
353 396
353 397
353 398
353 399
353 400
353 401
353 402
354 354
354 355
354 356
354 357
354 358
354 359
354 360
354 361
354 362
354 363
354 364
354 365
354 366
354 367
354 368
354 369
354 370
354 371
354 372
354 373
354 374
354 375
354 376
354 377
354 378
354 379
354 380
354 381
354 382
354 383
354 384
354 385
354 386
354 387
354 388
354 389
354 390
354 391
354 392
354 393
354 394
354 395
354 396
354 397
354 398
354 399
354 400
354 401
354 402
354 403
355 355
355 356
355 357
355 358
355 359
355 360
355 361
355 362
355 363
355 364
355 365
355 366
355 367
355 368
355 369
355 370
355 371
355 372
355 373
355 374
355 375
355 376
355 377
355 378
355 379
355 380
355 381
355 382
355 383
355 384
355 385
355 386
355 387
355 388
355 389
355 390
355 391
355 392
355 393
355 394
355 395
355 396
355 397
355 398
355 399
355 400
355 401
355 402
355 403
355 404
356 356
356 357
356 358
356 359
356 360
356 361
356 362
356 363
356 364
356 365
356 366
356 367
356 368
356 369
356 370
356 371
356 372
356 373
356 374
356 375
356 376
356 377
356 378
356 379
356 380
356 381
356 382
356 383
356 384
356 385
356 386
356 387
356 388
356 389
356 390
356 391
356 392
356 393
356 394
356 395
356 396
356 397
356 398
356 399
356 400
356 401
356 402
356 403
356 404
356 405
357 357
357 358
357 359
357 360
357 361
357 362
357 363
357 364
357 365
357 366
357 367
357 368
357 369
357 370
357 371
357 372
357 373
357 374
357 375
357 376
357 377
357 378
357 379
357 380
357 381
357 382
357 383
357 384
357 385
357 386
357 387
357 388
357 389
357 390
357 391
357 392
357 393
357 394
357 395
357 396
357 397
357 398
357 399
357 400
357 401
357 402
357 403
357 404
357 405
357 406
358 358
358 359
358 360
358 361
358 362
358 363
358 364
358 365
358 366
358 367
358 368
358 369
358 370
358 371
358 372
358 373
358 374
358 375
358 376
358 377
358 378
358 379
358 380
358 381
358 382
358 383
358 384
358 385
358 386
358 387
358 388
358 389
358 390
358 391
358 392
358 393
358 394
358 395
358 396
358 397
358 398
358 399
358 400
358 401
358 402
358 403
358 404
358 405
358 406
358 407
359 359
359 360
359 361
359 362
359 363
359 364
359 365
359 366
359 367
359 368
359 369
359 370
359 371
359 372
359 373
359 374
359 375
359 376
359 377
359 378
359 379
359 380
359 381
359 382
359 383
359 384
359 385
359 386
359 387
359 388
359 389
359 390
359 391
359 392
359 393
359 394
359 395
359 396
359 397
359 398
359 399
359 400
359 401
359 402
359 403
359 404
359 405
359 406
359 407
359 408
360 360
360 361
360 362
360 363
360 364
360 365
360 366
360 367
360 368
360 369
360 370
360 371
360 372
360 373
360 374
360 375
360 376
360 377
360 378
360 379
360 380
360 381
360 382
360 383
360 384
360 385
360 386
360 387
360 388
360 389
360 390
360 391
360 392
360 393
360 394
360 395
360 396
360 397
360 398
360 399
360 400
360 401
360 402
360 403
360 404
360 405
360 406
360 407
360 408
360 409
361 361
361 362
361 363
361 364
361 365
361 366
361 367
361 368
361 369
361 370
361 371
361 372
361 373
361 374
361 375
361 376
361 377
361 378
361 379
361 380
361 381
361 382
361 383
361 384
361 385
361 386
361 387
361 388
361 389
361 390
361 391
361 392
361 393
361 394
361 395
361 396
361 397
361 398
361 399
361 400
361 401
361 402
361 403
361 404
361 405
361 406
361 407
361 408
361 409
361 410
362 362
362 363
362 364
362 365
362 366
362 367
362 368
362 369
362 370
362 371
362 372
362 373
362 374
362 375
362 376
362 377
362 378
362 379
362 380
362 381
362 382
362 383
362 384
362 385
362 386
362 387
362 388
362 389
362 390
362 391
362 392
362 393
362 394
362 395
362 396
362 397
362 398
362 399
362 400
362 401
362 402
362 403
362 404
362 405
362 406
362 407
362 408
362 409
362 410
362 411
363 363
363 364
363 365
363 366
363 367
363 368
363 369
363 370
363 371
363 372
363 373
363 374
363 375
363 376
363 377
363 378
363 379
363 380
363 381
363 382
363 383
363 384
363 385
363 386
363 387
363 388
363 389
363 390
363 391
363 392
363 393
363 394
363 395
363 396
363 397
363 398
363 399
363 400
363 401
363 402
363 403
363 404
363 405
363 406
363 407
363 408
363 409
363 410
363 411
363 412
364 364
364 365
364 366
364 367
364 368
364 369
364 370
364 371
364 372
364 373
364 374
364 375
364 376
364 377
364 378
364 379
364 380
364 381
364 382
364 383
364 384
364 385
364 386
364 387
364 388
364 389
364 390
364 391
364 392
364 393
364 394
364 395
364 396
364 397
364 398
364 399
364 400
364 401
364 402
364 403
364 404
364 405
364 406
364 407
364 408
364 409
364 410
364 411
364 412
364 413
365 365
365 366
365 367
365 368
365 369
365 370
365 371
365 372
365 373
365 374
365 375
365 376
365 377
365 378
365 379
365 380
365 381
365 382
365 383
365 384
365 385
365 386
365 387
365 388
365 389
365 390
365 391
365 392
365 393
365 394
365 395
365 396
365 397
365 398
365 399
365 400
365 401
365 402
365 403
365 404
365 405
365 406
365 407
365 408
365 409
365 410
365 411
365 412
365 413
365 414
366 366
366 367
366 368
366 369
366 370
366 371
366 372
366 373
366 374
366 375
366 376
366 377
366 378
366 379
366 380
366 381
366 382
366 383
366 384
366 385
366 386
366 387
366 388
366 389
366 390
366 391
366 392
366 393
366 394
366 395
366 396
366 397
366 398
366 399
366 400
366 401
366 402
366 403
366 404
366 405
366 406
366 407
366 408
366 409
366 410
366 411
366 412
366 413
366 414
366 415
367 367
367 368
367 369
367 370
367 371
367 372
367 373
367 374
367 375
367 376
367 377
367 378
367 379
367 380
367 381
367 382
367 383
367 384
367 385
367 386
367 387
367 388
367 389
367 390
367 391
367 392
367 393
367 394
367 395
367 396
367 397
367 398
367 399
367 400
367 401
367 402
367 403
367 404
367 405
367 406
367 407
367 408
367 409
367 410
367 411
367 412
367 413
367 414
367 415
367 416
368 368
368 369
368 370
368 371
368 372
368 373
368 374
368 375
368 376
368 377
368 378
368 379
368 380
368 381
368 382
368 383
368 384
368 385
368 386
368 387
368 388
368 389
368 390
368 391
368 392
368 393
368 394
368 395
368 396
368 397
368 398
368 399
368 400
368 401
368 402
368 403
368 404
368 405
368 406
368 407
368 408
368 409
368 410
368 411
368 412
368 413
368 414
368 415
368 416
368 417
369 369
369 370
369 371
369 372
369 373
369 374
369 375
369 376
369 377
369 378
369 379
369 380
369 381
369 382
369 383
369 384
369 385
369 386
369 387
369 388
369 389
369 390
369 391
369 392
369 393
369 394
369 395
369 396
369 397
369 398
369 399
369 400
369 401
369 402
369 403
369 404
369 405
369 406
369 407
369 408
369 409
369 410
369 411
369 412
369 413
369 414
369 415
369 416
369 417
369 418
370 370
370 371
370 372
370 373
370 374
370 375
370 376
370 377
370 378
370 379
370 380
370 381
370 382
370 383
370 384
370 385
370 386
370 387
370 388
370 389
370 390
370 391
370 392
370 393
370 394
370 395
370 396
370 397
370 398
370 399
370 400
370 401
370 402
370 403
370 404
370 405
370 406
370 407
370 408
370 409
370 410
370 411
370 412
370 413
370 414
370 415
370 416
370 417
370 418
370 419
371 371
371 372
371 373
371 374
371 375
371 376
371 377
371 378
371 379
371 380
371 381
371 382
371 383
371 384
371 385
371 386
371 387
371 388
371 389
371 390
371 391
371 392
371 393
371 394
371 395
371 396
371 397
371 398
371 399
371 400
371 401
371 402
371 403
371 404
371 405
371 406
371 407
371 408
371 409
371 410
371 411
371 412
371 413
371 414
371 415
371 416
371 417
371 418
371 419
371 420
372 372
372 373
372 374
372 375
372 376
372 377
372 378
372 379
372 380
372 381
372 382
372 383
372 384
372 385
372 386
372 387
372 388
372 389
372 390
372 391
372 392
372 393
372 394
372 395
372 396
372 397
372 398
372 399
372 400
372 401
372 402
372 403
372 404
372 405
372 406
372 407
372 408
372 409
372 410
372 411
372 412
372 413
372 414
372 415
372 416
372 417
372 418
372 419
372 420
372 421
373 373
373 374
373 375
373 376
373 377
373 378
373 379
373 380
373 381
373 382
373 383
373 384
373 385
373 386
373 387
373 388
373 389
373 390
373 391
373 392
373 393
373 394
373 395
373 396
373 397
373 398
373 399
373 400
373 401
373 402
373 403
373 404
373 405
373 406
373 407
373 408
373 409
373 410
373 411
373 412
373 413
373 414
373 415
373 416
373 417
373 418
373 419
373 420
373 421
373 422
374 374
374 375
374 376
374 377
374 378
374 379
374 380
374 381
374 382
374 383
374 384
374 385
374 386
374 387
374 388
374 389
374 390
374 391
374 392
374 393
374 394
374 395
374 396
374 397
374 398
374 399
374 400
374 401
374 402
374 403
374 404
374 405
374 406
374 407
374 408
374 409
374 410
374 411
374 412
374 413
374 414
374 415
374 416
374 417
374 418
374 419
374 420
374 421
374 422
374 423
375 375
375 376
375 377
375 378
375 379
375 380
375 381
375 382
375 383
375 384
375 385
375 386
375 387
375 388
375 389
375 390
375 391
375 392
375 393
375 394
375 395
375 396
375 397
375 398
375 399
375 400
375 401
375 402
375 403
375 404
375 405
375 406
375 407
375 408
375 409
375 410
375 411
375 412
375 413
375 414
375 415
375 416
375 417
375 418
375 419
375 420
375 421
375 422
375 423
375 424
376 376
376 377
376 378
376 379
376 380
376 381
376 382
376 383
376 384
376 385
376 386
376 387
376 388
376 389
376 390
376 391
376 392
376 393
376 394
376 395
376 396
376 397
376 398
376 399
376 400
376 401
376 402
376 403
376 404
376 405
376 406
376 407
376 408
376 409
376 410
376 411
376 412
376 413
376 414
376 415
376 416
376 417
376 418
376 419
376 420
376 421
376 422
376 423
376 424
376 425
377 377
377 378
377 379
377 380
377 381
377 382
377 383
377 384
377 385
377 386
377 387
377 388
377 389
377 390
377 391
377 392
377 393
377 394
377 395
377 396
377 397
377 398
377 399
377 400
377 401
377 402
377 403
377 404
377 405
377 406
377 407
377 408
377 409
377 410
377 411
377 412
377 413
377 414
377 415
377 416
377 417
377 418
377 419
377 420
377 421
377 422
377 423
377 424
377 425
377 426
378 378
378 379
378 380
378 381
378 382
378 383
378 384
378 385
378 386
378 387
378 388
378 389
378 390
378 391
378 392
378 393
378 394
378 395
378 396
378 397
378 398
378 399
378 400
378 401
378 402
378 403
378 404
378 405
378 406
378 407
378 408
378 409
378 410
378 411
378 412
378 413
378 414
378 415
378 416
378 417
378 418
378 419
378 420
378 421
378 422
378 423
378 424
378 425
378 426
378 427
379 379
379 380
379 381
379 382
379 383
379 384
379 385
379 386
379 387
379 388
379 389
379 390
379 391
379 392
379 393
379 394
379 395
379 396
379 397
379 398
379 399
379 400
379 401
379 402
379 403
379 404
379 405
379 406
379 407
379 408
379 409
379 410
379 411
379 412
379 413
379 414
379 415
379 416
379 417
379 418
379 419
379 420
379 421
379 422
379 423
379 424
379 425
379 426
379 427
379 428
380 380
380 381
380 382
380 383
380 384
380 385
380 386
380 387
380 388
380 389
380 390
380 391
380 392
380 393
380 394
380 395
380 396
380 397
380 398
380 399
380 400
380 401
380 402
380 403
380 404
380 405
380 406
380 407
380 408
380 409
380 410
380 411
380 412
380 413
380 414
380 415
380 416
380 417
380 418
380 419
380 420
380 421
380 422
380 423
380 424
380 425
380 426
380 427
380 428
380 429
381 381
381 382
381 383
381 384
381 385
381 386
381 387
381 388
381 389
381 390
381 391
381 392
381 393
381 394
381 395
381 396
381 397
381 398
381 399
381 400
381 401
381 402
381 403
381 404
381 405
381 406
381 407
381 408
381 409
381 410
381 411
381 412
381 413
381 414
381 415
381 416
381 417
381 418
381 419
381 420
381 421
381 422
381 423
381 424
381 425
381 426
381 427
381 428
381 429
381 430
382 382
382 383
382 384
382 385
382 386
382 387
382 388
382 389
382 390
382 391
382 392
382 393
382 394
382 395
382 396
382 397
382 398
382 399
382 400
382 401
382 402
382 403
382 404
382 405
382 406
382 407
382 408
382 409
382 410
382 411
382 412
382 413
382 414
382 415
382 416
382 417
382 418
382 419
382 420
382 421
382 422
382 423
382 424
382 425
382 426
382 427
382 428
382 429
382 430
382 431
383 383
383 384
383 385
383 386
383 387
383 388
383 389
383 390
383 391
383 392
383 393
383 394
383 395
383 396
383 397
383 398
383 399
383 400
383 401
383 402
383 403
383 404
383 405
383 406
383 407
383 408
383 409
383 410
383 411
383 412
383 413
383 414
383 415
383 416
383 417
383 418
383 419
383 420
383 421
383 422
383 423
383 424
383 425
383 426
383 427
383 428
383 429
383 430
383 431
383 432
384 384
384 385
384 386
384 387
384 388
384 389
384 390
384 391
384 392
384 393
384 394
384 395
384 396
384 397
384 398
384 399
384 400
384 401
384 402
384 403
384 404
384 405
384 406
384 407
384 408
384 409
384 410
384 411
384 412
384 413
384 414
384 415
384 416
384 417
384 418
384 419
384 420
384 421
384 422
384 423
384 424
384 425
384 426
384 427
384 428
384 429
384 430
384 431
384 432
384 433
385 385
385 386
385 387
385 388
385 389
385 390
385 391
385 392
385 393
385 394
385 395
385 396
385 397
385 398
385 399
385 400
385 401
385 402
385 403
385 404
385 405
385 406
385 407
385 408
385 409
385 410
385 411
385 412
385 413
385 414
385 415
385 416
385 417
385 418
385 419
385 420
385 421
385 422
385 423
385 424
385 425
385 426
385 427
385 428
385 429
385 430
385 431
385 432
385 433
385 434
386 386
386 387
386 388
386 389
386 390
386 391
386 392
386 393
386 394
386 395
386 396
386 397
386 398
386 399
386 400
386 401
386 402
386 403
386 404
386 405
386 406
386 407
386 408
386 409
386 410
386 411
386 412
386 413
386 414
386 415
386 416
386 417
386 418
386 419
386 420
386 421
386 422
386 423
386 424
386 425
386 426
386 427
386 428
386 429
386 430
386 431
386 432
386 433
386 434
386 435
387 387
387 388
387 389
387 390
387 391
387 392
387 393
387 394
387 395
387 396
387 397
387 398
387 399
387 400
387 401
387 402
387 403
387 404
387 405
387 406
387 407
387 408
387 409
387 410
387 411
387 412
387 413
387 414
387 415
387 416
387 417
387 418
387 419
387 420
387 421
387 422
387 423
387 424
387 425
387 426
387 427
387 428
387 429
387 430
387 431
387 432
387 433
387 434
387 435
387 436
388 388
388 389
388 390
388 391
388 392
388 393
388 394
388 395
388 396
388 397
388 398
388 399
388 400
388 401
388 402
388 403
388 404
388 405
388 406
388 407
388 408
388 409
388 410
388 411
388 412
388 413
388 414
388 415
388 416
388 417
388 418
388 419
388 420
388 421
388 422
388 423
388 424
388 425
388 426
388 427
388 428
388 429
388 430
388 431
388 432
388 433
388 434
388 435
388 436
388 437
389 389
389 390
389 391
389 392
389 393
389 394
389 395
389 396
389 397
389 398
389 399
389 400
389 401
389 402
389 403
389 404
389 405
389 406
389 407
389 408
389 409
389 410
389 411
389 412
389 413
389 414
389 415
389 416
389 417
389 418
389 419
389 420
389 421
389 422
389 423
389 424
389 425
389 426
389 427
389 428
389 429
389 430
389 431
389 432
389 433
389 434
389 435
389 436
389 437
389 438
390 390
390 391
390 392
390 393
390 394
390 395
390 396
390 397
390 398
390 399
390 400
390 401
390 402
390 403
390 404
390 405
390 406
390 407
390 408
390 409
390 410
390 411
390 412
390 413
390 414
390 415
390 416
390 417
390 418
390 419
390 420
390 421
390 422
390 423
390 424
390 425
390 426
390 427
390 428
390 429
390 430
390 431
390 432
390 433
390 434
390 435
390 436
390 437
390 438
390 439
391 391
391 392
391 393
391 394
391 395
391 396
391 397
391 398
391 399
391 400
391 401
391 402
391 403
391 404
391 405
391 406
391 407
391 408
391 409
391 410
391 411
391 412
391 413
391 414
391 415
391 416
391 417
391 418
391 419
391 420
391 421
391 422
391 423
391 424
391 425
391 426
391 427
391 428
391 429
391 430
391 431
391 432
391 433
391 434
391 435
391 436
391 437
391 438
391 439
391 440
392 392
392 393
392 394
392 395
392 396
392 397
392 398
392 399
392 400
392 401
392 402
392 403
392 404
392 405
392 406
392 407
392 408
392 409
392 410
392 411
392 412
392 413
392 414
392 415
392 416
392 417
392 418
392 419
392 420
392 421
392 422
392 423
392 424
392 425
392 426
392 427
392 428
392 429
392 430
392 431
392 432
392 433
392 434
392 435
392 436
392 437
392 438
392 439
392 440
392 441
393 393
393 394
393 395
393 396
393 397
393 398
393 399
393 400
393 401
393 402
393 403
393 404
393 405
393 406
393 407
393 408
393 409
393 410
393 411
393 412
393 413
393 414
393 415
393 416
393 417
393 418
393 419
393 420
393 421
393 422
393 423
393 424
393 425
393 426
393 427
393 428
393 429
393 430
393 431
393 432
393 433
393 434
393 435
393 436
393 437
393 438
393 439
393 440
393 441
393 442
394 394
394 395
394 396
394 397
394 398
394 399
394 400
394 401
394 402
394 403
394 404
394 405
394 406
394 407
394 408
394 409
394 410
394 411
394 412
394 413
394 414
394 415
394 416
394 417
394 418
394 419
394 420
394 421
394 422
394 423
394 424
394 425
394 426
394 427
394 428
394 429
394 430
394 431
394 432
394 433
394 434
394 435
394 436
394 437
394 438
394 439
394 440
394 441
394 442
394 443
395 395
395 396
395 397
395 398
395 399
395 400
395 401
395 402
395 403
395 404
395 405
395 406
395 407
395 408
395 409
395 410
395 411
395 412
395 413
395 414
395 415
395 416
395 417
395 418
395 419
395 420
395 421
395 422
395 423
395 424
395 425
395 426
395 427
395 428
395 429
395 430
395 431
395 432
395 433
395 434
395 435
395 436
395 437
395 438
395 439
395 440
395 441
395 442
395 443
395 444
396 396
396 397
396 398
396 399
396 400
396 401
396 402
396 403
396 404
396 405
396 406
396 407
396 408
396 409
396 410
396 411
396 412
396 413
396 414
396 415
396 416
396 417
396 418
396 419
396 420
396 421
396 422
396 423
396 424
396 425
396 426
396 427
396 428
396 429
396 430
396 431
396 432
396 433
396 434
396 435
396 436
396 437
396 438
396 439
396 440
396 441
396 442
396 443
396 444
396 445
397 397
397 398
397 399
397 400
397 401
397 402
397 403
397 404
397 405
397 406
397 407
397 408
397 409
397 410
397 411
397 412
397 413
397 414
397 415
397 416
397 417
397 418
397 419
397 420
397 421
397 422
397 423
397 424
397 425
397 426
397 427
397 428
397 429
397 430
397 431
397 432
397 433
397 434
397 435
397 436
397 437
397 438
397 439
397 440
397 441
397 442
397 443
397 444
397 445
397 446
398 398
398 399
398 400
398 401
398 402
398 403
398 404
398 405
398 406
398 407
398 408
398 409
398 410
398 411
398 412
398 413
398 414
398 415
398 416
398 417
398 418
398 419
398 420
398 421
398 422
398 423
398 424
398 425
398 426
398 427
398 428
398 429
398 430
398 431
398 432
398 433
398 434
398 435
398 436
398 437
398 438
398 439
398 440
398 441
398 442
398 443
398 444
398 445
398 446
398 447
399 399
399 400
399 401
399 402
399 403
399 404
399 405
399 406
399 407
399 408
399 409
399 410
399 411
399 412
399 413
399 414
399 415
399 416
399 417
399 418
399 419
399 420
399 421
399 422
399 423
399 424
399 425
399 426
399 427
399 428
399 429
399 430
399 431
399 432
399 433
399 434
399 435
399 436
399 437
399 438
399 439
399 440
399 441
399 442
399 443
399 444
399 445
399 446
399 447
399 448
400 400
400 401
400 402
400 403
400 404
400 405
400 406
400 407
400 408
400 409
400 410
400 411
400 412
400 413
400 414
400 415
400 416
400 417
400 418
400 419
400 420
400 421
400 422
400 423
400 424
400 425
400 426
400 427
400 428
400 429
400 430
400 431
400 432
400 433
400 434
400 435
400 436
400 437
400 438
400 439
400 440
400 441
400 442
400 443
400 444
400 445
400 446
400 447
400 448
400 449
401 401
401 402
401 403
401 404
401 405
401 406
401 407
401 408
401 409
401 410
401 411
401 412
401 413
401 414
401 415
401 416
401 417
401 418
401 419
401 420
401 421
401 422
401 423
401 424
401 425
401 426
401 427
401 428
401 429
401 430
401 431
401 432
401 433
401 434
401 435
401 436
401 437
401 438
401 439
401 440
401 441
401 442
401 443
401 444
401 445
401 446
401 447
401 448
401 449
401 450
402 402
402 403
402 404
402 405
402 406
402 407
402 408
402 409
402 410
402 411
402 412
402 413
402 414
402 415
402 416
402 417
402 418
402 419
402 420
402 421
402 422
402 423
402 424
402 425
402 426
402 427
402 428
402 429
402 430
402 431
402 432
402 433
402 434
402 435
402 436
402 437
402 438
402 439
402 440
402 441
402 442
402 443
402 444
402 445
402 446
402 447
402 448
402 449
402 450
402 451
403 403
403 404
403 405
403 406
403 407
403 408
403 409
403 410
403 411
403 412
403 413
403 414
403 415
403 416
403 417
403 418
403 419
403 420
403 421
403 422
403 423
403 424
403 425
403 426
403 427
403 428
403 429
403 430
403 431
403 432
403 433
403 434
403 435
403 436
403 437
403 438
403 439
403 440
403 441
403 442
403 443
403 444
403 445
403 446
403 447
403 448
403 449
403 450
403 451
403 452
404 404
404 405
404 406
404 407
404 408
404 409
404 410
404 411
404 412
404 413
404 414
404 415
404 416
404 417
404 418
404 419
404 420
404 421
404 422
404 423
404 424
404 425
404 426
404 427
404 428
404 429
404 430
404 431
404 432
404 433
404 434
404 435
404 436
404 437
404 438
404 439
404 440
404 441
404 442
404 443
404 444
404 445
404 446
404 447
404 448
404 449
404 450
404 451
404 452
404 453
405 405
405 406
405 407
405 408
405 409
405 410
405 411
405 412
405 413
405 414
405 415
405 416
405 417
405 418
405 419
405 420
405 421
405 422
405 423
405 424
405 425
405 426
405 427
405 428
405 429
405 430
405 431
405 432
405 433
405 434
405 435
405 436
405 437
405 438
405 439
405 440
405 441
405 442
405 443
405 444
405 445
405 446
405 447
405 448
405 449
405 450
405 451
405 452
405 453
405 454
406 406
406 407
406 408
406 409
406 410
406 411
406 412
406 413
406 414
406 415
406 416
406 417
406 418
406 419
406 420
406 421
406 422
406 423
406 424
406 425
406 426
406 427
406 428
406 429
406 430
406 431
406 432
406 433
406 434
406 435
406 436
406 437
406 438
406 439
406 440
406 441
406 442
406 443
406 444
406 445
406 446
406 447
406 448
406 449
406 450
406 451
406 452
406 453
406 454
406 455
407 407
407 408
407 409
407 410
407 411
407 412
407 413
407 414
407 415
407 416
407 417
407 418
407 419
407 420
407 421
407 422
407 423
407 424
407 425
407 426
407 427
407 428
407 429
407 430
407 431
407 432
407 433
407 434
407 435
407 436
407 437
407 438
407 439
407 440
407 441
407 442
407 443
407 444
407 445
407 446
407 447
407 448
407 449
407 450
407 451
407 452
407 453
407 454
407 455
407 456
408 408
408 409
408 410
408 411
408 412
408 413
408 414
408 415
408 416
408 417
408 418
408 419
408 420
408 421
408 422
408 423
408 424
408 425
408 426
408 427
408 428
408 429
408 430
408 431
408 432
408 433
408 434
408 435
408 436
408 437
408 438
408 439
408 440
408 441
408 442
408 443
408 444
408 445
408 446
408 447
408 448
408 449
408 450
408 451
408 452
408 453
408 454
408 455
408 456
408 457
409 409
409 410
409 411
409 412
409 413
409 414
409 415
409 416
409 417
409 418
409 419
409 420
409 421
409 422
409 423
409 424
409 425
409 426
409 427
409 428
409 429
409 430
409 431
409 432
409 433
409 434
409 435
409 436
409 437
409 438
409 439
409 440
409 441
409 442
409 443
409 444
409 445
409 446
409 447
409 448
409 449
409 450
409 451
409 452
409 453
409 454
409 455
409 456
409 457
409 458
410 410
410 411
410 412
410 413
410 414
410 415
410 416
410 417
410 418
410 419
410 420
410 421
410 422
410 423
410 424
410 425
410 426
410 427
410 428
410 429
410 430
410 431
410 432
410 433
410 434
410 435
410 436
410 437
410 438
410 439
410 440
410 441
410 442
410 443
410 444
410 445
410 446
410 447
410 448
410 449
410 450
410 451
410 452
410 453
410 454
410 455
410 456
410 457
410 458
410 459
411 411
411 412
411 413
411 414
411 415
411 416
411 417
411 418
411 419
411 420
411 421
411 422
411 423
411 424
411 425
411 426
411 427
411 428
411 429
411 430
411 431
411 432
411 433
411 434
411 435
411 436
411 437
411 438
411 439
411 440
411 441
411 442
411 443
411 444
411 445
411 446
411 447
411 448
411 449
411 450
411 451
411 452
411 453
411 454
411 455
411 456
411 457
411 458
411 459
411 460
412 412
412 413
412 414
412 415
412 416
412 417
412 418
412 419
412 420
412 421
412 422
412 423
412 424
412 425
412 426
412 427
412 428
412 429
412 430
412 431
412 432
412 433
412 434
412 435
412 436
412 437
412 438
412 439
412 440
412 441
412 442
412 443
412 444
412 445
412 446
412 447
412 448
412 449
412 450
412 451
412 452
412 453
412 454
412 455
412 456
412 457
412 458
412 459
412 460
412 461
413 413
413 414
413 415
413 416
413 417
413 418
413 419
413 420
413 421
413 422
413 423
413 424
413 425
413 426
413 427
413 428
413 429
413 430
413 431
413 432
413 433
413 434
413 435
413 436
413 437
413 438
413 439
413 440
413 441
413 442
413 443
413 444
413 445
413 446
413 447
413 448
413 449
413 450
413 451
413 452
413 453
413 454
413 455
413 456
413 457
413 458
413 459
413 460
413 461
413 462
414 414
414 415
414 416
414 417
414 418
414 419
414 420
414 421
414 422
414 423
414 424
414 425
414 426
414 427
414 428
414 429
414 430
414 431
414 432
414 433
414 434
414 435
414 436
414 437
414 438
414 439
414 440
414 441
414 442
414 443
414 444
414 445
414 446
414 447
414 448
414 449
414 450
414 451
414 452
414 453
414 454
414 455
414 456
414 457
414 458
414 459
414 460
414 461
414 462
414 463
415 415
415 416
415 417
415 418
415 419
415 420
415 421
415 422
415 423
415 424
415 425
415 426
415 427
415 428
415 429
415 430
415 431
415 432
415 433
415 434
415 435
415 436
415 437
415 438
415 439
415 440
415 441
415 442
415 443
415 444
415 445
415 446
415 447
415 448
415 449
415 450
415 451
415 452
415 453
415 454
415 455
415 456
415 457
415 458
415 459
415 460
415 461
415 462
415 463
415 464
416 416
416 417
416 418
416 419
416 420
416 421
416 422
416 423
416 424
416 425
416 426
416 427
416 428
416 429
416 430
416 431
416 432
416 433
416 434
416 435
416 436
416 437
416 438
416 439
416 440
416 441
416 442
416 443
416 444
416 445
416 446
416 447
416 448
416 449
416 450
416 451
416 452
416 453
416 454
416 455
416 456
416 457
416 458
416 459
416 460
416 461
416 462
416 463
416 464
416 465
417 417
417 418
417 419
417 420
417 421
417 422
417 423
417 424
417 425
417 426
417 427
417 428
417 429
417 430
417 431
417 432
417 433
417 434
417 435
417 436
417 437
417 438
417 439
417 440
417 441
417 442
417 443
417 444
417 445
417 446
417 447
417 448
417 449
417 450
417 451
417 452
417 453
417 454
417 455
417 456
417 457
417 458
417 459
417 460
417 461
417 462
417 463
417 464
417 465
417 466
418 418
418 419
418 420
418 421
418 422
418 423
418 424
418 425
418 426
418 427
418 428
418 429
418 430
418 431
418 432
418 433
418 434
418 435
418 436
418 437
418 438
418 439
418 440
418 441
418 442
418 443
418 444
418 445
418 446
418 447
418 448
418 449
418 450
418 451
418 452
418 453
418 454
418 455
418 456
418 457
418 458
418 459
418 460
418 461
418 462
418 463
418 464
418 465
418 466
418 467
419 419
419 420
419 421
419 422
419 423
419 424
419 425
419 426
419 427
419 428
419 429
419 430
419 431
419 432
419 433
419 434
419 435
419 436
419 437
419 438
419 439
419 440
419 441
419 442
419 443
419 444
419 445
419 446
419 447
419 448
419 449
419 450
419 451
419 452
419 453
419 454
419 455
419 456
419 457
419 458
419 459
419 460
419 461
419 462
419 463
419 464
419 465
419 466
419 467
419 468
420 420
420 421
420 422
420 423
420 424
420 425
420 426
420 427
420 428
420 429
420 430
420 431
420 432
420 433
420 434
420 435
420 436
420 437
420 438
420 439
420 440
420 441
420 442
420 443
420 444
420 445
420 446
420 447
420 448
420 449
420 450
420 451
420 452
420 453
420 454
420 455
420 456
420 457
420 458
420 459
420 460
420 461
420 462
420 463
420 464
420 465
420 466
420 467
420 468
420 469
421 421
421 422
421 423
421 424
421 425
421 426
421 427
421 428
421 429
421 430
421 431
421 432
421 433
421 434
421 435
421 436
421 437
421 438
421 439
421 440
421 441
421 442
421 443
421 444
421 445
421 446
421 447
421 448
421 449
421 450
421 451
421 452
421 453
421 454
421 455
421 456
421 457
421 458
421 459
421 460
421 461
421 462
421 463
421 464
421 465
421 466
421 467
421 468
421 469
421 470
422 422
422 423
422 424
422 425
422 426
422 427
422 428
422 429
422 430
422 431
422 432
422 433
422 434
422 435
422 436
422 437
422 438
422 439
422 440
422 441
422 442
422 443
422 444
422 445
422 446
422 447
422 448
422 449
422 450
422 451
422 452
422 453
422 454
422 455
422 456
422 457
422 458
422 459
422 460
422 461
422 462
422 463
422 464
422 465
422 466
422 467
422 468
422 469
422 470
422 471
423 423
423 424
423 425
423 426
423 427
423 428
423 429
423 430
423 431
423 432
423 433
423 434
423 435
423 436
423 437
423 438
423 439
423 440
423 441
423 442
423 443
423 444
423 445
423 446
423 447
423 448
423 449
423 450
423 451
423 452
423 453
423 454
423 455
423 456
423 457
423 458
423 459
423 460
423 461
423 462
423 463
423 464
423 465
423 466
423 467
423 468
423 469
423 470
423 471
423 472
424 424
424 425
424 426
424 427
424 428
424 429
424 430
424 431
424 432
424 433
424 434
424 435
424 436
424 437
424 438
424 439
424 440
424 441
424 442
424 443
424 444
424 445
424 446
424 447
424 448
424 449
424 450
424 451
424 452
424 453
424 454
424 455
424 456
424 457
424 458
424 459
424 460
424 461
424 462
424 463
424 464
424 465
424 466
424 467
424 468
424 469
424 470
424 471
424 472
424 473
425 425
425 426
425 427
425 428
425 429
425 430
425 431
425 432
425 433
425 434
425 435
425 436
425 437
425 438
425 439
425 440
425 441
425 442
425 443
425 444
425 445
425 446
425 447
425 448
425 449
425 450
425 451
425 452
425 453
425 454
425 455
425 456
425 457
425 458
425 459
425 460
425 461
425 462
425 463
425 464
425 465
425 466
425 467
425 468
425 469
425 470
425 471
425 472
425 473
425 474
426 426
426 427
426 428
426 429
426 430
426 431
426 432
426 433
426 434
426 435
426 436
426 437
426 438
426 439
426 440
426 441
426 442
426 443
426 444
426 445
426 446
426 447
426 448
426 449
426 450
426 451
426 452
426 453
426 454
426 455
426 456
426 457
426 458
426 459
426 460
426 461
426 462
426 463
426 464
426 465
426 466
426 467
426 468
426 469
426 470
426 471
426 472
426 473
426 474
426 475
427 427
427 428
427 429
427 430
427 431
427 432
427 433
427 434
427 435
427 436
427 437
427 438
427 439
427 440
427 441
427 442
427 443
427 444
427 445
427 446
427 447
427 448
427 449
427 450
427 451
427 452
427 453
427 454
427 455
427 456
427 457
427 458
427 459
427 460
427 461
427 462
427 463
427 464
427 465
427 466
427 467
427 468
427 469
427 470
427 471
427 472
427 473
427 474
427 475
427 476
428 428
428 429
428 430
428 431
428 432
428 433
428 434
428 435
428 436
428 437
428 438
428 439
428 440
428 441
428 442
428 443
428 444
428 445
428 446
428 447
428 448
428 449
428 450
428 451
428 452
428 453
428 454
428 455
428 456
428 457
428 458
428 459
428 460
428 461
428 462
428 463
428 464
428 465
428 466
428 467
428 468
428 469
428 470
428 471
428 472
428 473
428 474
428 475
428 476
428 477
429 429
429 430
429 431
429 432
429 433
429 434
429 435
429 436
429 437
429 438
429 439
429 440
429 441
429 442
429 443
429 444
429 445
429 446
429 447
429 448
429 449
429 450
429 451
429 452
429 453
429 454
429 455
429 456
429 457
429 458
429 459
429 460
429 461
429 462
429 463
429 464
429 465
429 466
429 467
429 468
429 469
429 470
429 471
429 472
429 473
429 474
429 475
429 476
429 477
429 478
430 430
430 431
430 432
430 433
430 434
430 435
430 436
430 437
430 438
430 439
430 440
430 441
430 442
430 443
430 444
430 445
430 446
430 447
430 448
430 449
430 450
430 451
430 452
430 453
430 454
430 455
430 456
430 457
430 458
430 459
430 460
430 461
430 462
430 463
430 464
430 465
430 466
430 467
430 468
430 469
430 470
430 471
430 472
430 473
430 474
430 475
430 476
430 477
430 478
430 479
431 431
431 432
431 433
431 434
431 435
431 436
431 437
431 438
431 439
431 440
431 441
431 442
431 443
431 444
431 445
431 446
431 447
431 448
431 449
431 450
431 451
431 452
431 453
431 454
431 455
431 456
431 457
431 458
431 459
431 460
431 461
431 462
431 463
431 464
431 465
431 466
431 467
431 468
431 469
431 470
431 471
431 472
431 473
431 474
431 475
431 476
431 477
431 478
431 479
431 480
432 432
432 433
432 434
432 435
432 436
432 437
432 438
432 439
432 440
432 441
432 442
432 443
432 444
432 445
432 446
432 447
432 448
432 449
432 450
432 451
432 452
432 453
432 454
432 455
432 456
432 457
432 458
432 459
432 460
432 461
432 462
432 463
432 464
432 465
432 466
432 467
432 468
432 469
432 470
432 471
432 472
432 473
432 474
432 475
432 476
432 477
432 478
432 479
432 480
432 481
433 433
433 434
433 435
433 436
433 437
433 438
433 439
433 440
433 441
433 442
433 443
433 444
433 445
433 446
433 447
433 448
433 449
433 450
433 451
433 452
433 453
433 454
433 455
433 456
433 457
433 458
433 459
433 460
433 461
433 462
433 463
433 464
433 465
433 466
433 467
433 468
433 469
433 470
433 471
433 472
433 473
433 474
433 475
433 476
433 477
433 478
433 479
433 480
433 481
433 482
434 434
434 435
434 436
434 437
434 438
434 439
434 440
434 441
434 442
434 443
434 444
434 445
434 446
434 447
434 448
434 449
434 450
434 451
434 452
434 453
434 454
434 455
434 456
434 457
434 458
434 459
434 460
434 461
434 462
434 463
434 464
434 465
434 466
434 467
434 468
434 469
434 470
434 471
434 472
434 473
434 474
434 475
434 476
434 477
434 478
434 479
434 480
434 481
434 482
434 483
435 435
435 436
435 437
435 438
435 439
435 440
435 441
435 442
435 443
435 444
435 445
435 446
435 447
435 448
435 449
435 450
435 451
435 452
435 453
435 454
435 455
435 456
435 457
435 458
435 459
435 460
435 461
435 462
435 463
435 464
435 465
435 466
435 467
435 468
435 469
435 470
435 471
435 472
435 473
435 474
435 475
435 476
435 477
435 478
435 479
435 480
435 481
435 482
435 483
435 484
436 436
436 437
436 438
436 439
436 440
436 441
436 442
436 443
436 444
436 445
436 446
436 447
436 448
436 449
436 450
436 451
436 452
436 453
436 454
436 455
436 456
436 457
436 458
436 459
436 460
436 461
436 462
436 463
436 464
436 465
436 466
436 467
436 468
436 469
436 470
436 471
436 472
436 473
436 474
436 475
436 476
436 477
436 478
436 479
436 480
436 481
436 482
436 483
436 484
436 485
437 437
437 438
437 439
437 440
437 441
437 442
437 443
437 444
437 445
437 446
437 447
437 448
437 449
437 450
437 451
437 452
437 453
437 454
437 455
437 456
437 457
437 458
437 459
437 460
437 461
437 462
437 463
437 464
437 465
437 466
437 467
437 468
437 469
437 470
437 471
437 472
437 473
437 474
437 475
437 476
437 477
437 478
437 479
437 480
437 481
437 482
437 483
437 484
437 485
437 486
438 438
438 439
438 440
438 441
438 442
438 443
438 444
438 445
438 446
438 447
438 448
438 449
438 450
438 451
438 452
438 453
438 454
438 455
438 456
438 457
438 458
438 459
438 460
438 461
438 462
438 463
438 464
438 465
438 466
438 467
438 468
438 469
438 470
438 471
438 472
438 473
438 474
438 475
438 476
438 477
438 478
438 479
438 480
438 481
438 482
438 483
438 484
438 485
438 486
438 487
439 439
439 440
439 441
439 442
439 443
439 444
439 445
439 446
439 447
439 448
439 449
439 450
439 451
439 452
439 453
439 454
439 455
439 456
439 457
439 458
439 459
439 460
439 461
439 462
439 463
439 464
439 465
439 466
439 467
439 468
439 469
439 470
439 471
439 472
439 473
439 474
439 475
439 476
439 477
439 478
439 479
439 480
439 481
439 482
439 483
439 484
439 485
439 486
439 487
439 488
440 440
440 441
440 442
440 443
440 444
440 445
440 446
440 447
440 448
440 449
440 450
440 451
440 452
440 453
440 454
440 455
440 456
440 457
440 458
440 459
440 460
440 461
440 462
440 463
440 464
440 465
440 466
440 467
440 468
440 469
440 470
440 471
440 472
440 473
440 474
440 475
440 476
440 477
440 478
440 479
440 480
440 481
440 482
440 483
440 484
440 485
440 486
440 487
440 488
440 489
441 441
441 442
441 443
441 444
441 445
441 446
441 447
441 448
441 449
441 450
441 451
441 452
441 453
441 454
441 455
441 456
441 457
441 458
441 459
441 460
441 461
441 462
441 463
441 464
441 465
441 466
441 467
441 468
441 469
441 470
441 471
441 472
441 473
441 474
441 475
441 476
441 477
441 478
441 479
441 480
441 481
441 482
441 483
441 484
441 485
441 486
441 487
441 488
441 489
441 490
442 442
442 443
442 444
442 445
442 446
442 447
442 448
442 449
442 450
442 451
442 452
442 453
442 454
442 455
442 456
442 457
442 458
442 459
442 460
442 461
442 462
442 463
442 464
442 465
442 466
442 467
442 468
442 469
442 470
442 471
442 472
442 473
442 474
442 475
442 476
442 477
442 478
442 479
442 480
442 481
442 482
442 483
442 484
442 485
442 486
442 487
442 488
442 489
442 490
442 491
443 443
443 444
443 445
443 446
443 447
443 448
443 449
443 450
443 451
443 452
443 453
443 454
443 455
443 456
443 457
443 458
443 459
443 460
443 461
443 462
443 463
443 464
443 465
443 466
443 467
443 468
443 469
443 470
443 471
443 472
443 473
443 474
443 475
443 476
443 477
443 478
443 479
443 480
443 481
443 482
443 483
443 484
443 485
443 486
443 487
443 488
443 489
443 490
443 491
443 492
444 444
444 445
444 446
444 447
444 448
444 449
444 450
444 451
444 452
444 453
444 454
444 455
444 456
444 457
444 458
444 459
444 460
444 461
444 462
444 463
444 464
444 465
444 466
444 467
444 468
444 469
444 470
444 471
444 472
444 473
444 474
444 475
444 476
444 477
444 478
444 479
444 480
444 481
444 482
444 483
444 484
444 485
444 486
444 487
444 488
444 489
444 490
444 491
444 492
444 493
445 445
445 446
445 447
445 448
445 449
445 450
445 451
445 452
445 453
445 454
445 455
445 456
445 457
445 458
445 459
445 460
445 461
445 462
445 463
445 464
445 465
445 466
445 467
445 468
445 469
445 470
445 471
445 472
445 473
445 474
445 475
445 476
445 477
445 478
445 479
445 480
445 481
445 482
445 483
445 484
445 485
445 486
445 487
445 488
445 489
445 490
445 491
445 492
445 493
445 494
446 446
446 447
446 448
446 449
446 450
446 451
446 452
446 453
446 454
446 455
446 456
446 457
446 458
446 459
446 460
446 461
446 462
446 463
446 464
446 465
446 466
446 467
446 468
446 469
446 470
446 471
446 472
446 473
446 474
446 475
446 476
446 477
446 478
446 479
446 480
446 481
446 482
446 483
446 484
446 485
446 486
446 487
446 488
446 489
446 490
446 491
446 492
446 493
446 494
446 495
447 447
447 448
447 449
447 450
447 451
447 452
447 453
447 454
447 455
447 456
447 457
447 458
447 459
447 460
447 461
447 462
447 463
447 464
447 465
447 466
447 467
447 468
447 469
447 470
447 471
447 472
447 473
447 474
447 475
447 476
447 477
447 478
447 479
447 480
447 481
447 482
447 483
447 484
447 485
447 486
447 487
447 488
447 489
447 490
447 491
447 492
447 493
447 494
447 495
447 496
448 448
448 449
448 450
448 451
448 452
448 453
448 454
448 455
448 456
448 457
448 458
448 459
448 460
448 461
448 462
448 463
448 464
448 465
448 466
448 467
448 468
448 469
448 470
448 471
448 472
448 473
448 474
448 475
448 476
448 477
448 478
448 479
448 480
448 481
448 482
448 483
448 484
448 485
448 486
448 487
448 488
448 489
448 490
448 491
448 492
448 493
448 494
448 495
448 496
448 497
449 449
449 450
449 451
449 452
449 453
449 454
449 455
449 456
449 457
449 458
449 459
449 460
449 461
449 462
449 463
449 464
449 465
449 466
449 467
449 468
449 469
449 470
449 471
449 472
449 473
449 474
449 475
449 476
449 477
449 478
449 479
449 480
449 481
449 482
449 483
449 484
449 485
449 486
449 487
449 488
449 489
449 490
449 491
449 492
449 493
449 494
449 495
449 496
449 497
449 498
450 450
450 451
450 452
450 453
450 454
450 455
450 456
450 457
450 458
450 459
450 460
450 461
450 462
450 463
450 464
450 465
450 466
450 467
450 468
450 469
450 470
450 471
450 472
450 473
450 474
450 475
450 476
450 477
450 478
450 479
450 480
450 481
450 482
450 483
450 484
450 485
450 486
450 487
450 488
450 489
450 490
450 491
450 492
450 493
450 494
450 495
450 496
450 497
450 498
450 499
451 451
451 452
451 453
451 454
451 455
451 456
451 457
451 458
451 459
451 460
451 461
451 462
451 463
451 464
451 465
451 466
451 467
451 468
451 469
451 470
451 471
451 472
451 473
451 474
451 475
451 476
451 477
451 478
451 479
451 480
451 481
451 482
451 483
451 484
451 485
451 486
451 487
451 488
451 489
451 490
451 491
451 492
451 493
451 494
451 495
451 496
451 497
451 498
451 499
451 500
452 452
452 453
452 454
452 455
452 456
452 457
452 458
452 459
452 460
452 461
452 462
452 463
452 464
452 465
452 466
452 467
452 468
452 469
452 470
452 471
452 472
452 473
452 474
452 475
452 476
452 477
452 478
452 479
452 480
452 481
452 482
452 483
452 484
452 485
452 486
452 487
452 488
452 489
452 490
452 491
452 492
452 493
452 494
452 495
452 496
452 497
452 498
452 499
452 500
452 501
453 453
453 454
453 455
453 456
453 457
453 458
453 459
453 460
453 461
453 462
453 463
453 464
453 465
453 466
453 467
453 468
453 469
453 470
453 471
453 472
453 473
453 474
453 475
453 476
453 477
453 478
453 479
453 480
453 481
453 482
453 483
453 484
453 485
453 486
453 487
453 488
453 489
453 490
453 491
453 492
453 493
453 494
453 495
453 496
453 497
453 498
453 499
453 500
453 501
453 502
454 454
454 455
454 456
454 457
454 458
454 459
454 460
454 461
454 462
454 463
454 464
454 465
454 466
454 467
454 468
454 469
454 470
454 471
454 472
454 473
454 474
454 475
454 476
454 477
454 478
454 479
454 480
454 481
454 482
454 483
454 484
454 485
454 486
454 487
454 488
454 489
454 490
454 491
454 492
454 493
454 494
454 495
454 496
454 497
454 498
454 499
454 500
454 501
454 502
454 503
455 455
455 456
455 457
455 458
455 459
455 460
455 461
455 462
455 463
455 464
455 465
455 466
455 467
455 468
455 469
455 470
455 471
455 472
455 473
455 474
455 475
455 476
455 477
455 478
455 479
455 480
455 481
455 482
455 483
455 484
455 485
455 486
455 487
455 488
455 489
455 490
455 491
455 492
455 493
455 494
455 495
455 496
455 497
455 498
455 499
455 500
455 501
455 502
455 503
455 504
456 456
456 457
456 458
456 459
456 460
456 461
456 462
456 463
456 464
456 465
456 466
456 467
456 468
456 469
456 470
456 471
456 472
456 473
456 474
456 475
456 476
456 477
456 478
456 479
456 480
456 481
456 482
456 483
456 484
456 485
456 486
456 487
456 488
456 489
456 490
456 491
456 492
456 493
456 494
456 495
456 496
456 497
456 498
456 499
456 500
456 501
456 502
456 503
456 504
456 505
457 457
457 458
457 459
457 460
457 461
457 462
457 463
457 464
457 465
457 466
457 467
457 468
457 469
457 470
457 471
457 472
457 473
457 474
457 475
457 476
457 477
457 478
457 479
457 480
457 481
457 482
457 483
457 484
457 485
457 486
457 487
457 488
457 489
457 490
457 491
457 492
457 493
457 494
457 495
457 496
457 497
457 498
457 499
457 500
457 501
457 502
457 503
457 504
457 505
457 506
458 458
458 459
458 460
458 461
458 462
458 463
458 464
458 465
458 466
458 467
458 468
458 469
458 470
458 471
458 472
458 473
458 474
458 475
458 476
458 477
458 478
458 479
458 480
458 481
458 482
458 483
458 484
458 485
458 486
458 487
458 488
458 489
458 490
458 491
458 492
458 493
458 494
458 495
458 496
458 497
458 498
458 499
458 500
458 501
458 502
458 503
458 504
458 505
458 506
458 507
459 459
459 460
459 461
459 462
459 463
459 464
459 465
459 466
459 467
459 468
459 469
459 470
459 471
459 472
459 473
459 474
459 475
459 476
459 477
459 478
459 479
459 480
459 481
459 482
459 483
459 484
459 485
459 486
459 487
459 488
459 489
459 490
459 491
459 492
459 493
459 494
459 495
459 496
459 497
459 498
459 499
459 500
459 501
459 502
459 503
459 504
459 505
459 506
459 507
459 508
460 460
460 461
460 462
460 463
460 464
460 465
460 466
460 467
460 468
460 469
460 470
460 471
460 472
460 473
460 474
460 475
460 476
460 477
460 478
460 479
460 480
460 481
460 482
460 483
460 484
460 485
460 486
460 487
460 488
460 489
460 490
460 491
460 492
460 493
460 494
460 495
460 496
460 497
460 498
460 499
460 500
460 501
460 502
460 503
460 504
460 505
460 506
460 507
460 508
460 509
461 461
461 462
461 463
461 464
461 465
461 466
461 467
461 468
461 469
461 470
461 471
461 472
461 473
461 474
461 475
461 476
461 477
461 478
461 479
461 480
461 481
461 482
461 483
461 484
461 485
461 486
461 487
461 488
461 489
461 490
461 491
461 492
461 493
461 494
461 495
461 496
461 497
461 498
461 499
461 500
461 501
461 502
461 503
461 504
461 505
461 506
461 507
461 508
461 509
461 510
462 462
462 463
462 464
462 465
462 466
462 467
462 468
462 469
462 470
462 471
462 472
462 473
462 474
462 475
462 476
462 477
462 478
462 479
462 480
462 481
462 482
462 483
462 484
462 485
462 486
462 487
462 488
462 489
462 490
462 491
462 492
462 493
462 494
462 495
462 496
462 497
462 498
462 499
462 500
462 501
462 502
462 503
462 504
462 505
462 506
462 507
462 508
462 509
462 510
462 511
463 463
463 464
463 465
463 466
463 467
463 468
463 469
463 470
463 471
463 472
463 473
463 474
463 475
463 476
463 477
463 478
463 479
463 480
463 481
463 482
463 483
463 484
463 485
463 486
463 487
463 488
463 489
463 490
463 491
463 492
463 493
463 494
463 495
463 496
463 497
463 498
463 499
463 500
463 501
463 502
463 503
463 504
463 505
463 506
463 507
463 508
463 509
463 510
463 511
463 512
464 464
464 465
464 466
464 467
464 468
464 469
464 470
464 471
464 472
464 473
464 474
464 475
464 476
464 477
464 478
464 479
464 480
464 481
464 482
464 483
464 484
464 485
464 486
464 487
464 488
464 489
464 490
464 491
464 492
464 493
464 494
464 495
464 496
464 497
464 498
464 499
464 500
464 501
464 502
464 503
464 504
464 505
464 506
464 507
464 508
464 509
464 510
464 511
464 512
464 513
465 465
465 466
465 467
465 468
465 469
465 470
465 471
465 472
465 473
465 474
465 475
465 476
465 477
465 478
465 479
465 480
465 481
465 482
465 483
465 484
465 485
465 486
465 487
465 488
465 489
465 490
465 491
465 492
465 493
465 494
465 495
465 496
465 497
465 498
465 499
465 500
465 501
465 502
465 503
465 504
465 505
465 506
465 507
465 508
465 509
465 510
465 511
465 512
465 513
465 514
466 466
466 467
466 468
466 469
466 470
466 471
466 472
466 473
466 474
466 475
466 476
466 477
466 478
466 479
466 480
466 481
466 482
466 483
466 484
466 485
466 486
466 487
466 488
466 489
466 490
466 491
466 492
466 493
466 494
466 495
466 496
466 497
466 498
466 499
466 500
466 501
466 502
466 503
466 504
466 505
466 506
466 507
466 508
466 509
466 510
466 511
466 512
466 513
466 514
466 515
467 467
467 468
467 469
467 470
467 471
467 472
467 473
467 474
467 475
467 476
467 477
467 478
467 479
467 480
467 481
467 482
467 483
467 484
467 485
467 486
467 487
467 488
467 489
467 490
467 491
467 492
467 493
467 494
467 495
467 496
467 497
467 498
467 499
467 500
467 501
467 502
467 503
467 504
467 505
467 506
467 507
467 508
467 509
467 510
467 511
467 512
467 513
467 514
467 515
467 516
468 468
468 469
468 470
468 471
468 472
468 473
468 474
468 475
468 476
468 477
468 478
468 479
468 480
468 481
468 482
468 483
468 484
468 485
468 486
468 487
468 488
468 489
468 490
468 491
468 492
468 493
468 494
468 495
468 496
468 497
468 498
468 499
468 500
468 501
468 502
468 503
468 504
468 505
468 506
468 507
468 508
468 509
468 510
468 511
468 512
468 513
468 514
468 515
468 516
468 517
469 469
469 470
469 471
469 472
469 473
469 474
469 475
469 476
469 477
469 478
469 479
469 480
469 481
469 482
469 483
469 484
469 485
469 486
469 487
469 488
469 489
469 490
469 491
469 492
469 493
469 494
469 495
469 496
469 497
469 498
469 499
469 500
469 501
469 502
469 503
469 504
469 505
469 506
469 507
469 508
469 509
469 510
469 511
469 512
469 513
469 514
469 515
469 516
469 517
469 518
470 470
470 471
470 472
470 473
470 474
470 475
470 476
470 477
470 478
470 479
470 480
470 481
470 482
470 483
470 484
470 485
470 486
470 487
470 488
470 489
470 490
470 491
470 492
470 493
470 494
470 495
470 496
470 497
470 498
470 499
470 500
470 501
470 502
470 503
470 504
470 505
470 506
470 507
470 508
470 509
470 510
470 511
470 512
470 513
470 514
470 515
470 516
470 517
470 518
470 519
471 471
471 472
471 473
471 474
471 475
471 476
471 477
471 478
471 479
471 480
471 481
471 482
471 483
471 484
471 485
471 486
471 487
471 488
471 489
471 490
471 491
471 492
471 493
471 494
471 495
471 496
471 497
471 498
471 499
471 500
471 501
471 502
471 503
471 504
471 505
471 506
471 507
471 508
471 509
471 510
471 511
471 512
471 513
471 514
471 515
471 516
471 517
471 518
471 519
471 520
472 472
472 473
472 474
472 475
472 476
472 477
472 478
472 479
472 480
472 481
472 482
472 483
472 484
472 485
472 486
472 487
472 488
472 489
472 490
472 491
472 492
472 493
472 494
472 495
472 496
472 497
472 498
472 499
472 500
472 501
472 502
472 503
472 504
472 505
472 506
472 507
472 508
472 509
472 510
472 511
472 512
472 513
472 514
472 515
472 516
472 517
472 518
472 519
472 520
472 521
473 473
473 474
473 475
473 476
473 477
473 478
473 479
473 480
473 481
473 482
473 483
473 484
473 485
473 486
473 487
473 488
473 489
473 490
473 491
473 492
473 493
473 494
473 495
473 496
473 497
473 498
473 499
473 500
473 501
473 502
473 503
473 504
473 505
473 506
473 507
473 508
473 509
473 510
473 511
473 512
473 513
473 514
473 515
473 516
473 517
473 518
473 519
473 520
473 521
473 522
474 474
474 475
474 476
474 477
474 478
474 479
474 480
474 481
474 482
474 483
474 484
474 485
474 486
474 487
474 488
474 489
474 490
474 491
474 492
474 493
474 494
474 495
474 496
474 497
474 498
474 499
474 500
474 501
474 502
474 503
474 504
474 505
474 506
474 507
474 508
474 509
474 510
474 511
474 512
474 513
474 514
474 515
474 516
474 517
474 518
474 519
474 520
474 521
474 522
474 523
475 475
475 476
475 477
475 478
475 479
475 480
475 481
475 482
475 483
475 484
475 485
475 486
475 487
475 488
475 489
475 490
475 491
475 492
475 493
475 494
475 495
475 496
475 497
475 498
475 499
475 500
475 501
475 502
475 503
475 504
475 505
475 506
475 507
475 508
475 509
475 510
475 511
475 512
475 513
475 514
475 515
475 516
475 517
475 518
475 519
475 520
475 521
475 522
475 523
475 524
476 476
476 477
476 478
476 479
476 480
476 481
476 482
476 483
476 484
476 485
476 486
476 487
476 488
476 489
476 490
476 491
476 492
476 493
476 494
476 495
476 496
476 497
476 498
476 499
476 500
476 501
476 502
476 503
476 504
476 505
476 506
476 507
476 508
476 509
476 510
476 511
476 512
476 513
476 514
476 515
476 516
476 517
476 518
476 519
476 520
476 521
476 522
476 523
476 524
476 525
477 477
477 478
477 479
477 480
477 481
477 482
477 483
477 484
477 485
477 486
477 487
477 488
477 489
477 490
477 491
477 492
477 493
477 494
477 495
477 496
477 497
477 498
477 499
477 500
477 501
477 502
477 503
477 504
477 505
477 506
477 507
477 508
477 509
477 510
477 511
477 512
477 513
477 514
477 515
477 516
477 517
477 518
477 519
477 520
477 521
477 522
477 523
477 524
477 525
477 526
478 478
478 479
478 480
478 481
478 482
478 483
478 484
478 485
478 486
478 487
478 488
478 489
478 490
478 491
478 492
478 493
478 494
478 495
478 496
478 497
478 498
478 499
478 500
478 501
478 502
478 503
478 504
478 505
478 506
478 507
478 508
478 509
478 510
478 511
478 512
478 513
478 514
478 515
478 516
478 517
478 518
478 519
478 520
478 521
478 522
478 523
478 524
478 525
478 526
478 527
479 479
479 480
479 481
479 482
479 483
479 484
479 485
479 486
479 487
479 488
479 489
479 490
479 491
479 492
479 493
479 494
479 495
479 496
479 497
479 498
479 499
479 500
479 501
479 502
479 503
479 504
479 505
479 506
479 507
479 508
479 509
479 510
479 511
479 512
479 513
479 514
479 515
479 516
479 517
479 518
479 519
479 520
479 521
479 522
479 523
479 524
479 525
479 526
479 527
479 528
480 480
480 481
480 482
480 483
480 484
480 485
480 486
480 487
480 488
480 489
480 490
480 491
480 492
480 493
480 494
480 495
480 496
480 497
480 498
480 499
480 500
480 501
480 502
480 503
480 504
480 505
480 506
480 507
480 508
480 509
480 510
480 511
480 512
480 513
480 514
480 515
480 516
480 517
480 518
480 519
480 520
480 521
480 522
480 523
480 524
480 525
480 526
480 527
480 528
480 529
481 481
481 482
481 483
481 484
481 485
481 486
481 487
481 488
481 489
481 490
481 491
481 492
481 493
481 494
481 495
481 496
481 497
481 498
481 499
481 500
481 501
481 502
481 503
481 504
481 505
481 506
481 507
481 508
481 509
481 510
481 511
481 512
481 513
481 514
481 515
481 516
481 517
481 518
481 519
481 520
481 521
481 522
481 523
481 524
481 525
481 526
481 527
481 528
481 529
481 530
482 482
482 483
482 484
482 485
482 486
482 487
482 488
482 489
482 490
482 491
482 492
482 493
482 494
482 495
482 496
482 497
482 498
482 499
482 500
482 501
482 502
482 503
482 504
482 505
482 506
482 507
482 508
482 509
482 510
482 511
482 512
482 513
482 514
482 515
482 516
482 517
482 518
482 519
482 520
482 521
482 522
482 523
482 524
482 525
482 526
482 527
482 528
482 529
482 530
482 531
483 483
483 484
483 485
483 486
483 487
483 488
483 489
483 490
483 491
483 492
483 493
483 494
483 495
483 496
483 497
483 498
483 499
483 500
483 501
483 502
483 503
483 504
483 505
483 506
483 507
483 508
483 509
483 510
483 511
483 512
483 513
483 514
483 515
483 516
483 517
483 518
483 519
483 520
483 521
483 522
483 523
483 524
483 525
483 526
483 527
483 528
483 529
483 530
483 531
483 532
484 484
484 485
484 486
484 487
484 488
484 489
484 490
484 491
484 492
484 493
484 494
484 495
484 496
484 497
484 498
484 499
484 500
484 501
484 502
484 503
484 504
484 505
484 506
484 507
484 508
484 509
484 510
484 511
484 512
484 513
484 514
484 515
484 516
484 517
484 518
484 519
484 520
484 521
484 522
484 523
484 524
484 525
484 526
484 527
484 528
484 529
484 530
484 531
484 532
484 533
485 485
485 486
485 487
485 488
485 489
485 490
485 491
485 492
485 493
485 494
485 495
485 496
485 497
485 498
485 499
485 500
485 501
485 502
485 503
485 504
485 505
485 506
485 507
485 508
485 509
485 510
485 511
485 512
485 513
485 514
485 515
485 516
485 517
485 518
485 519
485 520
485 521
485 522
485 523
485 524
485 525
485 526
485 527
485 528
485 529
485 530
485 531
485 532
485 533
485 534
486 486
486 487
486 488
486 489
486 490
486 491
486 492
486 493
486 494
486 495
486 496
486 497
486 498
486 499
486 500
486 501
486 502
486 503
486 504
486 505
486 506
486 507
486 508
486 509
486 510
486 511
486 512
486 513
486 514
486 515
486 516
486 517
486 518
486 519
486 520
486 521
486 522
486 523
486 524
486 525
486 526
486 527
486 528
486 529
486 530
486 531
486 532
486 533
486 534
486 535
487 487
487 488
487 489
487 490
487 491
487 492
487 493
487 494
487 495
487 496
487 497
487 498
487 499
487 500
487 501
487 502
487 503
487 504
487 505
487 506
487 507
487 508
487 509
487 510
487 511
487 512
487 513
487 514
487 515
487 516
487 517
487 518
487 519
487 520
487 521
487 522
487 523
487 524
487 525
487 526
487 527
487 528
487 529
487 530
487 531
487 532
487 533
487 534
487 535
487 536
488 488
488 489
488 490
488 491
488 492
488 493
488 494
488 495
488 496
488 497
488 498
488 499
488 500
488 501
488 502
488 503
488 504
488 505
488 506
488 507
488 508
488 509
488 510
488 511
488 512
488 513
488 514
488 515
488 516
488 517
488 518
488 519
488 520
488 521
488 522
488 523
488 524
488 525
488 526
488 527
488 528
488 529
488 530
488 531
488 532
488 533
488 534
488 535
488 536
488 537
489 489
489 490
489 491
489 492
489 493
489 494
489 495
489 496
489 497
489 498
489 499
489 500
489 501
489 502
489 503
489 504
489 505
489 506
489 507
489 508
489 509
489 510
489 511
489 512
489 513
489 514
489 515
489 516
489 517
489 518
489 519
489 520
489 521
489 522
489 523
489 524
489 525
489 526
489 527
489 528
489 529
489 530
489 531
489 532
489 533
489 534
489 535
489 536
489 537
489 538
490 490
490 491
490 492
490 493
490 494
490 495
490 496
490 497
490 498
490 499
490 500
490 501
490 502
490 503
490 504
490 505
490 506
490 507
490 508
490 509
490 510
490 511
490 512
490 513
490 514
490 515
490 516
490 517
490 518
490 519
490 520
490 521
490 522
490 523
490 524
490 525
490 526
490 527
490 528
490 529
490 530
490 531
490 532
490 533
490 534
490 535
490 536
490 537
490 538
490 539
491 491
491 492
491 493
491 494
491 495
491 496
491 497
491 498
491 499
491 500
491 501
491 502
491 503
491 504
491 505
491 506
491 507
491 508
491 509
491 510
491 511
491 512
491 513
491 514
491 515
491 516
491 517
491 518
491 519
491 520
491 521
491 522
491 523
491 524
491 525
491 526
491 527
491 528
491 529
491 530
491 531
491 532
491 533
491 534
491 535
491 536
491 537
491 538
491 539
491 540
492 492
492 493
492 494
492 495
492 496
492 497
492 498
492 499
492 500
492 501
492 502
492 503
492 504
492 505
492 506
492 507
492 508
492 509
492 510
492 511
492 512
492 513
492 514
492 515
492 516
492 517
492 518
492 519
492 520
492 521
492 522
492 523
492 524
492 525
492 526
492 527
492 528
492 529
492 530
492 531
492 532
492 533
492 534
492 535
492 536
492 537
492 538
492 539
492 540
492 541
493 493
493 494
493 495
493 496
493 497
493 498
493 499
493 500
493 501
493 502
493 503
493 504
493 505
493 506
493 507
493 508
493 509
493 510
493 511
493 512
493 513
493 514
493 515
493 516
493 517
493 518
493 519
493 520
493 521
493 522
493 523
493 524
493 525
493 526
493 527
493 528
493 529
493 530
493 531
493 532
493 533
493 534
493 535
493 536
493 537
493 538
493 539
493 540
493 541
493 542
494 494
494 495
494 496
494 497
494 498
494 499
494 500
494 501
494 502
494 503
494 504
494 505
494 506
494 507
494 508
494 509
494 510
494 511
494 512
494 513
494 514
494 515
494 516
494 517
494 518
494 519
494 520
494 521
494 522
494 523
494 524
494 525
494 526
494 527
494 528
494 529
494 530
494 531
494 532
494 533
494 534
494 535
494 536
494 537
494 538
494 539
494 540
494 541
494 542
494 543
495 495
495 496
495 497
495 498
495 499
495 500
495 501
495 502
495 503
495 504
495 505
495 506
495 507
495 508
495 509
495 510
495 511
495 512
495 513
495 514
495 515
495 516
495 517
495 518
495 519
495 520
495 521
495 522
495 523
495 524
495 525
495 526
495 527
495 528
495 529
495 530
495 531
495 532
495 533
495 534
495 535
495 536
495 537
495 538
495 539
495 540
495 541
495 542
495 543
495 544
496 496
496 497
496 498
496 499
496 500
496 501
496 502
496 503
496 504
496 505
496 506
496 507
496 508
496 509
496 510
496 511
496 512
496 513
496 514
496 515
496 516
496 517
496 518
496 519
496 520
496 521
496 522
496 523
496 524
496 525
496 526
496 527
496 528
496 529
496 530
496 531
496 532
496 533
496 534
496 535
496 536
496 537
496 538
496 539
496 540
496 541
496 542
496 543
496 544
496 545
497 497
497 498
497 499
497 500
497 501
497 502
497 503
497 504
497 505
497 506
497 507
497 508
497 509
497 510
497 511
497 512
497 513
497 514
497 515
497 516
497 517
497 518
497 519
497 520
497 521
497 522
497 523
497 524
497 525
497 526
497 527
497 528
497 529
497 530
497 531
497 532
497 533
497 534
497 535
497 536
497 537
497 538
497 539
497 540
497 541
497 542
497 543
497 544
497 545
497 546
498 498
498 499
498 500
498 501
498 502
498 503
498 504
498 505
498 506
498 507
498 508
498 509
498 510
498 511
498 512
498 513
498 514
498 515
498 516
498 517
498 518
498 519
498 520
498 521
498 522
498 523
498 524
498 525
498 526
498 527
498 528
498 529
498 530
498 531
498 532
498 533
498 534
498 535
498 536
498 537
498 538
498 539
498 540
498 541
498 542
498 543
498 544
498 545
498 546
498 547
499 499
499 500
499 501
499 502
499 503
499 504
499 505
499 506
499 507
499 508
499 509
499 510
499 511
499 512
499 513
499 514
499 515
499 516
499 517
499 518
499 519
499 520
499 521
499 522
499 523
499 524
499 525
499 526
499 527
499 528
499 529
499 530
499 531
499 532
499 533
499 534
499 535
499 536
499 537
499 538
499 539
499 540
499 541
499 542
499 543
499 544
499 545
499 546
499 547
499 548
500 500
500 501
500 502
500 503
500 504
500 505
500 506
500 507
500 508
500 509
500 510
500 511
500 512
500 513
500 514
500 515
500 516
500 517
500 518
500 519
500 520
500 521
500 522
500 523
500 524
500 525
500 526
500 527
500 528
500 529
500 530
500 531
500 532
500 533
500 534
500 535
500 536
500 537
500 538
500 539
500 540
500 541
500 542
500 543
500 544
500 545
500 546
500 547
500 548
500 549
501 501
501 502
501 503
501 504
501 505
501 506
501 507
501 508
501 509
501 510
501 511
501 512
501 513
501 514
501 515
501 516
501 517
501 518
501 519
501 520
501 521
501 522
501 523
501 524
501 525
501 526
501 527
501 528
501 529
501 530
501 531
501 532
501 533
501 534
501 535
501 536
501 537
501 538
501 539
501 540
501 541
501 542
501 543
501 544
501 545
501 546
501 547
501 548
501 549
501 550
502 502
502 503
502 504
502 505
502 506
502 507
502 508
502 509
502 510
502 511
502 512
502 513
502 514
502 515
502 516
502 517
502 518
502 519
502 520
502 521
502 522
502 523
502 524
502 525
502 526
502 527
502 528
502 529
502 530
502 531
502 532
502 533
502 534
502 535
502 536
502 537
502 538
502 539
502 540
502 541
502 542
502 543
502 544
502 545
502 546
502 547
502 548
502 549
502 550
502 551
503 503
503 504
503 505
503 506
503 507
503 508
503 509
503 510
503 511
503 512
503 513
503 514
503 515
503 516
503 517
503 518
503 519
503 520
503 521
503 522
503 523
503 524
503 525
503 526
503 527
503 528
503 529
503 530
503 531
503 532
503 533
503 534
503 535
503 536
503 537
503 538
503 539
503 540
503 541
503 542
503 543
503 544
503 545
503 546
503 547
503 548
503 549
503 550
503 551
503 552
504 504
504 505
504 506
504 507
504 508
504 509
504 510
504 511
504 512
504 513
504 514
504 515
504 516
504 517
504 518
504 519
504 520
504 521
504 522
504 523
504 524
504 525
504 526
504 527
504 528
504 529
504 530
504 531
504 532
504 533
504 534
504 535
504 536
504 537
504 538
504 539
504 540
504 541
504 542
504 543
504 544
504 545
504 546
504 547
504 548
504 549
504 550
504 551
504 552
504 553
505 505
505 506
505 507
505 508
505 509
505 510
505 511
505 512
505 513
505 514
505 515
505 516
505 517
505 518
505 519
505 520
505 521
505 522
505 523
505 524
505 525
505 526
505 527
505 528
505 529
505 530
505 531
505 532
505 533
505 534
505 535
505 536
505 537
505 538
505 539
505 540
505 541
505 542
505 543
505 544
505 545
505 546
505 547
505 548
505 549
505 550
505 551
505 552
505 553
505 554
506 506
506 507
506 508
506 509
506 510
506 511
506 512
506 513
506 514
506 515
506 516
506 517
506 518
506 519
506 520
506 521
506 522
506 523
506 524
506 525
506 526
506 527
506 528
506 529
506 530
506 531
506 532
506 533
506 534
506 535
506 536
506 537
506 538
506 539
506 540
506 541
506 542
506 543
506 544
506 545
506 546
506 547
506 548
506 549
506 550
506 551
506 552
506 553
506 554
506 555
507 507
507 508
507 509
507 510
507 511
507 512
507 513
507 514
507 515
507 516
507 517
507 518
507 519
507 520
507 521
507 522
507 523
507 524
507 525
507 526
507 527
507 528
507 529
507 530
507 531
507 532
507 533
507 534
507 535
507 536
507 537
507 538
507 539
507 540
507 541
507 542
507 543
507 544
507 545
507 546
507 547
507 548
507 549
507 550
507 551
507 552
507 553
507 554
507 555
507 556
508 508
508 509
508 510
508 511
508 512
508 513
508 514
508 515
508 516
508 517
508 518
508 519
508 520
508 521
508 522
508 523
508 524
508 525
508 526
508 527
508 528
508 529
508 530
508 531
508 532
508 533
508 534
508 535
508 536
508 537
508 538
508 539
508 540
508 541
508 542
508 543
508 544
508 545
508 546
508 547
508 548
508 549
508 550
508 551
508 552
508 553
508 554
508 555
508 556
508 557
509 509
509 510
509 511
509 512
509 513
509 514
509 515
509 516
509 517
509 518
509 519
509 520
509 521
509 522
509 523
509 524
509 525
509 526
509 527
509 528
509 529
509 530
509 531
509 532
509 533
509 534
509 535
509 536
509 537
509 538
509 539
509 540
509 541
509 542
509 543
509 544
509 545
509 546
509 547
509 548
509 549
509 550
509 551
509 552
509 553
509 554
509 555
509 556
509 557
509 558
510 510
510 511
510 512
510 513
510 514
510 515
510 516
510 517
510 518
510 519
510 520
510 521
510 522
510 523
510 524
510 525
510 526
510 527
510 528
510 529
510 530
510 531
510 532
510 533
510 534
510 535
510 536
510 537
510 538
510 539
510 540
510 541
510 542
510 543
510 544
510 545
510 546
510 547
510 548
510 549
510 550
510 551
510 552
510 553
510 554
510 555
510 556
510 557
510 558
510 559
511 511
511 512
511 513
511 514
511 515
511 516
511 517
511 518
511 519
511 520
511 521
511 522
511 523
511 524
511 525
511 526
511 527
511 528
511 529
511 530
511 531
511 532
511 533
511 534
511 535
511 536
511 537
511 538
511 539
511 540
511 541
511 542
511 543
511 544
511 545
511 546
511 547
511 548
511 549
511 550
511 551
511 552
511 553
511 554
511 555
511 556
511 557
511 558
511 559
511 560
512 512
512 513
512 514
512 515
512 516
512 517
512 518
512 519
512 520
512 521
512 522
512 523
512 524
512 525
512 526
512 527
512 528
512 529
512 530
512 531
512 532
512 533
512 534
512 535
512 536
512 537
512 538
512 539
512 540
512 541
512 542
512 543
512 544
512 545
512 546
512 547
512 548
512 549
512 550
512 551
512 552
512 553
512 554
512 555
512 556
512 557
512 558
512 559
512 560
512 561
513 513
513 514
513 515
513 516
513 517
513 518
513 519
513 520
513 521
513 522
513 523
513 524
513 525
513 526
513 527
513 528
513 529
513 530
513 531
513 532
513 533
513 534
513 535
513 536
513 537
513 538
513 539
513 540
513 541
513 542
513 543
513 544
513 545
513 546
513 547
513 548
513 549
513 550
513 551
513 552
513 553
513 554
513 555
513 556
513 557
513 558
513 559
513 560
513 561
513 562
514 514
514 515
514 516
514 517
514 518
514 519
514 520
514 521
514 522
514 523
514 524
514 525
514 526
514 527
514 528
514 529
514 530
514 531
514 532
514 533
514 534
514 535
514 536
514 537
514 538
514 539
514 540
514 541
514 542
514 543
514 544
514 545
514 546
514 547
514 548
514 549
514 550
514 551
514 552
514 553
514 554
514 555
514 556
514 557
514 558
514 559
514 560
514 561
514 562
514 563
515 515
515 516
515 517
515 518
515 519
515 520
515 521
515 522
515 523
515 524
515 525
515 526
515 527
515 528
515 529
515 530
515 531
515 532
515 533
515 534
515 535
515 536
515 537
515 538
515 539
515 540
515 541
515 542
515 543
515 544
515 545
515 546
515 547
515 548
515 549
515 550
515 551
515 552
515 553
515 554
515 555
515 556
515 557
515 558
515 559
515 560
515 561
515 562
515 563
515 564
516 516
516 517
516 518
516 519
516 520
516 521
516 522
516 523
516 524
516 525
516 526
516 527
516 528
516 529
516 530
516 531
516 532
516 533
516 534
516 535
516 536
516 537
516 538
516 539
516 540
516 541
516 542
516 543
516 544
516 545
516 546
516 547
516 548
516 549
516 550
516 551
516 552
516 553
516 554
516 555
516 556
516 557
516 558
516 559
516 560
516 561
516 562
516 563
516 564
516 565
517 517
517 518
517 519
517 520
517 521
517 522
517 523
517 524
517 525
517 526
517 527
517 528
517 529
517 530
517 531
517 532
517 533
517 534
517 535
517 536
517 537
517 538
517 539
517 540
517 541
517 542
517 543
517 544
517 545
517 546
517 547
517 548
517 549
517 550
517 551
517 552
517 553
517 554
517 555
517 556
517 557
517 558
517 559
517 560
517 561
517 562
517 563
517 564
517 565
517 566
518 518
518 519
518 520
518 521
518 522
518 523
518 524
518 525
518 526
518 527
518 528
518 529
518 530
518 531
518 532
518 533
518 534
518 535
518 536
518 537
518 538
518 539
518 540
518 541
518 542
518 543
518 544
518 545
518 546
518 547
518 548
518 549
518 550
518 551
518 552
518 553
518 554
518 555
518 556
518 557
518 558
518 559
518 560
518 561
518 562
518 563
518 564
518 565
518 566
518 567
519 519
519 520
519 521
519 522
519 523
519 524
519 525
519 526
519 527
519 528
519 529
519 530
519 531
519 532
519 533
519 534
519 535
519 536
519 537
519 538
519 539
519 540
519 541
519 542
519 543
519 544
519 545
519 546
519 547
519 548
519 549
519 550
519 551
519 552
519 553
519 554
519 555
519 556
519 557
519 558
519 559
519 560
519 561
519 562
519 563
519 564
519 565
519 566
519 567
519 568
520 520
520 521
520 522
520 523
520 524
520 525
520 526
520 527
520 528
520 529
520 530
520 531
520 532
520 533
520 534
520 535
520 536
520 537
520 538
520 539
520 540
520 541
520 542
520 543
520 544
520 545
520 546
520 547
520 548
520 549
520 550
520 551
520 552
520 553
520 554
520 555
520 556
520 557
520 558
520 559
520 560
520 561
520 562
520 563
520 564
520 565
520 566
520 567
520 568
520 569
521 521
521 522
521 523
521 524
521 525
521 526
521 527
521 528
521 529
521 530
521 531
521 532
521 533
521 534
521 535
521 536
521 537
521 538
521 539
521 540
521 541
521 542
521 543
521 544
521 545
521 546
521 547
521 548
521 549
521 550
521 551
521 552
521 553
521 554
521 555
521 556
521 557
521 558
521 559
521 560
521 561
521 562
521 563
521 564
521 565
521 566
521 567
521 568
521 569
521 570
522 522
522 523
522 524
522 525
522 526
522 527
522 528
522 529
522 530
522 531
522 532
522 533
522 534
522 535
522 536
522 537
522 538
522 539
522 540
522 541
522 542
522 543
522 544
522 545
522 546
522 547
522 548
522 549
522 550
522 551
522 552
522 553
522 554
522 555
522 556
522 557
522 558
522 559
522 560
522 561
522 562
522 563
522 564
522 565
522 566
522 567
522 568
522 569
522 570
522 571
523 523
523 524
523 525
523 526
523 527
523 528
523 529
523 530
523 531
523 532
523 533
523 534
523 535
523 536
523 537
523 538
523 539
523 540
523 541
523 542
523 543
523 544
523 545
523 546
523 547
523 548
523 549
523 550
523 551
523 552
523 553
523 554
523 555
523 556
523 557
523 558
523 559
523 560
523 561
523 562
523 563
523 564
523 565
523 566
523 567
523 568
523 569
523 570
523 571
523 572
524 524
524 525
524 526
524 527
524 528
524 529
524 530
524 531
524 532
524 533
524 534
524 535
524 536
524 537
524 538
524 539
524 540
524 541
524 542
524 543
524 544
524 545
524 546
524 547
524 548
524 549
524 550
524 551
524 552
524 553
524 554
524 555
524 556
524 557
524 558
524 559
524 560
524 561
524 562
524 563
524 564
524 565
524 566
524 567
524 568
524 569
524 570
524 571
524 572
524 573
525 525
525 526
525 527
525 528
525 529
525 530
525 531
525 532
525 533
525 534
525 535
525 536
525 537
525 538
525 539
525 540
525 541
525 542
525 543
525 544
525 545
525 546
525 547
525 548
525 549
525 550
525 551
525 552
525 553
525 554
525 555
525 556
525 557
525 558
525 559
525 560
525 561
525 562
525 563
525 564
525 565
525 566
525 567
525 568
525 569
525 570
525 571
525 572
525 573
525 574
526 526
526 527
526 528
526 529
526 530
526 531
526 532
526 533
526 534
526 535
526 536
526 537
526 538
526 539
526 540
526 541
526 542
526 543
526 544
526 545
526 546
526 547
526 548
526 549
526 550
526 551
526 552
526 553
526 554
526 555
526 556
526 557
526 558
526 559
526 560
526 561
526 562
526 563
526 564
526 565
526 566
526 567
526 568
526 569
526 570
526 571
526 572
526 573
526 574
526 575
527 527
527 528
527 529
527 530
527 531
527 532
527 533
527 534
527 535
527 536
527 537
527 538
527 539
527 540
527 541
527 542
527 543
527 544
527 545
527 546
527 547
527 548
527 549
527 550
527 551
527 552
527 553
527 554
527 555
527 556
527 557
527 558
527 559
527 560
527 561
527 562
527 563
527 564
527 565
527 566
527 567
527 568
527 569
527 570
527 571
527 572
527 573
527 574
527 575
527 576
528 528
528 529
528 530
528 531
528 532
528 533
528 534
528 535
528 536
528 537
528 538
528 539
528 540
528 541
528 542
528 543
528 544
528 545
528 546
528 547
528 548
528 549
528 550
528 551
528 552
528 553
528 554
528 555
528 556
528 557
528 558
528 559
528 560
528 561
528 562
528 563
528 564
528 565
528 566
528 567
528 568
528 569
528 570
528 571
528 572
528 573
528 574
528 575
528 576
528 577
529 529
529 530
529 531
529 532
529 533
529 534
529 535
529 536
529 537
529 538
529 539
529 540
529 541
529 542
529 543
529 544
529 545
529 546
529 547
529 548
529 549
529 550
529 551
529 552
529 553
529 554
529 555
529 556
529 557
529 558
529 559
529 560
529 561
529 562
529 563
529 564
529 565
529 566
529 567
529 568
529 569
529 570
529 571
529 572
529 573
529 574
529 575
529 576
529 577
529 578
530 530
530 531
530 532
530 533
530 534
530 535
530 536
530 537
530 538
530 539
530 540
530 541
530 542
530 543
530 544
530 545
530 546
530 547
530 548
530 549
530 550
530 551
530 552
530 553
530 554
530 555
530 556
530 557
530 558
530 559
530 560
530 561
530 562
530 563
530 564
530 565
530 566
530 567
530 568
530 569
530 570
530 571
530 572
530 573
530 574
530 575
530 576
530 577
530 578
530 579
531 531
531 532
531 533
531 534
531 535
531 536
531 537
531 538
531 539
531 540
531 541
531 542
531 543
531 544
531 545
531 546
531 547
531 548
531 549
531 550
531 551
531 552
531 553
531 554
531 555
531 556
531 557
531 558
531 559
531 560
531 561
531 562
531 563
531 564
531 565
531 566
531 567
531 568
531 569
531 570
531 571
531 572
531 573
531 574
531 575
531 576
531 577
531 578
531 579
531 580
532 532
532 533
532 534
532 535
532 536
532 537
532 538
532 539
532 540
532 541
532 542
532 543
532 544
532 545
532 546
532 547
532 548
532 549
532 550
532 551
532 552
532 553
532 554
532 555
532 556
532 557
532 558
532 559
532 560
532 561
532 562
532 563
532 564
532 565
532 566
532 567
532 568
532 569
532 570
532 571
532 572
532 573
532 574
532 575
532 576
532 577
532 578
532 579
532 580
532 581
533 533
533 534
533 535
533 536
533 537
533 538
533 539
533 540
533 541
533 542
533 543
533 544
533 545
533 546
533 547
533 548
533 549
533 550
533 551
533 552
533 553
533 554
533 555
533 556
533 557
533 558
533 559
533 560
533 561
533 562
533 563
533 564
533 565
533 566
533 567
533 568
533 569
533 570
533 571
533 572
533 573
533 574
533 575
533 576
533 577
533 578
533 579
533 580
533 581
533 582
534 534
534 535
534 536
534 537
534 538
534 539
534 540
534 541
534 542
534 543
534 544
534 545
534 546
534 547
534 548
534 549
534 550
534 551
534 552
534 553
534 554
534 555
534 556
534 557
534 558
534 559
534 560
534 561
534 562
534 563
534 564
534 565
534 566
534 567
534 568
534 569
534 570
534 571
534 572
534 573
534 574
534 575
534 576
534 577
534 578
534 579
534 580
534 581
534 582
534 583
535 535
535 536
535 537
535 538
535 539
535 540
535 541
535 542
535 543
535 544
535 545
535 546
535 547
535 548
535 549
535 550
535 551
535 552
535 553
535 554
535 555
535 556
535 557
535 558
535 559
535 560
535 561
535 562
535 563
535 564
535 565
535 566
535 567
535 568
535 569
535 570
535 571
535 572
535 573
535 574
535 575
535 576
535 577
535 578
535 579
535 580
535 581
535 582
535 583
535 584
536 536
536 537
536 538
536 539
536 540
536 541
536 542
536 543
536 544
536 545
536 546
536 547
536 548
536 549
536 550
536 551
536 552
536 553
536 554
536 555
536 556
536 557
536 558
536 559
536 560
536 561
536 562
536 563
536 564
536 565
536 566
536 567
536 568
536 569
536 570
536 571
536 572
536 573
536 574
536 575
536 576
536 577
536 578
536 579
536 580
536 581
536 582
536 583
536 584
536 585
537 537
537 538
537 539
537 540
537 541
537 542
537 543
537 544
537 545
537 546
537 547
537 548
537 549
537 550
537 551
537 552
537 553
537 554
537 555
537 556
537 557
537 558
537 559
537 560
537 561
537 562
537 563
537 564
537 565
537 566
537 567
537 568
537 569
537 570
537 571
537 572
537 573
537 574
537 575
537 576
537 577
537 578
537 579
537 580
537 581
537 582
537 583
537 584
537 585
537 586
538 538
538 539
538 540
538 541
538 542
538 543
538 544
538 545
538 546
538 547
538 548
538 549
538 550
538 551
538 552
538 553
538 554
538 555
538 556
538 557
538 558
538 559
538 560
538 561
538 562
538 563
538 564
538 565
538 566
538 567
538 568
538 569
538 570
538 571
538 572
538 573
538 574
538 575
538 576
538 577
538 578
538 579
538 580
538 581
538 582
538 583
538 584
538 585
538 586
538 587
539 539
539 540
539 541
539 542
539 543
539 544
539 545
539 546
539 547
539 548
539 549
539 550
539 551
539 552
539 553
539 554
539 555
539 556
539 557
539 558
539 559
539 560
539 561
539 562
539 563
539 564
539 565
539 566
539 567
539 568
539 569
539 570
539 571
539 572
539 573
539 574
539 575
539 576
539 577
539 578
539 579
539 580
539 581
539 582
539 583
539 584
539 585
539 586
539 587
539 588
540 540
540 541
540 542
540 543
540 544
540 545
540 546
540 547
540 548
540 549
540 550
540 551
540 552
540 553
540 554
540 555
540 556
540 557
540 558
540 559
540 560
540 561
540 562
540 563
540 564
540 565
540 566
540 567
540 568
540 569
540 570
540 571
540 572
540 573
540 574
540 575
540 576
540 577
540 578
540 579
540 580
540 581
540 582
540 583
540 584
540 585
540 586
540 587
540 588
540 589
541 541
541 542
541 543
541 544
541 545
541 546
541 547
541 548
541 549
541 550
541 551
541 552
541 553
541 554
541 555
541 556
541 557
541 558
541 559
541 560
541 561
541 562
541 563
541 564
541 565
541 566
541 567
541 568
541 569
541 570
541 571
541 572
541 573
541 574
541 575
541 576
541 577
541 578
541 579
541 580
541 581
541 582
541 583
541 584
541 585
541 586
541 587
541 588
541 589
541 590
542 542
542 543
542 544
542 545
542 546
542 547
542 548
542 549
542 550
542 551
542 552
542 553
542 554
542 555
542 556
542 557
542 558
542 559
542 560
542 561
542 562
542 563
542 564
542 565
542 566
542 567
542 568
542 569
542 570
542 571
542 572
542 573
542 574
542 575
542 576
542 577
542 578
542 579
542 580
542 581
542 582
542 583
542 584
542 585
542 586
542 587
542 588
542 589
542 590
542 591
543 543
543 544
543 545
543 546
543 547
543 548
543 549
543 550
543 551
543 552
543 553
543 554
543 555
543 556
543 557
543 558
543 559
543 560
543 561
543 562
543 563
543 564
543 565
543 566
543 567
543 568
543 569
543 570
543 571
543 572
543 573
543 574
543 575
543 576
543 577
543 578
543 579
543 580
543 581
543 582
543 583
543 584
543 585
543 586
543 587
543 588
543 589
543 590
543 591
543 592
544 544
544 545
544 546
544 547
544 548
544 549
544 550
544 551
544 552
544 553
544 554
544 555
544 556
544 557
544 558
544 559
544 560
544 561
544 562
544 563
544 564
544 565
544 566
544 567
544 568
544 569
544 570
544 571
544 572
544 573
544 574
544 575
544 576
544 577
544 578
544 579
544 580
544 581
544 582
544 583
544 584
544 585
544 586
544 587
544 588
544 589
544 590
544 591
544 592
544 593
545 545
545 546
545 547
545 548
545 549
545 550
545 551
545 552
545 553
545 554
545 555
545 556
545 557
545 558
545 559
545 560
545 561
545 562
545 563
545 564
545 565
545 566
545 567
545 568
545 569
545 570
545 571
545 572
545 573
545 574
545 575
545 576
545 577
545 578
545 579
545 580
545 581
545 582
545 583
545 584
545 585
545 586
545 587
545 588
545 589
545 590
545 591
545 592
545 593
545 594
546 546
546 547
546 548
546 549
546 550
546 551
546 552
546 553
546 554
546 555
546 556
546 557
546 558
546 559
546 560
546 561
546 562
546 563
546 564
546 565
546 566
546 567
546 568
546 569
546 570
546 571
546 572
546 573
546 574
546 575
546 576
546 577
546 578
546 579
546 580
546 581
546 582
546 583
546 584
546 585
546 586
546 587
546 588
546 589
546 590
546 591
546 592
546 593
546 594
546 595
547 547
547 548
547 549
547 550
547 551
547 552
547 553
547 554
547 555
547 556
547 557
547 558
547 559
547 560
547 561
547 562
547 563
547 564
547 565
547 566
547 567
547 568
547 569
547 570
547 571
547 572
547 573
547 574
547 575
547 576
547 577
547 578
547 579
547 580
547 581
547 582
547 583
547 584
547 585
547 586
547 587
547 588
547 589
547 590
547 591
547 592
547 593
547 594
547 595
547 596
548 548
548 549
548 550
548 551
548 552
548 553
548 554
548 555
548 556
548 557
548 558
548 559
548 560
548 561
548 562
548 563
548 564
548 565
548 566
548 567
548 568
548 569
548 570
548 571
548 572
548 573
548 574
548 575
548 576
548 577
548 578
548 579
548 580
548 581
548 582
548 583
548 584
548 585
548 586
548 587
548 588
548 589
548 590
548 591
548 592
548 593
548 594
548 595
548 596
548 597
549 549
549 550
549 551
549 552
549 553
549 554
549 555
549 556
549 557
549 558
549 559
549 560
549 561
549 562
549 563
549 564
549 565
549 566
549 567
549 568
549 569
549 570
549 571
549 572
549 573
549 574
549 575
549 576
549 577
549 578
549 579
549 580
549 581
549 582
549 583
549 584
549 585
549 586
549 587
549 588
549 589
549 590
549 591
549 592
549 593
549 594
549 595
549 596
549 597
549 598
550 550
550 551
550 552
550 553
550 554
550 555
550 556
550 557
550 558
550 559
550 560
550 561
550 562
550 563
550 564
550 565
550 566
550 567
550 568
550 569
550 570
550 571
550 572
550 573
550 574
550 575
550 576
550 577
550 578
550 579
550 580
550 581
550 582
550 583
550 584
550 585
550 586
550 587
550 588
550 589
550 590
550 591
550 592
550 593
550 594
550 595
550 596
550 597
550 598
550 599
551 551
551 552
551 553
551 554
551 555
551 556
551 557
551 558
551 559
551 560
551 561
551 562
551 563
551 564
551 565
551 566
551 567
551 568
551 569
551 570
551 571
551 572
551 573
551 574
551 575
551 576
551 577
551 578
551 579
551 580
551 581
551 582
551 583
551 584
551 585
551 586
551 587
551 588
551 589
551 590
551 591
551 592
551 593
551 594
551 595
551 596
551 597
551 598
551 599
551 600
552 552
552 553
552 554
552 555
552 556
552 557
552 558
552 559
552 560
552 561
552 562
552 563
552 564
552 565
552 566
552 567
552 568
552 569
552 570
552 571
552 572
552 573
552 574
552 575
552 576
552 577
552 578
552 579
552 580
552 581
552 582
552 583
552 584
552 585
552 586
552 587
552 588
552 589
552 590
552 591
552 592
552 593
552 594
552 595
552 596
552 597
552 598
552 599
552 600
552 601
553 553
553 554
553 555
553 556
553 557
553 558
553 559
553 560
553 561
553 562
553 563
553 564
553 565
553 566
553 567
553 568
553 569
553 570
553 571
553 572
553 573
553 574
553 575
553 576
553 577
553 578
553 579
553 580
553 581
553 582
553 583
553 584
553 585
553 586
553 587
553 588
553 589
553 590
553 591
553 592
553 593
553 594
553 595
553 596
553 597
553 598
553 599
553 600
553 601
553 602
554 554
554 555
554 556
554 557
554 558
554 559
554 560
554 561
554 562
554 563
554 564
554 565
554 566
554 567
554 568
554 569
554 570
554 571
554 572
554 573
554 574
554 575
554 576
554 577
554 578
554 579
554 580
554 581
554 582
554 583
554 584
554 585
554 586
554 587
554 588
554 589
554 590
554 591
554 592
554 593
554 594
554 595
554 596
554 597
554 598
554 599
554 600
554 601
554 602
554 603
555 555
555 556
555 557
555 558
555 559
555 560
555 561
555 562
555 563
555 564
555 565
555 566
555 567
555 568
555 569
555 570
555 571
555 572
555 573
555 574
555 575
555 576
555 577
555 578
555 579
555 580
555 581
555 582
555 583
555 584
555 585
555 586
555 587
555 588
555 589
555 590
555 591
555 592
555 593
555 594
555 595
555 596
555 597
555 598
555 599
555 600
555 601
555 602
555 603
555 604
556 556
556 557
556 558
556 559
556 560
556 561
556 562
556 563
556 564
556 565
556 566
556 567
556 568
556 569
556 570
556 571
556 572
556 573
556 574
556 575
556 576
556 577
556 578
556 579
556 580
556 581
556 582
556 583
556 584
556 585
556 586
556 587
556 588
556 589
556 590
556 591
556 592
556 593
556 594
556 595
556 596
556 597
556 598
556 599
556 600
556 601
556 602
556 603
556 604
556 605
557 557
557 558
557 559
557 560
557 561
557 562
557 563
557 564
557 565
557 566
557 567
557 568
557 569
557 570
557 571
557 572
557 573
557 574
557 575
557 576
557 577
557 578
557 579
557 580
557 581
557 582
557 583
557 584
557 585
557 586
557 587
557 588
557 589
557 590
557 591
557 592
557 593
557 594
557 595
557 596
557 597
557 598
557 599
557 600
557 601
557 602
557 603
557 604
557 605
557 606
558 558
558 559
558 560
558 561
558 562
558 563
558 564
558 565
558 566
558 567
558 568
558 569
558 570
558 571
558 572
558 573
558 574
558 575
558 576
558 577
558 578
558 579
558 580
558 581
558 582
558 583
558 584
558 585
558 586
558 587
558 588
558 589
558 590
558 591
558 592
558 593
558 594
558 595
558 596
558 597
558 598
558 599
558 600
558 601
558 602
558 603
558 604
558 605
558 606
558 607
559 559
559 560
559 561
559 562
559 563
559 564
559 565
559 566
559 567
559 568
559 569
559 570
559 571
559 572
559 573
559 574
559 575
559 576
559 577
559 578
559 579
559 580
559 581
559 582
559 583
559 584
559 585
559 586
559 587
559 588
559 589
559 590
559 591
559 592
559 593
559 594
559 595
559 596
559 597
559 598
559 599
559 600
559 601
559 602
559 603
559 604
559 605
559 606
559 607
559 608
560 560
560 561
560 562
560 563
560 564
560 565
560 566
560 567
560 568
560 569
560 570
560 571
560 572
560 573
560 574
560 575
560 576
560 577
560 578
560 579
560 580
560 581
560 582
560 583
560 584
560 585
560 586
560 587
560 588
560 589
560 590
560 591
560 592
560 593
560 594
560 595
560 596
560 597
560 598
560 599
560 600
560 601
560 602
560 603
560 604
560 605
560 606
560 607
560 608
560 609
561 561
561 562
561 563
561 564
561 565
561 566
561 567
561 568
561 569
561 570
561 571
561 572
561 573
561 574
561 575
561 576
561 577
561 578
561 579
561 580
561 581
561 582
561 583
561 584
561 585
561 586
561 587
561 588
561 589
561 590
561 591
561 592
561 593
561 594
561 595
561 596
561 597
561 598
561 599
561 600
561 601
561 602
561 603
561 604
561 605
561 606
561 607
561 608
561 609
561 610
562 562
562 563
562 564
562 565
562 566
562 567
562 568
562 569
562 570
562 571
562 572
562 573
562 574
562 575
562 576
562 577
562 578
562 579
562 580
562 581
562 582
562 583
562 584
562 585
562 586
562 587
562 588
562 589
562 590
562 591
562 592
562 593
562 594
562 595
562 596
562 597
562 598
562 599
562 600
562 601
562 602
562 603
562 604
562 605
562 606
562 607
562 608
562 609
562 610
562 611
563 563
563 564
563 565
563 566
563 567
563 568
563 569
563 570
563 571
563 572
563 573
563 574
563 575
563 576
563 577
563 578
563 579
563 580
563 581
563 582
563 583
563 584
563 585
563 586
563 587
563 588
563 589
563 590
563 591
563 592
563 593
563 594
563 595
563 596
563 597
563 598
563 599
563 600
563 601
563 602
563 603
563 604
563 605
563 606
563 607
563 608
563 609
563 610
563 611
563 612
564 564
564 565
564 566
564 567
564 568
564 569
564 570
564 571
564 572
564 573
564 574
564 575
564 576
564 577
564 578
564 579
564 580
564 581
564 582
564 583
564 584
564 585
564 586
564 587
564 588
564 589
564 590
564 591
564 592
564 593
564 594
564 595
564 596
564 597
564 598
564 599
564 600
564 601
564 602
564 603
564 604
564 605
564 606
564 607
564 608
564 609
564 610
564 611
564 612
564 613
565 565
565 566
565 567
565 568
565 569
565 570
565 571
565 572
565 573
565 574
565 575
565 576
565 577
565 578
565 579
565 580
565 581
565 582
565 583
565 584
565 585
565 586
565 587
565 588
565 589
565 590
565 591
565 592
565 593
565 594
565 595
565 596
565 597
565 598
565 599
565 600
565 601
565 602
565 603
565 604
565 605
565 606
565 607
565 608
565 609
565 610
565 611
565 612
565 613
565 614
566 566
566 567
566 568
566 569
566 570
566 571
566 572
566 573
566 574
566 575
566 576
566 577
566 578
566 579
566 580
566 581
566 582
566 583
566 584
566 585
566 586
566 587
566 588
566 589
566 590
566 591
566 592
566 593
566 594
566 595
566 596
566 597
566 598
566 599
566 600
566 601
566 602
566 603
566 604
566 605
566 606
566 607
566 608
566 609
566 610
566 611
566 612
566 613
566 614
566 615
567 567
567 568
567 569
567 570
567 571
567 572
567 573
567 574
567 575
567 576
567 577
567 578
567 579
567 580
567 581
567 582
567 583
567 584
567 585
567 586
567 587
567 588
567 589
567 590
567 591
567 592
567 593
567 594
567 595
567 596
567 597
567 598
567 599
567 600
567 601
567 602
567 603
567 604
567 605
567 606
567 607
567 608
567 609
567 610
567 611
567 612
567 613
567 614
567 615
567 616
568 568
568 569
568 570
568 571
568 572
568 573
568 574
568 575
568 576
568 577
568 578
568 579
568 580
568 581
568 582
568 583
568 584
568 585
568 586
568 587
568 588
568 589
568 590
568 591
568 592
568 593
568 594
568 595
568 596
568 597
568 598
568 599
568 600
568 601
568 602
568 603
568 604
568 605
568 606
568 607
568 608
568 609
568 610
568 611
568 612
568 613
568 614
568 615
568 616
568 617
569 569
569 570
569 571
569 572
569 573
569 574
569 575
569 576
569 577
569 578
569 579
569 580
569 581
569 582
569 583
569 584
569 585
569 586
569 587
569 588
569 589
569 590
569 591
569 592
569 593
569 594
569 595
569 596
569 597
569 598
569 599
569 600
569 601
569 602
569 603
569 604
569 605
569 606
569 607
569 608
569 609
569 610
569 611
569 612
569 613
569 614
569 615
569 616
569 617
569 618
570 570
570 571
570 572
570 573
570 574
570 575
570 576
570 577
570 578
570 579
570 580
570 581
570 582
570 583
570 584
570 585
570 586
570 587
570 588
570 589
570 590
570 591
570 592
570 593
570 594
570 595
570 596
570 597
570 598
570 599
570 600
570 601
570 602
570 603
570 604
570 605
570 606
570 607
570 608
570 609
570 610
570 611
570 612
570 613
570 614
570 615
570 616
570 617
570 618
570 619
571 571
571 572
571 573
571 574
571 575
571 576
571 577
571 578
571 579
571 580
571 581
571 582
571 583
571 584
571 585
571 586
571 587
571 588
571 589
571 590
571 591
571 592
571 593
571 594
571 595
571 596
571 597
571 598
571 599
571 600
571 601
571 602
571 603
571 604
571 605
571 606
571 607
571 608
571 609
571 610
571 611
571 612
571 613
571 614
571 615
571 616
571 617
571 618
571 619
571 620
572 572
572 573
572 574
572 575
572 576
572 577
572 578
572 579
572 580
572 581
572 582
572 583
572 584
572 585
572 586
572 587
572 588
572 589
572 590
572 591
572 592
572 593
572 594
572 595
572 596
572 597
572 598
572 599
572 600
572 601
572 602
572 603
572 604
572 605
572 606
572 607
572 608
572 609
572 610
572 611
572 612
572 613
572 614
572 615
572 616
572 617
572 618
572 619
572 620
572 621
573 573
573 574
573 575
573 576
573 577
573 578
573 579
573 580
573 581
573 582
573 583
573 584
573 585
573 586
573 587
573 588
573 589
573 590
573 591
573 592
573 593
573 594
573 595
573 596
573 597
573 598
573 599
573 600
573 601
573 602
573 603
573 604
573 605
573 606
573 607
573 608
573 609
573 610
573 611
573 612
573 613
573 614
573 615
573 616
573 617
573 618
573 619
573 620
573 621
573 622
574 574
574 575
574 576
574 577
574 578
574 579
574 580
574 581
574 582
574 583
574 584
574 585
574 586
574 587
574 588
574 589
574 590
574 591
574 592
574 593
574 594
574 595
574 596
574 597
574 598
574 599
574 600
574 601
574 602
574 603
574 604
574 605
574 606
574 607
574 608
574 609
574 610
574 611
574 612
574 613
574 614
574 615
574 616
574 617
574 618
574 619
574 620
574 621
574 622
574 623
575 575
575 576
575 577
575 578
575 579
575 580
575 581
575 582
575 583
575 584
575 585
575 586
575 587
575 588
575 589
575 590
575 591
575 592
575 593
575 594
575 595
575 596
575 597
575 598
575 599
575 600
575 601
575 602
575 603
575 604
575 605
575 606
575 607
575 608
575 609
575 610
575 611
575 612
575 613
575 614
575 615
575 616
575 617
575 618
575 619
575 620
575 621
575 622
575 623
575 624
576 576
576 577
576 578
576 579
576 580
576 581
576 582
576 583
576 584
576 585
576 586
576 587
576 588
576 589
576 590
576 591
576 592
576 593
576 594
576 595
576 596
576 597
576 598
576 599
576 600
576 601
576 602
576 603
576 604
576 605
576 606
576 607
576 608
576 609
576 610
576 611
576 612
576 613
576 614
576 615
576 616
576 617
576 618
576 619
576 620
576 621
576 622
576 623
576 624
576 625
577 577
577 578
577 579
577 580
577 581
577 582
577 583
577 584
577 585
577 586
577 587
577 588
577 589
577 590
577 591
577 592
577 593
577 594
577 595
577 596
577 597
577 598
577 599
577 600
577 601
577 602
577 603
577 604
577 605
577 606
577 607
577 608
577 609
577 610
577 611
577 612
577 613
577 614
577 615
577 616
577 617
577 618
577 619
577 620
577 621
577 622
577 623
577 624
577 625
577 626
578 578
578 579
578 580
578 581
578 582
578 583
578 584
578 585
578 586
578 587
578 588
578 589
578 590
578 591
578 592
578 593
578 594
578 595
578 596
578 597
578 598
578 599
578 600
578 601
578 602
578 603
578 604
578 605
578 606
578 607
578 608
578 609
578 610
578 611
578 612
578 613
578 614
578 615
578 616
578 617
578 618
578 619
578 620
578 621
578 622
578 623
578 624
578 625
578 626
578 627
579 579
579 580
579 581
579 582
579 583
579 584
579 585
579 586
579 587
579 588
579 589
579 590
579 591
579 592
579 593
579 594
579 595
579 596
579 597
579 598
579 599
579 600
579 601
579 602
579 603
579 604
579 605
579 606
579 607
579 608
579 609
579 610
579 611
579 612
579 613
579 614
579 615
579 616
579 617
579 618
579 619
579 620
579 621
579 622
579 623
579 624
579 625
579 626
579 627
579 628
580 580
580 581
580 582
580 583
580 584
580 585
580 586
580 587
580 588
580 589
580 590
580 591
580 592
580 593
580 594
580 595
580 596
580 597
580 598
580 599
580 600
580 601
580 602
580 603
580 604
580 605
580 606
580 607
580 608
580 609
580 610
580 611
580 612
580 613
580 614
580 615
580 616
580 617
580 618
580 619
580 620
580 621
580 622
580 623
580 624
580 625
580 626
580 627
580 628
580 629
581 581
581 582
581 583
581 584
581 585
581 586
581 587
581 588
581 589
581 590
581 591
581 592
581 593
581 594
581 595
581 596
581 597
581 598
581 599
581 600
581 601
581 602
581 603
581 604
581 605
581 606
581 607
581 608
581 609
581 610
581 611
581 612
581 613
581 614
581 615
581 616
581 617
581 618
581 619
581 620
581 621
581 622
581 623
581 624
581 625
581 626
581 627
581 628
581 629
581 630
582 582
582 583
582 584
582 585
582 586
582 587
582 588
582 589
582 590
582 591
582 592
582 593
582 594
582 595
582 596
582 597
582 598
582 599
582 600
582 601
582 602
582 603
582 604
582 605
582 606
582 607
582 608
582 609
582 610
582 611
582 612
582 613
582 614
582 615
582 616
582 617
582 618
582 619
582 620
582 621
582 622
582 623
582 624
582 625
582 626
582 627
582 628
582 629
582 630
582 631
583 583
583 584
583 585
583 586
583 587
583 588
583 589
583 590
583 591
583 592
583 593
583 594
583 595
583 596
583 597
583 598
583 599
583 600
583 601
583 602
583 603
583 604
583 605
583 606
583 607
583 608
583 609
583 610
583 611
583 612
583 613
583 614
583 615
583 616
583 617
583 618
583 619
583 620
583 621
583 622
583 623
583 624
583 625
583 626
583 627
583 628
583 629
583 630
583 631
583 632
584 584
584 585
584 586
584 587
584 588
584 589
584 590
584 591
584 592
584 593
584 594
584 595
584 596
584 597
584 598
584 599
584 600
584 601
584 602
584 603
584 604
584 605
584 606
584 607
584 608
584 609
584 610
584 611
584 612
584 613
584 614
584 615
584 616
584 617
584 618
584 619
584 620
584 621
584 622
584 623
584 624
584 625
584 626
584 627
584 628
584 629
584 630
584 631
584 632
584 633
585 585
585 586
585 587
585 588
585 589
585 590
585 591
585 592
585 593
585 594
585 595
585 596
585 597
585 598
585 599
585 600
585 601
585 602
585 603
585 604
585 605
585 606
585 607
585 608
585 609
585 610
585 611
585 612
585 613
585 614
585 615
585 616
585 617
585 618
585 619
585 620
585 621
585 622
585 623
585 624
585 625
585 626
585 627
585 628
585 629
585 630
585 631
585 632
585 633
585 634
586 586
586 587
586 588
586 589
586 590
586 591
586 592
586 593
586 594
586 595
586 596
586 597
586 598
586 599
586 600
586 601
586 602
586 603
586 604
586 605
586 606
586 607
586 608
586 609
586 610
586 611
586 612
586 613
586 614
586 615
586 616
586 617
586 618
586 619
586 620
586 621
586 622
586 623
586 624
586 625
586 626
586 627
586 628
586 629
586 630
586 631
586 632
586 633
586 634
586 635
587 587
587 588
587 589
587 590
587 591
587 592
587 593
587 594
587 595
587 596
587 597
587 598
587 599
587 600
587 601
587 602
587 603
587 604
587 605
587 606
587 607
587 608
587 609
587 610
587 611
587 612
587 613
587 614
587 615
587 616
587 617
587 618
587 619
587 620
587 621
587 622
587 623
587 624
587 625
587 626
587 627
587 628
587 629
587 630
587 631
587 632
587 633
587 634
587 635
587 636
588 588
588 589
588 590
588 591
588 592
588 593
588 594
588 595
588 596
588 597
588 598
588 599
588 600
588 601
588 602
588 603
588 604
588 605
588 606
588 607
588 608
588 609
588 610
588 611
588 612
588 613
588 614
588 615
588 616
588 617
588 618
588 619
588 620
588 621
588 622
588 623
588 624
588 625
588 626
588 627
588 628
588 629
588 630
588 631
588 632
588 633
588 634
588 635
588 636
588 637
589 589
589 590
589 591
589 592
589 593
589 594
589 595
589 596
589 597
589 598
589 599
589 600
589 601
589 602
589 603
589 604
589 605
589 606
589 607
589 608
589 609
589 610
589 611
589 612
589 613
589 614
589 615
589 616
589 617
589 618
589 619
589 620
589 621
589 622
589 623
589 624
589 625
589 626
589 627
589 628
589 629
589 630
589 631
589 632
589 633
589 634
589 635
589 636
589 637
589 638
590 590
590 591
590 592
590 593
590 594
590 595
590 596
590 597
590 598
590 599
590 600
590 601
590 602
590 603
590 604
590 605
590 606
590 607
590 608
590 609
590 610
590 611
590 612
590 613
590 614
590 615
590 616
590 617
590 618
590 619
590 620
590 621
590 622
590 623
590 624
590 625
590 626
590 627
590 628
590 629
590 630
590 631
590 632
590 633
590 634
590 635
590 636
590 637
590 638
590 639
591 591
591 592
591 593
591 594
591 595
591 596
591 597
591 598
591 599
591 600
591 601
591 602
591 603
591 604
591 605
591 606
591 607
591 608
591 609
591 610
591 611
591 612
591 613
591 614
591 615
591 616
591 617
591 618
591 619
591 620
591 621
591 622
591 623
591 624
591 625
591 626
591 627
591 628
591 629
591 630
591 631
591 632
591 633
591 634
591 635
591 636
591 637
591 638
591 639
591 640
592 592
592 593
592 594
592 595
592 596
592 597
592 598
592 599
592 600
592 601
592 602
592 603
592 604
592 605
592 606
592 607
592 608
592 609
592 610
592 611
592 612
592 613
592 614
592 615
592 616
592 617
592 618
592 619
592 620
592 621
592 622
592 623
592 624
592 625
592 626
592 627
592 628
592 629
592 630
592 631
592 632
592 633
592 634
592 635
592 636
592 637
592 638
592 639
592 640
592 641
593 593
593 594
593 595
593 596
593 597
593 598
593 599
593 600
593 601
593 602
593 603
593 604
593 605
593 606
593 607
593 608
593 609
593 610
593 611
593 612
593 613
593 614
593 615
593 616
593 617
593 618
593 619
593 620
593 621
593 622
593 623
593 624
593 625
593 626
593 627
593 628
593 629
593 630
593 631
593 632
593 633
593 634
593 635
593 636
593 637
593 638
593 639
593 640
593 641
593 642
594 594
594 595
594 596
594 597
594 598
594 599
594 600
594 601
594 602
594 603
594 604
594 605
594 606
594 607
594 608
594 609
594 610
594 611
594 612
594 613
594 614
594 615
594 616
594 617
594 618
594 619
594 620
594 621
594 622
594 623
594 624
594 625
594 626
594 627
594 628
594 629
594 630
594 631
594 632
594 633
594 634
594 635
594 636
594 637
594 638
594 639
594 640
594 641
594 642
594 643
595 595
595 596
595 597
595 598
595 599
595 600
595 601
595 602
595 603
595 604
595 605
595 606
595 607
595 608
595 609
595 610
595 611
595 612
595 613
595 614
595 615
595 616
595 617
595 618
595 619
595 620
595 621
595 622
595 623
595 624
595 625
595 626
595 627
595 628
595 629
595 630
595 631
595 632
595 633
595 634
595 635
595 636
595 637
595 638
595 639
595 640
595 641
595 642
595 643
595 644
596 596
596 597
596 598
596 599
596 600
596 601
596 602
596 603
596 604
596 605
596 606
596 607
596 608
596 609
596 610
596 611
596 612
596 613
596 614
596 615
596 616
596 617
596 618
596 619
596 620
596 621
596 622
596 623
596 624
596 625
596 626
596 627
596 628
596 629
596 630
596 631
596 632
596 633
596 634
596 635
596 636
596 637
596 638
596 639
596 640
596 641
596 642
596 643
596 644
596 645
597 597
597 598
597 599
597 600
597 601
597 602
597 603
597 604
597 605
597 606
597 607
597 608
597 609
597 610
597 611
597 612
597 613
597 614
597 615
597 616
597 617
597 618
597 619
597 620
597 621
597 622
597 623
597 624
597 625
597 626
597 627
597 628
597 629
597 630
597 631
597 632
597 633
597 634
597 635
597 636
597 637
597 638
597 639
597 640
597 641
597 642
597 643
597 644
597 645
597 646
598 598
598 599
598 600
598 601
598 602
598 603
598 604
598 605
598 606
598 607
598 608
598 609
598 610
598 611
598 612
598 613
598 614
598 615
598 616
598 617
598 618
598 619
598 620
598 621
598 622
598 623
598 624
598 625
598 626
598 627
598 628
598 629
598 630
598 631
598 632
598 633
598 634
598 635
598 636
598 637
598 638
598 639
598 640
598 641
598 642
598 643
598 644
598 645
598 646
598 647
599 599
599 600
599 601
599 602
599 603
599 604
599 605
599 606
599 607
599 608
599 609
599 610
599 611
599 612
599 613
599 614
599 615
599 616
599 617
599 618
599 619
599 620
599 621
599 622
599 623
599 624
599 625
599 626
599 627
599 628
599 629
599 630
599 631
599 632
599 633
599 634
599 635
599 636
599 637
599 638
599 639
599 640
599 641
599 642
599 643
599 644
599 645
599 646
599 647
599 648
600 600
600 601
600 602
600 603
600 604
600 605
600 606
600 607
600 608
600 609
600 610
600 611
600 612
600 613
600 614
600 615
600 616
600 617
600 618
600 619
600 620
600 621
600 622
600 623
600 624
600 625
600 626
600 627
600 628
600 629
600 630
600 631
600 632
600 633
600 634
600 635
600 636
600 637
600 638
600 639
600 640
600 641
600 642
600 643
600 644
600 645
600 646
600 647
600 648
600 649
601 601
601 602
601 603
601 604
601 605
601 606
601 607
601 608
601 609
601 610
601 611
601 612
601 613
601 614
601 615
601 616
601 617
601 618
601 619
601 620
601 621
601 622
601 623
601 624
601 625
601 626
601 627
601 628
601 629
601 630
601 631
601 632
601 633
601 634
601 635
601 636
601 637
601 638
601 639
601 640
601 641
601 642
601 643
601 644
601 645
601 646
601 647
601 648
601 649
601 650
602 602
602 603
602 604
602 605
602 606
602 607
602 608
602 609
602 610
602 611
602 612
602 613
602 614
602 615
602 616
602 617
602 618
602 619
602 620
602 621
602 622
602 623
602 624
602 625
602 626
602 627
602 628
602 629
602 630
602 631
602 632
602 633
602 634
602 635
602 636
602 637
602 638
602 639
602 640
602 641
602 642
602 643
602 644
602 645
602 646
602 647
602 648
602 649
602 650
602 651
603 603
603 604
603 605
603 606
603 607
603 608
603 609
603 610
603 611
603 612
603 613
603 614
603 615
603 616
603 617
603 618
603 619
603 620
603 621
603 622
603 623
603 624
603 625
603 626
603 627
603 628
603 629
603 630
603 631
603 632
603 633
603 634
603 635
603 636
603 637
603 638
603 639
603 640
603 641
603 642
603 643
603 644
603 645
603 646
603 647
603 648
603 649
603 650
603 651
603 652
604 604
604 605
604 606
604 607
604 608
604 609
604 610
604 611
604 612
604 613
604 614
604 615
604 616
604 617
604 618
604 619
604 620
604 621
604 622
604 623
604 624
604 625
604 626
604 627
604 628
604 629
604 630
604 631
604 632
604 633
604 634
604 635
604 636
604 637
604 638
604 639
604 640
604 641
604 642
604 643
604 644
604 645
604 646
604 647
604 648
604 649
604 650
604 651
604 652
604 653
605 605
605 606
605 607
605 608
605 609
605 610
605 611
605 612
605 613
605 614
605 615
605 616
605 617
605 618
605 619
605 620
605 621
605 622
605 623
605 624
605 625
605 626
605 627
605 628
605 629
605 630
605 631
605 632
605 633
605 634
605 635
605 636
605 637
605 638
605 639
605 640
605 641
605 642
605 643
605 644
605 645
605 646
605 647
605 648
605 649
605 650
605 651
605 652
605 653
605 654
606 606
606 607
606 608
606 609
606 610
606 611
606 612
606 613
606 614
606 615
606 616
606 617
606 618
606 619
606 620
606 621
606 622
606 623
606 624
606 625
606 626
606 627
606 628
606 629
606 630
606 631
606 632
606 633
606 634
606 635
606 636
606 637
606 638
606 639
606 640
606 641
606 642
606 643
606 644
606 645
606 646
606 647
606 648
606 649
606 650
606 651
606 652
606 653
606 654
606 655
607 607
607 608
607 609
607 610
607 611
607 612
607 613
607 614
607 615
607 616
607 617
607 618
607 619
607 620
607 621
607 622
607 623
607 624
607 625
607 626
607 627
607 628
607 629
607 630
607 631
607 632
607 633
607 634
607 635
607 636
607 637
607 638
607 639
607 640
607 641
607 642
607 643
607 644
607 645
607 646
607 647
607 648
607 649
607 650
607 651
607 652
607 653
607 654
607 655
607 656
608 608
608 609
608 610
608 611
608 612
608 613
608 614
608 615
608 616
608 617
608 618
608 619
608 620
608 621
608 622
608 623
608 624
608 625
608 626
608 627
608 628
608 629
608 630
608 631
608 632
608 633
608 634
608 635
608 636
608 637
608 638
608 639
608 640
608 641
608 642
608 643
608 644
608 645
608 646
608 647
608 648
608 649
608 650
608 651
608 652
608 653
608 654
608 655
608 656
608 657
609 609
609 610
609 611
609 612
609 613
609 614
609 615
609 616
609 617
609 618
609 619
609 620
609 621
609 622
609 623
609 624
609 625
609 626
609 627
609 628
609 629
609 630
609 631
609 632
609 633
609 634
609 635
609 636
609 637
609 638
609 639
609 640
609 641
609 642
609 643
609 644
609 645
609 646
609 647
609 648
609 649
609 650
609 651
609 652
609 653
609 654
609 655
609 656
609 657
609 658
610 610
610 611
610 612
610 613
610 614
610 615
610 616
610 617
610 618
610 619
610 620
610 621
610 622
610 623
610 624
610 625
610 626
610 627
610 628
610 629
610 630
610 631
610 632
610 633
610 634
610 635
610 636
610 637
610 638
610 639
610 640
610 641
610 642
610 643
610 644
610 645
610 646
610 647
610 648
610 649
610 650
610 651
610 652
610 653
610 654
610 655
610 656
610 657
610 658
610 659
611 611
611 612
611 613
611 614
611 615
611 616
611 617
611 618
611 619
611 620
611 621
611 622
611 623
611 624
611 625
611 626
611 627
611 628
611 629
611 630
611 631
611 632
611 633
611 634
611 635
611 636
611 637
611 638
611 639
611 640
611 641
611 642
611 643
611 644
611 645
611 646
611 647
611 648
611 649
611 650
611 651
611 652
611 653
611 654
611 655
611 656
611 657
611 658
611 659
611 660
612 612
612 613
612 614
612 615
612 616
612 617
612 618
612 619
612 620
612 621
612 622
612 623
612 624
612 625
612 626
612 627
612 628
612 629
612 630
612 631
612 632
612 633
612 634
612 635
612 636
612 637
612 638
612 639
612 640
612 641
612 642
612 643
612 644
612 645
612 646
612 647
612 648
612 649
612 650
612 651
612 652
612 653
612 654
612 655
612 656
612 657
612 658
612 659
612 660
612 661
613 613
613 614
613 615
613 616
613 617
613 618
613 619
613 620
613 621
613 622
613 623
613 624
613 625
613 626
613 627
613 628
613 629
613 630
613 631
613 632
613 633
613 634
613 635
613 636
613 637
613 638
613 639
613 640
613 641
613 642
613 643
613 644
613 645
613 646
613 647
613 648
613 649
613 650
613 651
613 652
613 653
613 654
613 655
613 656
613 657
613 658
613 659
613 660
613 661
613 662
614 614
614 615
614 616
614 617
614 618
614 619
614 620
614 621
614 622
614 623
614 624
614 625
614 626
614 627
614 628
614 629
614 630
614 631
614 632
614 633
614 634
614 635
614 636
614 637
614 638
614 639
614 640
614 641
614 642
614 643
614 644
614 645
614 646
614 647
614 648
614 649
614 650
614 651
614 652
614 653
614 654
614 655
614 656
614 657
614 658
614 659
614 660
614 661
614 662
614 663
615 615
615 616
615 617
615 618
615 619
615 620
615 621
615 622
615 623
615 624
615 625
615 626
615 627
615 628
615 629
615 630
615 631
615 632
615 633
615 634
615 635
615 636
615 637
615 638
615 639
615 640
615 641
615 642
615 643
615 644
615 645
615 646
615 647
615 648
615 649
615 650
615 651
615 652
615 653
615 654
615 655
615 656
615 657
615 658
615 659
615 660
615 661
615 662
615 663
615 664
616 616
616 617
616 618
616 619
616 620
616 621
616 622
616 623
616 624
616 625
616 626
616 627
616 628
616 629
616 630
616 631
616 632
616 633
616 634
616 635
616 636
616 637
616 638
616 639
616 640
616 641
616 642
616 643
616 644
616 645
616 646
616 647
616 648
616 649
616 650
616 651
616 652
616 653
616 654
616 655
616 656
616 657
616 658
616 659
616 660
616 661
616 662
616 663
616 664
616 665
617 617
617 618
617 619
617 620
617 621
617 622
617 623
617 624
617 625
617 626
617 627
617 628
617 629
617 630
617 631
617 632
617 633
617 634
617 635
617 636
617 637
617 638
617 639
617 640
617 641
617 642
617 643
617 644
617 645
617 646
617 647
617 648
617 649
617 650
617 651
617 652
617 653
617 654
617 655
617 656
617 657
617 658
617 659
617 660
617 661
617 662
617 663
617 664
617 665
617 666
618 618
618 619
618 620
618 621
618 622
618 623
618 624
618 625
618 626
618 627
618 628
618 629
618 630
618 631
618 632
618 633
618 634
618 635
618 636
618 637
618 638
618 639
618 640
618 641
618 642
618 643
618 644
618 645
618 646
618 647
618 648
618 649
618 650
618 651
618 652
618 653
618 654
618 655
618 656
618 657
618 658
618 659
618 660
618 661
618 662
618 663
618 664
618 665
618 666
618 667
619 619
619 620
619 621
619 622
619 623
619 624
619 625
619 626
619 627
619 628
619 629
619 630
619 631
619 632
619 633
619 634
619 635
619 636
619 637
619 638
619 639
619 640
619 641
619 642
619 643
619 644
619 645
619 646
619 647
619 648
619 649
619 650
619 651
619 652
619 653
619 654
619 655
619 656
619 657
619 658
619 659
619 660
619 661
619 662
619 663
619 664
619 665
619 666
619 667
619 668
620 620
620 621
620 622
620 623
620 624
620 625
620 626
620 627
620 628
620 629
620 630
620 631
620 632
620 633
620 634
620 635
620 636
620 637
620 638
620 639
620 640
620 641
620 642
620 643
620 644
620 645
620 646
620 647
620 648
620 649
620 650
620 651
620 652
620 653
620 654
620 655
620 656
620 657
620 658
620 659
620 660
620 661
620 662
620 663
620 664
620 665
620 666
620 667
620 668
620 669
621 621
621 622
621 623
621 624
621 625
621 626
621 627
621 628
621 629
621 630
621 631
621 632
621 633
621 634
621 635
621 636
621 637
621 638
621 639
621 640
621 641
621 642
621 643
621 644
621 645
621 646
621 647
621 648
621 649
621 650
621 651
621 652
621 653
621 654
621 655
621 656
621 657
621 658
621 659
621 660
621 661
621 662
621 663
621 664
621 665
621 666
621 667
621 668
621 669
621 670
622 622
622 623
622 624
622 625
622 626
622 627
622 628
622 629
622 630
622 631
622 632
622 633
622 634
622 635
622 636
622 637
622 638
622 639
622 640
622 641
622 642
622 643
622 644
622 645
622 646
622 647
622 648
622 649
622 650
622 651
622 652
622 653
622 654
622 655
622 656
622 657
622 658
622 659
622 660
622 661
622 662
622 663
622 664
622 665
622 666
622 667
622 668
622 669
622 670
622 671
623 623
623 624
623 625
623 626
623 627
623 628
623 629
623 630
623 631
623 632
623 633
623 634
623 635
623 636
623 637
623 638
623 639
623 640
623 641
623 642
623 643
623 644
623 645
623 646
623 647
623 648
623 649
623 650
623 651
623 652
623 653
623 654
623 655
623 656
623 657
623 658
623 659
623 660
623 661
623 662
623 663
623 664
623 665
623 666
623 667
623 668
623 669
623 670
623 671
623 672
624 624
624 625
624 626
624 627
624 628
624 629
624 630
624 631
624 632
624 633
624 634
624 635
624 636
624 637
624 638
624 639
624 640
624 641
624 642
624 643
624 644
624 645
624 646
624 647
624 648
624 649
624 650
624 651
624 652
624 653
624 654
624 655
624 656
624 657
624 658
624 659
624 660
624 661
624 662
624 663
624 664
624 665
624 666
624 667
624 668
624 669
624 670
624 671
624 672
624 673
625 625
625 626
625 627
625 628
625 629
625 630
625 631
625 632
625 633
625 634
625 635
625 636
625 637
625 638
625 639
625 640
625 641
625 642
625 643
625 644
625 645
625 646
625 647
625 648
625 649
625 650
625 651
625 652
625 653
625 654
625 655
625 656
625 657
625 658
625 659
625 660
625 661
625 662
625 663
625 664
625 665
625 666
625 667
625 668
625 669
625 670
625 671
625 672
625 673
625 674
626 626
626 627
626 628
626 629
626 630
626 631
626 632
626 633
626 634
626 635
626 636
626 637
626 638
626 639
626 640
626 641
626 642
626 643
626 644
626 645
626 646
626 647
626 648
626 649
626 650
626 651
626 652
626 653
626 654
626 655
626 656
626 657
626 658
626 659
626 660
626 661
626 662
626 663
626 664
626 665
626 666
626 667
626 668
626 669
626 670
626 671
626 672
626 673
626 674
626 675
627 627
627 628
627 629
627 630
627 631
627 632
627 633
627 634
627 635
627 636
627 637
627 638
627 639
627 640
627 641
627 642
627 643
627 644
627 645
627 646
627 647
627 648
627 649
627 650
627 651
627 652
627 653
627 654
627 655
627 656
627 657
627 658
627 659
627 660
627 661
627 662
627 663
627 664
627 665
627 666
627 667
627 668
627 669
627 670
627 671
627 672
627 673
627 674
627 675
627 676
628 628
628 629
628 630
628 631
628 632
628 633
628 634
628 635
628 636
628 637
628 638
628 639
628 640
628 641
628 642
628 643
628 644
628 645
628 646
628 647
628 648
628 649
628 650
628 651
628 652
628 653
628 654
628 655
628 656
628 657
628 658
628 659
628 660
628 661
628 662
628 663
628 664
628 665
628 666
628 667
628 668
628 669
628 670
628 671
628 672
628 673
628 674
628 675
628 676
628 677
629 629
629 630
629 631
629 632
629 633
629 634
629 635
629 636
629 637
629 638
629 639
629 640
629 641
629 642
629 643
629 644
629 645
629 646
629 647
629 648
629 649
629 650
629 651
629 652
629 653
629 654
629 655
629 656
629 657
629 658
629 659
629 660
629 661
629 662
629 663
629 664
629 665
629 666
629 667
629 668
629 669
629 670
629 671
629 672
629 673
629 674
629 675
629 676
629 677
629 678
630 630
630 631
630 632
630 633
630 634
630 635
630 636
630 637
630 638
630 639
630 640
630 641
630 642
630 643
630 644
630 645
630 646
630 647
630 648
630 649
630 650
630 651
630 652
630 653
630 654
630 655
630 656
630 657
630 658
630 659
630 660
630 661
630 662
630 663
630 664
630 665
630 666
630 667
630 668
630 669
630 670
630 671
630 672
630 673
630 674
630 675
630 676
630 677
630 678
630 679
631 631
631 632
631 633
631 634
631 635
631 636
631 637
631 638
631 639
631 640
631 641
631 642
631 643
631 644
631 645
631 646
631 647
631 648
631 649
631 650
631 651
631 652
631 653
631 654
631 655
631 656
631 657
631 658
631 659
631 660
631 661
631 662
631 663
631 664
631 665
631 666
631 667
631 668
631 669
631 670
631 671
631 672
631 673
631 674
631 675
631 676
631 677
631 678
631 679
631 680
632 632
632 633
632 634
632 635
632 636
632 637
632 638
632 639
632 640
632 641
632 642
632 643
632 644
632 645
632 646
632 647
632 648
632 649
632 650
632 651
632 652
632 653
632 654
632 655
632 656
632 657
632 658
632 659
632 660
632 661
632 662
632 663
632 664
632 665
632 666
632 667
632 668
632 669
632 670
632 671
632 672
632 673
632 674
632 675
632 676
632 677
632 678
632 679
632 680
632 681
633 633
633 634
633 635
633 636
633 637
633 638
633 639
633 640
633 641
633 642
633 643
633 644
633 645
633 646
633 647
633 648
633 649
633 650
633 651
633 652
633 653
633 654
633 655
633 656
633 657
633 658
633 659
633 660
633 661
633 662
633 663
633 664
633 665
633 666
633 667
633 668
633 669
633 670
633 671
633 672
633 673
633 674
633 675
633 676
633 677
633 678
633 679
633 680
633 681
633 682
634 634
634 635
634 636
634 637
634 638
634 639
634 640
634 641
634 642
634 643
634 644
634 645
634 646
634 647
634 648
634 649
634 650
634 651
634 652
634 653
634 654
634 655
634 656
634 657
634 658
634 659
634 660
634 661
634 662
634 663
634 664
634 665
634 666
634 667
634 668
634 669
634 670
634 671
634 672
634 673
634 674
634 675
634 676
634 677
634 678
634 679
634 680
634 681
634 682
634 683
635 635
635 636
635 637
635 638
635 639
635 640
635 641
635 642
635 643
635 644
635 645
635 646
635 647
635 648
635 649
635 650
635 651
635 652
635 653
635 654
635 655
635 656
635 657
635 658
635 659
635 660
635 661
635 662
635 663
635 664
635 665
635 666
635 667
635 668
635 669
635 670
635 671
635 672
635 673
635 674
635 675
635 676
635 677
635 678
635 679
635 680
635 681
635 682
635 683
635 684
636 636
636 637
636 638
636 639
636 640
636 641
636 642
636 643
636 644
636 645
636 646
636 647
636 648
636 649
636 650
636 651
636 652
636 653
636 654
636 655
636 656
636 657
636 658
636 659
636 660
636 661
636 662
636 663
636 664
636 665
636 666
636 667
636 668
636 669
636 670
636 671
636 672
636 673
636 674
636 675
636 676
636 677
636 678
636 679
636 680
636 681
636 682
636 683
636 684
636 685
637 637
637 638
637 639
637 640
637 641
637 642
637 643
637 644
637 645
637 646
637 647
637 648
637 649
637 650
637 651
637 652
637 653
637 654
637 655
637 656
637 657
637 658
637 659
637 660
637 661
637 662
637 663
637 664
637 665
637 666
637 667
637 668
637 669
637 670
637 671
637 672
637 673
637 674
637 675
637 676
637 677
637 678
637 679
637 680
637 681
637 682
637 683
637 684
637 685
637 686
638 638
638 639
638 640
638 641
638 642
638 643
638 644
638 645
638 646
638 647
638 648
638 649
638 650
638 651
638 652
638 653
638 654
638 655
638 656
638 657
638 658
638 659
638 660
638 661
638 662
638 663
638 664
638 665
638 666
638 667
638 668
638 669
638 670
638 671
638 672
638 673
638 674
638 675
638 676
638 677
638 678
638 679
638 680
638 681
638 682
638 683
638 684
638 685
638 686
638 687
639 639
639 640
639 641
639 642
639 643
639 644
639 645
639 646
639 647
639 648
639 649
639 650
639 651
639 652
639 653
639 654
639 655
639 656
639 657
639 658
639 659
639 660
639 661
639 662
639 663
639 664
639 665
639 666
639 667
639 668
639 669
639 670
639 671
639 672
639 673
639 674
639 675
639 676
639 677
639 678
639 679
639 680
639 681
639 682
639 683
639 684
639 685
639 686
639 687
639 688
640 640
640 641
640 642
640 643
640 644
640 645
640 646
640 647
640 648
640 649
640 650
640 651
640 652
640 653
640 654
640 655
640 656
640 657
640 658
640 659
640 660
640 661
640 662
640 663
640 664
640 665
640 666
640 667
640 668
640 669
640 670
640 671
640 672
640 673
640 674
640 675
640 676
640 677
640 678
640 679
640 680
640 681
640 682
640 683
640 684
640 685
640 686
640 687
640 688
640 689
641 641
641 642
641 643
641 644
641 645
641 646
641 647
641 648
641 649
641 650
641 651
641 652
641 653
641 654
641 655
641 656
641 657
641 658
641 659
641 660
641 661
641 662
641 663
641 664
641 665
641 666
641 667
641 668
641 669
641 670
641 671
641 672
641 673
641 674
641 675
641 676
641 677
641 678
641 679
641 680
641 681
641 682
641 683
641 684
641 685
641 686
641 687
641 688
641 689
641 690
642 642
642 643
642 644
642 645
642 646
642 647
642 648
642 649
642 650
642 651
642 652
642 653
642 654
642 655
642 656
642 657
642 658
642 659
642 660
642 661
642 662
642 663
642 664
642 665
642 666
642 667
642 668
642 669
642 670
642 671
642 672
642 673
642 674
642 675
642 676
642 677
642 678
642 679
642 680
642 681
642 682
642 683
642 684
642 685
642 686
642 687
642 688
642 689
642 690
642 691
643 643
643 644
643 645
643 646
643 647
643 648
643 649
643 650
643 651
643 652
643 653
643 654
643 655
643 656
643 657
643 658
643 659
643 660
643 661
643 662
643 663
643 664
643 665
643 666
643 667
643 668
643 669
643 670
643 671
643 672
643 673
643 674
643 675
643 676
643 677
643 678
643 679
643 680
643 681
643 682
643 683
643 684
643 685
643 686
643 687
643 688
643 689
643 690
643 691
643 692
644 644
644 645
644 646
644 647
644 648
644 649
644 650
644 651
644 652
644 653
644 654
644 655
644 656
644 657
644 658
644 659
644 660
644 661
644 662
644 663
644 664
644 665
644 666
644 667
644 668
644 669
644 670
644 671
644 672
644 673
644 674
644 675
644 676
644 677
644 678
644 679
644 680
644 681
644 682
644 683
644 684
644 685
644 686
644 687
644 688
644 689
644 690
644 691
644 692
644 693
645 645
645 646
645 647
645 648
645 649
645 650
645 651
645 652
645 653
645 654
645 655
645 656
645 657
645 658
645 659
645 660
645 661
645 662
645 663
645 664
645 665
645 666
645 667
645 668
645 669
645 670
645 671
645 672
645 673
645 674
645 675
645 676
645 677
645 678
645 679
645 680
645 681
645 682
645 683
645 684
645 685
645 686
645 687
645 688
645 689
645 690
645 691
645 692
645 693
645 694
646 646
646 647
646 648
646 649
646 650
646 651
646 652
646 653
646 654
646 655
646 656
646 657
646 658
646 659
646 660
646 661
646 662
646 663
646 664
646 665
646 666
646 667
646 668
646 669
646 670
646 671
646 672
646 673
646 674
646 675
646 676
646 677
646 678
646 679
646 680
646 681
646 682
646 683
646 684
646 685
646 686
646 687
646 688
646 689
646 690
646 691
646 692
646 693
646 694
646 695
647 647
647 648
647 649
647 650
647 651
647 652
647 653
647 654
647 655
647 656
647 657
647 658
647 659
647 660
647 661
647 662
647 663
647 664
647 665
647 666
647 667
647 668
647 669
647 670
647 671
647 672
647 673
647 674
647 675
647 676
647 677
647 678
647 679
647 680
647 681
647 682
647 683
647 684
647 685
647 686
647 687
647 688
647 689
647 690
647 691
647 692
647 693
647 694
647 695
647 696
648 648
648 649
648 650
648 651
648 652
648 653
648 654
648 655
648 656
648 657
648 658
648 659
648 660
648 661
648 662
648 663
648 664
648 665
648 666
648 667
648 668
648 669
648 670
648 671
648 672
648 673
648 674
648 675
648 676
648 677
648 678
648 679
648 680
648 681
648 682
648 683
648 684
648 685
648 686
648 687
648 688
648 689
648 690
648 691
648 692
648 693
648 694
648 695
648 696
648 697
649 649
649 650
649 651
649 652
649 653
649 654
649 655
649 656
649 657
649 658
649 659
649 660
649 661
649 662
649 663
649 664
649 665
649 666
649 667
649 668
649 669
649 670
649 671
649 672
649 673
649 674
649 675
649 676
649 677
649 678
649 679
649 680
649 681
649 682
649 683
649 684
649 685
649 686
649 687
649 688
649 689
649 690
649 691
649 692
649 693
649 694
649 695
649 696
649 697
649 698
650 650
650 651
650 652
650 653
650 654
650 655
650 656
650 657
650 658
650 659
650 660
650 661
650 662
650 663
650 664
650 665
650 666
650 667
650 668
650 669
650 670
650 671
650 672
650 673
650 674
650 675
650 676
650 677
650 678
650 679
650 680
650 681
650 682
650 683
650 684
650 685
650 686
650 687
650 688
650 689
650 690
650 691
650 692
650 693
650 694
650 695
650 696
650 697
650 698
650 699
651 651
651 652
651 653
651 654
651 655
651 656
651 657
651 658
651 659
651 660
651 661
651 662
651 663
651 664
651 665
651 666
651 667
651 668
651 669
651 670
651 671
651 672
651 673
651 674
651 675
651 676
651 677
651 678
651 679
651 680
651 681
651 682
651 683
651 684
651 685
651 686
651 687
651 688
651 689
651 690
651 691
651 692
651 693
651 694
651 695
651 696
651 697
651 698
651 699
651 700
652 652
652 653
652 654
652 655
652 656
652 657
652 658
652 659
652 660
652 661
652 662
652 663
652 664
652 665
652 666
652 667
652 668
652 669
652 670
652 671
652 672
652 673
652 674
652 675
652 676
652 677
652 678
652 679
652 680
652 681
652 682
652 683
652 684
652 685
652 686
652 687
652 688
652 689
652 690
652 691
652 692
652 693
652 694
652 695
652 696
652 697
652 698
652 699
652 700
652 701
653 653
653 654
653 655
653 656
653 657
653 658
653 659
653 660
653 661
653 662
653 663
653 664
653 665
653 666
653 667
653 668
653 669
653 670
653 671
653 672
653 673
653 674
653 675
653 676
653 677
653 678
653 679
653 680
653 681
653 682
653 683
653 684
653 685
653 686
653 687
653 688
653 689
653 690
653 691
653 692
653 693
653 694
653 695
653 696
653 697
653 698
653 699
653 700
653 701
653 702
654 654
654 655
654 656
654 657
654 658
654 659
654 660
654 661
654 662
654 663
654 664
654 665
654 666
654 667
654 668
654 669
654 670
654 671
654 672
654 673
654 674
654 675
654 676
654 677
654 678
654 679
654 680
654 681
654 682
654 683
654 684
654 685
654 686
654 687
654 688
654 689
654 690
654 691
654 692
654 693
654 694
654 695
654 696
654 697
654 698
654 699
654 700
654 701
654 702
654 703
655 655
655 656
655 657
655 658
655 659
655 660
655 661
655 662
655 663
655 664
655 665
655 666
655 667
655 668
655 669
655 670
655 671
655 672
655 673
655 674
655 675
655 676
655 677
655 678
655 679
655 680
655 681
655 682
655 683
655 684
655 685
655 686
655 687
655 688
655 689
655 690
655 691
655 692
655 693
655 694
655 695
655 696
655 697
655 698
655 699
655 700
655 701
655 702
655 703
655 704
656 656
656 657
656 658
656 659
656 660
656 661
656 662
656 663
656 664
656 665
656 666
656 667
656 668
656 669
656 670
656 671
656 672
656 673
656 674
656 675
656 676
656 677
656 678
656 679
656 680
656 681
656 682
656 683
656 684
656 685
656 686
656 687
656 688
656 689
656 690
656 691
656 692
656 693
656 694
656 695
656 696
656 697
656 698
656 699
656 700
656 701
656 702
656 703
656 704
656 705
657 657
657 658
657 659
657 660
657 661
657 662
657 663
657 664
657 665
657 666
657 667
657 668
657 669
657 670
657 671
657 672
657 673
657 674
657 675
657 676
657 677
657 678
657 679
657 680
657 681
657 682
657 683
657 684
657 685
657 686
657 687
657 688
657 689
657 690
657 691
657 692
657 693
657 694
657 695
657 696
657 697
657 698
657 699
657 700
657 701
657 702
657 703
657 704
657 705
657 706
658 658
658 659
658 660
658 661
658 662
658 663
658 664
658 665
658 666
658 667
658 668
658 669
658 670
658 671
658 672
658 673
658 674
658 675
658 676
658 677
658 678
658 679
658 680
658 681
658 682
658 683
658 684
658 685
658 686
658 687
658 688
658 689
658 690
658 691
658 692
658 693
658 694
658 695
658 696
658 697
658 698
658 699
658 700
658 701
658 702
658 703
658 704
658 705
658 706
658 707
659 659
659 660
659 661
659 662
659 663
659 664
659 665
659 666
659 667
659 668
659 669
659 670
659 671
659 672
659 673
659 674
659 675
659 676
659 677
659 678
659 679
659 680
659 681
659 682
659 683
659 684
659 685
659 686
659 687
659 688
659 689
659 690
659 691
659 692
659 693
659 694
659 695
659 696
659 697
659 698
659 699
659 700
659 701
659 702
659 703
659 704
659 705
659 706
659 707
659 708
660 660
660 661
660 662
660 663
660 664
660 665
660 666
660 667
660 668
660 669
660 670
660 671
660 672
660 673
660 674
660 675
660 676
660 677
660 678
660 679
660 680
660 681
660 682
660 683
660 684
660 685
660 686
660 687
660 688
660 689
660 690
660 691
660 692
660 693
660 694
660 695
660 696
660 697
660 698
660 699
660 700
660 701
660 702
660 703
660 704
660 705
660 706
660 707
660 708
660 709
661 661
661 662
661 663
661 664
661 665
661 666
661 667
661 668
661 669
661 670
661 671
661 672
661 673
661 674
661 675
661 676
661 677
661 678
661 679
661 680
661 681
661 682
661 683
661 684
661 685
661 686
661 687
661 688
661 689
661 690
661 691
661 692
661 693
661 694
661 695
661 696
661 697
661 698
661 699
661 700
661 701
661 702
661 703
661 704
661 705
661 706
661 707
661 708
661 709
661 710
662 662
662 663
662 664
662 665
662 666
662 667
662 668
662 669
662 670
662 671
662 672
662 673
662 674
662 675
662 676
662 677
662 678
662 679
662 680
662 681
662 682
662 683
662 684
662 685
662 686
662 687
662 688
662 689
662 690
662 691
662 692
662 693
662 694
662 695
662 696
662 697
662 698
662 699
662 700
662 701
662 702
662 703
662 704
662 705
662 706
662 707
662 708
662 709
662 710
662 711
663 663
663 664
663 665
663 666
663 667
663 668
663 669
663 670
663 671
663 672
663 673
663 674
663 675
663 676
663 677
663 678
663 679
663 680
663 681
663 682
663 683
663 684
663 685
663 686
663 687
663 688
663 689
663 690
663 691
663 692
663 693
663 694
663 695
663 696
663 697
663 698
663 699
663 700
663 701
663 702
663 703
663 704
663 705
663 706
663 707
663 708
663 709
663 710
663 711
663 712
664 664
664 665
664 666
664 667
664 668
664 669
664 670
664 671
664 672
664 673
664 674
664 675
664 676
664 677
664 678
664 679
664 680
664 681
664 682
664 683
664 684
664 685
664 686
664 687
664 688
664 689
664 690
664 691
664 692
664 693
664 694
664 695
664 696
664 697
664 698
664 699
664 700
664 701
664 702
664 703
664 704
664 705
664 706
664 707
664 708
664 709
664 710
664 711
664 712
664 713
665 665
665 666
665 667
665 668
665 669
665 670
665 671
665 672
665 673
665 674
665 675
665 676
665 677
665 678
665 679
665 680
665 681
665 682
665 683
665 684
665 685
665 686
665 687
665 688
665 689
665 690
665 691
665 692
665 693
665 694
665 695
665 696
665 697
665 698
665 699
665 700
665 701
665 702
665 703
665 704
665 705
665 706
665 707
665 708
665 709
665 710
665 711
665 712
665 713
665 714
666 666
666 667
666 668
666 669
666 670
666 671
666 672
666 673
666 674
666 675
666 676
666 677
666 678
666 679
666 680
666 681
666 682
666 683
666 684
666 685
666 686
666 687
666 688
666 689
666 690
666 691
666 692
666 693
666 694
666 695
666 696
666 697
666 698
666 699
666 700
666 701
666 702
666 703
666 704
666 705
666 706
666 707
666 708
666 709
666 710
666 711
666 712
666 713
666 714
666 715
667 667
667 668
667 669
667 670
667 671
667 672
667 673
667 674
667 675
667 676
667 677
667 678
667 679
667 680
667 681
667 682
667 683
667 684
667 685
667 686
667 687
667 688
667 689
667 690
667 691
667 692
667 693
667 694
667 695
667 696
667 697
667 698
667 699
667 700
667 701
667 702
667 703
667 704
667 705
667 706
667 707
667 708
667 709
667 710
667 711
667 712
667 713
667 714
667 715
667 716
668 668
668 669
668 670
668 671
668 672
668 673
668 674
668 675
668 676
668 677
668 678
668 679
668 680
668 681
668 682
668 683
668 684
668 685
668 686
668 687
668 688
668 689
668 690
668 691
668 692
668 693
668 694
668 695
668 696
668 697
668 698
668 699
668 700
668 701
668 702
668 703
668 704
668 705
668 706
668 707
668 708
668 709
668 710
668 711
668 712
668 713
668 714
668 715
668 716
668 717
669 669
669 670
669 671
669 672
669 673
669 674
669 675
669 676
669 677
669 678
669 679
669 680
669 681
669 682
669 683
669 684
669 685
669 686
669 687
669 688
669 689
669 690
669 691
669 692
669 693
669 694
669 695
669 696
669 697
669 698
669 699
669 700
669 701
669 702
669 703
669 704
669 705
669 706
669 707
669 708
669 709
669 710
669 711
669 712
669 713
669 714
669 715
669 716
669 717
669 718
670 670
670 671
670 672
670 673
670 674
670 675
670 676
670 677
670 678
670 679
670 680
670 681
670 682
670 683
670 684
670 685
670 686
670 687
670 688
670 689
670 690
670 691
670 692
670 693
670 694
670 695
670 696
670 697
670 698
670 699
670 700
670 701
670 702
670 703
670 704
670 705
670 706
670 707
670 708
670 709
670 710
670 711
670 712
670 713
670 714
670 715
670 716
670 717
670 718
670 719
671 671
671 672
671 673
671 674
671 675
671 676
671 677
671 678
671 679
671 680
671 681
671 682
671 683
671 684
671 685
671 686
671 687
671 688
671 689
671 690
671 691
671 692
671 693
671 694
671 695
671 696
671 697
671 698
671 699
671 700
671 701
671 702
671 703
671 704
671 705
671 706
671 707
671 708
671 709
671 710
671 711
671 712
671 713
671 714
671 715
671 716
671 717
671 718
671 719
671 720
672 672
672 673
672 674
672 675
672 676
672 677
672 678
672 679
672 680
672 681
672 682
672 683
672 684
672 685
672 686
672 687
672 688
672 689
672 690
672 691
672 692
672 693
672 694
672 695
672 696
672 697
672 698
672 699
672 700
672 701
672 702
672 703
672 704
672 705
672 706
672 707
672 708
672 709
672 710
672 711
672 712
672 713
672 714
672 715
672 716
672 717
672 718
672 719
672 720
672 721
673 673
673 674
673 675
673 676
673 677
673 678
673 679
673 680
673 681
673 682
673 683
673 684
673 685
673 686
673 687
673 688
673 689
673 690
673 691
673 692
673 693
673 694
673 695
673 696
673 697
673 698
673 699
673 700
673 701
673 702
673 703
673 704
673 705
673 706
673 707
673 708
673 709
673 710
673 711
673 712
673 713
673 714
673 715
673 716
673 717
673 718
673 719
673 720
673 721
673 722
674 674
674 675
674 676
674 677
674 678
674 679
674 680
674 681
674 682
674 683
674 684
674 685
674 686
674 687
674 688
674 689
674 690
674 691
674 692
674 693
674 694
674 695
674 696
674 697
674 698
674 699
674 700
674 701
674 702
674 703
674 704
674 705
674 706
674 707
674 708
674 709
674 710
674 711
674 712
674 713
674 714
674 715
674 716
674 717
674 718
674 719
674 720
674 721
674 722
674 723
675 675
675 676
675 677
675 678
675 679
675 680
675 681
675 682
675 683
675 684
675 685
675 686
675 687
675 688
675 689
675 690
675 691
675 692
675 693
675 694
675 695
675 696
675 697
675 698
675 699
675 700
675 701
675 702
675 703
675 704
675 705
675 706
675 707
675 708
675 709
675 710
675 711
675 712
675 713
675 714
675 715
675 716
675 717
675 718
675 719
675 720
675 721
675 722
675 723
675 724
676 676
676 677
676 678
676 679
676 680
676 681
676 682
676 683
676 684
676 685
676 686
676 687
676 688
676 689
676 690
676 691
676 692
676 693
676 694
676 695
676 696
676 697
676 698
676 699
676 700
676 701
676 702
676 703
676 704
676 705
676 706
676 707
676 708
676 709
676 710
676 711
676 712
676 713
676 714
676 715
676 716
676 717
676 718
676 719
676 720
676 721
676 722
676 723
676 724
676 725
677 677
677 678
677 679
677 680
677 681
677 682
677 683
677 684
677 685
677 686
677 687
677 688
677 689
677 690
677 691
677 692
677 693
677 694
677 695
677 696
677 697
677 698
677 699
677 700
677 701
677 702
677 703
677 704
677 705
677 706
677 707
677 708
677 709
677 710
677 711
677 712
677 713
677 714
677 715
677 716
677 717
677 718
677 719
677 720
677 721
677 722
677 723
677 724
677 725
677 726
678 678
678 679
678 680
678 681
678 682
678 683
678 684
678 685
678 686
678 687
678 688
678 689
678 690
678 691
678 692
678 693
678 694
678 695
678 696
678 697
678 698
678 699
678 700
678 701
678 702
678 703
678 704
678 705
678 706
678 707
678 708
678 709
678 710
678 711
678 712
678 713
678 714
678 715
678 716
678 717
678 718
678 719
678 720
678 721
678 722
678 723
678 724
678 725
678 726
678 727
679 679
679 680
679 681
679 682
679 683
679 684
679 685
679 686
679 687
679 688
679 689
679 690
679 691
679 692
679 693
679 694
679 695
679 696
679 697
679 698
679 699
679 700
679 701
679 702
679 703
679 704
679 705
679 706
679 707
679 708
679 709
679 710
679 711
679 712
679 713
679 714
679 715
679 716
679 717
679 718
679 719
679 720
679 721
679 722
679 723
679 724
679 725
679 726
679 727
679 728
680 680
680 681
680 682
680 683
680 684
680 685
680 686
680 687
680 688
680 689
680 690
680 691
680 692
680 693
680 694
680 695
680 696
680 697
680 698
680 699
680 700
680 701
680 702
680 703
680 704
680 705
680 706
680 707
680 708
680 709
680 710
680 711
680 712
680 713
680 714
680 715
680 716
680 717
680 718
680 719
680 720
680 721
680 722
680 723
680 724
680 725
680 726
680 727
680 728
680 729
681 681
681 682
681 683
681 684
681 685
681 686
681 687
681 688
681 689
681 690
681 691
681 692
681 693
681 694
681 695
681 696
681 697
681 698
681 699
681 700
681 701
681 702
681 703
681 704
681 705
681 706
681 707
681 708
681 709
681 710
681 711
681 712
681 713
681 714
681 715
681 716
681 717
681 718
681 719
681 720
681 721
681 722
681 723
681 724
681 725
681 726
681 727
681 728
681 729
681 730
682 682
682 683
682 684
682 685
682 686
682 687
682 688
682 689
682 690
682 691
682 692
682 693
682 694
682 695
682 696
682 697
682 698
682 699
682 700
682 701
682 702
682 703
682 704
682 705
682 706
682 707
682 708
682 709
682 710
682 711
682 712
682 713
682 714
682 715
682 716
682 717
682 718
682 719
682 720
682 721
682 722
682 723
682 724
682 725
682 726
682 727
682 728
682 729
682 730
682 731
683 683
683 684
683 685
683 686
683 687
683 688
683 689
683 690
683 691
683 692
683 693
683 694
683 695
683 696
683 697
683 698
683 699
683 700
683 701
683 702
683 703
683 704
683 705
683 706
683 707
683 708
683 709
683 710
683 711
683 712
683 713
683 714
683 715
683 716
683 717
683 718
683 719
683 720
683 721
683 722
683 723
683 724
683 725
683 726
683 727
683 728
683 729
683 730
683 731
683 732
684 684
684 685
684 686
684 687
684 688
684 689
684 690
684 691
684 692
684 693
684 694
684 695
684 696
684 697
684 698
684 699
684 700
684 701
684 702
684 703
684 704
684 705
684 706
684 707
684 708
684 709
684 710
684 711
684 712
684 713
684 714
684 715
684 716
684 717
684 718
684 719
684 720
684 721
684 722
684 723
684 724
684 725
684 726
684 727
684 728
684 729
684 730
684 731
684 732
684 733
685 685
685 686
685 687
685 688
685 689
685 690
685 691
685 692
685 693
685 694
685 695
685 696
685 697
685 698
685 699
685 700
685 701
685 702
685 703
685 704
685 705
685 706
685 707
685 708
685 709
685 710
685 711
685 712
685 713
685 714
685 715
685 716
685 717
685 718
685 719
685 720
685 721
685 722
685 723
685 724
685 725
685 726
685 727
685 728
685 729
685 730
685 731
685 732
685 733
685 734
686 686
686 687
686 688
686 689
686 690
686 691
686 692
686 693
686 694
686 695
686 696
686 697
686 698
686 699
686 700
686 701
686 702
686 703
686 704
686 705
686 706
686 707
686 708
686 709
686 710
686 711
686 712
686 713
686 714
686 715
686 716
686 717
686 718
686 719
686 720
686 721
686 722
686 723
686 724
686 725
686 726
686 727
686 728
686 729
686 730
686 731
686 732
686 733
686 734
686 735
687 687
687 688
687 689
687 690
687 691
687 692
687 693
687 694
687 695
687 696
687 697
687 698
687 699
687 700
687 701
687 702
687 703
687 704
687 705
687 706
687 707
687 708
687 709
687 710
687 711
687 712
687 713
687 714
687 715
687 716
687 717
687 718
687 719
687 720
687 721
687 722
687 723
687 724
687 725
687 726
687 727
687 728
687 729
687 730
687 731
687 732
687 733
687 734
687 735
687 736
688 688
688 689
688 690
688 691
688 692
688 693
688 694
688 695
688 696
688 697
688 698
688 699
688 700
688 701
688 702
688 703
688 704
688 705
688 706
688 707
688 708
688 709
688 710
688 711
688 712
688 713
688 714
688 715
688 716
688 717
688 718
688 719
688 720
688 721
688 722
688 723
688 724
688 725
688 726
688 727
688 728
688 729
688 730
688 731
688 732
688 733
688 734
688 735
688 736
688 737
689 689
689 690
689 691
689 692
689 693
689 694
689 695
689 696
689 697
689 698
689 699
689 700
689 701
689 702
689 703
689 704
689 705
689 706
689 707
689 708
689 709
689 710
689 711
689 712
689 713
689 714
689 715
689 716
689 717
689 718
689 719
689 720
689 721
689 722
689 723
689 724
689 725
689 726
689 727
689 728
689 729
689 730
689 731
689 732
689 733
689 734
689 735
689 736
689 737
689 738
690 690
690 691
690 692
690 693
690 694
690 695
690 696
690 697
690 698
690 699
690 700
690 701
690 702
690 703
690 704
690 705
690 706
690 707
690 708
690 709
690 710
690 711
690 712
690 713
690 714
690 715
690 716
690 717
690 718
690 719
690 720
690 721
690 722
690 723
690 724
690 725
690 726
690 727
690 728
690 729
690 730
690 731
690 732
690 733
690 734
690 735
690 736
690 737
690 738
690 739
691 691
691 692
691 693
691 694
691 695
691 696
691 697
691 698
691 699
691 700
691 701
691 702
691 703
691 704
691 705
691 706
691 707
691 708
691 709
691 710
691 711
691 712
691 713
691 714
691 715
691 716
691 717
691 718
691 719
691 720
691 721
691 722
691 723
691 724
691 725
691 726
691 727
691 728
691 729
691 730
691 731
691 732
691 733
691 734
691 735
691 736
691 737
691 738
691 739
691 740
692 692
692 693
692 694
692 695
692 696
692 697
692 698
692 699
692 700
692 701
692 702
692 703
692 704
692 705
692 706
692 707
692 708
692 709
692 710
692 711
692 712
692 713
692 714
692 715
692 716
692 717
692 718
692 719
692 720
692 721
692 722
692 723
692 724
692 725
692 726
692 727
692 728
692 729
692 730
692 731
692 732
692 733
692 734
692 735
692 736
692 737
692 738
692 739
692 740
692 741
693 693
693 694
693 695
693 696
693 697
693 698
693 699
693 700
693 701
693 702
693 703
693 704
693 705
693 706
693 707
693 708
693 709
693 710
693 711
693 712
693 713
693 714
693 715
693 716
693 717
693 718
693 719
693 720
693 721
693 722
693 723
693 724
693 725
693 726
693 727
693 728
693 729
693 730
693 731
693 732
693 733
693 734
693 735
693 736
693 737
693 738
693 739
693 740
693 741
693 742
694 694
694 695
694 696
694 697
694 698
694 699
694 700
694 701
694 702
694 703
694 704
694 705
694 706
694 707
694 708
694 709
694 710
694 711
694 712
694 713
694 714
694 715
694 716
694 717
694 718
694 719
694 720
694 721
694 722
694 723
694 724
694 725
694 726
694 727
694 728
694 729
694 730
694 731
694 732
694 733
694 734
694 735
694 736
694 737
694 738
694 739
694 740
694 741
694 742
694 743
695 695
695 696
695 697
695 698
695 699
695 700
695 701
695 702
695 703
695 704
695 705
695 706
695 707
695 708
695 709
695 710
695 711
695 712
695 713
695 714
695 715
695 716
695 717
695 718
695 719
695 720
695 721
695 722
695 723
695 724
695 725
695 726
695 727
695 728
695 729
695 730
695 731
695 732
695 733
695 734
695 735
695 736
695 737
695 738
695 739
695 740
695 741
695 742
695 743
695 744
696 696
696 697
696 698
696 699
696 700
696 701
696 702
696 703
696 704
696 705
696 706
696 707
696 708
696 709
696 710
696 711
696 712
696 713
696 714
696 715
696 716
696 717
696 718
696 719
696 720
696 721
696 722
696 723
696 724
696 725
696 726
696 727
696 728
696 729
696 730
696 731
696 732
696 733
696 734
696 735
696 736
696 737
696 738
696 739
696 740
696 741
696 742
696 743
696 744
696 745
697 697
697 698
697 699
697 700
697 701
697 702
697 703
697 704
697 705
697 706
697 707
697 708
697 709
697 710
697 711
697 712
697 713
697 714
697 715
697 716
697 717
697 718
697 719
697 720
697 721
697 722
697 723
697 724
697 725
697 726
697 727
697 728
697 729
697 730
697 731
697 732
697 733
697 734
697 735
697 736
697 737
697 738
697 739
697 740
697 741
697 742
697 743
697 744
697 745
697 746
698 698
698 699
698 700
698 701
698 702
698 703
698 704
698 705
698 706
698 707
698 708
698 709
698 710
698 711
698 712
698 713
698 714
698 715
698 716
698 717
698 718
698 719
698 720
698 721
698 722
698 723
698 724
698 725
698 726
698 727
698 728
698 729
698 730
698 731
698 732
698 733
698 734
698 735
698 736
698 737
698 738
698 739
698 740
698 741
698 742
698 743
698 744
698 745
698 746
698 747
699 699
699 700
699 701
699 702
699 703
699 704
699 705
699 706
699 707
699 708
699 709
699 710
699 711
699 712
699 713
699 714
699 715
699 716
699 717
699 718
699 719
699 720
699 721
699 722
699 723
699 724
699 725
699 726
699 727
699 728
699 729
699 730
699 731
699 732
699 733
699 734
699 735
699 736
699 737
699 738
699 739
699 740
699 741
699 742
699 743
699 744
699 745
699 746
699 747
699 748
700 700
700 701
700 702
700 703
700 704
700 705
700 706
700 707
700 708
700 709
700 710
700 711
700 712
700 713
700 714
700 715
700 716
700 717
700 718
700 719
700 720
700 721
700 722
700 723
700 724
700 725
700 726
700 727
700 728
700 729
700 730
700 731
700 732
700 733
700 734
700 735
700 736
700 737
700 738
700 739
700 740
700 741
700 742
700 743
700 744
700 745
700 746
700 747
700 748
700 749
701 701
701 702
701 703
701 704
701 705
701 706
701 707
701 708
701 709
701 710
701 711
701 712
701 713
701 714
701 715
701 716
701 717
701 718
701 719
701 720
701 721
701 722
701 723
701 724
701 725
701 726
701 727
701 728
701 729
701 730
701 731
701 732
701 733
701 734
701 735
701 736
701 737
701 738
701 739
701 740
701 741
701 742
701 743
701 744
701 745
701 746
701 747
701 748
701 749
701 750
702 702
702 703
702 704
702 705
702 706
702 707
702 708
702 709
702 710
702 711
702 712
702 713
702 714
702 715
702 716
702 717
702 718
702 719
702 720
702 721
702 722
702 723
702 724
702 725
702 726
702 727
702 728
702 729
702 730
702 731
702 732
702 733
702 734
702 735
702 736
702 737
702 738
702 739
702 740
702 741
702 742
702 743
702 744
702 745
702 746
702 747
702 748
702 749
702 750
702 751
703 703
703 704
703 705
703 706
703 707
703 708
703 709
703 710
703 711
703 712
703 713
703 714
703 715
703 716
703 717
703 718
703 719
703 720
703 721
703 722
703 723
703 724
703 725
703 726
703 727
703 728
703 729
703 730
703 731
703 732
703 733
703 734
703 735
703 736
703 737
703 738
703 739
703 740
703 741
703 742
703 743
703 744
703 745
703 746
703 747
703 748
703 749
703 750
703 751
703 752
704 704
704 705
704 706
704 707
704 708
704 709
704 710
704 711
704 712
704 713
704 714
704 715
704 716
704 717
704 718
704 719
704 720
704 721
704 722
704 723
704 724
704 725
704 726
704 727
704 728
704 729
704 730
704 731
704 732
704 733
704 734
704 735
704 736
704 737
704 738
704 739
704 740
704 741
704 742
704 743
704 744
704 745
704 746
704 747
704 748
704 749
704 750
704 751
704 752
704 753
705 705
705 706
705 707
705 708
705 709
705 710
705 711
705 712
705 713
705 714
705 715
705 716
705 717
705 718
705 719
705 720
705 721
705 722
705 723
705 724
705 725
705 726
705 727
705 728
705 729
705 730
705 731
705 732
705 733
705 734
705 735
705 736
705 737
705 738
705 739
705 740
705 741
705 742
705 743
705 744
705 745
705 746
705 747
705 748
705 749
705 750
705 751
705 752
705 753
705 754
706 706
706 707
706 708
706 709
706 710
706 711
706 712
706 713
706 714
706 715
706 716
706 717
706 718
706 719
706 720
706 721
706 722
706 723
706 724
706 725
706 726
706 727
706 728
706 729
706 730
706 731
706 732
706 733
706 734
706 735
706 736
706 737
706 738
706 739
706 740
706 741
706 742
706 743
706 744
706 745
706 746
706 747
706 748
706 749
706 750
706 751
706 752
706 753
706 754
706 755
707 707
707 708
707 709
707 710
707 711
707 712
707 713
707 714
707 715
707 716
707 717
707 718
707 719
707 720
707 721
707 722
707 723
707 724
707 725
707 726
707 727
707 728
707 729
707 730
707 731
707 732
707 733
707 734
707 735
707 736
707 737
707 738
707 739
707 740
707 741
707 742
707 743
707 744
707 745
707 746
707 747
707 748
707 749
707 750
707 751
707 752
707 753
707 754
707 755
707 756
708 708
708 709
708 710
708 711
708 712
708 713
708 714
708 715
708 716
708 717
708 718
708 719
708 720
708 721
708 722
708 723
708 724
708 725
708 726
708 727
708 728
708 729
708 730
708 731
708 732
708 733
708 734
708 735
708 736
708 737
708 738
708 739
708 740
708 741
708 742
708 743
708 744
708 745
708 746
708 747
708 748
708 749
708 750
708 751
708 752
708 753
708 754
708 755
708 756
708 757
709 709
709 710
709 711
709 712
709 713
709 714
709 715
709 716
709 717
709 718
709 719
709 720
709 721
709 722
709 723
709 724
709 725
709 726
709 727
709 728
709 729
709 730
709 731
709 732
709 733
709 734
709 735
709 736
709 737
709 738
709 739
709 740
709 741
709 742
709 743
709 744
709 745
709 746
709 747
709 748
709 749
709 750
709 751
709 752
709 753
709 754
709 755
709 756
709 757
709 758
710 710
710 711
710 712
710 713
710 714
710 715
710 716
710 717
710 718
710 719
710 720
710 721
710 722
710 723
710 724
710 725
710 726
710 727
710 728
710 729
710 730
710 731
710 732
710 733
710 734
710 735
710 736
710 737
710 738
710 739
710 740
710 741
710 742
710 743
710 744
710 745
710 746
710 747
710 748
710 749
710 750
710 751
710 752
710 753
710 754
710 755
710 756
710 757
710 758
710 759
711 711
711 712
711 713
711 714
711 715
711 716
711 717
711 718
711 719
711 720
711 721
711 722
711 723
711 724
711 725
711 726
711 727
711 728
711 729
711 730
711 731
711 732
711 733
711 734
711 735
711 736
711 737
711 738
711 739
711 740
711 741
711 742
711 743
711 744
711 745
711 746
711 747
711 748
711 749
711 750
711 751
711 752
711 753
711 754
711 755
711 756
711 757
711 758
711 759
711 760
712 712
712 713
712 714
712 715
712 716
712 717
712 718
712 719
712 720
712 721
712 722
712 723
712 724
712 725
712 726
712 727
712 728
712 729
712 730
712 731
712 732
712 733
712 734
712 735
712 736
712 737
712 738
712 739
712 740
712 741
712 742
712 743
712 744
712 745
712 746
712 747
712 748
712 749
712 750
712 751
712 752
712 753
712 754
712 755
712 756
712 757
712 758
712 759
712 760
712 761
713 713
713 714
713 715
713 716
713 717
713 718
713 719
713 720
713 721
713 722
713 723
713 724
713 725
713 726
713 727
713 728
713 729
713 730
713 731
713 732
713 733
713 734
713 735
713 736
713 737
713 738
713 739
713 740
713 741
713 742
713 743
713 744
713 745
713 746
713 747
713 748
713 749
713 750
713 751
713 752
713 753
713 754
713 755
713 756
713 757
713 758
713 759
713 760
713 761
713 762
714 714
714 715
714 716
714 717
714 718
714 719
714 720
714 721
714 722
714 723
714 724
714 725
714 726
714 727
714 728
714 729
714 730
714 731
714 732
714 733
714 734
714 735
714 736
714 737
714 738
714 739
714 740
714 741
714 742
714 743
714 744
714 745
714 746
714 747
714 748
714 749
714 750
714 751
714 752
714 753
714 754
714 755
714 756
714 757
714 758
714 759
714 760
714 761
714 762
714 763
715 715
715 716
715 717
715 718
715 719
715 720
715 721
715 722
715 723
715 724
715 725
715 726
715 727
715 728
715 729
715 730
715 731
715 732
715 733
715 734
715 735
715 736
715 737
715 738
715 739
715 740
715 741
715 742
715 743
715 744
715 745
715 746
715 747
715 748
715 749
715 750
715 751
715 752
715 753
715 754
715 755
715 756
715 757
715 758
715 759
715 760
715 761
715 762
715 763
715 764
716 716
716 717
716 718
716 719
716 720
716 721
716 722
716 723
716 724
716 725
716 726
716 727
716 728
716 729
716 730
716 731
716 732
716 733
716 734
716 735
716 736
716 737
716 738
716 739
716 740
716 741
716 742
716 743
716 744
716 745
716 746
716 747
716 748
716 749
716 750
716 751
716 752
716 753
716 754
716 755
716 756
716 757
716 758
716 759
716 760
716 761
716 762
716 763
716 764
716 765
717 717
717 718
717 719
717 720
717 721
717 722
717 723
717 724
717 725
717 726
717 727
717 728
717 729
717 730
717 731
717 732
717 733
717 734
717 735
717 736
717 737
717 738
717 739
717 740
717 741
717 742
717 743
717 744
717 745
717 746
717 747
717 748
717 749
717 750
717 751
717 752
717 753
717 754
717 755
717 756
717 757
717 758
717 759
717 760
717 761
717 762
717 763
717 764
717 765
717 766
718 718
718 719
718 720
718 721
718 722
718 723
718 724
718 725
718 726
718 727
718 728
718 729
718 730
718 731
718 732
718 733
718 734
718 735
718 736
718 737
718 738
718 739
718 740
718 741
718 742
718 743
718 744
718 745
718 746
718 747
718 748
718 749
718 750
718 751
718 752
718 753
718 754
718 755
718 756
718 757
718 758
718 759
718 760
718 761
718 762
718 763
718 764
718 765
718 766
718 767
719 719
719 720
719 721
719 722
719 723
719 724
719 725
719 726
719 727
719 728
719 729
719 730
719 731
719 732
719 733
719 734
719 735
719 736
719 737
719 738
719 739
719 740
719 741
719 742
719 743
719 744
719 745
719 746
719 747
719 748
719 749
719 750
719 751
719 752
719 753
719 754
719 755
719 756
719 757
719 758
719 759
719 760
719 761
719 762
719 763
719 764
719 765
719 766
719 767
719 768
720 720
720 721
720 722
720 723
720 724
720 725
720 726
720 727
720 728
720 729
720 730
720 731
720 732
720 733
720 734
720 735
720 736
720 737
720 738
720 739
720 740
720 741
720 742
720 743
720 744
720 745
720 746
720 747
720 748
720 749
720 750
720 751
720 752
720 753
720 754
720 755
720 756
720 757
720 758
720 759
720 760
720 761
720 762
720 763
720 764
720 765
720 766
720 767
720 768
720 769
721 721
721 722
721 723
721 724
721 725
721 726
721 727
721 728
721 729
721 730
721 731
721 732
721 733
721 734
721 735
721 736
721 737
721 738
721 739
721 740
721 741
721 742
721 743
721 744
721 745
721 746
721 747
721 748
721 749
721 750
721 751
721 752
721 753
721 754
721 755
721 756
721 757
721 758
721 759
721 760
721 761
721 762
721 763
721 764
721 765
721 766
721 767
721 768
721 769
721 770
722 722
722 723
722 724
722 725
722 726
722 727
722 728
722 729
722 730
722 731
722 732
722 733
722 734
722 735
722 736
722 737
722 738
722 739
722 740
722 741
722 742
722 743
722 744
722 745
722 746
722 747
722 748
722 749
722 750
722 751
722 752
722 753
722 754
722 755
722 756
722 757
722 758
722 759
722 760
722 761
722 762
722 763
722 764
722 765
722 766
722 767
722 768
722 769
722 770
722 771
723 723
723 724
723 725
723 726
723 727
723 728
723 729
723 730
723 731
723 732
723 733
723 734
723 735
723 736
723 737
723 738
723 739
723 740
723 741
723 742
723 743
723 744
723 745
723 746
723 747
723 748
723 749
723 750
723 751
723 752
723 753
723 754
723 755
723 756
723 757
723 758
723 759
723 760
723 761
723 762
723 763
723 764
723 765
723 766
723 767
723 768
723 769
723 770
723 771
723 772
724 724
724 725
724 726
724 727
724 728
724 729
724 730
724 731
724 732
724 733
724 734
724 735
724 736
724 737
724 738
724 739
724 740
724 741
724 742
724 743
724 744
724 745
724 746
724 747
724 748
724 749
724 750
724 751
724 752
724 753
724 754
724 755
724 756
724 757
724 758
724 759
724 760
724 761
724 762
724 763
724 764
724 765
724 766
724 767
724 768
724 769
724 770
724 771
724 772
724 773
725 725
725 726
725 727
725 728
725 729
725 730
725 731
725 732
725 733
725 734
725 735
725 736
725 737
725 738
725 739
725 740
725 741
725 742
725 743
725 744
725 745
725 746
725 747
725 748
725 749
725 750
725 751
725 752
725 753
725 754
725 755
725 756
725 757
725 758
725 759
725 760
725 761
725 762
725 763
725 764
725 765
725 766
725 767
725 768
725 769
725 770
725 771
725 772
725 773
725 774
726 726
726 727
726 728
726 729
726 730
726 731
726 732
726 733
726 734
726 735
726 736
726 737
726 738
726 739
726 740
726 741
726 742
726 743
726 744
726 745
726 746
726 747
726 748
726 749
726 750
726 751
726 752
726 753
726 754
726 755
726 756
726 757
726 758
726 759
726 760
726 761
726 762
726 763
726 764
726 765
726 766
726 767
726 768
726 769
726 770
726 771
726 772
726 773
726 774
726 775
727 727
727 728
727 729
727 730
727 731
727 732
727 733
727 734
727 735
727 736
727 737
727 738
727 739
727 740
727 741
727 742
727 743
727 744
727 745
727 746
727 747
727 748
727 749
727 750
727 751
727 752
727 753
727 754
727 755
727 756
727 757
727 758
727 759
727 760
727 761
727 762
727 763
727 764
727 765
727 766
727 767
727 768
727 769
727 770
727 771
727 772
727 773
727 774
727 775
727 776
728 728
728 729
728 730
728 731
728 732
728 733
728 734
728 735
728 736
728 737
728 738
728 739
728 740
728 741
728 742
728 743
728 744
728 745
728 746
728 747
728 748
728 749
728 750
728 751
728 752
728 753
728 754
728 755
728 756
728 757
728 758
728 759
728 760
728 761
728 762
728 763
728 764
728 765
728 766
728 767
728 768
728 769
728 770
728 771
728 772
728 773
728 774
728 775
728 776
728 777
729 729
729 730
729 731
729 732
729 733
729 734
729 735
729 736
729 737
729 738
729 739
729 740
729 741
729 742
729 743
729 744
729 745
729 746
729 747
729 748
729 749
729 750
729 751
729 752
729 753
729 754
729 755
729 756
729 757
729 758
729 759
729 760
729 761
729 762
729 763
729 764
729 765
729 766
729 767
729 768
729 769
729 770
729 771
729 772
729 773
729 774
729 775
729 776
729 777
729 778
730 730
730 731
730 732
730 733
730 734
730 735
730 736
730 737
730 738
730 739
730 740
730 741
730 742
730 743
730 744
730 745
730 746
730 747
730 748
730 749
730 750
730 751
730 752
730 753
730 754
730 755
730 756
730 757
730 758
730 759
730 760
730 761
730 762
730 763
730 764
730 765
730 766
730 767
730 768
730 769
730 770
730 771
730 772
730 773
730 774
730 775
730 776
730 777
730 778
730 779
731 731
731 732
731 733
731 734
731 735
731 736
731 737
731 738
731 739
731 740
731 741
731 742
731 743
731 744
731 745
731 746
731 747
731 748
731 749
731 750
731 751
731 752
731 753
731 754
731 755
731 756
731 757
731 758
731 759
731 760
731 761
731 762
731 763
731 764
731 765
731 766
731 767
731 768
731 769
731 770
731 771
731 772
731 773
731 774
731 775
731 776
731 777
731 778
731 779
731 780
732 732
732 733
732 734
732 735
732 736
732 737
732 738
732 739
732 740
732 741
732 742
732 743
732 744
732 745
732 746
732 747
732 748
732 749
732 750
732 751
732 752
732 753
732 754
732 755
732 756
732 757
732 758
732 759
732 760
732 761
732 762
732 763
732 764
732 765
732 766
732 767
732 768
732 769
732 770
732 771
732 772
732 773
732 774
732 775
732 776
732 777
732 778
732 779
732 780
732 781
733 733
733 734
733 735
733 736
733 737
733 738
733 739
733 740
733 741
733 742
733 743
733 744
733 745
733 746
733 747
733 748
733 749
733 750
733 751
733 752
733 753
733 754
733 755
733 756
733 757
733 758
733 759
733 760
733 761
733 762
733 763
733 764
733 765
733 766
733 767
733 768
733 769
733 770
733 771
733 772
733 773
733 774
733 775
733 776
733 777
733 778
733 779
733 780
733 781
733 782
734 734
734 735
734 736
734 737
734 738
734 739
734 740
734 741
734 742
734 743
734 744
734 745
734 746
734 747
734 748
734 749
734 750
734 751
734 752
734 753
734 754
734 755
734 756
734 757
734 758
734 759
734 760
734 761
734 762
734 763
734 764
734 765
734 766
734 767
734 768
734 769
734 770
734 771
734 772
734 773
734 774
734 775
734 776
734 777
734 778
734 779
734 780
734 781
734 782
734 783
735 735
735 736
735 737
735 738
735 739
735 740
735 741
735 742
735 743
735 744
735 745
735 746
735 747
735 748
735 749
735 750
735 751
735 752
735 753
735 754
735 755
735 756
735 757
735 758
735 759
735 760
735 761
735 762
735 763
735 764
735 765
735 766
735 767
735 768
735 769
735 770
735 771
735 772
735 773
735 774
735 775
735 776
735 777
735 778
735 779
735 780
735 781
735 782
735 783
735 784
736 736
736 737
736 738
736 739
736 740
736 741
736 742
736 743
736 744
736 745
736 746
736 747
736 748
736 749
736 750
736 751
736 752
736 753
736 754
736 755
736 756
736 757
736 758
736 759
736 760
736 761
736 762
736 763
736 764
736 765
736 766
736 767
736 768
736 769
736 770
736 771
736 772
736 773
736 774
736 775
736 776
736 777
736 778
736 779
736 780
736 781
736 782
736 783
736 784
736 785
737 737
737 738
737 739
737 740
737 741
737 742
737 743
737 744
737 745
737 746
737 747
737 748
737 749
737 750
737 751
737 752
737 753
737 754
737 755
737 756
737 757
737 758
737 759
737 760
737 761
737 762
737 763
737 764
737 765
737 766
737 767
737 768
737 769
737 770
737 771
737 772
737 773
737 774
737 775
737 776
737 777
737 778
737 779
737 780
737 781
737 782
737 783
737 784
737 785
737 786
738 738
738 739
738 740
738 741
738 742
738 743
738 744
738 745
738 746
738 747
738 748
738 749
738 750
738 751
738 752
738 753
738 754
738 755
738 756
738 757
738 758
738 759
738 760
738 761
738 762
738 763
738 764
738 765
738 766
738 767
738 768
738 769
738 770
738 771
738 772
738 773
738 774
738 775
738 776
738 777
738 778
738 779
738 780
738 781
738 782
738 783
738 784
738 785
738 786
738 787
739 739
739 740
739 741
739 742
739 743
739 744
739 745
739 746
739 747
739 748
739 749
739 750
739 751
739 752
739 753
739 754
739 755
739 756
739 757
739 758
739 759
739 760
739 761
739 762
739 763
739 764
739 765
739 766
739 767
739 768
739 769
739 770
739 771
739 772
739 773
739 774
739 775
739 776
739 777
739 778
739 779
739 780
739 781
739 782
739 783
739 784
739 785
739 786
739 787
739 788
740 740
740 741
740 742
740 743
740 744
740 745
740 746
740 747
740 748
740 749
740 750
740 751
740 752
740 753
740 754
740 755
740 756
740 757
740 758
740 759
740 760
740 761
740 762
740 763
740 764
740 765
740 766
740 767
740 768
740 769
740 770
740 771
740 772
740 773
740 774
740 775
740 776
740 777
740 778
740 779
740 780
740 781
740 782
740 783
740 784
740 785
740 786
740 787
740 788
740 789
741 741
741 742
741 743
741 744
741 745
741 746
741 747
741 748
741 749
741 750
741 751
741 752
741 753
741 754
741 755
741 756
741 757
741 758
741 759
741 760
741 761
741 762
741 763
741 764
741 765
741 766
741 767
741 768
741 769
741 770
741 771
741 772
741 773
741 774
741 775
741 776
741 777
741 778
741 779
741 780
741 781
741 782
741 783
741 784
741 785
741 786
741 787
741 788
741 789
741 790
742 742
742 743
742 744
742 745
742 746
742 747
742 748
742 749
742 750
742 751
742 752
742 753
742 754
742 755
742 756
742 757
742 758
742 759
742 760
742 761
742 762
742 763
742 764
742 765
742 766
742 767
742 768
742 769
742 770
742 771
742 772
742 773
742 774
742 775
742 776
742 777
742 778
742 779
742 780
742 781
742 782
742 783
742 784
742 785
742 786
742 787
742 788
742 789
742 790
742 791
743 743
743 744
743 745
743 746
743 747
743 748
743 749
743 750
743 751
743 752
743 753
743 754
743 755
743 756
743 757
743 758
743 759
743 760
743 761
743 762
743 763
743 764
743 765
743 766
743 767
743 768
743 769
743 770
743 771
743 772
743 773
743 774
743 775
743 776
743 777
743 778
743 779
743 780
743 781
743 782
743 783
743 784
743 785
743 786
743 787
743 788
743 789
743 790
743 791
743 792
744 744
744 745
744 746
744 747
744 748
744 749
744 750
744 751
744 752
744 753
744 754
744 755
744 756
744 757
744 758
744 759
744 760
744 761
744 762
744 763
744 764
744 765
744 766
744 767
744 768
744 769
744 770
744 771
744 772
744 773
744 774
744 775
744 776
744 777
744 778
744 779
744 780
744 781
744 782
744 783
744 784
744 785
744 786
744 787
744 788
744 789
744 790
744 791
744 792
744 793
745 745
745 746
745 747
745 748
745 749
745 750
745 751
745 752
745 753
745 754
745 755
745 756
745 757
745 758
745 759
745 760
745 761
745 762
745 763
745 764
745 765
745 766
745 767
745 768
745 769
745 770
745 771
745 772
745 773
745 774
745 775
745 776
745 777
745 778
745 779
745 780
745 781
745 782
745 783
745 784
745 785
745 786
745 787
745 788
745 789
745 790
745 791
745 792
745 793
745 794
746 746
746 747
746 748
746 749
746 750
746 751
746 752
746 753
746 754
746 755
746 756
746 757
746 758
746 759
746 760
746 761
746 762
746 763
746 764
746 765
746 766
746 767
746 768
746 769
746 770
746 771
746 772
746 773
746 774
746 775
746 776
746 777
746 778
746 779
746 780
746 781
746 782
746 783
746 784
746 785
746 786
746 787
746 788
746 789
746 790
746 791
746 792
746 793
746 794
746 795
747 747
747 748
747 749
747 750
747 751
747 752
747 753
747 754
747 755
747 756
747 757
747 758
747 759
747 760
747 761
747 762
747 763
747 764
747 765
747 766
747 767
747 768
747 769
747 770
747 771
747 772
747 773
747 774
747 775
747 776
747 777
747 778
747 779
747 780
747 781
747 782
747 783
747 784
747 785
747 786
747 787
747 788
747 789
747 790
747 791
747 792
747 793
747 794
747 795
747 796
748 748
748 749
748 750
748 751
748 752
748 753
748 754
748 755
748 756
748 757
748 758
748 759
748 760
748 761
748 762
748 763
748 764
748 765
748 766
748 767
748 768
748 769
748 770
748 771
748 772
748 773
748 774
748 775
748 776
748 777
748 778
748 779
748 780
748 781
748 782
748 783
748 784
748 785
748 786
748 787
748 788
748 789
748 790
748 791
748 792
748 793
748 794
748 795
748 796
748 797
749 749
749 750
749 751
749 752
749 753
749 754
749 755
749 756
749 757
749 758
749 759
749 760
749 761
749 762
749 763
749 764
749 765
749 766
749 767
749 768
749 769
749 770
749 771
749 772
749 773
749 774
749 775
749 776
749 777
749 778
749 779
749 780
749 781
749 782
749 783
749 784
749 785
749 786
749 787
749 788
749 789
749 790
749 791
749 792
749 793
749 794
749 795
749 796
749 797
749 798
750 750
750 751
750 752
750 753
750 754
750 755
750 756
750 757
750 758
750 759
750 760
750 761
750 762
750 763
750 764
750 765
750 766
750 767
750 768
750 769
750 770
750 771
750 772
750 773
750 774
750 775
750 776
750 777
750 778
750 779
750 780
750 781
750 782
750 783
750 784
750 785
750 786
750 787
750 788
750 789
750 790
750 791
750 792
750 793
750 794
750 795
750 796
750 797
750 798
750 799
751 751
751 752
751 753
751 754
751 755
751 756
751 757
751 758
751 759
751 760
751 761
751 762
751 763
751 764
751 765
751 766
751 767
751 768
751 769
751 770
751 771
751 772
751 773
751 774
751 775
751 776
751 777
751 778
751 779
751 780
751 781
751 782
751 783
751 784
751 785
751 786
751 787
751 788
751 789
751 790
751 791
751 792
751 793
751 794
751 795
751 796
751 797
751 798
751 799
751 800
752 752
752 753
752 754
752 755
752 756
752 757
752 758
752 759
752 760
752 761
752 762
752 763
752 764
752 765
752 766
752 767
752 768
752 769
752 770
752 771
752 772
752 773
752 774
752 775
752 776
752 777
752 778
752 779
752 780
752 781
752 782
752 783
752 784
752 785
752 786
752 787
752 788
752 789
752 790
752 791
752 792
752 793
752 794
752 795
752 796
752 797
752 798
752 799
752 800
752 801
753 753
753 754
753 755
753 756
753 757
753 758
753 759
753 760
753 761
753 762
753 763
753 764
753 765
753 766
753 767
753 768
753 769
753 770
753 771
753 772
753 773
753 774
753 775
753 776
753 777
753 778
753 779
753 780
753 781
753 782
753 783
753 784
753 785
753 786
753 787
753 788
753 789
753 790
753 791
753 792
753 793
753 794
753 795
753 796
753 797
753 798
753 799
753 800
753 801
753 802
754 754
754 755
754 756
754 757
754 758
754 759
754 760
754 761
754 762
754 763
754 764
754 765
754 766
754 767
754 768
754 769
754 770
754 771
754 772
754 773
754 774
754 775
754 776
754 777
754 778
754 779
754 780
754 781
754 782
754 783
754 784
754 785
754 786
754 787
754 788
754 789
754 790
754 791
754 792
754 793
754 794
754 795
754 796
754 797
754 798
754 799
754 800
754 801
754 802
754 803
755 755
755 756
755 757
755 758
755 759
755 760
755 761
755 762
755 763
755 764
755 765
755 766
755 767
755 768
755 769
755 770
755 771
755 772
755 773
755 774
755 775
755 776
755 777
755 778
755 779
755 780
755 781
755 782
755 783
755 784
755 785
755 786
755 787
755 788
755 789
755 790
755 791
755 792
755 793
755 794
755 795
755 796
755 797
755 798
755 799
755 800
755 801
755 802
755 803
755 804
756 756
756 757
756 758
756 759
756 760
756 761
756 762
756 763
756 764
756 765
756 766
756 767
756 768
756 769
756 770
756 771
756 772
756 773
756 774
756 775
756 776
756 777
756 778
756 779
756 780
756 781
756 782
756 783
756 784
756 785
756 786
756 787
756 788
756 789
756 790
756 791
756 792
756 793
756 794
756 795
756 796
756 797
756 798
756 799
756 800
756 801
756 802
756 803
756 804
756 805
757 757
757 758
757 759
757 760
757 761
757 762
757 763
757 764
757 765
757 766
757 767
757 768
757 769
757 770
757 771
757 772
757 773
757 774
757 775
757 776
757 777
757 778
757 779
757 780
757 781
757 782
757 783
757 784
757 785
757 786
757 787
757 788
757 789
757 790
757 791
757 792
757 793
757 794
757 795
757 796
757 797
757 798
757 799
757 800
757 801
757 802
757 803
757 804
757 805
757 806
758 758
758 759
758 760
758 761
758 762
758 763
758 764
758 765
758 766
758 767
758 768
758 769
758 770
758 771
758 772
758 773
758 774
758 775
758 776
758 777
758 778
758 779
758 780
758 781
758 782
758 783
758 784
758 785
758 786
758 787
758 788
758 789
758 790
758 791
758 792
758 793
758 794
758 795
758 796
758 797
758 798
758 799
758 800
758 801
758 802
758 803
758 804
758 805
758 806
758 807
759 759
759 760
759 761
759 762
759 763
759 764
759 765
759 766
759 767
759 768
759 769
759 770
759 771
759 772
759 773
759 774
759 775
759 776
759 777
759 778
759 779
759 780
759 781
759 782
759 783
759 784
759 785
759 786
759 787
759 788
759 789
759 790
759 791
759 792
759 793
759 794
759 795
759 796
759 797
759 798
759 799
759 800
759 801
759 802
759 803
759 804
759 805
759 806
759 807
759 808
760 760
760 761
760 762
760 763
760 764
760 765
760 766
760 767
760 768
760 769
760 770
760 771
760 772
760 773
760 774
760 775
760 776
760 777
760 778
760 779
760 780
760 781
760 782
760 783
760 784
760 785
760 786
760 787
760 788
760 789
760 790
760 791
760 792
760 793
760 794
760 795
760 796
760 797
760 798
760 799
760 800
760 801
760 802
760 803
760 804
760 805
760 806
760 807
760 808
760 809
761 761
761 762
761 763
761 764
761 765
761 766
761 767
761 768
761 769
761 770
761 771
761 772
761 773
761 774
761 775
761 776
761 777
761 778
761 779
761 780
761 781
761 782
761 783
761 784
761 785
761 786
761 787
761 788
761 789
761 790
761 791
761 792
761 793
761 794
761 795
761 796
761 797
761 798
761 799
761 800
761 801
761 802
761 803
761 804
761 805
761 806
761 807
761 808
761 809
761 810
762 762
762 763
762 764
762 765
762 766
762 767
762 768
762 769
762 770
762 771
762 772
762 773
762 774
762 775
762 776
762 777
762 778
762 779
762 780
762 781
762 782
762 783
762 784
762 785
762 786
762 787
762 788
762 789
762 790
762 791
762 792
762 793
762 794
762 795
762 796
762 797
762 798
762 799
762 800
762 801
762 802
762 803
762 804
762 805
762 806
762 807
762 808
762 809
762 810
762 811
763 763
763 764
763 765
763 766
763 767
763 768
763 769
763 770
763 771
763 772
763 773
763 774
763 775
763 776
763 777
763 778
763 779
763 780
763 781
763 782
763 783
763 784
763 785
763 786
763 787
763 788
763 789
763 790
763 791
763 792
763 793
763 794
763 795
763 796
763 797
763 798
763 799
763 800
763 801
763 802
763 803
763 804
763 805
763 806
763 807
763 808
763 809
763 810
763 811
763 812
764 764
764 765
764 766
764 767
764 768
764 769
764 770
764 771
764 772
764 773
764 774
764 775
764 776
764 777
764 778
764 779
764 780
764 781
764 782
764 783
764 784
764 785
764 786
764 787
764 788
764 789
764 790
764 791
764 792
764 793
764 794
764 795
764 796
764 797
764 798
764 799
764 800
764 801
764 802
764 803
764 804
764 805
764 806
764 807
764 808
764 809
764 810
764 811
764 812
764 813
765 765
765 766
765 767
765 768
765 769
765 770
765 771
765 772
765 773
765 774
765 775
765 776
765 777
765 778
765 779
765 780
765 781
765 782
765 783
765 784
765 785
765 786
765 787
765 788
765 789
765 790
765 791
765 792
765 793
765 794
765 795
765 796
765 797
765 798
765 799
765 800
765 801
765 802
765 803
765 804
765 805
765 806
765 807
765 808
765 809
765 810
765 811
765 812
765 813
765 814
766 766
766 767
766 768
766 769
766 770
766 771
766 772
766 773
766 774
766 775
766 776
766 777
766 778
766 779
766 780
766 781
766 782
766 783
766 784
766 785
766 786
766 787
766 788
766 789
766 790
766 791
766 792
766 793
766 794
766 795
766 796
766 797
766 798
766 799
766 800
766 801
766 802
766 803
766 804
766 805
766 806
766 807
766 808
766 809
766 810
766 811
766 812
766 813
766 814
766 815
767 767
767 768
767 769
767 770
767 771
767 772
767 773
767 774
767 775
767 776
767 777
767 778
767 779
767 780
767 781
767 782
767 783
767 784
767 785
767 786
767 787
767 788
767 789
767 790
767 791
767 792
767 793
767 794
767 795
767 796
767 797
767 798
767 799
767 800
767 801
767 802
767 803
767 804
767 805
767 806
767 807
767 808
767 809
767 810
767 811
767 812
767 813
767 814
767 815
767 816
768 768
768 769
768 770
768 771
768 772
768 773
768 774
768 775
768 776
768 777
768 778
768 779
768 780
768 781
768 782
768 783
768 784
768 785
768 786
768 787
768 788
768 789
768 790
768 791
768 792
768 793
768 794
768 795
768 796
768 797
768 798
768 799
768 800
768 801
768 802
768 803
768 804
768 805
768 806
768 807
768 808
768 809
768 810
768 811
768 812
768 813
768 814
768 815
768 816
768 817
769 769
769 770
769 771
769 772
769 773
769 774
769 775
769 776
769 777
769 778
769 779
769 780
769 781
769 782
769 783
769 784
769 785
769 786
769 787
769 788
769 789
769 790
769 791
769 792
769 793
769 794
769 795
769 796
769 797
769 798
769 799
769 800
769 801
769 802
769 803
769 804
769 805
769 806
769 807
769 808
769 809
769 810
769 811
769 812
769 813
769 814
769 815
769 816
769 817
769 818
770 770
770 771
770 772
770 773
770 774
770 775
770 776
770 777
770 778
770 779
770 780
770 781
770 782
770 783
770 784
770 785
770 786
770 787
770 788
770 789
770 790
770 791
770 792
770 793
770 794
770 795
770 796
770 797
770 798
770 799
770 800
770 801
770 802
770 803
770 804
770 805
770 806
770 807
770 808
770 809
770 810
770 811
770 812
770 813
770 814
770 815
770 816
770 817
770 818
770 819
771 771
771 772
771 773
771 774
771 775
771 776
771 777
771 778
771 779
771 780
771 781
771 782
771 783
771 784
771 785
771 786
771 787
771 788
771 789
771 790
771 791
771 792
771 793
771 794
771 795
771 796
771 797
771 798
771 799
771 800
771 801
771 802
771 803
771 804
771 805
771 806
771 807
771 808
771 809
771 810
771 811
771 812
771 813
771 814
771 815
771 816
771 817
771 818
771 819
771 820
772 772
772 773
772 774
772 775
772 776
772 777
772 778
772 779
772 780
772 781
772 782
772 783
772 784
772 785
772 786
772 787
772 788
772 789
772 790
772 791
772 792
772 793
772 794
772 795
772 796
772 797
772 798
772 799
772 800
772 801
772 802
772 803
772 804
772 805
772 806
772 807
772 808
772 809
772 810
772 811
772 812
772 813
772 814
772 815
772 816
772 817
772 818
772 819
772 820
772 821
773 773
773 774
773 775
773 776
773 777
773 778
773 779
773 780
773 781
773 782
773 783
773 784
773 785
773 786
773 787
773 788
773 789
773 790
773 791
773 792
773 793
773 794
773 795
773 796
773 797
773 798
773 799
773 800
773 801
773 802
773 803
773 804
773 805
773 806
773 807
773 808
773 809
773 810
773 811
773 812
773 813
773 814
773 815
773 816
773 817
773 818
773 819
773 820
773 821
773 822
774 774
774 775
774 776
774 777
774 778
774 779
774 780
774 781
774 782
774 783
774 784
774 785
774 786
774 787
774 788
774 789
774 790
774 791
774 792
774 793
774 794
774 795
774 796
774 797
774 798
774 799
774 800
774 801
774 802
774 803
774 804
774 805
774 806
774 807
774 808
774 809
774 810
774 811
774 812
774 813
774 814
774 815
774 816
774 817
774 818
774 819
774 820
774 821
774 822
774 823
775 775
775 776
775 777
775 778
775 779
775 780
775 781
775 782
775 783
775 784
775 785
775 786
775 787
775 788
775 789
775 790
775 791
775 792
775 793
775 794
775 795
775 796
775 797
775 798
775 799
775 800
775 801
775 802
775 803
775 804
775 805
775 806
775 807
775 808
775 809
775 810
775 811
775 812
775 813
775 814
775 815
775 816
775 817
775 818
775 819
775 820
775 821
775 822
775 823
775 824
776 776
776 777
776 778
776 779
776 780
776 781
776 782
776 783
776 784
776 785
776 786
776 787
776 788
776 789
776 790
776 791
776 792
776 793
776 794
776 795
776 796
776 797
776 798
776 799
776 800
776 801
776 802
776 803
776 804
776 805
776 806
776 807
776 808
776 809
776 810
776 811
776 812
776 813
776 814
776 815
776 816
776 817
776 818
776 819
776 820
776 821
776 822
776 823
776 824
776 825
777 777
777 778
777 779
777 780
777 781
777 782
777 783
777 784
777 785
777 786
777 787
777 788
777 789
777 790
777 791
777 792
777 793
777 794
777 795
777 796
777 797
777 798
777 799
777 800
777 801
777 802
777 803
777 804
777 805
777 806
777 807
777 808
777 809
777 810
777 811
777 812
777 813
777 814
777 815
777 816
777 817
777 818
777 819
777 820
777 821
777 822
777 823
777 824
777 825
777 826
778 778
778 779
778 780
778 781
778 782
778 783
778 784
778 785
778 786
778 787
778 788
778 789
778 790
778 791
778 792
778 793
778 794
778 795
778 796
778 797
778 798
778 799
778 800
778 801
778 802
778 803
778 804
778 805
778 806
778 807
778 808
778 809
778 810
778 811
778 812
778 813
778 814
778 815
778 816
778 817
778 818
778 819
778 820
778 821
778 822
778 823
778 824
778 825
778 826
778 827
779 779
779 780
779 781
779 782
779 783
779 784
779 785
779 786
779 787
779 788
779 789
779 790
779 791
779 792
779 793
779 794
779 795
779 796
779 797
779 798
779 799
779 800
779 801
779 802
779 803
779 804
779 805
779 806
779 807
779 808
779 809
779 810
779 811
779 812
779 813
779 814
779 815
779 816
779 817
779 818
779 819
779 820
779 821
779 822
779 823
779 824
779 825
779 826
779 827
779 828
780 780
780 781
780 782
780 783
780 784
780 785
780 786
780 787
780 788
780 789
780 790
780 791
780 792
780 793
780 794
780 795
780 796
780 797
780 798
780 799
780 800
780 801
780 802
780 803
780 804
780 805
780 806
780 807
780 808
780 809
780 810
780 811
780 812
780 813
780 814
780 815
780 816
780 817
780 818
780 819
780 820
780 821
780 822
780 823
780 824
780 825
780 826
780 827
780 828
780 829
781 781
781 782
781 783
781 784
781 785
781 786
781 787
781 788
781 789
781 790
781 791
781 792
781 793
781 794
781 795
781 796
781 797
781 798
781 799
781 800
781 801
781 802
781 803
781 804
781 805
781 806
781 807
781 808
781 809
781 810
781 811
781 812
781 813
781 814
781 815
781 816
781 817
781 818
781 819
781 820
781 821
781 822
781 823
781 824
781 825
781 826
781 827
781 828
781 829
781 830
782 782
782 783
782 784
782 785
782 786
782 787
782 788
782 789
782 790
782 791
782 792
782 793
782 794
782 795
782 796
782 797
782 798
782 799
782 800
782 801
782 802
782 803
782 804
782 805
782 806
782 807
782 808
782 809
782 810
782 811
782 812
782 813
782 814
782 815
782 816
782 817
782 818
782 819
782 820
782 821
782 822
782 823
782 824
782 825
782 826
782 827
782 828
782 829
782 830
782 831
783 783
783 784
783 785
783 786
783 787
783 788
783 789
783 790
783 791
783 792
783 793
783 794
783 795
783 796
783 797
783 798
783 799
783 800
783 801
783 802
783 803
783 804
783 805
783 806
783 807
783 808
783 809
783 810
783 811
783 812
783 813
783 814
783 815
783 816
783 817
783 818
783 819
783 820
783 821
783 822
783 823
783 824
783 825
783 826
783 827
783 828
783 829
783 830
783 831
783 832
784 784
784 785
784 786
784 787
784 788
784 789
784 790
784 791
784 792
784 793
784 794
784 795
784 796
784 797
784 798
784 799
784 800
784 801
784 802
784 803
784 804
784 805
784 806
784 807
784 808
784 809
784 810
784 811
784 812
784 813
784 814
784 815
784 816
784 817
784 818
784 819
784 820
784 821
784 822
784 823
784 824
784 825
784 826
784 827
784 828
784 829
784 830
784 831
784 832
784 833
785 785
785 786
785 787
785 788
785 789
785 790
785 791
785 792
785 793
785 794
785 795
785 796
785 797
785 798
785 799
785 800
785 801
785 802
785 803
785 804
785 805
785 806
785 807
785 808
785 809
785 810
785 811
785 812
785 813
785 814
785 815
785 816
785 817
785 818
785 819
785 820
785 821
785 822
785 823
785 824
785 825
785 826
785 827
785 828
785 829
785 830
785 831
785 832
785 833
785 834
786 786
786 787
786 788
786 789
786 790
786 791
786 792
786 793
786 794
786 795
786 796
786 797
786 798
786 799
786 800
786 801
786 802
786 803
786 804
786 805
786 806
786 807
786 808
786 809
786 810
786 811
786 812
786 813
786 814
786 815
786 816
786 817
786 818
786 819
786 820
786 821
786 822
786 823
786 824
786 825
786 826
786 827
786 828
786 829
786 830
786 831
786 832
786 833
786 834
786 835
787 787
787 788
787 789
787 790
787 791
787 792
787 793
787 794
787 795
787 796
787 797
787 798
787 799
787 800
787 801
787 802
787 803
787 804
787 805
787 806
787 807
787 808
787 809
787 810
787 811
787 812
787 813
787 814
787 815
787 816
787 817
787 818
787 819
787 820
787 821
787 822
787 823
787 824
787 825
787 826
787 827
787 828
787 829
787 830
787 831
787 832
787 833
787 834
787 835
787 836
788 788
788 789
788 790
788 791
788 792
788 793
788 794
788 795
788 796
788 797
788 798
788 799
788 800
788 801
788 802
788 803
788 804
788 805
788 806
788 807
788 808
788 809
788 810
788 811
788 812
788 813
788 814
788 815
788 816
788 817
788 818
788 819
788 820
788 821
788 822
788 823
788 824
788 825
788 826
788 827
788 828
788 829
788 830
788 831
788 832
788 833
788 834
788 835
788 836
788 837
789 789
789 790
789 791
789 792
789 793
789 794
789 795
789 796
789 797
789 798
789 799
789 800
789 801
789 802
789 803
789 804
789 805
789 806
789 807
789 808
789 809
789 810
789 811
789 812
789 813
789 814
789 815
789 816
789 817
789 818
789 819
789 820
789 821
789 822
789 823
789 824
789 825
789 826
789 827
789 828
789 829
789 830
789 831
789 832
789 833
789 834
789 835
789 836
789 837
789 838
790 790
790 791
790 792
790 793
790 794
790 795
790 796
790 797
790 798
790 799
790 800
790 801
790 802
790 803
790 804
790 805
790 806
790 807
790 808
790 809
790 810
790 811
790 812
790 813
790 814
790 815
790 816
790 817
790 818
790 819
790 820
790 821
790 822
790 823
790 824
790 825
790 826
790 827
790 828
790 829
790 830
790 831
790 832
790 833
790 834
790 835
790 836
790 837
790 838
790 839
791 791
791 792
791 793
791 794
791 795
791 796
791 797
791 798
791 799
791 800
791 801
791 802
791 803
791 804
791 805
791 806
791 807
791 808
791 809
791 810
791 811
791 812
791 813
791 814
791 815
791 816
791 817
791 818
791 819
791 820
791 821
791 822
791 823
791 824
791 825
791 826
791 827
791 828
791 829
791 830
791 831
791 832
791 833
791 834
791 835
791 836
791 837
791 838
791 839
791 840
792 792
792 793
792 794
792 795
792 796
792 797
792 798
792 799
792 800
792 801
792 802
792 803
792 804
792 805
792 806
792 807
792 808
792 809
792 810
792 811
792 812
792 813
792 814
792 815
792 816
792 817
792 818
792 819
792 820
792 821
792 822
792 823
792 824
792 825
792 826
792 827
792 828
792 829
792 830
792 831
792 832
792 833
792 834
792 835
792 836
792 837
792 838
792 839
792 840
792 841
793 793
793 794
793 795
793 796
793 797
793 798
793 799
793 800
793 801
793 802
793 803
793 804
793 805
793 806
793 807
793 808
793 809
793 810
793 811
793 812
793 813
793 814
793 815
793 816
793 817
793 818
793 819
793 820
793 821
793 822
793 823
793 824
793 825
793 826
793 827
793 828
793 829
793 830
793 831
793 832
793 833
793 834
793 835
793 836
793 837
793 838
793 839
793 840
793 841
793 842
794 794
794 795
794 796
794 797
794 798
794 799
794 800
794 801
794 802
794 803
794 804
794 805
794 806
794 807
794 808
794 809
794 810
794 811
794 812
794 813
794 814
794 815
794 816
794 817
794 818
794 819
794 820
794 821
794 822
794 823
794 824
794 825
794 826
794 827
794 828
794 829
794 830
794 831
794 832
794 833
794 834
794 835
794 836
794 837
794 838
794 839
794 840
794 841
794 842
794 843
795 795
795 796
795 797
795 798
795 799
795 800
795 801
795 802
795 803
795 804
795 805
795 806
795 807
795 808
795 809
795 810
795 811
795 812
795 813
795 814
795 815
795 816
795 817
795 818
795 819
795 820
795 821
795 822
795 823
795 824
795 825
795 826
795 827
795 828
795 829
795 830
795 831
795 832
795 833
795 834
795 835
795 836
795 837
795 838
795 839
795 840
795 841
795 842
795 843
795 844
796 796
796 797
796 798
796 799
796 800
796 801
796 802
796 803
796 804
796 805
796 806
796 807
796 808
796 809
796 810
796 811
796 812
796 813
796 814
796 815
796 816
796 817
796 818
796 819
796 820
796 821
796 822
796 823
796 824
796 825
796 826
796 827
796 828
796 829
796 830
796 831
796 832
796 833
796 834
796 835
796 836
796 837
796 838
796 839
796 840
796 841
796 842
796 843
796 844
796 845
797 797
797 798
797 799
797 800
797 801
797 802
797 803
797 804
797 805
797 806
797 807
797 808
797 809
797 810
797 811
797 812
797 813
797 814
797 815
797 816
797 817
797 818
797 819
797 820
797 821
797 822
797 823
797 824
797 825
797 826
797 827
797 828
797 829
797 830
797 831
797 832
797 833
797 834
797 835
797 836
797 837
797 838
797 839
797 840
797 841
797 842
797 843
797 844
797 845
797 846
798 798
798 799
798 800
798 801
798 802
798 803
798 804
798 805
798 806
798 807
798 808
798 809
798 810
798 811
798 812
798 813
798 814
798 815
798 816
798 817
798 818
798 819
798 820
798 821
798 822
798 823
798 824
798 825
798 826
798 827
798 828
798 829
798 830
798 831
798 832
798 833
798 834
798 835
798 836
798 837
798 838
798 839
798 840
798 841
798 842
798 843
798 844
798 845
798 846
798 847
799 799
799 800
799 801
799 802
799 803
799 804
799 805
799 806
799 807
799 808
799 809
799 810
799 811
799 812
799 813
799 814
799 815
799 816
799 817
799 818
799 819
799 820
799 821
799 822
799 823
799 824
799 825
799 826
799 827
799 828
799 829
799 830
799 831
799 832
799 833
799 834
799 835
799 836
799 837
799 838
799 839
799 840
799 841
799 842
799 843
799 844
799 845
799 846
799 847
799 848
800 800
800 801
800 802
800 803
800 804
800 805
800 806
800 807
800 808
800 809
800 810
800 811
800 812
800 813
800 814
800 815
800 816
800 817
800 818
800 819
800 820
800 821
800 822
800 823
800 824
800 825
800 826
800 827
800 828
800 829
800 830
800 831
800 832
800 833
800 834
800 835
800 836
800 837
800 838
800 839
800 840
800 841
800 842
800 843
800 844
800 845
800 846
800 847
800 848
800 849
801 801
801 802
801 803
801 804
801 805
801 806
801 807
801 808
801 809
801 810
801 811
801 812
801 813
801 814
801 815
801 816
801 817
801 818
801 819
801 820
801 821
801 822
801 823
801 824
801 825
801 826
801 827
801 828
801 829
801 830
801 831
801 832
801 833
801 834
801 835
801 836
801 837
801 838
801 839
801 840
801 841
801 842
801 843
801 844
801 845
801 846
801 847
801 848
801 849
801 850
802 802
802 803
802 804
802 805
802 806
802 807
802 808
802 809
802 810
802 811
802 812
802 813
802 814
802 815
802 816
802 817
802 818
802 819
802 820
802 821
802 822
802 823
802 824
802 825
802 826
802 827
802 828
802 829
802 830
802 831
802 832
802 833
802 834
802 835
802 836
802 837
802 838
802 839
802 840
802 841
802 842
802 843
802 844
802 845
802 846
802 847
802 848
802 849
802 850
802 851
803 803
803 804
803 805
803 806
803 807
803 808
803 809
803 810
803 811
803 812
803 813
803 814
803 815
803 816
803 817
803 818
803 819
803 820
803 821
803 822
803 823
803 824
803 825
803 826
803 827
803 828
803 829
803 830
803 831
803 832
803 833
803 834
803 835
803 836
803 837
803 838
803 839
803 840
803 841
803 842
803 843
803 844
803 845
803 846
803 847
803 848
803 849
803 850
803 851
803 852
804 804
804 805
804 806
804 807
804 808
804 809
804 810
804 811
804 812
804 813
804 814
804 815
804 816
804 817
804 818
804 819
804 820
804 821
804 822
804 823
804 824
804 825
804 826
804 827
804 828
804 829
804 830
804 831
804 832
804 833
804 834
804 835
804 836
804 837
804 838
804 839
804 840
804 841
804 842
804 843
804 844
804 845
804 846
804 847
804 848
804 849
804 850
804 851
804 852
804 853
805 805
805 806
805 807
805 808
805 809
805 810
805 811
805 812
805 813
805 814
805 815
805 816
805 817
805 818
805 819
805 820
805 821
805 822
805 823
805 824
805 825
805 826
805 827
805 828
805 829
805 830
805 831
805 832
805 833
805 834
805 835
805 836
805 837
805 838
805 839
805 840
805 841
805 842
805 843
805 844
805 845
805 846
805 847
805 848
805 849
805 850
805 851
805 852
805 853
805 854
806 806
806 807
806 808
806 809
806 810
806 811
806 812
806 813
806 814
806 815
806 816
806 817
806 818
806 819
806 820
806 821
806 822
806 823
806 824
806 825
806 826
806 827
806 828
806 829
806 830
806 831
806 832
806 833
806 834
806 835
806 836
806 837
806 838
806 839
806 840
806 841
806 842
806 843
806 844
806 845
806 846
806 847
806 848
806 849
806 850
806 851
806 852
806 853
806 854
806 855
807 807
807 808
807 809
807 810
807 811
807 812
807 813
807 814
807 815
807 816
807 817
807 818
807 819
807 820
807 821
807 822
807 823
807 824
807 825
807 826
807 827
807 828
807 829
807 830
807 831
807 832
807 833
807 834
807 835
807 836
807 837
807 838
807 839
807 840
807 841
807 842
807 843
807 844
807 845
807 846
807 847
807 848
807 849
807 850
807 851
807 852
807 853
807 854
807 855
807 856
808 808
808 809
808 810
808 811
808 812
808 813
808 814
808 815
808 816
808 817
808 818
808 819
808 820
808 821
808 822
808 823
808 824
808 825
808 826
808 827
808 828
808 829
808 830
808 831
808 832
808 833
808 834
808 835
808 836
808 837
808 838
808 839
808 840
808 841
808 842
808 843
808 844
808 845
808 846
808 847
808 848
808 849
808 850
808 851
808 852
808 853
808 854
808 855
808 856
808 857
809 809
809 810
809 811
809 812
809 813
809 814
809 815
809 816
809 817
809 818
809 819
809 820
809 821
809 822
809 823
809 824
809 825
809 826
809 827
809 828
809 829
809 830
809 831
809 832
809 833
809 834
809 835
809 836
809 837
809 838
809 839
809 840
809 841
809 842
809 843
809 844
809 845
809 846
809 847
809 848
809 849
809 850
809 851
809 852
809 853
809 854
809 855
809 856
809 857
809 858
810 810
810 811
810 812
810 813
810 814
810 815
810 816
810 817
810 818
810 819
810 820
810 821
810 822
810 823
810 824
810 825
810 826
810 827
810 828
810 829
810 830
810 831
810 832
810 833
810 834
810 835
810 836
810 837
810 838
810 839
810 840
810 841
810 842
810 843
810 844
810 845
810 846
810 847
810 848
810 849
810 850
810 851
810 852
810 853
810 854
810 855
810 856
810 857
810 858
810 859
811 811
811 812
811 813
811 814
811 815
811 816
811 817
811 818
811 819
811 820
811 821
811 822
811 823
811 824
811 825
811 826
811 827
811 828
811 829
811 830
811 831
811 832
811 833
811 834
811 835
811 836
811 837
811 838
811 839
811 840
811 841
811 842
811 843
811 844
811 845
811 846
811 847
811 848
811 849
811 850
811 851
811 852
811 853
811 854
811 855
811 856
811 857
811 858
811 859
811 860
812 812
812 813
812 814
812 815
812 816
812 817
812 818
812 819
812 820
812 821
812 822
812 823
812 824
812 825
812 826
812 827
812 828
812 829
812 830
812 831
812 832
812 833
812 834
812 835
812 836
812 837
812 838
812 839
812 840
812 841
812 842
812 843
812 844
812 845
812 846
812 847
812 848
812 849
812 850
812 851
812 852
812 853
812 854
812 855
812 856
812 857
812 858
812 859
812 860
812 861
813 813
813 814
813 815
813 816
813 817
813 818
813 819
813 820
813 821
813 822
813 823
813 824
813 825
813 826
813 827
813 828
813 829
813 830
813 831
813 832
813 833
813 834
813 835
813 836
813 837
813 838
813 839
813 840
813 841
813 842
813 843
813 844
813 845
813 846
813 847
813 848
813 849
813 850
813 851
813 852
813 853
813 854
813 855
813 856
813 857
813 858
813 859
813 860
813 861
813 862
814 814
814 815
814 816
814 817
814 818
814 819
814 820
814 821
814 822
814 823
814 824
814 825
814 826
814 827
814 828
814 829
814 830
814 831
814 832
814 833
814 834
814 835
814 836
814 837
814 838
814 839
814 840
814 841
814 842
814 843
814 844
814 845
814 846
814 847
814 848
814 849
814 850
814 851
814 852
814 853
814 854
814 855
814 856
814 857
814 858
814 859
814 860
814 861
814 862
814 863
815 815
815 816
815 817
815 818
815 819
815 820
815 821
815 822
815 823
815 824
815 825
815 826
815 827
815 828
815 829
815 830
815 831
815 832
815 833
815 834
815 835
815 836
815 837
815 838
815 839
815 840
815 841
815 842
815 843
815 844
815 845
815 846
815 847
815 848
815 849
815 850
815 851
815 852
815 853
815 854
815 855
815 856
815 857
815 858
815 859
815 860
815 861
815 862
815 863
815 864
816 816
816 817
816 818
816 819
816 820
816 821
816 822
816 823
816 824
816 825
816 826
816 827
816 828
816 829
816 830
816 831
816 832
816 833
816 834
816 835
816 836
816 837
816 838
816 839
816 840
816 841
816 842
816 843
816 844
816 845
816 846
816 847
816 848
816 849
816 850
816 851
816 852
816 853
816 854
816 855
816 856
816 857
816 858
816 859
816 860
816 861
816 862
816 863
816 864
816 865
817 817
817 818
817 819
817 820
817 821
817 822
817 823
817 824
817 825
817 826
817 827
817 828
817 829
817 830
817 831
817 832
817 833
817 834
817 835
817 836
817 837
817 838
817 839
817 840
817 841
817 842
817 843
817 844
817 845
817 846
817 847
817 848
817 849
817 850
817 851
817 852
817 853
817 854
817 855
817 856
817 857
817 858
817 859
817 860
817 861
817 862
817 863
817 864
817 865
817 866
818 818
818 819
818 820
818 821
818 822
818 823
818 824
818 825
818 826
818 827
818 828
818 829
818 830
818 831
818 832
818 833
818 834
818 835
818 836
818 837
818 838
818 839
818 840
818 841
818 842
818 843
818 844
818 845
818 846
818 847
818 848
818 849
818 850
818 851
818 852
818 853
818 854
818 855
818 856
818 857
818 858
818 859
818 860
818 861
818 862
818 863
818 864
818 865
818 866
818 867
819 819
819 820
819 821
819 822
819 823
819 824
819 825
819 826
819 827
819 828
819 829
819 830
819 831
819 832
819 833
819 834
819 835
819 836
819 837
819 838
819 839
819 840
819 841
819 842
819 843
819 844
819 845
819 846
819 847
819 848
819 849
819 850
819 851
819 852
819 853
819 854
819 855
819 856
819 857
819 858
819 859
819 860
819 861
819 862
819 863
819 864
819 865
819 866
819 867
819 868
820 820
820 821
820 822
820 823
820 824
820 825
820 826
820 827
820 828
820 829
820 830
820 831
820 832
820 833
820 834
820 835
820 836
820 837
820 838
820 839
820 840
820 841
820 842
820 843
820 844
820 845
820 846
820 847
820 848
820 849
820 850
820 851
820 852
820 853
820 854
820 855
820 856
820 857
820 858
820 859
820 860
820 861
820 862
820 863
820 864
820 865
820 866
820 867
820 868
820 869
821 821
821 822
821 823
821 824
821 825
821 826
821 827
821 828
821 829
821 830
821 831
821 832
821 833
821 834
821 835
821 836
821 837
821 838
821 839
821 840
821 841
821 842
821 843
821 844
821 845
821 846
821 847
821 848
821 849
821 850
821 851
821 852
821 853
821 854
821 855
821 856
821 857
821 858
821 859
821 860
821 861
821 862
821 863
821 864
821 865
821 866
821 867
821 868
821 869
821 870
822 822
822 823
822 824
822 825
822 826
822 827
822 828
822 829
822 830
822 831
822 832
822 833
822 834
822 835
822 836
822 837
822 838
822 839
822 840
822 841
822 842
822 843
822 844
822 845
822 846
822 847
822 848
822 849
822 850
822 851
822 852
822 853
822 854
822 855
822 856
822 857
822 858
822 859
822 860
822 861
822 862
822 863
822 864
822 865
822 866
822 867
822 868
822 869
822 870
822 871
823 823
823 824
823 825
823 826
823 827
823 828
823 829
823 830
823 831
823 832
823 833
823 834
823 835
823 836
823 837
823 838
823 839
823 840
823 841
823 842
823 843
823 844
823 845
823 846
823 847
823 848
823 849
823 850
823 851
823 852
823 853
823 854
823 855
823 856
823 857
823 858
823 859
823 860
823 861
823 862
823 863
823 864
823 865
823 866
823 867
823 868
823 869
823 870
823 871
823 872
824 824
824 825
824 826
824 827
824 828
824 829
824 830
824 831
824 832
824 833
824 834
824 835
824 836
824 837
824 838
824 839
824 840
824 841
824 842
824 843
824 844
824 845
824 846
824 847
824 848
824 849
824 850
824 851
824 852
824 853
824 854
824 855
824 856
824 857
824 858
824 859
824 860
824 861
824 862
824 863
824 864
824 865
824 866
824 867
824 868
824 869
824 870
824 871
824 872
824 873
825 825
825 826
825 827
825 828
825 829
825 830
825 831
825 832
825 833
825 834
825 835
825 836
825 837
825 838
825 839
825 840
825 841
825 842
825 843
825 844
825 845
825 846
825 847
825 848
825 849
825 850
825 851
825 852
825 853
825 854
825 855
825 856
825 857
825 858
825 859
825 860
825 861
825 862
825 863
825 864
825 865
825 866
825 867
825 868
825 869
825 870
825 871
825 872
825 873
825 874
826 826
826 827
826 828
826 829
826 830
826 831
826 832
826 833
826 834
826 835
826 836
826 837
826 838
826 839
826 840
826 841
826 842
826 843
826 844
826 845
826 846
826 847
826 848
826 849
826 850
826 851
826 852
826 853
826 854
826 855
826 856
826 857
826 858
826 859
826 860
826 861
826 862
826 863
826 864
826 865
826 866
826 867
826 868
826 869
826 870
826 871
826 872
826 873
826 874
826 875
827 827
827 828
827 829
827 830
827 831
827 832
827 833
827 834
827 835
827 836
827 837
827 838
827 839
827 840
827 841
827 842
827 843
827 844
827 845
827 846
827 847
827 848
827 849
827 850
827 851
827 852
827 853
827 854
827 855
827 856
827 857
827 858
827 859
827 860
827 861
827 862
827 863
827 864
827 865
827 866
827 867
827 868
827 869
827 870
827 871
827 872
827 873
827 874
827 875
827 876
828 828
828 829
828 830
828 831
828 832
828 833
828 834
828 835
828 836
828 837
828 838
828 839
828 840
828 841
828 842
828 843
828 844
828 845
828 846
828 847
828 848
828 849
828 850
828 851
828 852
828 853
828 854
828 855
828 856
828 857
828 858
828 859
828 860
828 861
828 862
828 863
828 864
828 865
828 866
828 867
828 868
828 869
828 870
828 871
828 872
828 873
828 874
828 875
828 876
828 877
829 829
829 830
829 831
829 832
829 833
829 834
829 835
829 836
829 837
829 838
829 839
829 840
829 841
829 842
829 843
829 844
829 845
829 846
829 847
829 848
829 849
829 850
829 851
829 852
829 853
829 854
829 855
829 856
829 857
829 858
829 859
829 860
829 861
829 862
829 863
829 864
829 865
829 866
829 867
829 868
829 869
829 870
829 871
829 872
829 873
829 874
829 875
829 876
829 877
829 878
830 830
830 831
830 832
830 833
830 834
830 835
830 836
830 837
830 838
830 839
830 840
830 841
830 842
830 843
830 844
830 845
830 846
830 847
830 848
830 849
830 850
830 851
830 852
830 853
830 854
830 855
830 856
830 857
830 858
830 859
830 860
830 861
830 862
830 863
830 864
830 865
830 866
830 867
830 868
830 869
830 870
830 871
830 872
830 873
830 874
830 875
830 876
830 877
830 878
830 879
831 831
831 832
831 833
831 834
831 835
831 836
831 837
831 838
831 839
831 840
831 841
831 842
831 843
831 844
831 845
831 846
831 847
831 848
831 849
831 850
831 851
831 852
831 853
831 854
831 855
831 856
831 857
831 858
831 859
831 860
831 861
831 862
831 863
831 864
831 865
831 866
831 867
831 868
831 869
831 870
831 871
831 872
831 873
831 874
831 875
831 876
831 877
831 878
831 879
831 880
832 832
832 833
832 834
832 835
832 836
832 837
832 838
832 839
832 840
832 841
832 842
832 843
832 844
832 845
832 846
832 847
832 848
832 849
832 850
832 851
832 852
832 853
832 854
832 855
832 856
832 857
832 858
832 859
832 860
832 861
832 862
832 863
832 864
832 865
832 866
832 867
832 868
832 869
832 870
832 871
832 872
832 873
832 874
832 875
832 876
832 877
832 878
832 879
832 880
832 881
833 833
833 834
833 835
833 836
833 837
833 838
833 839
833 840
833 841
833 842
833 843
833 844
833 845
833 846
833 847
833 848
833 849
833 850
833 851
833 852
833 853
833 854
833 855
833 856
833 857
833 858
833 859
833 860
833 861
833 862
833 863
833 864
833 865
833 866
833 867
833 868
833 869
833 870
833 871
833 872
833 873
833 874
833 875
833 876
833 877
833 878
833 879
833 880
833 881
833 882
834 834
834 835
834 836
834 837
834 838
834 839
834 840
834 841
834 842
834 843
834 844
834 845
834 846
834 847
834 848
834 849
834 850
834 851
834 852
834 853
834 854
834 855
834 856
834 857
834 858
834 859
834 860
834 861
834 862
834 863
834 864
834 865
834 866
834 867
834 868
834 869
834 870
834 871
834 872
834 873
834 874
834 875
834 876
834 877
834 878
834 879
834 880
834 881
834 882
834 883
835 835
835 836
835 837
835 838
835 839
835 840
835 841
835 842
835 843
835 844
835 845
835 846
835 847
835 848
835 849
835 850
835 851
835 852
835 853
835 854
835 855
835 856
835 857
835 858
835 859
835 860
835 861
835 862
835 863
835 864
835 865
835 866
835 867
835 868
835 869
835 870
835 871
835 872
835 873
835 874
835 875
835 876
835 877
835 878
835 879
835 880
835 881
835 882
835 883
835 884
836 836
836 837
836 838
836 839
836 840
836 841
836 842
836 843
836 844
836 845
836 846
836 847
836 848
836 849
836 850
836 851
836 852
836 853
836 854
836 855
836 856
836 857
836 858
836 859
836 860
836 861
836 862
836 863
836 864
836 865
836 866
836 867
836 868
836 869
836 870
836 871
836 872
836 873
836 874
836 875
836 876
836 877
836 878
836 879
836 880
836 881
836 882
836 883
836 884
836 885
837 837
837 838
837 839
837 840
837 841
837 842
837 843
837 844
837 845
837 846
837 847
837 848
837 849
837 850
837 851
837 852
837 853
837 854
837 855
837 856
837 857
837 858
837 859
837 860
837 861
837 862
837 863
837 864
837 865
837 866
837 867
837 868
837 869
837 870
837 871
837 872
837 873
837 874
837 875
837 876
837 877
837 878
837 879
837 880
837 881
837 882
837 883
837 884
837 885
837 886
838 838
838 839
838 840
838 841
838 842
838 843
838 844
838 845
838 846
838 847
838 848
838 849
838 850
838 851
838 852
838 853
838 854
838 855
838 856
838 857
838 858
838 859
838 860
838 861
838 862
838 863
838 864
838 865
838 866
838 867
838 868
838 869
838 870
838 871
838 872
838 873
838 874
838 875
838 876
838 877
838 878
838 879
838 880
838 881
838 882
838 883
838 884
838 885
838 886
838 887
839 839
839 840
839 841
839 842
839 843
839 844
839 845
839 846
839 847
839 848
839 849
839 850
839 851
839 852
839 853
839 854
839 855
839 856
839 857
839 858
839 859
839 860
839 861
839 862
839 863
839 864
839 865
839 866
839 867
839 868
839 869
839 870
839 871
839 872
839 873
839 874
839 875
839 876
839 877
839 878
839 879
839 880
839 881
839 882
839 883
839 884
839 885
839 886
839 887
839 888
840 840
840 841
840 842
840 843
840 844
840 845
840 846
840 847
840 848
840 849
840 850
840 851
840 852
840 853
840 854
840 855
840 856
840 857
840 858
840 859
840 860
840 861
840 862
840 863
840 864
840 865
840 866
840 867
840 868
840 869
840 870
840 871
840 872
840 873
840 874
840 875
840 876
840 877
840 878
840 879
840 880
840 881
840 882
840 883
840 884
840 885
840 886
840 887
840 888
840 889
841 841
841 842
841 843
841 844
841 845
841 846
841 847
841 848
841 849
841 850
841 851
841 852
841 853
841 854
841 855
841 856
841 857
841 858
841 859
841 860
841 861
841 862
841 863
841 864
841 865
841 866
841 867
841 868
841 869
841 870
841 871
841 872
841 873
841 874
841 875
841 876
841 877
841 878
841 879
841 880
841 881
841 882
841 883
841 884
841 885
841 886
841 887
841 888
841 889
841 890
842 842
842 843
842 844
842 845
842 846
842 847
842 848
842 849
842 850
842 851
842 852
842 853
842 854
842 855
842 856
842 857
842 858
842 859
842 860
842 861
842 862
842 863
842 864
842 865
842 866
842 867
842 868
842 869
842 870
842 871
842 872
842 873
842 874
842 875
842 876
842 877
842 878
842 879
842 880
842 881
842 882
842 883
842 884
842 885
842 886
842 887
842 888
842 889
842 890
842 891
843 843
843 844
843 845
843 846
843 847
843 848
843 849
843 850
843 851
843 852
843 853
843 854
843 855
843 856
843 857
843 858
843 859
843 860
843 861
843 862
843 863
843 864
843 865
843 866
843 867
843 868
843 869
843 870
843 871
843 872
843 873
843 874
843 875
843 876
843 877
843 878
843 879
843 880
843 881
843 882
843 883
843 884
843 885
843 886
843 887
843 888
843 889
843 890
843 891
843 892
844 844
844 845
844 846
844 847
844 848
844 849
844 850
844 851
844 852
844 853
844 854
844 855
844 856
844 857
844 858
844 859
844 860
844 861
844 862
844 863
844 864
844 865
844 866
844 867
844 868
844 869
844 870
844 871
844 872
844 873
844 874
844 875
844 876
844 877
844 878
844 879
844 880
844 881
844 882
844 883
844 884
844 885
844 886
844 887
844 888
844 889
844 890
844 891
844 892
844 893
845 845
845 846
845 847
845 848
845 849
845 850
845 851
845 852
845 853
845 854
845 855
845 856
845 857
845 858
845 859
845 860
845 861
845 862
845 863
845 864
845 865
845 866
845 867
845 868
845 869
845 870
845 871
845 872
845 873
845 874
845 875
845 876
845 877
845 878
845 879
845 880
845 881
845 882
845 883
845 884
845 885
845 886
845 887
845 888
845 889
845 890
845 891
845 892
845 893
845 894
846 846
846 847
846 848
846 849
846 850
846 851
846 852
846 853
846 854
846 855
846 856
846 857
846 858
846 859
846 860
846 861
846 862
846 863
846 864
846 865
846 866
846 867
846 868
846 869
846 870
846 871
846 872
846 873
846 874
846 875
846 876
846 877
846 878
846 879
846 880
846 881
846 882
846 883
846 884
846 885
846 886
846 887
846 888
846 889
846 890
846 891
846 892
846 893
846 894
846 895
847 847
847 848
847 849
847 850
847 851
847 852
847 853
847 854
847 855
847 856
847 857
847 858
847 859
847 860
847 861
847 862
847 863
847 864
847 865
847 866
847 867
847 868
847 869
847 870
847 871
847 872
847 873
847 874
847 875
847 876
847 877
847 878
847 879
847 880
847 881
847 882
847 883
847 884
847 885
847 886
847 887
847 888
847 889
847 890
847 891
847 892
847 893
847 894
847 895
847 896
848 848
848 849
848 850
848 851
848 852
848 853
848 854
848 855
848 856
848 857
848 858
848 859
848 860
848 861
848 862
848 863
848 864
848 865
848 866
848 867
848 868
848 869
848 870
848 871
848 872
848 873
848 874
848 875
848 876
848 877
848 878
848 879
848 880
848 881
848 882
848 883
848 884
848 885
848 886
848 887
848 888
848 889
848 890
848 891
848 892
848 893
848 894
848 895
848 896
848 897
849 849
849 850
849 851
849 852
849 853
849 854
849 855
849 856
849 857
849 858
849 859
849 860
849 861
849 862
849 863
849 864
849 865
849 866
849 867
849 868
849 869
849 870
849 871
849 872
849 873
849 874
849 875
849 876
849 877
849 878
849 879
849 880
849 881
849 882
849 883
849 884
849 885
849 886
849 887
849 888
849 889
849 890
849 891
849 892
849 893
849 894
849 895
849 896
849 897
849 898
850 850
850 851
850 852
850 853
850 854
850 855
850 856
850 857
850 858
850 859
850 860
850 861
850 862
850 863
850 864
850 865
850 866
850 867
850 868
850 869
850 870
850 871
850 872
850 873
850 874
850 875
850 876
850 877
850 878
850 879
850 880
850 881
850 882
850 883
850 884
850 885
850 886
850 887
850 888
850 889
850 890
850 891
850 892
850 893
850 894
850 895
850 896
850 897
850 898
850 899
851 851
851 852
851 853
851 854
851 855
851 856
851 857
851 858
851 859
851 860
851 861
851 862
851 863
851 864
851 865
851 866
851 867
851 868
851 869
851 870
851 871
851 872
851 873
851 874
851 875
851 876
851 877
851 878
851 879
851 880
851 881
851 882
851 883
851 884
851 885
851 886
851 887
851 888
851 889
851 890
851 891
851 892
851 893
851 894
851 895
851 896
851 897
851 898
851 899
851 900
852 852
852 853
852 854
852 855
852 856
852 857
852 858
852 859
852 860
852 861
852 862
852 863
852 864
852 865
852 866
852 867
852 868
852 869
852 870
852 871
852 872
852 873
852 874
852 875
852 876
852 877
852 878
852 879
852 880
852 881
852 882
852 883
852 884
852 885
852 886
852 887
852 888
852 889
852 890
852 891
852 892
852 893
852 894
852 895
852 896
852 897
852 898
852 899
852 900
852 901
853 853
853 854
853 855
853 856
853 857
853 858
853 859
853 860
853 861
853 862
853 863
853 864
853 865
853 866
853 867
853 868
853 869
853 870
853 871
853 872
853 873
853 874
853 875
853 876
853 877
853 878
853 879
853 880
853 881
853 882
853 883
853 884
853 885
853 886
853 887
853 888
853 889
853 890
853 891
853 892
853 893
853 894
853 895
853 896
853 897
853 898
853 899
853 900
853 901
853 902
854 854
854 855
854 856
854 857
854 858
854 859
854 860
854 861
854 862
854 863
854 864
854 865
854 866
854 867
854 868
854 869
854 870
854 871
854 872
854 873
854 874
854 875
854 876
854 877
854 878
854 879
854 880
854 881
854 882
854 883
854 884
854 885
854 886
854 887
854 888
854 889
854 890
854 891
854 892
854 893
854 894
854 895
854 896
854 897
854 898
854 899
854 900
854 901
854 902
854 903
855 855
855 856
855 857
855 858
855 859
855 860
855 861
855 862
855 863
855 864
855 865
855 866
855 867
855 868
855 869
855 870
855 871
855 872
855 873
855 874
855 875
855 876
855 877
855 878
855 879
855 880
855 881
855 882
855 883
855 884
855 885
855 886
855 887
855 888
855 889
855 890
855 891
855 892
855 893
855 894
855 895
855 896
855 897
855 898
855 899
855 900
855 901
855 902
855 903
855 904
856 856
856 857
856 858
856 859
856 860
856 861
856 862
856 863
856 864
856 865
856 866
856 867
856 868
856 869
856 870
856 871
856 872
856 873
856 874
856 875
856 876
856 877
856 878
856 879
856 880
856 881
856 882
856 883
856 884
856 885
856 886
856 887
856 888
856 889
856 890
856 891
856 892
856 893
856 894
856 895
856 896
856 897
856 898
856 899
856 900
856 901
856 902
856 903
856 904
856 905
857 857
857 858
857 859
857 860
857 861
857 862
857 863
857 864
857 865
857 866
857 867
857 868
857 869
857 870
857 871
857 872
857 873
857 874
857 875
857 876
857 877
857 878
857 879
857 880
857 881
857 882
857 883
857 884
857 885
857 886
857 887
857 888
857 889
857 890
857 891
857 892
857 893
857 894
857 895
857 896
857 897
857 898
857 899
857 900
857 901
857 902
857 903
857 904
857 905
857 906
858 858
858 859
858 860
858 861
858 862
858 863
858 864
858 865
858 866
858 867
858 868
858 869
858 870
858 871
858 872
858 873
858 874
858 875
858 876
858 877
858 878
858 879
858 880
858 881
858 882
858 883
858 884
858 885
858 886
858 887
858 888
858 889
858 890
858 891
858 892
858 893
858 894
858 895
858 896
858 897
858 898
858 899
858 900
858 901
858 902
858 903
858 904
858 905
858 906
858 907
859 859
859 860
859 861
859 862
859 863
859 864
859 865
859 866
859 867
859 868
859 869
859 870
859 871
859 872
859 873
859 874
859 875
859 876
859 877
859 878
859 879
859 880
859 881
859 882
859 883
859 884
859 885
859 886
859 887
859 888
859 889
859 890
859 891
859 892
859 893
859 894
859 895
859 896
859 897
859 898
859 899
859 900
859 901
859 902
859 903
859 904
859 905
859 906
859 907
859 908
860 860
860 861
860 862
860 863
860 864
860 865
860 866
860 867
860 868
860 869
860 870
860 871
860 872
860 873
860 874
860 875
860 876
860 877
860 878
860 879
860 880
860 881
860 882
860 883
860 884
860 885
860 886
860 887
860 888
860 889
860 890
860 891
860 892
860 893
860 894
860 895
860 896
860 897
860 898
860 899
860 900
860 901
860 902
860 903
860 904
860 905
860 906
860 907
860 908
860 909
861 861
861 862
861 863
861 864
861 865
861 866
861 867
861 868
861 869
861 870
861 871
861 872
861 873
861 874
861 875
861 876
861 877
861 878
861 879
861 880
861 881
861 882
861 883
861 884
861 885
861 886
861 887
861 888
861 889
861 890
861 891
861 892
861 893
861 894
861 895
861 896
861 897
861 898
861 899
861 900
861 901
861 902
861 903
861 904
861 905
861 906
861 907
861 908
861 909
861 910
862 862
862 863
862 864
862 865
862 866
862 867
862 868
862 869
862 870
862 871
862 872
862 873
862 874
862 875
862 876
862 877
862 878
862 879
862 880
862 881
862 882
862 883
862 884
862 885
862 886
862 887
862 888
862 889
862 890
862 891
862 892
862 893
862 894
862 895
862 896
862 897
862 898
862 899
862 900
862 901
862 902
862 903
862 904
862 905
862 906
862 907
862 908
862 909
862 910
862 911
863 863
863 864
863 865
863 866
863 867
863 868
863 869
863 870
863 871
863 872
863 873
863 874
863 875
863 876
863 877
863 878
863 879
863 880
863 881
863 882
863 883
863 884
863 885
863 886
863 887
863 888
863 889
863 890
863 891
863 892
863 893
863 894
863 895
863 896
863 897
863 898
863 899
863 900
863 901
863 902
863 903
863 904
863 905
863 906
863 907
863 908
863 909
863 910
863 911
863 912
864 864
864 865
864 866
864 867
864 868
864 869
864 870
864 871
864 872
864 873
864 874
864 875
864 876
864 877
864 878
864 879
864 880
864 881
864 882
864 883
864 884
864 885
864 886
864 887
864 888
864 889
864 890
864 891
864 892
864 893
864 894
864 895
864 896
864 897
864 898
864 899
864 900
864 901
864 902
864 903
864 904
864 905
864 906
864 907
864 908
864 909
864 910
864 911
864 912
864 913
865 865
865 866
865 867
865 868
865 869
865 870
865 871
865 872
865 873
865 874
865 875
865 876
865 877
865 878
865 879
865 880
865 881
865 882
865 883
865 884
865 885
865 886
865 887
865 888
865 889
865 890
865 891
865 892
865 893
865 894
865 895
865 896
865 897
865 898
865 899
865 900
865 901
865 902
865 903
865 904
865 905
865 906
865 907
865 908
865 909
865 910
865 911
865 912
865 913
865 914
866 866
866 867
866 868
866 869
866 870
866 871
866 872
866 873
866 874
866 875
866 876
866 877
866 878
866 879
866 880
866 881
866 882
866 883
866 884
866 885
866 886
866 887
866 888
866 889
866 890
866 891
866 892
866 893
866 894
866 895
866 896
866 897
866 898
866 899
866 900
866 901
866 902
866 903
866 904
866 905
866 906
866 907
866 908
866 909
866 910
866 911
866 912
866 913
866 914
866 915
867 867
867 868
867 869
867 870
867 871
867 872
867 873
867 874
867 875
867 876
867 877
867 878
867 879
867 880
867 881
867 882
867 883
867 884
867 885
867 886
867 887
867 888
867 889
867 890
867 891
867 892
867 893
867 894
867 895
867 896
867 897
867 898
867 899
867 900
867 901
867 902
867 903
867 904
867 905
867 906
867 907
867 908
867 909
867 910
867 911
867 912
867 913
867 914
867 915
867 916
868 868
868 869
868 870
868 871
868 872
868 873
868 874
868 875
868 876
868 877
868 878
868 879
868 880
868 881
868 882
868 883
868 884
868 885
868 886
868 887
868 888
868 889
868 890
868 891
868 892
868 893
868 894
868 895
868 896
868 897
868 898
868 899
868 900
868 901
868 902
868 903
868 904
868 905
868 906
868 907
868 908
868 909
868 910
868 911
868 912
868 913
868 914
868 915
868 916
868 917
869 869
869 870
869 871
869 872
869 873
869 874
869 875
869 876
869 877
869 878
869 879
869 880
869 881
869 882
869 883
869 884
869 885
869 886
869 887
869 888
869 889
869 890
869 891
869 892
869 893
869 894
869 895
869 896
869 897
869 898
869 899
869 900
869 901
869 902
869 903
869 904
869 905
869 906
869 907
869 908
869 909
869 910
869 911
869 912
869 913
869 914
869 915
869 916
869 917
869 918
870 870
870 871
870 872
870 873
870 874
870 875
870 876
870 877
870 878
870 879
870 880
870 881
870 882
870 883
870 884
870 885
870 886
870 887
870 888
870 889
870 890
870 891
870 892
870 893
870 894
870 895
870 896
870 897
870 898
870 899
870 900
870 901
870 902
870 903
870 904
870 905
870 906
870 907
870 908
870 909
870 910
870 911
870 912
870 913
870 914
870 915
870 916
870 917
870 918
870 919
871 871
871 872
871 873
871 874
871 875
871 876
871 877
871 878
871 879
871 880
871 881
871 882
871 883
871 884
871 885
871 886
871 887
871 888
871 889
871 890
871 891
871 892
871 893
871 894
871 895
871 896
871 897
871 898
871 899
871 900
871 901
871 902
871 903
871 904
871 905
871 906
871 907
871 908
871 909
871 910
871 911
871 912
871 913
871 914
871 915
871 916
871 917
871 918
871 919
871 920
872 872
872 873
872 874
872 875
872 876
872 877
872 878
872 879
872 880
872 881
872 882
872 883
872 884
872 885
872 886
872 887
872 888
872 889
872 890
872 891
872 892
872 893
872 894
872 895
872 896
872 897
872 898
872 899
872 900
872 901
872 902
872 903
872 904
872 905
872 906
872 907
872 908
872 909
872 910
872 911
872 912
872 913
872 914
872 915
872 916
872 917
872 918
872 919
872 920
872 921
873 873
873 874
873 875
873 876
873 877
873 878
873 879
873 880
873 881
873 882
873 883
873 884
873 885
873 886
873 887
873 888
873 889
873 890
873 891
873 892
873 893
873 894
873 895
873 896
873 897
873 898
873 899
873 900
873 901
873 902
873 903
873 904
873 905
873 906
873 907
873 908
873 909
873 910
873 911
873 912
873 913
873 914
873 915
873 916
873 917
873 918
873 919
873 920
873 921
873 922
874 874
874 875
874 876
874 877
874 878
874 879
874 880
874 881
874 882
874 883
874 884
874 885
874 886
874 887
874 888
874 889
874 890
874 891
874 892
874 893
874 894
874 895
874 896
874 897
874 898
874 899
874 900
874 901
874 902
874 903
874 904
874 905
874 906
874 907
874 908
874 909
874 910
874 911
874 912
874 913
874 914
874 915
874 916
874 917
874 918
874 919
874 920
874 921
874 922
874 923
875 875
875 876
875 877
875 878
875 879
875 880
875 881
875 882
875 883
875 884
875 885
875 886
875 887
875 888
875 889
875 890
875 891
875 892
875 893
875 894
875 895
875 896
875 897
875 898
875 899
875 900
875 901
875 902
875 903
875 904
875 905
875 906
875 907
875 908
875 909
875 910
875 911
875 912
875 913
875 914
875 915
875 916
875 917
875 918
875 919
875 920
875 921
875 922
875 923
875 924
876 876
876 877
876 878
876 879
876 880
876 881
876 882
876 883
876 884
876 885
876 886
876 887
876 888
876 889
876 890
876 891
876 892
876 893
876 894
876 895
876 896
876 897
876 898
876 899
876 900
876 901
876 902
876 903
876 904
876 905
876 906
876 907
876 908
876 909
876 910
876 911
876 912
876 913
876 914
876 915
876 916
876 917
876 918
876 919
876 920
876 921
876 922
876 923
876 924
876 925
877 877
877 878
877 879
877 880
877 881
877 882
877 883
877 884
877 885
877 886
877 887
877 888
877 889
877 890
877 891
877 892
877 893
877 894
877 895
877 896
877 897
877 898
877 899
877 900
877 901
877 902
877 903
877 904
877 905
877 906
877 907
877 908
877 909
877 910
877 911
877 912
877 913
877 914
877 915
877 916
877 917
877 918
877 919
877 920
877 921
877 922
877 923
877 924
877 925
877 926
878 878
878 879
878 880
878 881
878 882
878 883
878 884
878 885
878 886
878 887
878 888
878 889
878 890
878 891
878 892
878 893
878 894
878 895
878 896
878 897
878 898
878 899
878 900
878 901
878 902
878 903
878 904
878 905
878 906
878 907
878 908
878 909
878 910
878 911
878 912
878 913
878 914
878 915
878 916
878 917
878 918
878 919
878 920
878 921
878 922
878 923
878 924
878 925
878 926
878 927
879 879
879 880
879 881
879 882
879 883
879 884
879 885
879 886
879 887
879 888
879 889
879 890
879 891
879 892
879 893
879 894
879 895
879 896
879 897
879 898
879 899
879 900
879 901
879 902
879 903
879 904
879 905
879 906
879 907
879 908
879 909
879 910
879 911
879 912
879 913
879 914
879 915
879 916
879 917
879 918
879 919
879 920
879 921
879 922
879 923
879 924
879 925
879 926
879 927
879 928
880 880
880 881
880 882
880 883
880 884
880 885
880 886
880 887
880 888
880 889
880 890
880 891
880 892
880 893
880 894
880 895
880 896
880 897
880 898
880 899
880 900
880 901
880 902
880 903
880 904
880 905
880 906
880 907
880 908
880 909
880 910
880 911
880 912
880 913
880 914
880 915
880 916
880 917
880 918
880 919
880 920
880 921
880 922
880 923
880 924
880 925
880 926
880 927
880 928
880 929
881 881
881 882
881 883
881 884
881 885
881 886
881 887
881 888
881 889
881 890
881 891
881 892
881 893
881 894
881 895
881 896
881 897
881 898
881 899
881 900
881 901
881 902
881 903
881 904
881 905
881 906
881 907
881 908
881 909
881 910
881 911
881 912
881 913
881 914
881 915
881 916
881 917
881 918
881 919
881 920
881 921
881 922
881 923
881 924
881 925
881 926
881 927
881 928
881 929
881 930
882 882
882 883
882 884
882 885
882 886
882 887
882 888
882 889
882 890
882 891
882 892
882 893
882 894
882 895
882 896
882 897
882 898
882 899
882 900
882 901
882 902
882 903
882 904
882 905
882 906
882 907
882 908
882 909
882 910
882 911
882 912
882 913
882 914
882 915
882 916
882 917
882 918
882 919
882 920
882 921
882 922
882 923
882 924
882 925
882 926
882 927
882 928
882 929
882 930
882 931
883 883
883 884
883 885
883 886
883 887
883 888
883 889
883 890
883 891
883 892
883 893
883 894
883 895
883 896
883 897
883 898
883 899
883 900
883 901
883 902
883 903
883 904
883 905
883 906
883 907
883 908
883 909
883 910
883 911
883 912
883 913
883 914
883 915
883 916
883 917
883 918
883 919
883 920
883 921
883 922
883 923
883 924
883 925
883 926
883 927
883 928
883 929
883 930
883 931
883 932
884 884
884 885
884 886
884 887
884 888
884 889
884 890
884 891
884 892
884 893
884 894
884 895
884 896
884 897
884 898
884 899
884 900
884 901
884 902
884 903
884 904
884 905
884 906
884 907
884 908
884 909
884 910
884 911
884 912
884 913
884 914
884 915
884 916
884 917
884 918
884 919
884 920
884 921
884 922
884 923
884 924
884 925
884 926
884 927
884 928
884 929
884 930
884 931
884 932
884 933
885 885
885 886
885 887
885 888
885 889
885 890
885 891
885 892
885 893
885 894
885 895
885 896
885 897
885 898
885 899
885 900
885 901
885 902
885 903
885 904
885 905
885 906
885 907
885 908
885 909
885 910
885 911
885 912
885 913
885 914
885 915
885 916
885 917
885 918
885 919
885 920
885 921
885 922
885 923
885 924
885 925
885 926
885 927
885 928
885 929
885 930
885 931
885 932
885 933
885 934
886 886
886 887
886 888
886 889
886 890
886 891
886 892
886 893
886 894
886 895
886 896
886 897
886 898
886 899
886 900
886 901
886 902
886 903
886 904
886 905
886 906
886 907
886 908
886 909
886 910
886 911
886 912
886 913
886 914
886 915
886 916
886 917
886 918
886 919
886 920
886 921
886 922
886 923
886 924
886 925
886 926
886 927
886 928
886 929
886 930
886 931
886 932
886 933
886 934
886 935
887 887
887 888
887 889
887 890
887 891
887 892
887 893
887 894
887 895
887 896
887 897
887 898
887 899
887 900
887 901
887 902
887 903
887 904
887 905
887 906
887 907
887 908
887 909
887 910
887 911
887 912
887 913
887 914
887 915
887 916
887 917
887 918
887 919
887 920
887 921
887 922
887 923
887 924
887 925
887 926
887 927
887 928
887 929
887 930
887 931
887 932
887 933
887 934
887 935
887 936
888 888
888 889
888 890
888 891
888 892
888 893
888 894
888 895
888 896
888 897
888 898
888 899
888 900
888 901
888 902
888 903
888 904
888 905
888 906
888 907
888 908
888 909
888 910
888 911
888 912
888 913
888 914
888 915
888 916
888 917
888 918
888 919
888 920
888 921
888 922
888 923
888 924
888 925
888 926
888 927
888 928
888 929
888 930
888 931
888 932
888 933
888 934
888 935
888 936
888 937
889 889
889 890
889 891
889 892
889 893
889 894
889 895
889 896
889 897
889 898
889 899
889 900
889 901
889 902
889 903
889 904
889 905
889 906
889 907
889 908
889 909
889 910
889 911
889 912
889 913
889 914
889 915
889 916
889 917
889 918
889 919
889 920
889 921
889 922
889 923
889 924
889 925
889 926
889 927
889 928
889 929
889 930
889 931
889 932
889 933
889 934
889 935
889 936
889 937
889 938
890 890
890 891
890 892
890 893
890 894
890 895
890 896
890 897
890 898
890 899
890 900
890 901
890 902
890 903
890 904
890 905
890 906
890 907
890 908
890 909
890 910
890 911
890 912
890 913
890 914
890 915
890 916
890 917
890 918
890 919
890 920
890 921
890 922
890 923
890 924
890 925
890 926
890 927
890 928
890 929
890 930
890 931
890 932
890 933
890 934
890 935
890 936
890 937
890 938
890 939
891 891
891 892
891 893
891 894
891 895
891 896
891 897
891 898
891 899
891 900
891 901
891 902
891 903
891 904
891 905
891 906
891 907
891 908
891 909
891 910
891 911
891 912
891 913
891 914
891 915
891 916
891 917
891 918
891 919
891 920
891 921
891 922
891 923
891 924
891 925
891 926
891 927
891 928
891 929
891 930
891 931
891 932
891 933
891 934
891 935
891 936
891 937
891 938
891 939
891 940
892 892
892 893
892 894
892 895
892 896
892 897
892 898
892 899
892 900
892 901
892 902
892 903
892 904
892 905
892 906
892 907
892 908
892 909
892 910
892 911
892 912
892 913
892 914
892 915
892 916
892 917
892 918
892 919
892 920
892 921
892 922
892 923
892 924
892 925
892 926
892 927
892 928
892 929
892 930
892 931
892 932
892 933
892 934
892 935
892 936
892 937
892 938
892 939
892 940
892 941
893 893
893 894
893 895
893 896
893 897
893 898
893 899
893 900
893 901
893 902
893 903
893 904
893 905
893 906
893 907
893 908
893 909
893 910
893 911
893 912
893 913
893 914
893 915
893 916
893 917
893 918
893 919
893 920
893 921
893 922
893 923
893 924
893 925
893 926
893 927
893 928
893 929
893 930
893 931
893 932
893 933
893 934
893 935
893 936
893 937
893 938
893 939
893 940
893 941
893 942
894 894
894 895
894 896
894 897
894 898
894 899
894 900
894 901
894 902
894 903
894 904
894 905
894 906
894 907
894 908
894 909
894 910
894 911
894 912
894 913
894 914
894 915
894 916
894 917
894 918
894 919
894 920
894 921
894 922
894 923
894 924
894 925
894 926
894 927
894 928
894 929
894 930
894 931
894 932
894 933
894 934
894 935
894 936
894 937
894 938
894 939
894 940
894 941
894 942
894 943
895 895
895 896
895 897
895 898
895 899
895 900
895 901
895 902
895 903
895 904
895 905
895 906
895 907
895 908
895 909
895 910
895 911
895 912
895 913
895 914
895 915
895 916
895 917
895 918
895 919
895 920
895 921
895 922
895 923
895 924
895 925
895 926
895 927
895 928
895 929
895 930
895 931
895 932
895 933
895 934
895 935
895 936
895 937
895 938
895 939
895 940
895 941
895 942
895 943
895 944
896 896
896 897
896 898
896 899
896 900
896 901
896 902
896 903
896 904
896 905
896 906
896 907
896 908
896 909
896 910
896 911
896 912
896 913
896 914
896 915
896 916
896 917
896 918
896 919
896 920
896 921
896 922
896 923
896 924
896 925
896 926
896 927
896 928
896 929
896 930
896 931
896 932
896 933
896 934
896 935
896 936
896 937
896 938
896 939
896 940
896 941
896 942
896 943
896 944
896 945
897 897
897 898
897 899
897 900
897 901
897 902
897 903
897 904
897 905
897 906
897 907
897 908
897 909
897 910
897 911
897 912
897 913
897 914
897 915
897 916
897 917
897 918
897 919
897 920
897 921
897 922
897 923
897 924
897 925
897 926
897 927
897 928
897 929
897 930
897 931
897 932
897 933
897 934
897 935
897 936
897 937
897 938
897 939
897 940
897 941
897 942
897 943
897 944
897 945
897 946
898 898
898 899
898 900
898 901
898 902
898 903
898 904
898 905
898 906
898 907
898 908
898 909
898 910
898 911
898 912
898 913
898 914
898 915
898 916
898 917
898 918
898 919
898 920
898 921
898 922
898 923
898 924
898 925
898 926
898 927
898 928
898 929
898 930
898 931
898 932
898 933
898 934
898 935
898 936
898 937
898 938
898 939
898 940
898 941
898 942
898 943
898 944
898 945
898 946
898 947
899 899
899 900
899 901
899 902
899 903
899 904
899 905
899 906
899 907
899 908
899 909
899 910
899 911
899 912
899 913
899 914
899 915
899 916
899 917
899 918
899 919
899 920
899 921
899 922
899 923
899 924
899 925
899 926
899 927
899 928
899 929
899 930
899 931
899 932
899 933
899 934
899 935
899 936
899 937
899 938
899 939
899 940
899 941
899 942
899 943
899 944
899 945
899 946
899 947
899 948
900 900
900 901
900 902
900 903
900 904
900 905
900 906
900 907
900 908
900 909
900 910
900 911
900 912
900 913
900 914
900 915
900 916
900 917
900 918
900 919
900 920
900 921
900 922
900 923
900 924
900 925
900 926
900 927
900 928
900 929
900 930
900 931
900 932
900 933
900 934
900 935
900 936
900 937
900 938
900 939
900 940
900 941
900 942
900 943
900 944
900 945
900 946
900 947
900 948
900 949
901 901
901 902
901 903
901 904
901 905
901 906
901 907
901 908
901 909
901 910
901 911
901 912
901 913
901 914
901 915
901 916
901 917
901 918
901 919
901 920
901 921
901 922
901 923
901 924
901 925
901 926
901 927
901 928
901 929
901 930
901 931
901 932
901 933
901 934
901 935
901 936
901 937
901 938
901 939
901 940
901 941
901 942
901 943
901 944
901 945
901 946
901 947
901 948
901 949
901 950
902 902
902 903
902 904
902 905
902 906
902 907
902 908
902 909
902 910
902 911
902 912
902 913
902 914
902 915
902 916
902 917
902 918
902 919
902 920
902 921
902 922
902 923
902 924
902 925
902 926
902 927
902 928
902 929
902 930
902 931
902 932
902 933
902 934
902 935
902 936
902 937
902 938
902 939
902 940
902 941
902 942
902 943
902 944
902 945
902 946
902 947
902 948
902 949
902 950
902 951
903 903
903 904
903 905
903 906
903 907
903 908
903 909
903 910
903 911
903 912
903 913
903 914
903 915
903 916
903 917
903 918
903 919
903 920
903 921
903 922
903 923
903 924
903 925
903 926
903 927
903 928
903 929
903 930
903 931
903 932
903 933
903 934
903 935
903 936
903 937
903 938
903 939
903 940
903 941
903 942
903 943
903 944
903 945
903 946
903 947
903 948
903 949
903 950
903 951
903 952
904 904
904 905
904 906
904 907
904 908
904 909
904 910
904 911
904 912
904 913
904 914
904 915
904 916
904 917
904 918
904 919
904 920
904 921
904 922
904 923
904 924
904 925
904 926
904 927
904 928
904 929
904 930
904 931
904 932
904 933
904 934
904 935
904 936
904 937
904 938
904 939
904 940
904 941
904 942
904 943
904 944
904 945
904 946
904 947
904 948
904 949
904 950
904 951
904 952
904 953
905 905
905 906
905 907
905 908
905 909
905 910
905 911
905 912
905 913
905 914
905 915
905 916
905 917
905 918
905 919
905 920
905 921
905 922
905 923
905 924
905 925
905 926
905 927
905 928
905 929
905 930
905 931
905 932
905 933
905 934
905 935
905 936
905 937
905 938
905 939
905 940
905 941
905 942
905 943
905 944
905 945
905 946
905 947
905 948
905 949
905 950
905 951
905 952
905 953
905 954
906 906
906 907
906 908
906 909
906 910
906 911
906 912
906 913
906 914
906 915
906 916
906 917
906 918
906 919
906 920
906 921
906 922
906 923
906 924
906 925
906 926
906 927
906 928
906 929
906 930
906 931
906 932
906 933
906 934
906 935
906 936
906 937
906 938
906 939
906 940
906 941
906 942
906 943
906 944
906 945
906 946
906 947
906 948
906 949
906 950
906 951
906 952
906 953
906 954
906 955
907 907
907 908
907 909
907 910
907 911
907 912
907 913
907 914
907 915
907 916
907 917
907 918
907 919
907 920
907 921
907 922
907 923
907 924
907 925
907 926
907 927
907 928
907 929
907 930
907 931
907 932
907 933
907 934
907 935
907 936
907 937
907 938
907 939
907 940
907 941
907 942
907 943
907 944
907 945
907 946
907 947
907 948
907 949
907 950
907 951
907 952
907 953
907 954
907 955
907 956
908 908
908 909
908 910
908 911
908 912
908 913
908 914
908 915
908 916
908 917
908 918
908 919
908 920
908 921
908 922
908 923
908 924
908 925
908 926
908 927
908 928
908 929
908 930
908 931
908 932
908 933
908 934
908 935
908 936
908 937
908 938
908 939
908 940
908 941
908 942
908 943
908 944
908 945
908 946
908 947
908 948
908 949
908 950
908 951
908 952
908 953
908 954
908 955
908 956
908 957
909 909
909 910
909 911
909 912
909 913
909 914
909 915
909 916
909 917
909 918
909 919
909 920
909 921
909 922
909 923
909 924
909 925
909 926
909 927
909 928
909 929
909 930
909 931
909 932
909 933
909 934
909 935
909 936
909 937
909 938
909 939
909 940
909 941
909 942
909 943
909 944
909 945
909 946
909 947
909 948
909 949
909 950
909 951
909 952
909 953
909 954
909 955
909 956
909 957
909 958
910 910
910 911
910 912
910 913
910 914
910 915
910 916
910 917
910 918
910 919
910 920
910 921
910 922
910 923
910 924
910 925
910 926
910 927
910 928
910 929
910 930
910 931
910 932
910 933
910 934
910 935
910 936
910 937
910 938
910 939
910 940
910 941
910 942
910 943
910 944
910 945
910 946
910 947
910 948
910 949
910 950
910 951
910 952
910 953
910 954
910 955
910 956
910 957
910 958
910 959
911 911
911 912
911 913
911 914
911 915
911 916
911 917
911 918
911 919
911 920
911 921
911 922
911 923
911 924
911 925
911 926
911 927
911 928
911 929
911 930
911 931
911 932
911 933
911 934
911 935
911 936
911 937
911 938
911 939
911 940
911 941
911 942
911 943
911 944
911 945
911 946
911 947
911 948
911 949
911 950
911 951
911 952
911 953
911 954
911 955
911 956
911 957
911 958
911 959
911 960
912 912
912 913
912 914
912 915
912 916
912 917
912 918
912 919
912 920
912 921
912 922
912 923
912 924
912 925
912 926
912 927
912 928
912 929
912 930
912 931
912 932
912 933
912 934
912 935
912 936
912 937
912 938
912 939
912 940
912 941
912 942
912 943
912 944
912 945
912 946
912 947
912 948
912 949
912 950
912 951
912 952
912 953
912 954
912 955
912 956
912 957
912 958
912 959
912 960
912 961
913 913
913 914
913 915
913 916
913 917
913 918
913 919
913 920
913 921
913 922
913 923
913 924
913 925
913 926
913 927
913 928
913 929
913 930
913 931
913 932
913 933
913 934
913 935
913 936
913 937
913 938
913 939
913 940
913 941
913 942
913 943
913 944
913 945
913 946
913 947
913 948
913 949
913 950
913 951
913 952
913 953
913 954
913 955
913 956
913 957
913 958
913 959
913 960
913 961
913 962
914 914
914 915
914 916
914 917
914 918
914 919
914 920
914 921
914 922
914 923
914 924
914 925
914 926
914 927
914 928
914 929
914 930
914 931
914 932
914 933
914 934
914 935
914 936
914 937
914 938
914 939
914 940
914 941
914 942
914 943
914 944
914 945
914 946
914 947
914 948
914 949
914 950
914 951
914 952
914 953
914 954
914 955
914 956
914 957
914 958
914 959
914 960
914 961
914 962
914 963
915 915
915 916
915 917
915 918
915 919
915 920
915 921
915 922
915 923
915 924
915 925
915 926
915 927
915 928
915 929
915 930
915 931
915 932
915 933
915 934
915 935
915 936
915 937
915 938
915 939
915 940
915 941
915 942
915 943
915 944
915 945
915 946
915 947
915 948
915 949
915 950
915 951
915 952
915 953
915 954
915 955
915 956
915 957
915 958
915 959
915 960
915 961
915 962
915 963
915 964
916 916
916 917
916 918
916 919
916 920
916 921
916 922
916 923
916 924
916 925
916 926
916 927
916 928
916 929
916 930
916 931
916 932
916 933
916 934
916 935
916 936
916 937
916 938
916 939
916 940
916 941
916 942
916 943
916 944
916 945
916 946
916 947
916 948
916 949
916 950
916 951
916 952
916 953
916 954
916 955
916 956
916 957
916 958
916 959
916 960
916 961
916 962
916 963
916 964
916 965
917 917
917 918
917 919
917 920
917 921
917 922
917 923
917 924
917 925
917 926
917 927
917 928
917 929
917 930
917 931
917 932
917 933
917 934
917 935
917 936
917 937
917 938
917 939
917 940
917 941
917 942
917 943
917 944
917 945
917 946
917 947
917 948
917 949
917 950
917 951
917 952
917 953
917 954
917 955
917 956
917 957
917 958
917 959
917 960
917 961
917 962
917 963
917 964
917 965
917 966
918 918
918 919
918 920
918 921
918 922
918 923
918 924
918 925
918 926
918 927
918 928
918 929
918 930
918 931
918 932
918 933
918 934
918 935
918 936
918 937
918 938
918 939
918 940
918 941
918 942
918 943
918 944
918 945
918 946
918 947
918 948
918 949
918 950
918 951
918 952
918 953
918 954
918 955
918 956
918 957
918 958
918 959
918 960
918 961
918 962
918 963
918 964
918 965
918 966
918 967
919 919
919 920
919 921
919 922
919 923
919 924
919 925
919 926
919 927
919 928
919 929
919 930
919 931
919 932
919 933
919 934
919 935
919 936
919 937
919 938
919 939
919 940
919 941
919 942
919 943
919 944
919 945
919 946
919 947
919 948
919 949
919 950
919 951
919 952
919 953
919 954
919 955
919 956
919 957
919 958
919 959
919 960
919 961
919 962
919 963
919 964
919 965
919 966
919 967
919 968
920 920
920 921
920 922
920 923
920 924
920 925
920 926
920 927
920 928
920 929
920 930
920 931
920 932
920 933
920 934
920 935
920 936
920 937
920 938
920 939
920 940
920 941
920 942
920 943
920 944
920 945
920 946
920 947
920 948
920 949
920 950
920 951
920 952
920 953
920 954
920 955
920 956
920 957
920 958
920 959
920 960
920 961
920 962
920 963
920 964
920 965
920 966
920 967
920 968
920 969
921 921
921 922
921 923
921 924
921 925
921 926
921 927
921 928
921 929
921 930
921 931
921 932
921 933
921 934
921 935
921 936
921 937
921 938
921 939
921 940
921 941
921 942
921 943
921 944
921 945
921 946
921 947
921 948
921 949
921 950
921 951
921 952
921 953
921 954
921 955
921 956
921 957
921 958
921 959
921 960
921 961
921 962
921 963
921 964
921 965
921 966
921 967
921 968
921 969
921 970
922 922
922 923
922 924
922 925
922 926
922 927
922 928
922 929
922 930
922 931
922 932
922 933
922 934
922 935
922 936
922 937
922 938
922 939
922 940
922 941
922 942
922 943
922 944
922 945
922 946
922 947
922 948
922 949
922 950
922 951
922 952
922 953
922 954
922 955
922 956
922 957
922 958
922 959
922 960
922 961
922 962
922 963
922 964
922 965
922 966
922 967
922 968
922 969
922 970
922 971
923 923
923 924
923 925
923 926
923 927
923 928
923 929
923 930
923 931
923 932
923 933
923 934
923 935
923 936
923 937
923 938
923 939
923 940
923 941
923 942
923 943
923 944
923 945
923 946
923 947
923 948
923 949
923 950
923 951
923 952
923 953
923 954
923 955
923 956
923 957
923 958
923 959
923 960
923 961
923 962
923 963
923 964
923 965
923 966
923 967
923 968
923 969
923 970
923 971
923 972
924 924
924 925
924 926
924 927
924 928
924 929
924 930
924 931
924 932
924 933
924 934
924 935
924 936
924 937
924 938
924 939
924 940
924 941
924 942
924 943
924 944
924 945
924 946
924 947
924 948
924 949
924 950
924 951
924 952
924 953
924 954
924 955
924 956
924 957
924 958
924 959
924 960
924 961
924 962
924 963
924 964
924 965
924 966
924 967
924 968
924 969
924 970
924 971
924 972
924 973
925 925
925 926
925 927
925 928
925 929
925 930
925 931
925 932
925 933
925 934
925 935
925 936
925 937
925 938
925 939
925 940
925 941
925 942
925 943
925 944
925 945
925 946
925 947
925 948
925 949
925 950
925 951
925 952
925 953
925 954
925 955
925 956
925 957
925 958
925 959
925 960
925 961
925 962
925 963
925 964
925 965
925 966
925 967
925 968
925 969
925 970
925 971
925 972
925 973
925 974
926 926
926 927
926 928
926 929
926 930
926 931
926 932
926 933
926 934
926 935
926 936
926 937
926 938
926 939
926 940
926 941
926 942
926 943
926 944
926 945
926 946
926 947
926 948
926 949
926 950
926 951
926 952
926 953
926 954
926 955
926 956
926 957
926 958
926 959
926 960
926 961
926 962
926 963
926 964
926 965
926 966
926 967
926 968
926 969
926 970
926 971
926 972
926 973
926 974
926 975
927 927
927 928
927 929
927 930
927 931
927 932
927 933
927 934
927 935
927 936
927 937
927 938
927 939
927 940
927 941
927 942
927 943
927 944
927 945
927 946
927 947
927 948
927 949
927 950
927 951
927 952
927 953
927 954
927 955
927 956
927 957
927 958
927 959
927 960
927 961
927 962
927 963
927 964
927 965
927 966
927 967
927 968
927 969
927 970
927 971
927 972
927 973
927 974
927 975
927 976
928 928
928 929
928 930
928 931
928 932
928 933
928 934
928 935
928 936
928 937
928 938
928 939
928 940
928 941
928 942
928 943
928 944
928 945
928 946
928 947
928 948
928 949
928 950
928 951
928 952
928 953
928 954
928 955
928 956
928 957
928 958
928 959
928 960
928 961
928 962
928 963
928 964
928 965
928 966
928 967
928 968
928 969
928 970
928 971
928 972
928 973
928 974
928 975
928 976
928 977
929 929
929 930
929 931
929 932
929 933
929 934
929 935
929 936
929 937
929 938
929 939
929 940
929 941
929 942
929 943
929 944
929 945
929 946
929 947
929 948
929 949
929 950
929 951
929 952
929 953
929 954
929 955
929 956
929 957
929 958
929 959
929 960
929 961
929 962
929 963
929 964
929 965
929 966
929 967
929 968
929 969
929 970
929 971
929 972
929 973
929 974
929 975
929 976
929 977
929 978
930 930
930 931
930 932
930 933
930 934
930 935
930 936
930 937
930 938
930 939
930 940
930 941
930 942
930 943
930 944
930 945
930 946
930 947
930 948
930 949
930 950
930 951
930 952
930 953
930 954
930 955
930 956
930 957
930 958
930 959
930 960
930 961
930 962
930 963
930 964
930 965
930 966
930 967
930 968
930 969
930 970
930 971
930 972
930 973
930 974
930 975
930 976
930 977
930 978
930 979
931 931
931 932
931 933
931 934
931 935
931 936
931 937
931 938
931 939
931 940
931 941
931 942
931 943
931 944
931 945
931 946
931 947
931 948
931 949
931 950
931 951
931 952
931 953
931 954
931 955
931 956
931 957
931 958
931 959
931 960
931 961
931 962
931 963
931 964
931 965
931 966
931 967
931 968
931 969
931 970
931 971
931 972
931 973
931 974
931 975
931 976
931 977
931 978
931 979
931 980
932 932
932 933
932 934
932 935
932 936
932 937
932 938
932 939
932 940
932 941
932 942
932 943
932 944
932 945
932 946
932 947
932 948
932 949
932 950
932 951
932 952
932 953
932 954
932 955
932 956
932 957
932 958
932 959
932 960
932 961
932 962
932 963
932 964
932 965
932 966
932 967
932 968
932 969
932 970
932 971
932 972
932 973
932 974
932 975
932 976
932 977
932 978
932 979
932 980
932 981
933 933
933 934
933 935
933 936
933 937
933 938
933 939
933 940
933 941
933 942
933 943
933 944
933 945
933 946
933 947
933 948
933 949
933 950
933 951
933 952
933 953
933 954
933 955
933 956
933 957
933 958
933 959
933 960
933 961
933 962
933 963
933 964
933 965
933 966
933 967
933 968
933 969
933 970
933 971
933 972
933 973
933 974
933 975
933 976
933 977
933 978
933 979
933 980
933 981
933 982
934 934
934 935
934 936
934 937
934 938
934 939
934 940
934 941
934 942
934 943
934 944
934 945
934 946
934 947
934 948
934 949
934 950
934 951
934 952
934 953
934 954
934 955
934 956
934 957
934 958
934 959
934 960
934 961
934 962
934 963
934 964
934 965
934 966
934 967
934 968
934 969
934 970
934 971
934 972
934 973
934 974
934 975
934 976
934 977
934 978
934 979
934 980
934 981
934 982
934 983
935 935
935 936
935 937
935 938
935 939
935 940
935 941
935 942
935 943
935 944
935 945
935 946
935 947
935 948
935 949
935 950
935 951
935 952
935 953
935 954
935 955
935 956
935 957
935 958
935 959
935 960
935 961
935 962
935 963
935 964
935 965
935 966
935 967
935 968
935 969
935 970
935 971
935 972
935 973
935 974
935 975
935 976
935 977
935 978
935 979
935 980
935 981
935 982
935 983
935 984
936 936
936 937
936 938
936 939
936 940
936 941
936 942
936 943
936 944
936 945
936 946
936 947
936 948
936 949
936 950
936 951
936 952
936 953
936 954
936 955
936 956
936 957
936 958
936 959
936 960
936 961
936 962
936 963
936 964
936 965
936 966
936 967
936 968
936 969
936 970
936 971
936 972
936 973
936 974
936 975
936 976
936 977
936 978
936 979
936 980
936 981
936 982
936 983
936 984
936 985
937 937
937 938
937 939
937 940
937 941
937 942
937 943
937 944
937 945
937 946
937 947
937 948
937 949
937 950
937 951
937 952
937 953
937 954
937 955
937 956
937 957
937 958
937 959
937 960
937 961
937 962
937 963
937 964
937 965
937 966
937 967
937 968
937 969
937 970
937 971
937 972
937 973
937 974
937 975
937 976
937 977
937 978
937 979
937 980
937 981
937 982
937 983
937 984
937 985
937 986
938 938
938 939
938 940
938 941
938 942
938 943
938 944
938 945
938 946
938 947
938 948
938 949
938 950
938 951
938 952
938 953
938 954
938 955
938 956
938 957
938 958
938 959
938 960
938 961
938 962
938 963
938 964
938 965
938 966
938 967
938 968
938 969
938 970
938 971
938 972
938 973
938 974
938 975
938 976
938 977
938 978
938 979
938 980
938 981
938 982
938 983
938 984
938 985
938 986
938 987
939 939
939 940
939 941
939 942
939 943
939 944
939 945
939 946
939 947
939 948
939 949
939 950
939 951
939 952
939 953
939 954
939 955
939 956
939 957
939 958
939 959
939 960
939 961
939 962
939 963
939 964
939 965
939 966
939 967
939 968
939 969
939 970
939 971
939 972
939 973
939 974
939 975
939 976
939 977
939 978
939 979
939 980
939 981
939 982
939 983
939 984
939 985
939 986
939 987
939 988
940 940
940 941
940 942
940 943
940 944
940 945
940 946
940 947
940 948
940 949
940 950
940 951
940 952
940 953
940 954
940 955
940 956
940 957
940 958
940 959
940 960
940 961
940 962
940 963
940 964
940 965
940 966
940 967
940 968
940 969
940 970
940 971
940 972
940 973
940 974
940 975
940 976
940 977
940 978
940 979
940 980
940 981
940 982
940 983
940 984
940 985
940 986
940 987
940 988
940 989
941 941
941 942
941 943
941 944
941 945
941 946
941 947
941 948
941 949
941 950
941 951
941 952
941 953
941 954
941 955
941 956
941 957
941 958
941 959
941 960
941 961
941 962
941 963
941 964
941 965
941 966
941 967
941 968
941 969
941 970
941 971
941 972
941 973
941 974
941 975
941 976
941 977
941 978
941 979
941 980
941 981
941 982
941 983
941 984
941 985
941 986
941 987
941 988
941 989
941 990
942 942
942 943
942 944
942 945
942 946
942 947
942 948
942 949
942 950
942 951
942 952
942 953
942 954
942 955
942 956
942 957
942 958
942 959
942 960
942 961
942 962
942 963
942 964
942 965
942 966
942 967
942 968
942 969
942 970
942 971
942 972
942 973
942 974
942 975
942 976
942 977
942 978
942 979
942 980
942 981
942 982
942 983
942 984
942 985
942 986
942 987
942 988
942 989
942 990
942 991
943 943
943 944
943 945
943 946
943 947
943 948
943 949
943 950
943 951
943 952
943 953
943 954
943 955
943 956
943 957
943 958
943 959
943 960
943 961
943 962
943 963
943 964
943 965
943 966
943 967
943 968
943 969
943 970
943 971
943 972
943 973
943 974
943 975
943 976
943 977
943 978
943 979
943 980
943 981
943 982
943 983
943 984
943 985
943 986
943 987
943 988
943 989
943 990
943 991
943 992
944 944
944 945
944 946
944 947
944 948
944 949
944 950
944 951
944 952
944 953
944 954
944 955
944 956
944 957
944 958
944 959
944 960
944 961
944 962
944 963
944 964
944 965
944 966
944 967
944 968
944 969
944 970
944 971
944 972
944 973
944 974
944 975
944 976
944 977
944 978
944 979
944 980
944 981
944 982
944 983
944 984
944 985
944 986
944 987
944 988
944 989
944 990
944 991
944 992
944 993
945 945
945 946
945 947
945 948
945 949
945 950
945 951
945 952
945 953
945 954
945 955
945 956
945 957
945 958
945 959
945 960
945 961
945 962
945 963
945 964
945 965
945 966
945 967
945 968
945 969
945 970
945 971
945 972
945 973
945 974
945 975
945 976
945 977
945 978
945 979
945 980
945 981
945 982
945 983
945 984
945 985
945 986
945 987
945 988
945 989
945 990
945 991
945 992
945 993
945 994
946 946
946 947
946 948
946 949
946 950
946 951
946 952
946 953
946 954
946 955
946 956
946 957
946 958
946 959
946 960
946 961
946 962
946 963
946 964
946 965
946 966
946 967
946 968
946 969
946 970
946 971
946 972
946 973
946 974
946 975
946 976
946 977
946 978
946 979
946 980
946 981
946 982
946 983
946 984
946 985
946 986
946 987
946 988
946 989
946 990
946 991
946 992
946 993
946 994
946 995
947 947
947 948
947 949
947 950
947 951
947 952
947 953
947 954
947 955
947 956
947 957
947 958
947 959
947 960
947 961
947 962
947 963
947 964
947 965
947 966
947 967
947 968
947 969
947 970
947 971
947 972
947 973
947 974
947 975
947 976
947 977
947 978
947 979
947 980
947 981
947 982
947 983
947 984
947 985
947 986
947 987
947 988
947 989
947 990
947 991
947 992
947 993
947 994
947 995
947 996
948 948
948 949
948 950
948 951
948 952
948 953
948 954
948 955
948 956
948 957
948 958
948 959
948 960
948 961
948 962
948 963
948 964
948 965
948 966
948 967
948 968
948 969
948 970
948 971
948 972
948 973
948 974
948 975
948 976
948 977
948 978
948 979
948 980
948 981
948 982
948 983
948 984
948 985
948 986
948 987
948 988
948 989
948 990
948 991
948 992
948 993
948 994
948 995
948 996
948 997
949 949
949 950
949 951
949 952
949 953
949 954
949 955
949 956
949 957
949 958
949 959
949 960
949 961
949 962
949 963
949 964
949 965
949 966
949 967
949 968
949 969
949 970
949 971
949 972
949 973
949 974
949 975
949 976
949 977
949 978
949 979
949 980
949 981
949 982
949 983
949 984
949 985
949 986
949 987
949 988
949 989
949 990
949 991
949 992
949 993
949 994
949 995
949 996
949 997
949 998
950 950
950 951
950 952
950 953
950 954
950 955
950 956
950 957
950 958
950 959
950 960
950 961
950 962
950 963
950 964
950 965
950 966
950 967
950 968
950 969
950 970
950 971
950 972
950 973
950 974
950 975
950 976
950 977
950 978
950 979
950 980
950 981
950 982
950 983
950 984
950 985
950 986
950 987
950 988
950 989
950 990
950 991
950 992
950 993
950 994
950 995
950 996
950 997
950 998
950 999
951 951
951 952
951 953
951 954
951 955
951 956
951 957
951 958
951 959
951 960
951 961
951 962
951 963
951 964
951 965
951 966
951 967
951 968
951 969
951 970
951 971
951 972
951 973
951 974
951 975
951 976
951 977
951 978
951 979
951 980
951 981
951 982
951 983
951 984
951 985
951 986
951 987
951 988
951 989
951 990
951 991
951 992
951 993
951 994
951 995
951 996
951 997
951 998
951 999
951 1000
952 952
952 953
952 954
952 955
952 956
952 957
952 958
952 959
952 960
952 961
952 962
952 963
952 964
952 965
952 966
952 967
952 968
952 969
952 970
952 971
952 972
952 973
952 974
952 975
952 976
952 977
952 978
952 979
952 980
952 981
952 982
952 983
952 984
952 985
952 986
952 987
952 988
952 989
952 990
952 991
952 992
952 993
952 994
952 995
952 996
952 997
952 998
952 999
952 1000
952 1001
953 953
953 954
953 955
953 956
953 957
953 958
953 959
953 960
953 961
953 962
953 963
953 964
953 965
953 966
953 967
953 968
953 969
953 970
953 971
953 972
953 973
953 974
953 975
953 976
953 977
953 978
953 979
953 980
953 981
953 982
953 983
953 984
953 985
953 986
953 987
953 988
953 989
953 990
953 991
953 992
953 993
953 994
953 995
953 996
953 997
953 998
953 999
953 1000
953 1001
953 1002
954 954
954 955
954 956
954 957
954 958
954 959
954 960
954 961
954 962
954 963
954 964
954 965
954 966
954 967
954 968
954 969
954 970
954 971
954 972
954 973
954 974
954 975
954 976
954 977
954 978
954 979
954 980
954 981
954 982
954 983
954 984
954 985
954 986
954 987
954 988
954 989
954 990
954 991
954 992
954 993
954 994
954 995
954 996
954 997
954 998
954 999
954 1000
954 1001
954 1002
954 1003
955 955
955 956
955 957
955 958
955 959
955 960
955 961
955 962
955 963
955 964
955 965
955 966
955 967
955 968
955 969
955 970
955 971
955 972
955 973
955 974
955 975
955 976
955 977
955 978
955 979
955 980
955 981
955 982
955 983
955 984
955 985
955 986
955 987
955 988
955 989
955 990
955 991
955 992
955 993
955 994
955 995
955 996
955 997
955 998
955 999
955 1000
955 1001
955 1002
955 1003
955 1004
956 956
956 957
956 958
956 959
956 960
956 961
956 962
956 963
956 964
956 965
956 966
956 967
956 968
956 969
956 970
956 971
956 972
956 973
956 974
956 975
956 976
956 977
956 978
956 979
956 980
956 981
956 982
956 983
956 984
956 985
956 986
956 987
956 988
956 989
956 990
956 991
956 992
956 993
956 994
956 995
956 996
956 997
956 998
956 999
956 1000
956 1001
956 1002
956 1003
956 1004
956 1005
957 957
957 958
957 959
957 960
957 961
957 962
957 963
957 964
957 965
957 966
957 967
957 968
957 969
957 970
957 971
957 972
957 973
957 974
957 975
957 976
957 977
957 978
957 979
957 980
957 981
957 982
957 983
957 984
957 985
957 986
957 987
957 988
957 989
957 990
957 991
957 992
957 993
957 994
957 995
957 996
957 997
957 998
957 999
957 1000
957 1001
957 1002
957 1003
957 1004
957 1005
957 1006
958 958
958 959
958 960
958 961
958 962
958 963
958 964
958 965
958 966
958 967
958 968
958 969
958 970
958 971
958 972
958 973
958 974
958 975
958 976
958 977
958 978
958 979
958 980
958 981
958 982
958 983
958 984
958 985
958 986
958 987
958 988
958 989
958 990
958 991
958 992
958 993
958 994
958 995
958 996
958 997
958 998
958 999
958 1000
958 1001
958 1002
958 1003
958 1004
958 1005
958 1006
958 1007
959 959
959 960
959 961
959 962
959 963
959 964
959 965
959 966
959 967
959 968
959 969
959 970
959 971
959 972
959 973
959 974
959 975
959 976
959 977
959 978
959 979
959 980
959 981
959 982
959 983
959 984
959 985
959 986
959 987
959 988
959 989
959 990
959 991
959 992
959 993
959 994
959 995
959 996
959 997
959 998
959 999
959 1000
959 1001
959 1002
959 1003
959 1004
959 1005
959 1006
959 1007
959 1008
960 960
960 961
960 962
960 963
960 964
960 965
960 966
960 967
960 968
960 969
960 970
960 971
960 972
960 973
960 974
960 975
960 976
960 977
960 978
960 979
960 980
960 981
960 982
960 983
960 984
960 985
960 986
960 987
960 988
960 989
960 990
960 991
960 992
960 993
960 994
960 995
960 996
960 997
960 998
960 999
960 1000
960 1001
960 1002
960 1003
960 1004
960 1005
960 1006
960 1007
960 1008
960 1009
961 961
961 962
961 963
961 964
961 965
961 966
961 967
961 968
961 969
961 970
961 971
961 972
961 973
961 974
961 975
961 976
961 977
961 978
961 979
961 980
961 981
961 982
961 983
961 984
961 985
961 986
961 987
961 988
961 989
961 990
961 991
961 992
961 993
961 994
961 995
961 996
961 997
961 998
961 999
961 1000
961 1001
961 1002
961 1003
961 1004
961 1005
961 1006
961 1007
961 1008
961 1009
961 1010
962 962
962 963
962 964
962 965
962 966
962 967
962 968
962 969
962 970
962 971
962 972
962 973
962 974
962 975
962 976
962 977
962 978
962 979
962 980
962 981
962 982
962 983
962 984
962 985
962 986
962 987
962 988
962 989
962 990
962 991
962 992
962 993
962 994
962 995
962 996
962 997
962 998
962 999
962 1000
962 1001
962 1002
962 1003
962 1004
962 1005
962 1006
962 1007
962 1008
962 1009
962 1010
962 1011
963 963
963 964
963 965
963 966
963 967
963 968
963 969
963 970
963 971
963 972
963 973
963 974
963 975
963 976
963 977
963 978
963 979
963 980
963 981
963 982
963 983
963 984
963 985
963 986
963 987
963 988
963 989
963 990
963 991
963 992
963 993
963 994
963 995
963 996
963 997
963 998
963 999
963 1000
963 1001
963 1002
963 1003
963 1004
963 1005
963 1006
963 1007
963 1008
963 1009
963 1010
963 1011
963 1012
964 964
964 965
964 966
964 967
964 968
964 969
964 970
964 971
964 972
964 973
964 974
964 975
964 976
964 977
964 978
964 979
964 980
964 981
964 982
964 983
964 984
964 985
964 986
964 987
964 988
964 989
964 990
964 991
964 992
964 993
964 994
964 995
964 996
964 997
964 998
964 999
964 1000
964 1001
964 1002
964 1003
964 1004
964 1005
964 1006
964 1007
964 1008
964 1009
964 1010
964 1011
964 1012
964 1013
965 965
965 966
965 967
965 968
965 969
965 970
965 971
965 972
965 973
965 974
965 975
965 976
965 977
965 978
965 979
965 980
965 981
965 982
965 983
965 984
965 985
965 986
965 987
965 988
965 989
965 990
965 991
965 992
965 993
965 994
965 995
965 996
965 997
965 998
965 999
965 1000
965 1001
965 1002
965 1003
965 1004
965 1005
965 1006
965 1007
965 1008
965 1009
965 1010
965 1011
965 1012
965 1013
965 1014
966 966
966 967
966 968
966 969
966 970
966 971
966 972
966 973
966 974
966 975
966 976
966 977
966 978
966 979
966 980
966 981
966 982
966 983
966 984
966 985
966 986
966 987
966 988
966 989
966 990
966 991
966 992
966 993
966 994
966 995
966 996
966 997
966 998
966 999
966 1000
966 1001
966 1002
966 1003
966 1004
966 1005
966 1006
966 1007
966 1008
966 1009
966 1010
966 1011
966 1012
966 1013
966 1014
966 1015
967 967
967 968
967 969
967 970
967 971
967 972
967 973
967 974
967 975
967 976
967 977
967 978
967 979
967 980
967 981
967 982
967 983
967 984
967 985
967 986
967 987
967 988
967 989
967 990
967 991
967 992
967 993
967 994
967 995
967 996
967 997
967 998
967 999
967 1000
967 1001
967 1002
967 1003
967 1004
967 1005
967 1006
967 1007
967 1008
967 1009
967 1010
967 1011
967 1012
967 1013
967 1014
967 1015
967 1016
968 968
968 969
968 970
968 971
968 972
968 973
968 974
968 975
968 976
968 977
968 978
968 979
968 980
968 981
968 982
968 983
968 984
968 985
968 986
968 987
968 988
968 989
968 990
968 991
968 992
968 993
968 994
968 995
968 996
968 997
968 998
968 999
968 1000
968 1001
968 1002
968 1003
968 1004
968 1005
968 1006
968 1007
968 1008
968 1009
968 1010
968 1011
968 1012
968 1013
968 1014
968 1015
968 1016
968 1017
969 969
969 970
969 971
969 972
969 973
969 974
969 975
969 976
969 977
969 978
969 979
969 980
969 981
969 982
969 983
969 984
969 985
969 986
969 987
969 988
969 989
969 990
969 991
969 992
969 993
969 994
969 995
969 996
969 997
969 998
969 999
969 1000
969 1001
969 1002
969 1003
969 1004
969 1005
969 1006
969 1007
969 1008
969 1009
969 1010
969 1011
969 1012
969 1013
969 1014
969 1015
969 1016
969 1017
969 1018
970 970
970 971
970 972
970 973
970 974
970 975
970 976
970 977
970 978
970 979
970 980
970 981
970 982
970 983
970 984
970 985
970 986
970 987
970 988
970 989
970 990
970 991
970 992
970 993
970 994
970 995
970 996
970 997
970 998
970 999
970 1000
970 1001
970 1002
970 1003
970 1004
970 1005
970 1006
970 1007
970 1008
970 1009
970 1010
970 1011
970 1012
970 1013
970 1014
970 1015
970 1016
970 1017
970 1018
970 1019
971 971
971 972
971 973
971 974
971 975
971 976
971 977
971 978
971 979
971 980
971 981
971 982
971 983
971 984
971 985
971 986
971 987
971 988
971 989
971 990
971 991
971 992
971 993
971 994
971 995
971 996
971 997
971 998
971 999
971 1000
971 1001
971 1002
971 1003
971 1004
971 1005
971 1006
971 1007
971 1008
971 1009
971 1010
971 1011
971 1012
971 1013
971 1014
971 1015
971 1016
971 1017
971 1018
971 1019
971 1020
972 972
972 973
972 974
972 975
972 976
972 977
972 978
972 979
972 980
972 981
972 982
972 983
972 984
972 985
972 986
972 987
972 988
972 989
972 990
972 991
972 992
972 993
972 994
972 995
972 996
972 997
972 998
972 999
972 1000
972 1001
972 1002
972 1003
972 1004
972 1005
972 1006
972 1007
972 1008
972 1009
972 1010
972 1011
972 1012
972 1013
972 1014
972 1015
972 1016
972 1017
972 1018
972 1019
972 1020
972 1021
973 973
973 974
973 975
973 976
973 977
973 978
973 979
973 980
973 981
973 982
973 983
973 984
973 985
973 986
973 987
973 988
973 989
973 990
973 991
973 992
973 993
973 994
973 995
973 996
973 997
973 998
973 999
973 1000
973 1001
973 1002
973 1003
973 1004
973 1005
973 1006
973 1007
973 1008
973 1009
973 1010
973 1011
973 1012
973 1013
973 1014
973 1015
973 1016
973 1017
973 1018
973 1019
973 1020
973 1021
973 1022
974 974
974 975
974 976
974 977
974 978
974 979
974 980
974 981
974 982
974 983
974 984
974 985
974 986
974 987
974 988
974 989
974 990
974 991
974 992
974 993
974 994
974 995
974 996
974 997
974 998
974 999
974 1000
974 1001
974 1002
974 1003
974 1004
974 1005
974 1006
974 1007
974 1008
974 1009
974 1010
974 1011
974 1012
974 1013
974 1014
974 1015
974 1016
974 1017
974 1018
974 1019
974 1020
974 1021
974 1022
974 1023
975 975
975 976
975 977
975 978
975 979
975 980
975 981
975 982
975 983
975 984
975 985
975 986
975 987
975 988
975 989
975 990
975 991
975 992
975 993
975 994
975 995
975 996
975 997
975 998
975 999
975 1000
975 1001
975 1002
975 1003
975 1004
975 1005
975 1006
975 1007
975 1008
975 1009
975 1010
975 1011
975 1012
975 1013
975 1014
975 1015
975 1016
975 1017
975 1018
975 1019
975 1020
975 1021
975 1022
975 1023
975 1024
976 976
976 977
976 978
976 979
976 980
976 981
976 982
976 983
976 984
976 985
976 986
976 987
976 988
976 989
976 990
976 991
976 992
976 993
976 994
976 995
976 996
976 997
976 998
976 999
976 1000
976 1001
976 1002
976 1003
976 1004
976 1005
976 1006
976 1007
976 1008
976 1009
976 1010
976 1011
976 1012
976 1013
976 1014
976 1015
976 1016
976 1017
976 1018
976 1019
976 1020
976 1021
976 1022
976 1023
976 1024
976 1025
977 977
977 978
977 979
977 980
977 981
977 982
977 983
977 984
977 985
977 986
977 987
977 988
977 989
977 990
977 991
977 992
977 993
977 994
977 995
977 996
977 997
977 998
977 999
977 1000
977 1001
977 1002
977 1003
977 1004
977 1005
977 1006
977 1007
977 1008
977 1009
977 1010
977 1011
977 1012
977 1013
977 1014
977 1015
977 1016
977 1017
977 1018
977 1019
977 1020
977 1021
977 1022
977 1023
977 1024
977 1025
977 1026
978 978
978 979
978 980
978 981
978 982
978 983
978 984
978 985
978 986
978 987
978 988
978 989
978 990
978 991
978 992
978 993
978 994
978 995
978 996
978 997
978 998
978 999
978 1000
978 1001
978 1002
978 1003
978 1004
978 1005
978 1006
978 1007
978 1008
978 1009
978 1010
978 1011
978 1012
978 1013
978 1014
978 1015
978 1016
978 1017
978 1018
978 1019
978 1020
978 1021
978 1022
978 1023
978 1024
978 1025
978 1026
978 1027
979 979
979 980
979 981
979 982
979 983
979 984
979 985
979 986
979 987
979 988
979 989
979 990
979 991
979 992
979 993
979 994
979 995
979 996
979 997
979 998
979 999
979 1000
979 1001
979 1002
979 1003
979 1004
979 1005
979 1006
979 1007
979 1008
979 1009
979 1010
979 1011
979 1012
979 1013
979 1014
979 1015
979 1016
979 1017
979 1018
979 1019
979 1020
979 1021
979 1022
979 1023
979 1024
979 1025
979 1026
979 1027
979 1028
980 980
980 981
980 982
980 983
980 984
980 985
980 986
980 987
980 988
980 989
980 990
980 991
980 992
980 993
980 994
980 995
980 996
980 997
980 998
980 999
980 1000
980 1001
980 1002
980 1003
980 1004
980 1005
980 1006
980 1007
980 1008
980 1009
980 1010
980 1011
980 1012
980 1013
980 1014
980 1015
980 1016
980 1017
980 1018
980 1019
980 1020
980 1021
980 1022
980 1023
980 1024
980 1025
980 1026
980 1027
980 1028
980 1029
981 981
981 982
981 983
981 984
981 985
981 986
981 987
981 988
981 989
981 990
981 991
981 992
981 993
981 994
981 995
981 996
981 997
981 998
981 999
981 1000
981 1001
981 1002
981 1003
981 1004
981 1005
981 1006
981 1007
981 1008
981 1009
981 1010
981 1011
981 1012
981 1013
981 1014
981 1015
981 1016
981 1017
981 1018
981 1019
981 1020
981 1021
981 1022
981 1023
981 1024
981 1025
981 1026
981 1027
981 1028
981 1029
981 1030
982 982
982 983
982 984
982 985
982 986
982 987
982 988
982 989
982 990
982 991
982 992
982 993
982 994
982 995
982 996
982 997
982 998
982 999
982 1000
982 1001
982 1002
982 1003
982 1004
982 1005
982 1006
982 1007
982 1008
982 1009
982 1010
982 1011
982 1012
982 1013
982 1014
982 1015
982 1016
982 1017
982 1018
982 1019
982 1020
982 1021
982 1022
982 1023
982 1024
982 1025
982 1026
982 1027
982 1028
982 1029
982 1030
982 1031
983 983
983 984
983 985
983 986
983 987
983 988
983 989
983 990
983 991
983 992
983 993
983 994
983 995
983 996
983 997
983 998
983 999
983 1000
983 1001
983 1002
983 1003
983 1004
983 1005
983 1006
983 1007
983 1008
983 1009
983 1010
983 1011
983 1012
983 1013
983 1014
983 1015
983 1016
983 1017
983 1018
983 1019
983 1020
983 1021
983 1022
983 1023
983 1024
983 1025
983 1026
983 1027
983 1028
983 1029
983 1030
983 1031
983 1032
984 984
984 985
984 986
984 987
984 988
984 989
984 990
984 991
984 992
984 993
984 994
984 995
984 996
984 997
984 998
984 999
984 1000
984 1001
984 1002
984 1003
984 1004
984 1005
984 1006
984 1007
984 1008
984 1009
984 1010
984 1011
984 1012
984 1013
984 1014
984 1015
984 1016
984 1017
984 1018
984 1019
984 1020
984 1021
984 1022
984 1023
984 1024
984 1025
984 1026
984 1027
984 1028
984 1029
984 1030
984 1031
984 1032
984 1033
985 985
985 986
985 987
985 988
985 989
985 990
985 991
985 992
985 993
985 994
985 995
985 996
985 997
985 998
985 999
985 1000
985 1001
985 1002
985 1003
985 1004
985 1005
985 1006
985 1007
985 1008
985 1009
985 1010
985 1011
985 1012
985 1013
985 1014
985 1015
985 1016
985 1017
985 1018
985 1019
985 1020
985 1021
985 1022
985 1023
985 1024
985 1025
985 1026
985 1027
985 1028
985 1029
985 1030
985 1031
985 1032
985 1033
985 1034
986 986
986 987
986 988
986 989
986 990
986 991
986 992
986 993
986 994
986 995
986 996
986 997
986 998
986 999
986 1000
986 1001
986 1002
986 1003
986 1004
986 1005
986 1006
986 1007
986 1008
986 1009
986 1010
986 1011
986 1012
986 1013
986 1014
986 1015
986 1016
986 1017
986 1018
986 1019
986 1020
986 1021
986 1022
986 1023
986 1024
986 1025
986 1026
986 1027
986 1028
986 1029
986 1030
986 1031
986 1032
986 1033
986 1034
986 1035
987 987
987 988
987 989
987 990
987 991
987 992
987 993
987 994
987 995
987 996
987 997
987 998
987 999
987 1000
987 1001
987 1002
987 1003
987 1004
987 1005
987 1006
987 1007
987 1008
987 1009
987 1010
987 1011
987 1012
987 1013
987 1014
987 1015
987 1016
987 1017
987 1018
987 1019
987 1020
987 1021
987 1022
987 1023
987 1024
987 1025
987 1026
987 1027
987 1028
987 1029
987 1030
987 1031
987 1032
987 1033
987 1034
987 1035
987 1036
988 988
988 989
988 990
988 991
988 992
988 993
988 994
988 995
988 996
988 997
988 998
988 999
988 1000
988 1001
988 1002
988 1003
988 1004
988 1005
988 1006
988 1007
988 1008
988 1009
988 1010
988 1011
988 1012
988 1013
988 1014
988 1015
988 1016
988 1017
988 1018
988 1019
988 1020
988 1021
988 1022
988 1023
988 1024
988 1025
988 1026
988 1027
988 1028
988 1029
988 1030
988 1031
988 1032
988 1033
988 1034
988 1035
988 1036
988 1037
989 989
989 990
989 991
989 992
989 993
989 994
989 995
989 996
989 997
989 998
989 999
989 1000
989 1001
989 1002
989 1003
989 1004
989 1005
989 1006
989 1007
989 1008
989 1009
989 1010
989 1011
989 1012
989 1013
989 1014
989 1015
989 1016
989 1017
989 1018
989 1019
989 1020
989 1021
989 1022
989 1023
989 1024
989 1025
989 1026
989 1027
989 1028
989 1029
989 1030
989 1031
989 1032
989 1033
989 1034
989 1035
989 1036
989 1037
989 1038
990 990
990 991
990 992
990 993
990 994
990 995
990 996
990 997
990 998
990 999
990 1000
990 1001
990 1002
990 1003
990 1004
990 1005
990 1006
990 1007
990 1008
990 1009
990 1010
990 1011
990 1012
990 1013
990 1014
990 1015
990 1016
990 1017
990 1018
990 1019
990 1020
990 1021
990 1022
990 1023
990 1024
990 1025
990 1026
990 1027
990 1028
990 1029
990 1030
990 1031
990 1032
990 1033
990 1034
990 1035
990 1036
990 1037
990 1038
990 1039
991 991
991 992
991 993
991 994
991 995
991 996
991 997
991 998
991 999
991 1000
991 1001
991 1002
991 1003
991 1004
991 1005
991 1006
991 1007
991 1008
991 1009
991 1010
991 1011
991 1012
991 1013
991 1014
991 1015
991 1016
991 1017
991 1018
991 1019
991 1020
991 1021
991 1022
991 1023
991 1024
991 1025
991 1026
991 1027
991 1028
991 1029
991 1030
991 1031
991 1032
991 1033
991 1034
991 1035
991 1036
991 1037
991 1038
991 1039
991 1040
992 992
992 993
992 994
992 995
992 996
992 997
992 998
992 999
992 1000
992 1001
992 1002
992 1003
992 1004
992 1005
992 1006
992 1007
992 1008
992 1009
992 1010
992 1011
992 1012
992 1013
992 1014
992 1015
992 1016
992 1017
992 1018
992 1019
992 1020
992 1021
992 1022
992 1023
992 1024
992 1025
992 1026
992 1027
992 1028
992 1029
992 1030
992 1031
992 1032
992 1033
992 1034
992 1035
992 1036
992 1037
992 1038
992 1039
992 1040
992 1041
993 993
993 994
993 995
993 996
993 997
993 998
993 999
993 1000
993 1001
993 1002
993 1003
993 1004
993 1005
993 1006
993 1007
993 1008
993 1009
993 1010
993 1011
993 1012
993 1013
993 1014
993 1015
993 1016
993 1017
993 1018
993 1019
993 1020
993 1021
993 1022
993 1023
993 1024
993 1025
993 1026
993 1027
993 1028
993 1029
993 1030
993 1031
993 1032
993 1033
993 1034
993 1035
993 1036
993 1037
993 1038
993 1039
993 1040
993 1041
993 1042
994 994
994 995
994 996
994 997
994 998
994 999
994 1000
994 1001
994 1002
994 1003
994 1004
994 1005
994 1006
994 1007
994 1008
994 1009
994 1010
994 1011
994 1012
994 1013
994 1014
994 1015
994 1016
994 1017
994 1018
994 1019
994 1020
994 1021
994 1022
994 1023
994 1024
994 1025
994 1026
994 1027
994 1028
994 1029
994 1030
994 1031
994 1032
994 1033
994 1034
994 1035
994 1036
994 1037
994 1038
994 1039
994 1040
994 1041
994 1042
994 1043
995 995
995 996
995 997
995 998
995 999
995 1000
995 1001
995 1002
995 1003
995 1004
995 1005
995 1006
995 1007
995 1008
995 1009
995 1010
995 1011
995 1012
995 1013
995 1014
995 1015
995 1016
995 1017
995 1018
995 1019
995 1020
995 1021
995 1022
995 1023
995 1024
995 1025
995 1026
995 1027
995 1028
995 1029
995 1030
995 1031
995 1032
995 1033
995 1034
995 1035
995 1036
995 1037
995 1038
995 1039
995 1040
995 1041
995 1042
995 1043
995 1044
996 996
996 997
996 998
996 999
996 1000
996 1001
996 1002
996 1003
996 1004
996 1005
996 1006
996 1007
996 1008
996 1009
996 1010
996 1011
996 1012
996 1013
996 1014
996 1015
996 1016
996 1017
996 1018
996 1019
996 1020
996 1021
996 1022
996 1023
996 1024
996 1025
996 1026
996 1027
996 1028
996 1029
996 1030
996 1031
996 1032
996 1033
996 1034
996 1035
996 1036
996 1037
996 1038
996 1039
996 1040
996 1041
996 1042
996 1043
996 1044
996 1045
997 997
997 998
997 999
997 1000
997 1001
997 1002
997 1003
997 1004
997 1005
997 1006
997 1007
997 1008
997 1009
997 1010
997 1011
997 1012
997 1013
997 1014
997 1015
997 1016
997 1017
997 1018
997 1019
997 1020
997 1021
997 1022
997 1023
997 1024
997 1025
997 1026
997 1027
997 1028
997 1029
997 1030
997 1031
997 1032
997 1033
997 1034
997 1035
997 1036
997 1037
997 1038
997 1039
997 1040
997 1041
997 1042
997 1043
997 1044
997 1045
997 1046
998 998
998 999
998 1000
998 1001
998 1002
998 1003
998 1004
998 1005
998 1006
998 1007
998 1008
998 1009
998 1010
998 1011
998 1012
998 1013
998 1014
998 1015
998 1016
998 1017
998 1018
998 1019
998 1020
998 1021
998 1022
998 1023
998 1024
998 1025
998 1026
998 1027
998 1028
998 1029
998 1030
998 1031
998 1032
998 1033
998 1034
998 1035
998 1036
998 1037
998 1038
998 1039
998 1040
998 1041
998 1042
998 1043
998 1044
998 1045
998 1046
998 1047
999 999
999 1000
999 1001
999 1002
999 1003
999 1004
999 1005
999 1006
999 1007
999 1008
999 1009
999 1010
999 1011
999 1012
999 1013
999 1014
999 1015
999 1016
999 1017
999 1018
999 1019
999 1020
999 1021
999 1022
999 1023
999 1024
999 1025
999 1026
999 1027
999 1028
999 1029
999 1030
999 1031
999 1032
999 1033
999 1034
999 1035
999 1036
999 1037
999 1038
999 1039
999 1040
999 1041
999 1042
999 1043
999 1044
999 1045
999 1046
999 1047
999 1048
1000 1000
1000 1001
1000 1002
1000 1003
1000 1004
1000 1005
1000 1006
1000 1007
1000 1008
1000 1009
1000 1010
1000 1011
1000 1012
1000 1013
1000 1014
1000 1015
1000 1016
1000 1017
1000 1018
1000 1019
1000 1020
1000 1021
1000 1022
1000 1023
1000 1024
1000 1025
1000 1026
1000 1027
1000 1028
1000 1029
1000 1030
1000 1031
1000 1032
1000 1033
1000 1034
1000 1035
1000 1036
1000 1037
1000 1038
1000 1039
1000 1040
1000 1041
1000 1042
1000 1043
1000 1044
1000 1045
1000 1046
1000 1047
1000 1048
1000 1049
1001 1001
1001 1002
1001 1003
1001 1004
1001 1005
1001 1006
1001 1007
1001 1008
1001 1009
1001 1010
1001 1011
1001 1012
1001 1013
1001 1014
1001 1015
1001 1016
1001 1017
1001 1018
1001 1019
1001 1020
1001 1021
1001 1022
1001 1023
1001 1024
1001 1025
1001 1026
1001 1027
1001 1028
1001 1029
1001 1030
1001 1031
1001 1032
1001 1033
1001 1034
1001 1035
1001 1036
1001 1037
1001 1038
1001 1039
1001 1040
1001 1041
1001 1042
1001 1043
1001 1044
1001 1045
1001 1046
1001 1047
1001 1048
1001 1049
1001 1050
1002 1002
1002 1003
1002 1004
1002 1005
1002 1006
1002 1007
1002 1008
1002 1009
1002 1010
1002 1011
1002 1012
1002 1013
1002 1014
1002 1015
1002 1016
1002 1017
1002 1018
1002 1019
1002 1020
1002 1021
1002 1022
1002 1023
1002 1024
1002 1025
1002 1026
1002 1027
1002 1028
1002 1029
1002 1030
1002 1031
1002 1032
1002 1033
1002 1034
1002 1035
1002 1036
1002 1037
1002 1038
1002 1039
1002 1040
1002 1041
1002 1042
1002 1043
1002 1044
1002 1045
1002 1046
1002 1047
1002 1048
1002 1049
1002 1050
1002 1051
1003 1003
1003 1004
1003 1005
1003 1006
1003 1007
1003 1008
1003 1009
1003 1010
1003 1011
1003 1012
1003 1013
1003 1014
1003 1015
1003 1016
1003 1017
1003 1018
1003 1019
1003 1020
1003 1021
1003 1022
1003 1023
1003 1024
1003 1025
1003 1026
1003 1027
1003 1028
1003 1029
1003 1030
1003 1031
1003 1032
1003 1033
1003 1034
1003 1035
1003 1036
1003 1037
1003 1038
1003 1039
1003 1040
1003 1041
1003 1042
1003 1043
1003 1044
1003 1045
1003 1046
1003 1047
1003 1048
1003 1049
1003 1050
1003 1051
1003 1052
1004 1004
1004 1005
1004 1006
1004 1007
1004 1008
1004 1009
1004 1010
1004 1011
1004 1012
1004 1013
1004 1014
1004 1015
1004 1016
1004 1017
1004 1018
1004 1019
1004 1020
1004 1021
1004 1022
1004 1023
1004 1024
1004 1025
1004 1026
1004 1027
1004 1028
1004 1029
1004 1030
1004 1031
1004 1032
1004 1033
1004 1034
1004 1035
1004 1036
1004 1037
1004 1038
1004 1039
1004 1040
1004 1041
1004 1042
1004 1043
1004 1044
1004 1045
1004 1046
1004 1047
1004 1048
1004 1049
1004 1050
1004 1051
1004 1052
1004 1053
1005 1005
1005 1006
1005 1007
1005 1008
1005 1009
1005 1010
1005 1011
1005 1012
1005 1013
1005 1014
1005 1015
1005 1016
1005 1017
1005 1018
1005 1019
1005 1020
1005 1021
1005 1022
1005 1023
1005 1024
1005 1025
1005 1026
1005 1027
1005 1028
1005 1029
1005 1030
1005 1031
1005 1032
1005 1033
1005 1034
1005 1035
1005 1036
1005 1037
1005 1038
1005 1039
1005 1040
1005 1041
1005 1042
1005 1043
1005 1044
1005 1045
1005 1046
1005 1047
1005 1048
1005 1049
1005 1050
1005 1051
1005 1052
1005 1053
1005 1054
1006 1006
1006 1007
1006 1008
1006 1009
1006 1010
1006 1011
1006 1012
1006 1013
1006 1014
1006 1015
1006 1016
1006 1017
1006 1018
1006 1019
1006 1020
1006 1021
1006 1022
1006 1023
1006 1024
1006 1025
1006 1026
1006 1027
1006 1028
1006 1029
1006 1030
1006 1031
1006 1032
1006 1033
1006 1034
1006 1035
1006 1036
1006 1037
1006 1038
1006 1039
1006 1040
1006 1041
1006 1042
1006 1043
1006 1044
1006 1045
1006 1046
1006 1047
1006 1048
1006 1049
1006 1050
1006 1051
1006 1052
1006 1053
1006 1054
1006 1055
1007 1007
1007 1008
1007 1009
1007 1010
1007 1011
1007 1012
1007 1013
1007 1014
1007 1015
1007 1016
1007 1017
1007 1018
1007 1019
1007 1020
1007 1021
1007 1022
1007 1023
1007 1024
1007 1025
1007 1026
1007 1027
1007 1028
1007 1029
1007 1030
1007 1031
1007 1032
1007 1033
1007 1034
1007 1035
1007 1036
1007 1037
1007 1038
1007 1039
1007 1040
1007 1041
1007 1042
1007 1043
1007 1044
1007 1045
1007 1046
1007 1047
1007 1048
1007 1049
1007 1050
1007 1051
1007 1052
1007 1053
1007 1054
1007 1055
1007 1056
1008 1008
1008 1009
1008 1010
1008 1011
1008 1012
1008 1013
1008 1014
1008 1015
1008 1016
1008 1017
1008 1018
1008 1019
1008 1020
1008 1021
1008 1022
1008 1023
1008 1024
1008 1025
1008 1026
1008 1027
1008 1028
1008 1029
1008 1030
1008 1031
1008 1032
1008 1033
1008 1034
1008 1035
1008 1036
1008 1037
1008 1038
1008 1039
1008 1040
1008 1041
1008 1042
1008 1043
1008 1044
1008 1045
1008 1046
1008 1047
1008 1048
1008 1049
1008 1050
1008 1051
1008 1052
1008 1053
1008 1054
1008 1055
1008 1056
1008 1057
1009 1009
1009 1010
1009 1011
1009 1012
1009 1013
1009 1014
1009 1015
1009 1016
1009 1017
1009 1018
1009 1019
1009 1020
1009 1021
1009 1022
1009 1023
1009 1024
1009 1025
1009 1026
1009 1027
1009 1028
1009 1029
1009 1030
1009 1031
1009 1032
1009 1033
1009 1034
1009 1035
1009 1036
1009 1037
1009 1038
1009 1039
1009 1040
1009 1041
1009 1042
1009 1043
1009 1044
1009 1045
1009 1046
1009 1047
1009 1048
1009 1049
1009 1050
1009 1051
1009 1052
1009 1053
1009 1054
1009 1055
1009 1056
1009 1057
1009 1058
1010 1010
1010 1011
1010 1012
1010 1013
1010 1014
1010 1015
1010 1016
1010 1017
1010 1018
1010 1019
1010 1020
1010 1021
1010 1022
1010 1023
1010 1024
1010 1025
1010 1026
1010 1027
1010 1028
1010 1029
1010 1030
1010 1031
1010 1032
1010 1033
1010 1034
1010 1035
1010 1036
1010 1037
1010 1038
1010 1039
1010 1040
1010 1041
1010 1042
1010 1043
1010 1044
1010 1045
1010 1046
1010 1047
1010 1048
1010 1049
1010 1050
1010 1051
1010 1052
1010 1053
1010 1054
1010 1055
1010 1056
1010 1057
1010 1058
1010 1059
1011 1011
1011 1012
1011 1013
1011 1014
1011 1015
1011 1016
1011 1017
1011 1018
1011 1019
1011 1020
1011 1021
1011 1022
1011 1023
1011 1024
1011 1025
1011 1026
1011 1027
1011 1028
1011 1029
1011 1030
1011 1031
1011 1032
1011 1033
1011 1034
1011 1035
1011 1036
1011 1037
1011 1038
1011 1039
1011 1040
1011 1041
1011 1042
1011 1043
1011 1044
1011 1045
1011 1046
1011 1047
1011 1048
1011 1049
1011 1050
1011 1051
1011 1052
1011 1053
1011 1054
1011 1055
1011 1056
1011 1057
1011 1058
1011 1059
1011 1060
1012 1012
1012 1013
1012 1014
1012 1015
1012 1016
1012 1017
1012 1018
1012 1019
1012 1020
1012 1021
1012 1022
1012 1023
1012 1024
1012 1025
1012 1026
1012 1027
1012 1028
1012 1029
1012 1030
1012 1031
1012 1032
1012 1033
1012 1034
1012 1035
1012 1036
1012 1037
1012 1038
1012 1039
1012 1040
1012 1041
1012 1042
1012 1043
1012 1044
1012 1045
1012 1046
1012 1047
1012 1048
1012 1049
1012 1050
1012 1051
1012 1052
1012 1053
1012 1054
1012 1055
1012 1056
1012 1057
1012 1058
1012 1059
1012 1060
1012 1061
1013 1013
1013 1014
1013 1015
1013 1016
1013 1017
1013 1018
1013 1019
1013 1020
1013 1021
1013 1022
1013 1023
1013 1024
1013 1025
1013 1026
1013 1027
1013 1028
1013 1029
1013 1030
1013 1031
1013 1032
1013 1033
1013 1034
1013 1035
1013 1036
1013 1037
1013 1038
1013 1039
1013 1040
1013 1041
1013 1042
1013 1043
1013 1044
1013 1045
1013 1046
1013 1047
1013 1048
1013 1049
1013 1050
1013 1051
1013 1052
1013 1053
1013 1054
1013 1055
1013 1056
1013 1057
1013 1058
1013 1059
1013 1060
1013 1061
1013 1062
1014 1014
1014 1015
1014 1016
1014 1017
1014 1018
1014 1019
1014 1020
1014 1021
1014 1022
1014 1023
1014 1024
1014 1025
1014 1026
1014 1027
1014 1028
1014 1029
1014 1030
1014 1031
1014 1032
1014 1033
1014 1034
1014 1035
1014 1036
1014 1037
1014 1038
1014 1039
1014 1040
1014 1041
1014 1042
1014 1043
1014 1044
1014 1045
1014 1046
1014 1047
1014 1048
1014 1049
1014 1050
1014 1051
1014 1052
1014 1053
1014 1054
1014 1055
1014 1056
1014 1057
1014 1058
1014 1059
1014 1060
1014 1061
1014 1062
1014 1063
1015 1015
1015 1016
1015 1017
1015 1018
1015 1019
1015 1020
1015 1021
1015 1022
1015 1023
1015 1024
1015 1025
1015 1026
1015 1027
1015 1028
1015 1029
1015 1030
1015 1031
1015 1032
1015 1033
1015 1034
1015 1035
1015 1036
1015 1037
1015 1038
1015 1039
1015 1040
1015 1041
1015 1042
1015 1043
1015 1044
1015 1045
1015 1046
1015 1047
1015 1048
1015 1049
1015 1050
1015 1051
1015 1052
1015 1053
1015 1054
1015 1055
1015 1056
1015 1057
1015 1058
1015 1059
1015 1060
1015 1061
1015 1062
1015 1063
1015 1064
1016 1016
1016 1017
1016 1018
1016 1019
1016 1020
1016 1021
1016 1022
1016 1023
1016 1024
1016 1025
1016 1026
1016 1027
1016 1028
1016 1029
1016 1030
1016 1031
1016 1032
1016 1033
1016 1034
1016 1035
1016 1036
1016 1037
1016 1038
1016 1039
1016 1040
1016 1041
1016 1042
1016 1043
1016 1044
1016 1045
1016 1046
1016 1047
1016 1048
1016 1049
1016 1050
1016 1051
1016 1052
1016 1053
1016 1054
1016 1055
1016 1056
1016 1057
1016 1058
1016 1059
1016 1060
1016 1061
1016 1062
1016 1063
1016 1064
1016 1065
1017 1017
1017 1018
1017 1019
1017 1020
1017 1021
1017 1022
1017 1023
1017 1024
1017 1025
1017 1026
1017 1027
1017 1028
1017 1029
1017 1030
1017 1031
1017 1032
1017 1033
1017 1034
1017 1035
1017 1036
1017 1037
1017 1038
1017 1039
1017 1040
1017 1041
1017 1042
1017 1043
1017 1044
1017 1045
1017 1046
1017 1047
1017 1048
1017 1049
1017 1050
1017 1051
1017 1052
1017 1053
1017 1054
1017 1055
1017 1056
1017 1057
1017 1058
1017 1059
1017 1060
1017 1061
1017 1062
1017 1063
1017 1064
1017 1065
1017 1066
1018 1018
1018 1019
1018 1020
1018 1021
1018 1022
1018 1023
1018 1024
1018 1025
1018 1026
1018 1027
1018 1028
1018 1029
1018 1030
1018 1031
1018 1032
1018 1033
1018 1034
1018 1035
1018 1036
1018 1037
1018 1038
1018 1039
1018 1040
1018 1041
1018 1042
1018 1043
1018 1044
1018 1045
1018 1046
1018 1047
1018 1048
1018 1049
1018 1050
1018 1051
1018 1052
1018 1053
1018 1054
1018 1055
1018 1056
1018 1057
1018 1058
1018 1059
1018 1060
1018 1061
1018 1062
1018 1063
1018 1064
1018 1065
1018 1066
1018 1067
1019 1019
1019 1020
1019 1021
1019 1022
1019 1023
1019 1024
1019 1025
1019 1026
1019 1027
1019 1028
1019 1029
1019 1030
1019 1031
1019 1032
1019 1033
1019 1034
1019 1035
1019 1036
1019 1037
1019 1038
1019 1039
1019 1040
1019 1041
1019 1042
1019 1043
1019 1044
1019 1045
1019 1046
1019 1047
1019 1048
1019 1049
1019 1050
1019 1051
1019 1052
1019 1053
1019 1054
1019 1055
1019 1056
1019 1057
1019 1058
1019 1059
1019 1060
1019 1061
1019 1062
1019 1063
1019 1064
1019 1065
1019 1066
1019 1067
1019 1068
1020 1020
1020 1021
1020 1022
1020 1023
1020 1024
1020 1025
1020 1026
1020 1027
1020 1028
1020 1029
1020 1030
1020 1031
1020 1032
1020 1033
1020 1034
1020 1035
1020 1036
1020 1037
1020 1038
1020 1039
1020 1040
1020 1041
1020 1042
1020 1043
1020 1044
1020 1045
1020 1046
1020 1047
1020 1048
1020 1049
1020 1050
1020 1051
1020 1052
1020 1053
1020 1054
1020 1055
1020 1056
1020 1057
1020 1058
1020 1059
1020 1060
1020 1061
1020 1062
1020 1063
1020 1064
1020 1065
1020 1066
1020 1067
1020 1068
1020 1069
1021 1021
1021 1022
1021 1023
1021 1024
1021 1025
1021 1026
1021 1027
1021 1028
1021 1029
1021 1030
1021 1031
1021 1032
1021 1033
1021 1034
1021 1035
1021 1036
1021 1037
1021 1038
1021 1039
1021 1040
1021 1041
1021 1042
1021 1043
1021 1044
1021 1045
1021 1046
1021 1047
1021 1048
1021 1049
1021 1050
1021 1051
1021 1052
1021 1053
1021 1054
1021 1055
1021 1056
1021 1057
1021 1058
1021 1059
1021 1060
1021 1061
1021 1062
1021 1063
1021 1064
1021 1065
1021 1066
1021 1067
1021 1068
1021 1069
1021 1070
1022 1022
1022 1023
1022 1024
1022 1025
1022 1026
1022 1027
1022 1028
1022 1029
1022 1030
1022 1031
1022 1032
1022 1033
1022 1034
1022 1035
1022 1036
1022 1037
1022 1038
1022 1039
1022 1040
1022 1041
1022 1042
1022 1043
1022 1044
1022 1045
1022 1046
1022 1047
1022 1048
1022 1049
1022 1050
1022 1051
1022 1052
1022 1053
1022 1054
1022 1055
1022 1056
1022 1057
1022 1058
1022 1059
1022 1060
1022 1061
1022 1062
1022 1063
1022 1064
1022 1065
1022 1066
1022 1067
1022 1068
1022 1069
1022 1070
1022 1071
1023 1023
1023 1024
1023 1025
1023 1026
1023 1027
1023 1028
1023 1029
1023 1030
1023 1031
1023 1032
1023 1033
1023 1034
1023 1035
1023 1036
1023 1037
1023 1038
1023 1039
1023 1040
1023 1041
1023 1042
1023 1043
1023 1044
1023 1045
1023 1046
1023 1047
1023 1048
1023 1049
1023 1050
1023 1051
1023 1052
1023 1053
1023 1054
1023 1055
1023 1056
1023 1057
1023 1058
1023 1059
1023 1060
1023 1061
1023 1062
1023 1063
1023 1064
1023 1065
1023 1066
1023 1067
1023 1068
1023 1069
1023 1070
1023 1071
1023 1072
1024 1024
1024 1025
1024 1026
1024 1027
1024 1028
1024 1029
1024 1030
1024 1031
1024 1032
1024 1033
1024 1034
1024 1035
1024 1036
1024 1037
1024 1038
1024 1039
1024 1040
1024 1041
1024 1042
1024 1043
1024 1044
1024 1045
1024 1046
1024 1047
1024 1048
1024 1049
1024 1050
1024 1051
1024 1052
1024 1053
1024 1054
1024 1055
1024 1056
1024 1057
1024 1058
1024 1059
1024 1060
1024 1061
1024 1062
1024 1063
1024 1064
1024 1065
1024 1066
1024 1067
1024 1068
1024 1069
1024 1070
1024 1071
1024 1072
1024 1073
1025 1025
1025 1026
1025 1027
1025 1028
1025 1029
1025 1030
1025 1031
1025 1032
1025 1033
1025 1034
1025 1035
1025 1036
1025 1037
1025 1038
1025 1039
1025 1040
1025 1041
1025 1042
1025 1043
1025 1044
1025 1045
1025 1046
1025 1047
1025 1048
1025 1049
1025 1050
1025 1051
1025 1052
1025 1053
1025 1054
1025 1055
1025 1056
1025 1057
1025 1058
1025 1059
1025 1060
1025 1061
1025 1062
1025 1063
1025 1064
1025 1065
1025 1066
1025 1067
1025 1068
1025 1069
1025 1070
1025 1071
1025 1072
1025 1073
1025 1074
1026 1026
1026 1027
1026 1028
1026 1029
1026 1030
1026 1031
1026 1032
1026 1033
1026 1034
1026 1035
1026 1036
1026 1037
1026 1038
1026 1039
1026 1040
1026 1041
1026 1042
1026 1043
1026 1044
1026 1045
1026 1046
1026 1047
1026 1048
1026 1049
1026 1050
1026 1051
1026 1052
1026 1053
1026 1054
1026 1055
1026 1056
1026 1057
1026 1058
1026 1059
1026 1060
1026 1061
1026 1062
1026 1063
1026 1064
1026 1065
1026 1066
1026 1067
1026 1068
1026 1069
1026 1070
1026 1071
1026 1072
1026 1073
1026 1074
1026 1075
1027 1027
1027 1028
1027 1029
1027 1030
1027 1031
1027 1032
1027 1033
1027 1034
1027 1035
1027 1036
1027 1037
1027 1038
1027 1039
1027 1040
1027 1041
1027 1042
1027 1043
1027 1044
1027 1045
1027 1046
1027 1047
1027 1048
1027 1049
1027 1050
1027 1051
1027 1052
1027 1053
1027 1054
1027 1055
1027 1056
1027 1057
1027 1058
1027 1059
1027 1060
1027 1061
1027 1062
1027 1063
1027 1064
1027 1065
1027 1066
1027 1067
1027 1068
1027 1069
1027 1070
1027 1071
1027 1072
1027 1073
1027 1074
1027 1075
1027 1076
1028 1028
1028 1029
1028 1030
1028 1031
1028 1032
1028 1033
1028 1034
1028 1035
1028 1036
1028 1037
1028 1038
1028 1039
1028 1040
1028 1041
1028 1042
1028 1043
1028 1044
1028 1045
1028 1046
1028 1047
1028 1048
1028 1049
1028 1050
1028 1051
1028 1052
1028 1053
1028 1054
1028 1055
1028 1056
1028 1057
1028 1058
1028 1059
1028 1060
1028 1061
1028 1062
1028 1063
1028 1064
1028 1065
1028 1066
1028 1067
1028 1068
1028 1069
1028 1070
1028 1071
1028 1072
1028 1073
1028 1074
1028 1075
1028 1076
1028 1077
1029 1029
1029 1030
1029 1031
1029 1032
1029 1033
1029 1034
1029 1035
1029 1036
1029 1037
1029 1038
1029 1039
1029 1040
1029 1041
1029 1042
1029 1043
1029 1044
1029 1045
1029 1046
1029 1047
1029 1048
1029 1049
1029 1050
1029 1051
1029 1052
1029 1053
1029 1054
1029 1055
1029 1056
1029 1057
1029 1058
1029 1059
1029 1060
1029 1061
1029 1062
1029 1063
1029 1064
1029 1065
1029 1066
1029 1067
1029 1068
1029 1069
1029 1070
1029 1071
1029 1072
1029 1073
1029 1074
1029 1075
1029 1076
1029 1077
1029 1078
1030 1030
1030 1031
1030 1032
1030 1033
1030 1034
1030 1035
1030 1036
1030 1037
1030 1038
1030 1039
1030 1040
1030 1041
1030 1042
1030 1043
1030 1044
1030 1045
1030 1046
1030 1047
1030 1048
1030 1049
1030 1050
1030 1051
1030 1052
1030 1053
1030 1054
1030 1055
1030 1056
1030 1057
1030 1058
1030 1059
1030 1060
1030 1061
1030 1062
1030 1063
1030 1064
1030 1065
1030 1066
1030 1067
1030 1068
1030 1069
1030 1070
1030 1071
1030 1072
1030 1073
1030 1074
1030 1075
1030 1076
1030 1077
1030 1078
1030 1079
1031 1031
1031 1032
1031 1033
1031 1034
1031 1035
1031 1036
1031 1037
1031 1038
1031 1039
1031 1040
1031 1041
1031 1042
1031 1043
1031 1044
1031 1045
1031 1046
1031 1047
1031 1048
1031 1049
1031 1050
1031 1051
1031 1052
1031 1053
1031 1054
1031 1055
1031 1056
1031 1057
1031 1058
1031 1059
1031 1060
1031 1061
1031 1062
1031 1063
1031 1064
1031 1065
1031 1066
1031 1067
1031 1068
1031 1069
1031 1070
1031 1071
1031 1072
1031 1073
1031 1074
1031 1075
1031 1076
1031 1077
1031 1078
1031 1079
1031 1080
1032 1032
1032 1033
1032 1034
1032 1035
1032 1036
1032 1037
1032 1038
1032 1039
1032 1040
1032 1041
1032 1042
1032 1043
1032 1044
1032 1045
1032 1046
1032 1047
1032 1048
1032 1049
1032 1050
1032 1051
1032 1052
1032 1053
1032 1054
1032 1055
1032 1056
1032 1057
1032 1058
1032 1059
1032 1060
1032 1061
1032 1062
1032 1063
1032 1064
1032 1065
1032 1066
1032 1067
1032 1068
1032 1069
1032 1070
1032 1071
1032 1072
1032 1073
1032 1074
1032 1075
1032 1076
1032 1077
1032 1078
1032 1079
1032 1080
1032 1081
1033 1033
1033 1034
1033 1035
1033 1036
1033 1037
1033 1038
1033 1039
1033 1040
1033 1041
1033 1042
1033 1043
1033 1044
1033 1045
1033 1046
1033 1047
1033 1048
1033 1049
1033 1050
1033 1051
1033 1052
1033 1053
1033 1054
1033 1055
1033 1056
1033 1057
1033 1058
1033 1059
1033 1060
1033 1061
1033 1062
1033 1063
1033 1064
1033 1065
1033 1066
1033 1067
1033 1068
1033 1069
1033 1070
1033 1071
1033 1072
1033 1073
1033 1074
1033 1075
1033 1076
1033 1077
1033 1078
1033 1079
1033 1080
1033 1081
1033 1082
1034 1034
1034 1035
1034 1036
1034 1037
1034 1038
1034 1039
1034 1040
1034 1041
1034 1042
1034 1043
1034 1044
1034 1045
1034 1046
1034 1047
1034 1048
1034 1049
1034 1050
1034 1051
1034 1052
1034 1053
1034 1054
1034 1055
1034 1056
1034 1057
1034 1058
1034 1059
1034 1060
1034 1061
1034 1062
1034 1063
1034 1064
1034 1065
1034 1066
1034 1067
1034 1068
1034 1069
1034 1070
1034 1071
1034 1072
1034 1073
1034 1074
1034 1075
1034 1076
1034 1077
1034 1078
1034 1079
1034 1080
1034 1081
1034 1082
1034 1083
1035 1035
1035 1036
1035 1037
1035 1038
1035 1039
1035 1040
1035 1041
1035 1042
1035 1043
1035 1044
1035 1045
1035 1046
1035 1047
1035 1048
1035 1049
1035 1050
1035 1051
1035 1052
1035 1053
1035 1054
1035 1055
1035 1056
1035 1057
1035 1058
1035 1059
1035 1060
1035 1061
1035 1062
1035 1063
1035 1064
1035 1065
1035 1066
1035 1067
1035 1068
1035 1069
1035 1070
1035 1071
1035 1072
1035 1073
1035 1074
1035 1075
1035 1076
1035 1077
1035 1078
1035 1079
1035 1080
1035 1081
1035 1082
1035 1083
1035 1084
1036 1036
1036 1037
1036 1038
1036 1039
1036 1040
1036 1041
1036 1042
1036 1043
1036 1044
1036 1045
1036 1046
1036 1047
1036 1048
1036 1049
1036 1050
1036 1051
1036 1052
1036 1053
1036 1054
1036 1055
1036 1056
1036 1057
1036 1058
1036 1059
1036 1060
1036 1061
1036 1062
1036 1063
1036 1064
1036 1065
1036 1066
1036 1067
1036 1068
1036 1069
1036 1070
1036 1071
1036 1072
1036 1073
1036 1074
1036 1075
1036 1076
1036 1077
1036 1078
1036 1079
1036 1080
1036 1081
1036 1082
1036 1083
1036 1084
1036 1085
1037 1037
1037 1038
1037 1039
1037 1040
1037 1041
1037 1042
1037 1043
1037 1044
1037 1045
1037 1046
1037 1047
1037 1048
1037 1049
1037 1050
1037 1051
1037 1052
1037 1053
1037 1054
1037 1055
1037 1056
1037 1057
1037 1058
1037 1059
1037 1060
1037 1061
1037 1062
1037 1063
1037 1064
1037 1065
1037 1066
1037 1067
1037 1068
1037 1069
1037 1070
1037 1071
1037 1072
1037 1073
1037 1074
1037 1075
1037 1076
1037 1077
1037 1078
1037 1079
1037 1080
1037 1081
1037 1082
1037 1083
1037 1084
1037 1085
1037 1086
1038 1038
1038 1039
1038 1040
1038 1041
1038 1042
1038 1043
1038 1044
1038 1045
1038 1046
1038 1047
1038 1048
1038 1049
1038 1050
1038 1051
1038 1052
1038 1053
1038 1054
1038 1055
1038 1056
1038 1057
1038 1058
1038 1059
1038 1060
1038 1061
1038 1062
1038 1063
1038 1064
1038 1065
1038 1066
1038 1067
1038 1068
1038 1069
1038 1070
1038 1071
1038 1072
1038 1073
1038 1074
1038 1075
1038 1076
1038 1077
1038 1078
1038 1079
1038 1080
1038 1081
1038 1082
1038 1083
1038 1084
1038 1085
1038 1086
1038 1087
1039 1039
1039 1040
1039 1041
1039 1042
1039 1043
1039 1044
1039 1045
1039 1046
1039 1047
1039 1048
1039 1049
1039 1050
1039 1051
1039 1052
1039 1053
1039 1054
1039 1055
1039 1056
1039 1057
1039 1058
1039 1059
1039 1060
1039 1061
1039 1062
1039 1063
1039 1064
1039 1065
1039 1066
1039 1067
1039 1068
1039 1069
1039 1070
1039 1071
1039 1072
1039 1073
1039 1074
1039 1075
1039 1076
1039 1077
1039 1078
1039 1079
1039 1080
1039 1081
1039 1082
1039 1083
1039 1084
1039 1085
1039 1086
1039 1087
1039 1088
1040 1040
1040 1041
1040 1042
1040 1043
1040 1044
1040 1045
1040 1046
1040 1047
1040 1048
1040 1049
1040 1050
1040 1051
1040 1052
1040 1053
1040 1054
1040 1055
1040 1056
1040 1057
1040 1058
1040 1059
1040 1060
1040 1061
1040 1062
1040 1063
1040 1064
1040 1065
1040 1066
1040 1067
1040 1068
1040 1069
1040 1070
1040 1071
1040 1072
1040 1073
1040 1074
1040 1075
1040 1076
1040 1077
1040 1078
1040 1079
1040 1080
1040 1081
1040 1082
1040 1083
1040 1084
1040 1085
1040 1086
1040 1087
1040 1088
1040 1089
1041 1041
1041 1042
1041 1043
1041 1044
1041 1045
1041 1046
1041 1047
1041 1048
1041 1049
1041 1050
1041 1051
1041 1052
1041 1053
1041 1054
1041 1055
1041 1056
1041 1057
1041 1058
1041 1059
1041 1060
1041 1061
1041 1062
1041 1063
1041 1064
1041 1065
1041 1066
1041 1067
1041 1068
1041 1069
1041 1070
1041 1071
1041 1072
1041 1073
1041 1074
1041 1075
1041 1076
1041 1077
1041 1078
1041 1079
1041 1080
1041 1081
1041 1082
1041 1083
1041 1084
1041 1085
1041 1086
1041 1087
1041 1088
1041 1089
1041 1090
1042 1042
1042 1043
1042 1044
1042 1045
1042 1046
1042 1047
1042 1048
1042 1049
1042 1050
1042 1051
1042 1052
1042 1053
1042 1054
1042 1055
1042 1056
1042 1057
1042 1058
1042 1059
1042 1060
1042 1061
1042 1062
1042 1063
1042 1064
1042 1065
1042 1066
1042 1067
1042 1068
1042 1069
1042 1070
1042 1071
1042 1072
1042 1073
1042 1074
1042 1075
1042 1076
1042 1077
1042 1078
1042 1079
1042 1080
1042 1081
1042 1082
1042 1083
1042 1084
1042 1085
1042 1086
1042 1087
1042 1088
1042 1089
1042 1090
1042 1091
1043 1043
1043 1044
1043 1045
1043 1046
1043 1047
1043 1048
1043 1049
1043 1050
1043 1051
1043 1052
1043 1053
1043 1054
1043 1055
1043 1056
1043 1057
1043 1058
1043 1059
1043 1060
1043 1061
1043 1062
1043 1063
1043 1064
1043 1065
1043 1066
1043 1067
1043 1068
1043 1069
1043 1070
1043 1071
1043 1072
1043 1073
1043 1074
1043 1075
1043 1076
1043 1077
1043 1078
1043 1079
1043 1080
1043 1081
1043 1082
1043 1083
1043 1084
1043 1085
1043 1086
1043 1087
1043 1088
1043 1089
1043 1090
1043 1091
1043 1092
1044 1044
1044 1045
1044 1046
1044 1047
1044 1048
1044 1049
1044 1050
1044 1051
1044 1052
1044 1053
1044 1054
1044 1055
1044 1056
1044 1057
1044 1058
1044 1059
1044 1060
1044 1061
1044 1062
1044 1063
1044 1064
1044 1065
1044 1066
1044 1067
1044 1068
1044 1069
1044 1070
1044 1071
1044 1072
1044 1073
1044 1074
1044 1075
1044 1076
1044 1077
1044 1078
1044 1079
1044 1080
1044 1081
1044 1082
1044 1083
1044 1084
1044 1085
1044 1086
1044 1087
1044 1088
1044 1089
1044 1090
1044 1091
1044 1092
1044 1093
1045 1045
1045 1046
1045 1047
1045 1048
1045 1049
1045 1050
1045 1051
1045 1052
1045 1053
1045 1054
1045 1055
1045 1056
1045 1057
1045 1058
1045 1059
1045 1060
1045 1061
1045 1062
1045 1063
1045 1064
1045 1065
1045 1066
1045 1067
1045 1068
1045 1069
1045 1070
1045 1071
1045 1072
1045 1073
1045 1074
1045 1075
1045 1076
1045 1077
1045 1078
1045 1079
1045 1080
1045 1081
1045 1082
1045 1083
1045 1084
1045 1085
1045 1086
1045 1087
1045 1088
1045 1089
1045 1090
1045 1091
1045 1092
1045 1093
1045 1094
1046 1046
1046 1047
1046 1048
1046 1049
1046 1050
1046 1051
1046 1052
1046 1053
1046 1054
1046 1055
1046 1056
1046 1057
1046 1058
1046 1059
1046 1060
1046 1061
1046 1062
1046 1063
1046 1064
1046 1065
1046 1066
1046 1067
1046 1068
1046 1069
1046 1070
1046 1071
1046 1072
1046 1073
1046 1074
1046 1075
1046 1076
1046 1077
1046 1078
1046 1079
1046 1080
1046 1081
1046 1082
1046 1083
1046 1084
1046 1085
1046 1086
1046 1087
1046 1088
1046 1089
1046 1090
1046 1091
1046 1092
1046 1093
1046 1094
1046 1095
1047 1047
1047 1048
1047 1049
1047 1050
1047 1051
1047 1052
1047 1053
1047 1054
1047 1055
1047 1056
1047 1057
1047 1058
1047 1059
1047 1060
1047 1061
1047 1062
1047 1063
1047 1064
1047 1065
1047 1066
1047 1067
1047 1068
1047 1069
1047 1070
1047 1071
1047 1072
1047 1073
1047 1074
1047 1075
1047 1076
1047 1077
1047 1078
1047 1079
1047 1080
1047 1081
1047 1082
1047 1083
1047 1084
1047 1085
1047 1086
1047 1087
1047 1088
1047 1089
1047 1090
1047 1091
1047 1092
1047 1093
1047 1094
1047 1095
1047 1096
1048 1048
1048 1049
1048 1050
1048 1051
1048 1052
1048 1053
1048 1054
1048 1055
1048 1056
1048 1057
1048 1058
1048 1059
1048 1060
1048 1061
1048 1062
1048 1063
1048 1064
1048 1065
1048 1066
1048 1067
1048 1068
1048 1069
1048 1070
1048 1071
1048 1072
1048 1073
1048 1074
1048 1075
1048 1076
1048 1077
1048 1078
1048 1079
1048 1080
1048 1081
1048 1082
1048 1083
1048 1084
1048 1085
1048 1086
1048 1087
1048 1088
1048 1089
1048 1090
1048 1091
1048 1092
1048 1093
1048 1094
1048 1095
1048 1096
1048 1097
1049 1049
1049 1050
1049 1051
1049 1052
1049 1053
1049 1054
1049 1055
1049 1056
1049 1057
1049 1058
1049 1059
1049 1060
1049 1061
1049 1062
1049 1063
1049 1064
1049 1065
1049 1066
1049 1067
1049 1068
1049 1069
1049 1070
1049 1071
1049 1072
1049 1073
1049 1074
1049 1075
1049 1076
1049 1077
1049 1078
1049 1079
1049 1080
1049 1081
1049 1082
1049 1083
1049 1084
1049 1085
1049 1086
1049 1087
1049 1088
1049 1089
1049 1090
1049 1091
1049 1092
1049 1093
1049 1094
1049 1095
1049 1096
1049 1097
1049 1098
1050 1050
1050 1051
1050 1052
1050 1053
1050 1054
1050 1055
1050 1056
1050 1057
1050 1058
1050 1059
1050 1060
1050 1061
1050 1062
1050 1063
1050 1064
1050 1065
1050 1066
1050 1067
1050 1068
1050 1069
1050 1070
1050 1071
1050 1072
1050 1073
1050 1074
1050 1075
1050 1076
1050 1077
1050 1078
1050 1079
1050 1080
1050 1081
1050 1082
1050 1083
1050 1084
1050 1085
1050 1086
1050 1087
1050 1088
1050 1089
1050 1090
1050 1091
1050 1092
1050 1093
1050 1094
1050 1095
1050 1096
1050 1097
1050 1098
1050 1099
1051 1051
1051 1052
1051 1053
1051 1054
1051 1055
1051 1056
1051 1057
1051 1058
1051 1059
1051 1060
1051 1061
1051 1062
1051 1063
1051 1064
1051 1065
1051 1066
1051 1067
1051 1068
1051 1069
1051 1070
1051 1071
1051 1072
1051 1073
1051 1074
1051 1075
1051 1076
1051 1077
1051 1078
1051 1079
1051 1080
1051 1081
1051 1082
1051 1083
1051 1084
1051 1085
1051 1086
1051 1087
1051 1088
1051 1089
1051 1090
1051 1091
1051 1092
1051 1093
1051 1094
1051 1095
1051 1096
1051 1097
1051 1098
1051 1099
1051 1100
1052 1052
1052 1053
1052 1054
1052 1055
1052 1056
1052 1057
1052 1058
1052 1059
1052 1060
1052 1061
1052 1062
1052 1063
1052 1064
1052 1065
1052 1066
1052 1067
1052 1068
1052 1069
1052 1070
1052 1071
1052 1072
1052 1073
1052 1074
1052 1075
1052 1076
1052 1077
1052 1078
1052 1079
1052 1080
1052 1081
1052 1082
1052 1083
1052 1084
1052 1085
1052 1086
1052 1087
1052 1088
1052 1089
1052 1090
1052 1091
1052 1092
1052 1093
1052 1094
1052 1095
1052 1096
1052 1097
1052 1098
1052 1099
1052 1100
1052 1101
1053 1053
1053 1054
1053 1055
1053 1056
1053 1057
1053 1058
1053 1059
1053 1060
1053 1061
1053 1062
1053 1063
1053 1064
1053 1065
1053 1066
1053 1067
1053 1068
1053 1069
1053 1070
1053 1071
1053 1072
1053 1073
1053 1074
1053 1075
1053 1076
1053 1077
1053 1078
1053 1079
1053 1080
1053 1081
1053 1082
1053 1083
1053 1084
1053 1085
1053 1086
1053 1087
1053 1088
1053 1089
1053 1090
1053 1091
1053 1092
1053 1093
1053 1094
1053 1095
1053 1096
1053 1097
1053 1098
1053 1099
1053 1100
1053 1101
1053 1102
1054 1054
1054 1055
1054 1056
1054 1057
1054 1058
1054 1059
1054 1060
1054 1061
1054 1062
1054 1063
1054 1064
1054 1065
1054 1066
1054 1067
1054 1068
1054 1069
1054 1070
1054 1071
1054 1072
1054 1073
1054 1074
1054 1075
1054 1076
1054 1077
1054 1078
1054 1079
1054 1080
1054 1081
1054 1082
1054 1083
1054 1084
1054 1085
1054 1086
1054 1087
1054 1088
1054 1089
1054 1090
1054 1091
1054 1092
1054 1093
1054 1094
1054 1095
1054 1096
1054 1097
1054 1098
1054 1099
1054 1100
1054 1101
1054 1102
1054 1103
1055 1055
1055 1056
1055 1057
1055 1058
1055 1059
1055 1060
1055 1061
1055 1062
1055 1063
1055 1064
1055 1065
1055 1066
1055 1067
1055 1068
1055 1069
1055 1070
1055 1071
1055 1072
1055 1073
1055 1074
1055 1075
1055 1076
1055 1077
1055 1078
1055 1079
1055 1080
1055 1081
1055 1082
1055 1083
1055 1084
1055 1085
1055 1086
1055 1087
1055 1088
1055 1089
1055 1090
1055 1091
1055 1092
1055 1093
1055 1094
1055 1095
1055 1096
1055 1097
1055 1098
1055 1099
1055 1100
1055 1101
1055 1102
1055 1103
1055 1104
1056 1056
1056 1057
1056 1058
1056 1059
1056 1060
1056 1061
1056 1062
1056 1063
1056 1064
1056 1065
1056 1066
1056 1067
1056 1068
1056 1069
1056 1070
1056 1071
1056 1072
1056 1073
1056 1074
1056 1075
1056 1076
1056 1077
1056 1078
1056 1079
1056 1080
1056 1081
1056 1082
1056 1083
1056 1084
1056 1085
1056 1086
1056 1087
1056 1088
1056 1089
1056 1090
1056 1091
1056 1092
1056 1093
1056 1094
1056 1095
1056 1096
1056 1097
1056 1098
1056 1099
1056 1100
1056 1101
1056 1102
1056 1103
1056 1104
1056 1105
1057 1057
1057 1058
1057 1059
1057 1060
1057 1061
1057 1062
1057 1063
1057 1064
1057 1065
1057 1066
1057 1067
1057 1068
1057 1069
1057 1070
1057 1071
1057 1072
1057 1073
1057 1074
1057 1075
1057 1076
1057 1077
1057 1078
1057 1079
1057 1080
1057 1081
1057 1082
1057 1083
1057 1084
1057 1085
1057 1086
1057 1087
1057 1088
1057 1089
1057 1090
1057 1091
1057 1092
1057 1093
1057 1094
1057 1095
1057 1096
1057 1097
1057 1098
1057 1099
1057 1100
1057 1101
1057 1102
1057 1103
1057 1104
1057 1105
1057 1106
1058 1058
1058 1059
1058 1060
1058 1061
1058 1062
1058 1063
1058 1064
1058 1065
1058 1066
1058 1067
1058 1068
1058 1069
1058 1070
1058 1071
1058 1072
1058 1073
1058 1074
1058 1075
1058 1076
1058 1077
1058 1078
1058 1079
1058 1080
1058 1081
1058 1082
1058 1083
1058 1084
1058 1085
1058 1086
1058 1087
1058 1088
1058 1089
1058 1090
1058 1091
1058 1092
1058 1093
1058 1094
1058 1095
1058 1096
1058 1097
1058 1098
1058 1099
1058 1100
1058 1101
1058 1102
1058 1103
1058 1104
1058 1105
1058 1106
1058 1107
1059 1059
1059 1060
1059 1061
1059 1062
1059 1063
1059 1064
1059 1065
1059 1066
1059 1067
1059 1068
1059 1069
1059 1070
1059 1071
1059 1072
1059 1073
1059 1074
1059 1075
1059 1076
1059 1077
1059 1078
1059 1079
1059 1080
1059 1081
1059 1082
1059 1083
1059 1084
1059 1085
1059 1086
1059 1087
1059 1088
1059 1089
1059 1090
1059 1091
1059 1092
1059 1093
1059 1094
1059 1095
1059 1096
1059 1097
1059 1098
1059 1099
1059 1100
1059 1101
1059 1102
1059 1103
1059 1104
1059 1105
1059 1106
1059 1107
1059 1108
1060 1060
1060 1061
1060 1062
1060 1063
1060 1064
1060 1065
1060 1066
1060 1067
1060 1068
1060 1069
1060 1070
1060 1071
1060 1072
1060 1073
1060 1074
1060 1075
1060 1076
1060 1077
1060 1078
1060 1079
1060 1080
1060 1081
1060 1082
1060 1083
1060 1084
1060 1085
1060 1086
1060 1087
1060 1088
1060 1089
1060 1090
1060 1091
1060 1092
1060 1093
1060 1094
1060 1095
1060 1096
1060 1097
1060 1098
1060 1099
1060 1100
1060 1101
1060 1102
1060 1103
1060 1104
1060 1105
1060 1106
1060 1107
1060 1108
1060 1109
1061 1061
1061 1062
1061 1063
1061 1064
1061 1065
1061 1066
1061 1067
1061 1068
1061 1069
1061 1070
1061 1071
1061 1072
1061 1073
1061 1074
1061 1075
1061 1076
1061 1077
1061 1078
1061 1079
1061 1080
1061 1081
1061 1082
1061 1083
1061 1084
1061 1085
1061 1086
1061 1087
1061 1088
1061 1089
1061 1090
1061 1091
1061 1092
1061 1093
1061 1094
1061 1095
1061 1096
1061 1097
1061 1098
1061 1099
1061 1100
1061 1101
1061 1102
1061 1103
1061 1104
1061 1105
1061 1106
1061 1107
1061 1108
1061 1109
1061 1110
1062 1062
1062 1063
1062 1064
1062 1065
1062 1066
1062 1067
1062 1068
1062 1069
1062 1070
1062 1071
1062 1072
1062 1073
1062 1074
1062 1075
1062 1076
1062 1077
1062 1078
1062 1079
1062 1080
1062 1081
1062 1082
1062 1083
1062 1084
1062 1085
1062 1086
1062 1087
1062 1088
1062 1089
1062 1090
1062 1091
1062 1092
1062 1093
1062 1094
1062 1095
1062 1096
1062 1097
1062 1098
1062 1099
1062 1100
1062 1101
1062 1102
1062 1103
1062 1104
1062 1105
1062 1106
1062 1107
1062 1108
1062 1109
1062 1110
1062 1111
1063 1063
1063 1064
1063 1065
1063 1066
1063 1067
1063 1068
1063 1069
1063 1070
1063 1071
1063 1072
1063 1073
1063 1074
1063 1075
1063 1076
1063 1077
1063 1078
1063 1079
1063 1080
1063 1081
1063 1082
1063 1083
1063 1084
1063 1085
1063 1086
1063 1087
1063 1088
1063 1089
1063 1090
1063 1091
1063 1092
1063 1093
1063 1094
1063 1095
1063 1096
1063 1097
1063 1098
1063 1099
1063 1100
1063 1101
1063 1102
1063 1103
1063 1104
1063 1105
1063 1106
1063 1107
1063 1108
1063 1109
1063 1110
1063 1111
1063 1112
1064 1064
1064 1065
1064 1066
1064 1067
1064 1068
1064 1069
1064 1070
1064 1071
1064 1072
1064 1073
1064 1074
1064 1075
1064 1076
1064 1077
1064 1078
1064 1079
1064 1080
1064 1081
1064 1082
1064 1083
1064 1084
1064 1085
1064 1086
1064 1087
1064 1088
1064 1089
1064 1090
1064 1091
1064 1092
1064 1093
1064 1094
1064 1095
1064 1096
1064 1097
1064 1098
1064 1099
1064 1100
1064 1101
1064 1102
1064 1103
1064 1104
1064 1105
1064 1106
1064 1107
1064 1108
1064 1109
1064 1110
1064 1111
1064 1112
1064 1113
1065 1065
1065 1066
1065 1067
1065 1068
1065 1069
1065 1070
1065 1071
1065 1072
1065 1073
1065 1074
1065 1075
1065 1076
1065 1077
1065 1078
1065 1079
1065 1080
1065 1081
1065 1082
1065 1083
1065 1084
1065 1085
1065 1086
1065 1087
1065 1088
1065 1089
1065 1090
1065 1091
1065 1092
1065 1093
1065 1094
1065 1095
1065 1096
1065 1097
1065 1098
1065 1099
1065 1100
1065 1101
1065 1102
1065 1103
1065 1104
1065 1105
1065 1106
1065 1107
1065 1108
1065 1109
1065 1110
1065 1111
1065 1112
1065 1113
1065 1114
1066 1066
1066 1067
1066 1068
1066 1069
1066 1070
1066 1071
1066 1072
1066 1073
1066 1074
1066 1075
1066 1076
1066 1077
1066 1078
1066 1079
1066 1080
1066 1081
1066 1082
1066 1083
1066 1084
1066 1085
1066 1086
1066 1087
1066 1088
1066 1089
1066 1090
1066 1091
1066 1092
1066 1093
1066 1094
1066 1095
1066 1096
1066 1097
1066 1098
1066 1099
1066 1100
1066 1101
1066 1102
1066 1103
1066 1104
1066 1105
1066 1106
1066 1107
1066 1108
1066 1109
1066 1110
1066 1111
1066 1112
1066 1113
1066 1114
1066 1115
1067 1067
1067 1068
1067 1069
1067 1070
1067 1071
1067 1072
1067 1073
1067 1074
1067 1075
1067 1076
1067 1077
1067 1078
1067 1079
1067 1080
1067 1081
1067 1082
1067 1083
1067 1084
1067 1085
1067 1086
1067 1087
1067 1088
1067 1089
1067 1090
1067 1091
1067 1092
1067 1093
1067 1094
1067 1095
1067 1096
1067 1097
1067 1098
1067 1099
1067 1100
1067 1101
1067 1102
1067 1103
1067 1104
1067 1105
1067 1106
1067 1107
1067 1108
1067 1109
1067 1110
1067 1111
1067 1112
1067 1113
1067 1114
1067 1115
1067 1116
1068 1068
1068 1069
1068 1070
1068 1071
1068 1072
1068 1073
1068 1074
1068 1075
1068 1076
1068 1077
1068 1078
1068 1079
1068 1080
1068 1081
1068 1082
1068 1083
1068 1084
1068 1085
1068 1086
1068 1087
1068 1088
1068 1089
1068 1090
1068 1091
1068 1092
1068 1093
1068 1094
1068 1095
1068 1096
1068 1097
1068 1098
1068 1099
1068 1100
1068 1101
1068 1102
1068 1103
1068 1104
1068 1105
1068 1106
1068 1107
1068 1108
1068 1109
1068 1110
1068 1111
1068 1112
1068 1113
1068 1114
1068 1115
1068 1116
1068 1117
1069 1069
1069 1070
1069 1071
1069 1072
1069 1073
1069 1074
1069 1075
1069 1076
1069 1077
1069 1078
1069 1079
1069 1080
1069 1081
1069 1082
1069 1083
1069 1084
1069 1085
1069 1086
1069 1087
1069 1088
1069 1089
1069 1090
1069 1091
1069 1092
1069 1093
1069 1094
1069 1095
1069 1096
1069 1097
1069 1098
1069 1099
1069 1100
1069 1101
1069 1102
1069 1103
1069 1104
1069 1105
1069 1106
1069 1107
1069 1108
1069 1109
1069 1110
1069 1111
1069 1112
1069 1113
1069 1114
1069 1115
1069 1116
1069 1117
1069 1118
1070 1070
1070 1071
1070 1072
1070 1073
1070 1074
1070 1075
1070 1076
1070 1077
1070 1078
1070 1079
1070 1080
1070 1081
1070 1082
1070 1083
1070 1084
1070 1085
1070 1086
1070 1087
1070 1088
1070 1089
1070 1090
1070 1091
1070 1092
1070 1093
1070 1094
1070 1095
1070 1096
1070 1097
1070 1098
1070 1099
1070 1100
1070 1101
1070 1102
1070 1103
1070 1104
1070 1105
1070 1106
1070 1107
1070 1108
1070 1109
1070 1110
1070 1111
1070 1112
1070 1113
1070 1114
1070 1115
1070 1116
1070 1117
1070 1118
1070 1119
1071 1071
1071 1072
1071 1073
1071 1074
1071 1075
1071 1076
1071 1077
1071 1078
1071 1079
1071 1080
1071 1081
1071 1082
1071 1083
1071 1084
1071 1085
1071 1086
1071 1087
1071 1088
1071 1089
1071 1090
1071 1091
1071 1092
1071 1093
1071 1094
1071 1095
1071 1096
1071 1097
1071 1098
1071 1099
1071 1100
1071 1101
1071 1102
1071 1103
1071 1104
1071 1105
1071 1106
1071 1107
1071 1108
1071 1109
1071 1110
1071 1111
1071 1112
1071 1113
1071 1114
1071 1115
1071 1116
1071 1117
1071 1118
1071 1119
1071 1120
1072 1072
1072 1073
1072 1074
1072 1075
1072 1076
1072 1077
1072 1078
1072 1079
1072 1080
1072 1081
1072 1082
1072 1083
1072 1084
1072 1085
1072 1086
1072 1087
1072 1088
1072 1089
1072 1090
1072 1091
1072 1092
1072 1093
1072 1094
1072 1095
1072 1096
1072 1097
1072 1098
1072 1099
1072 1100
1072 1101
1072 1102
1072 1103
1072 1104
1072 1105
1072 1106
1072 1107
1072 1108
1072 1109
1072 1110
1072 1111
1072 1112
1072 1113
1072 1114
1072 1115
1072 1116
1072 1117
1072 1118
1072 1119
1072 1120
1072 1121
1073 1073
1073 1074
1073 1075
1073 1076
1073 1077
1073 1078
1073 1079
1073 1080
1073 1081
1073 1082
1073 1083
1073 1084
1073 1085
1073 1086
1073 1087
1073 1088
1073 1089
1073 1090
1073 1091
1073 1092
1073 1093
1073 1094
1073 1095
1073 1096
1073 1097
1073 1098
1073 1099
1073 1100
1073 1101
1073 1102
1073 1103
1073 1104
1073 1105
1073 1106
1073 1107
1073 1108
1073 1109
1073 1110
1073 1111
1073 1112
1073 1113
1073 1114
1073 1115
1073 1116
1073 1117
1073 1118
1073 1119
1073 1120
1073 1121
1073 1122
1074 1074
1074 1075
1074 1076
1074 1077
1074 1078
1074 1079
1074 1080
1074 1081
1074 1082
1074 1083
1074 1084
1074 1085
1074 1086
1074 1087
1074 1088
1074 1089
1074 1090
1074 1091
1074 1092
1074 1093
1074 1094
1074 1095
1074 1096
1074 1097
1074 1098
1074 1099
1074 1100
1074 1101
1074 1102
1074 1103
1074 1104
1074 1105
1074 1106
1074 1107
1074 1108
1074 1109
1074 1110
1074 1111
1074 1112
1074 1113
1074 1114
1074 1115
1074 1116
1074 1117
1074 1118
1074 1119
1074 1120
1074 1121
1074 1122
1074 1123
1075 1075
1075 1076
1075 1077
1075 1078
1075 1079
1075 1080
1075 1081
1075 1082
1075 1083
1075 1084
1075 1085
1075 1086
1075 1087
1075 1088
1075 1089
1075 1090
1075 1091
1075 1092
1075 1093
1075 1094
1075 1095
1075 1096
1075 1097
1075 1098
1075 1099
1075 1100
1075 1101
1075 1102
1075 1103
1075 1104
1075 1105
1075 1106
1075 1107
1075 1108
1075 1109
1075 1110
1075 1111
1075 1112
1075 1113
1075 1114
1075 1115
1075 1116
1075 1117
1075 1118
1075 1119
1075 1120
1075 1121
1075 1122
1075 1123
1075 1124
1076 1076
1076 1077
1076 1078
1076 1079
1076 1080
1076 1081
1076 1082
1076 1083
1076 1084
1076 1085
1076 1086
1076 1087
1076 1088
1076 1089
1076 1090
1076 1091
1076 1092
1076 1093
1076 1094
1076 1095
1076 1096
1076 1097
1076 1098
1076 1099
1076 1100
1076 1101
1076 1102
1076 1103
1076 1104
1076 1105
1076 1106
1076 1107
1076 1108
1076 1109
1076 1110
1076 1111
1076 1112
1076 1113
1076 1114
1076 1115
1076 1116
1076 1117
1076 1118
1076 1119
1076 1120
1076 1121
1076 1122
1076 1123
1076 1124
1076 1125
1077 1077
1077 1078
1077 1079
1077 1080
1077 1081
1077 1082
1077 1083
1077 1084
1077 1085
1077 1086
1077 1087
1077 1088
1077 1089
1077 1090
1077 1091
1077 1092
1077 1093
1077 1094
1077 1095
1077 1096
1077 1097
1077 1098
1077 1099
1077 1100
1077 1101
1077 1102
1077 1103
1077 1104
1077 1105
1077 1106
1077 1107
1077 1108
1077 1109
1077 1110
1077 1111
1077 1112
1077 1113
1077 1114
1077 1115
1077 1116
1077 1117
1077 1118
1077 1119
1077 1120
1077 1121
1077 1122
1077 1123
1077 1124
1077 1125
1077 1126
1078 1078
1078 1079
1078 1080
1078 1081
1078 1082
1078 1083
1078 1084
1078 1085
1078 1086
1078 1087
1078 1088
1078 1089
1078 1090
1078 1091
1078 1092
1078 1093
1078 1094
1078 1095
1078 1096
1078 1097
1078 1098
1078 1099
1078 1100
1078 1101
1078 1102
1078 1103
1078 1104
1078 1105
1078 1106
1078 1107
1078 1108
1078 1109
1078 1110
1078 1111
1078 1112
1078 1113
1078 1114
1078 1115
1078 1116
1078 1117
1078 1118
1078 1119
1078 1120
1078 1121
1078 1122
1078 1123
1078 1124
1078 1125
1078 1126
1078 1127
1079 1079
1079 1080
1079 1081
1079 1082
1079 1083
1079 1084
1079 1085
1079 1086
1079 1087
1079 1088
1079 1089
1079 1090
1079 1091
1079 1092
1079 1093
1079 1094
1079 1095
1079 1096
1079 1097
1079 1098
1079 1099
1079 1100
1079 1101
1079 1102
1079 1103
1079 1104
1079 1105
1079 1106
1079 1107
1079 1108
1079 1109
1079 1110
1079 1111
1079 1112
1079 1113
1079 1114
1079 1115
1079 1116
1079 1117
1079 1118
1079 1119
1079 1120
1079 1121
1079 1122
1079 1123
1079 1124
1079 1125
1079 1126
1079 1127
1079 1128
1080 1080
1080 1081
1080 1082
1080 1083
1080 1084
1080 1085
1080 1086
1080 1087
1080 1088
1080 1089
1080 1090
1080 1091
1080 1092
1080 1093
1080 1094
1080 1095
1080 1096
1080 1097
1080 1098
1080 1099
1080 1100
1080 1101
1080 1102
1080 1103
1080 1104
1080 1105
1080 1106
1080 1107
1080 1108
1080 1109
1080 1110
1080 1111
1080 1112
1080 1113
1080 1114
1080 1115
1080 1116
1080 1117
1080 1118
1080 1119
1080 1120
1080 1121
1080 1122
1080 1123
1080 1124
1080 1125
1080 1126
1080 1127
1080 1128
1080 1129
1081 1081
1081 1082
1081 1083
1081 1084
1081 1085
1081 1086
1081 1087
1081 1088
1081 1089
1081 1090
1081 1091
1081 1092
1081 1093
1081 1094
1081 1095
1081 1096
1081 1097
1081 1098
1081 1099
1081 1100
1081 1101
1081 1102
1081 1103
1081 1104
1081 1105
1081 1106
1081 1107
1081 1108
1081 1109
1081 1110
1081 1111
1081 1112
1081 1113
1081 1114
1081 1115
1081 1116
1081 1117
1081 1118
1081 1119
1081 1120
1081 1121
1081 1122
1081 1123
1081 1124
1081 1125
1081 1126
1081 1127
1081 1128
1081 1129
1081 1130
1082 1082
1082 1083
1082 1084
1082 1085
1082 1086
1082 1087
1082 1088
1082 1089
1082 1090
1082 1091
1082 1092
1082 1093
1082 1094
1082 1095
1082 1096
1082 1097
1082 1098
1082 1099
1082 1100
1082 1101
1082 1102
1082 1103
1082 1104
1082 1105
1082 1106
1082 1107
1082 1108
1082 1109
1082 1110
1082 1111
1082 1112
1082 1113
1082 1114
1082 1115
1082 1116
1082 1117
1082 1118
1082 1119
1082 1120
1082 1121
1082 1122
1082 1123
1082 1124
1082 1125
1082 1126
1082 1127
1082 1128
1082 1129
1082 1130
1082 1131
1083 1083
1083 1084
1083 1085
1083 1086
1083 1087
1083 1088
1083 1089
1083 1090
1083 1091
1083 1092
1083 1093
1083 1094
1083 1095
1083 1096
1083 1097
1083 1098
1083 1099
1083 1100
1083 1101
1083 1102
1083 1103
1083 1104
1083 1105
1083 1106
1083 1107
1083 1108
1083 1109
1083 1110
1083 1111
1083 1112
1083 1113
1083 1114
1083 1115
1083 1116
1083 1117
1083 1118
1083 1119
1083 1120
1083 1121
1083 1122
1083 1123
1083 1124
1083 1125
1083 1126
1083 1127
1083 1128
1083 1129
1083 1130
1083 1131
1083 1132
1084 1084
1084 1085
1084 1086
1084 1087
1084 1088
1084 1089
1084 1090
1084 1091
1084 1092
1084 1093
1084 1094
1084 1095
1084 1096
1084 1097
1084 1098
1084 1099
1084 1100
1084 1101
1084 1102
1084 1103
1084 1104
1084 1105
1084 1106
1084 1107
1084 1108
1084 1109
1084 1110
1084 1111
1084 1112
1084 1113
1084 1114
1084 1115
1084 1116
1084 1117
1084 1118
1084 1119
1084 1120
1084 1121
1084 1122
1084 1123
1084 1124
1084 1125
1084 1126
1084 1127
1084 1128
1084 1129
1084 1130
1084 1131
1084 1132
1084 1133
1085 1085
1085 1086
1085 1087
1085 1088
1085 1089
1085 1090
1085 1091
1085 1092
1085 1093
1085 1094
1085 1095
1085 1096
1085 1097
1085 1098
1085 1099
1085 1100
1085 1101
1085 1102
1085 1103
1085 1104
1085 1105
1085 1106
1085 1107
1085 1108
1085 1109
1085 1110
1085 1111
1085 1112
1085 1113
1085 1114
1085 1115
1085 1116
1085 1117
1085 1118
1085 1119
1085 1120
1085 1121
1085 1122
1085 1123
1085 1124
1085 1125
1085 1126
1085 1127
1085 1128
1085 1129
1085 1130
1085 1131
1085 1132
1085 1133
1085 1134
1086 1086
1086 1087
1086 1088
1086 1089
1086 1090
1086 1091
1086 1092
1086 1093
1086 1094
1086 1095
1086 1096
1086 1097
1086 1098
1086 1099
1086 1100
1086 1101
1086 1102
1086 1103
1086 1104
1086 1105
1086 1106
1086 1107
1086 1108
1086 1109
1086 1110
1086 1111
1086 1112
1086 1113
1086 1114
1086 1115
1086 1116
1086 1117
1086 1118
1086 1119
1086 1120
1086 1121
1086 1122
1086 1123
1086 1124
1086 1125
1086 1126
1086 1127
1086 1128
1086 1129
1086 1130
1086 1131
1086 1132
1086 1133
1086 1134
1086 1135
1087 1087
1087 1088
1087 1089
1087 1090
1087 1091
1087 1092
1087 1093
1087 1094
1087 1095
1087 1096
1087 1097
1087 1098
1087 1099
1087 1100
1087 1101
1087 1102
1087 1103
1087 1104
1087 1105
1087 1106
1087 1107
1087 1108
1087 1109
1087 1110
1087 1111
1087 1112
1087 1113
1087 1114
1087 1115
1087 1116
1087 1117
1087 1118
1087 1119
1087 1120
1087 1121
1087 1122
1087 1123
1087 1124
1087 1125
1087 1126
1087 1127
1087 1128
1087 1129
1087 1130
1087 1131
1087 1132
1087 1133
1087 1134
1087 1135
1087 1136
1088 1088
1088 1089
1088 1090
1088 1091
1088 1092
1088 1093
1088 1094
1088 1095
1088 1096
1088 1097
1088 1098
1088 1099
1088 1100
1088 1101
1088 1102
1088 1103
1088 1104
1088 1105
1088 1106
1088 1107
1088 1108
1088 1109
1088 1110
1088 1111
1088 1112
1088 1113
1088 1114
1088 1115
1088 1116
1088 1117
1088 1118
1088 1119
1088 1120
1088 1121
1088 1122
1088 1123
1088 1124
1088 1125
1088 1126
1088 1127
1088 1128
1088 1129
1088 1130
1088 1131
1088 1132
1088 1133
1088 1134
1088 1135
1088 1136
1088 1137
1089 1089
1089 1090
1089 1091
1089 1092
1089 1093
1089 1094
1089 1095
1089 1096
1089 1097
1089 1098
1089 1099
1089 1100
1089 1101
1089 1102
1089 1103
1089 1104
1089 1105
1089 1106
1089 1107
1089 1108
1089 1109
1089 1110
1089 1111
1089 1112
1089 1113
1089 1114
1089 1115
1089 1116
1089 1117
1089 1118
1089 1119
1089 1120
1089 1121
1089 1122
1089 1123
1089 1124
1089 1125
1089 1126
1089 1127
1089 1128
1089 1129
1089 1130
1089 1131
1089 1132
1089 1133
1089 1134
1089 1135
1089 1136
1089 1137
1089 1138
1090 1090
1090 1091
1090 1092
1090 1093
1090 1094
1090 1095
1090 1096
1090 1097
1090 1098
1090 1099
1090 1100
1090 1101
1090 1102
1090 1103
1090 1104
1090 1105
1090 1106
1090 1107
1090 1108
1090 1109
1090 1110
1090 1111
1090 1112
1090 1113
1090 1114
1090 1115
1090 1116
1090 1117
1090 1118
1090 1119
1090 1120
1090 1121
1090 1122
1090 1123
1090 1124
1090 1125
1090 1126
1090 1127
1090 1128
1090 1129
1090 1130
1090 1131
1090 1132
1090 1133
1090 1134
1090 1135
1090 1136
1090 1137
1090 1138
1090 1139
1091 1091
1091 1092
1091 1093
1091 1094
1091 1095
1091 1096
1091 1097
1091 1098
1091 1099
1091 1100
1091 1101
1091 1102
1091 1103
1091 1104
1091 1105
1091 1106
1091 1107
1091 1108
1091 1109
1091 1110
1091 1111
1091 1112
1091 1113
1091 1114
1091 1115
1091 1116
1091 1117
1091 1118
1091 1119
1091 1120
1091 1121
1091 1122
1091 1123
1091 1124
1091 1125
1091 1126
1091 1127
1091 1128
1091 1129
1091 1130
1091 1131
1091 1132
1091 1133
1091 1134
1091 1135
1091 1136
1091 1137
1091 1138
1091 1139
1091 1140
1092 1092
1092 1093
1092 1094
1092 1095
1092 1096
1092 1097
1092 1098
1092 1099
1092 1100
1092 1101
1092 1102
1092 1103
1092 1104
1092 1105
1092 1106
1092 1107
1092 1108
1092 1109
1092 1110
1092 1111
1092 1112
1092 1113
1092 1114
1092 1115
1092 1116
1092 1117
1092 1118
1092 1119
1092 1120
1092 1121
1092 1122
1092 1123
1092 1124
1092 1125
1092 1126
1092 1127
1092 1128
1092 1129
1092 1130
1092 1131
1092 1132
1092 1133
1092 1134
1092 1135
1092 1136
1092 1137
1092 1138
1092 1139
1092 1140
1092 1141
1093 1093
1093 1094
1093 1095
1093 1096
1093 1097
1093 1098
1093 1099
1093 1100
1093 1101
1093 1102
1093 1103
1093 1104
1093 1105
1093 1106
1093 1107
1093 1108
1093 1109
1093 1110
1093 1111
1093 1112
1093 1113
1093 1114
1093 1115
1093 1116
1093 1117
1093 1118
1093 1119
1093 1120
1093 1121
1093 1122
1093 1123
1093 1124
1093 1125
1093 1126
1093 1127
1093 1128
1093 1129
1093 1130
1093 1131
1093 1132
1093 1133
1093 1134
1093 1135
1093 1136
1093 1137
1093 1138
1093 1139
1093 1140
1093 1141
1093 1142
1094 1094
1094 1095
1094 1096
1094 1097
1094 1098
1094 1099
1094 1100
1094 1101
1094 1102
1094 1103
1094 1104
1094 1105
1094 1106
1094 1107
1094 1108
1094 1109
1094 1110
1094 1111
1094 1112
1094 1113
1094 1114
1094 1115
1094 1116
1094 1117
1094 1118
1094 1119
1094 1120
1094 1121
1094 1122
1094 1123
1094 1124
1094 1125
1094 1126
1094 1127
1094 1128
1094 1129
1094 1130
1094 1131
1094 1132
1094 1133
1094 1134
1094 1135
1094 1136
1094 1137
1094 1138
1094 1139
1094 1140
1094 1141
1094 1142
1094 1143
1095 1095
1095 1096
1095 1097
1095 1098
1095 1099
1095 1100
1095 1101
1095 1102
1095 1103
1095 1104
1095 1105
1095 1106
1095 1107
1095 1108
1095 1109
1095 1110
1095 1111
1095 1112
1095 1113
1095 1114
1095 1115
1095 1116
1095 1117
1095 1118
1095 1119
1095 1120
1095 1121
1095 1122
1095 1123
1095 1124
1095 1125
1095 1126
1095 1127
1095 1128
1095 1129
1095 1130
1095 1131
1095 1132
1095 1133
1095 1134
1095 1135
1095 1136
1095 1137
1095 1138
1095 1139
1095 1140
1095 1141
1095 1142
1095 1143
1095 1144
1096 1096
1096 1097
1096 1098
1096 1099
1096 1100
1096 1101
1096 1102
1096 1103
1096 1104
1096 1105
1096 1106
1096 1107
1096 1108
1096 1109
1096 1110
1096 1111
1096 1112
1096 1113
1096 1114
1096 1115
1096 1116
1096 1117
1096 1118
1096 1119
1096 1120
1096 1121
1096 1122
1096 1123
1096 1124
1096 1125
1096 1126
1096 1127
1096 1128
1096 1129
1096 1130
1096 1131
1096 1132
1096 1133
1096 1134
1096 1135
1096 1136
1096 1137
1096 1138
1096 1139
1096 1140
1096 1141
1096 1142
1096 1143
1096 1144
1096 1145
1097 1097
1097 1098
1097 1099
1097 1100
1097 1101
1097 1102
1097 1103
1097 1104
1097 1105
1097 1106
1097 1107
1097 1108
1097 1109
1097 1110
1097 1111
1097 1112
1097 1113
1097 1114
1097 1115
1097 1116
1097 1117
1097 1118
1097 1119
1097 1120
1097 1121
1097 1122
1097 1123
1097 1124
1097 1125
1097 1126
1097 1127
1097 1128
1097 1129
1097 1130
1097 1131
1097 1132
1097 1133
1097 1134
1097 1135
1097 1136
1097 1137
1097 1138
1097 1139
1097 1140
1097 1141
1097 1142
1097 1143
1097 1144
1097 1145
1097 1146
1098 1098
1098 1099
1098 1100
1098 1101
1098 1102
1098 1103
1098 1104
1098 1105
1098 1106
1098 1107
1098 1108
1098 1109
1098 1110
1098 1111
1098 1112
1098 1113
1098 1114
1098 1115
1098 1116
1098 1117
1098 1118
1098 1119
1098 1120
1098 1121
1098 1122
1098 1123
1098 1124
1098 1125
1098 1126
1098 1127
1098 1128
1098 1129
1098 1130
1098 1131
1098 1132
1098 1133
1098 1134
1098 1135
1098 1136
1098 1137
1098 1138
1098 1139
1098 1140
1098 1141
1098 1142
1098 1143
1098 1144
1098 1145
1098 1146
1098 1147
1099 1099
1099 1100
1099 1101
1099 1102
1099 1103
1099 1104
1099 1105
1099 1106
1099 1107
1099 1108
1099 1109
1099 1110
1099 1111
1099 1112
1099 1113
1099 1114
1099 1115
1099 1116
1099 1117
1099 1118
1099 1119
1099 1120
1099 1121
1099 1122
1099 1123
1099 1124
1099 1125
1099 1126
1099 1127
1099 1128
1099 1129
1099 1130
1099 1131
1099 1132
1099 1133
1099 1134
1099 1135
1099 1136
1099 1137
1099 1138
1099 1139
1099 1140
1099 1141
1099 1142
1099 1143
1099 1144
1099 1145
1099 1146
1099 1147
1099 1148
1100 1100
1100 1101
1100 1102
1100 1103
1100 1104
1100 1105
1100 1106
1100 1107
1100 1108
1100 1109
1100 1110
1100 1111
1100 1112
1100 1113
1100 1114
1100 1115
1100 1116
1100 1117
1100 1118
1100 1119
1100 1120
1100 1121
1100 1122
1100 1123
1100 1124
1100 1125
1100 1126
1100 1127
1100 1128
1100 1129
1100 1130
1100 1131
1100 1132
1100 1133
1100 1134
1100 1135
1100 1136
1100 1137
1100 1138
1100 1139
1100 1140
1100 1141
1100 1142
1100 1143
1100 1144
1100 1145
1100 1146
1100 1147
1100 1148
1100 1149
1101 1101
1101 1102
1101 1103
1101 1104
1101 1105
1101 1106
1101 1107
1101 1108
1101 1109
1101 1110
1101 1111
1101 1112
1101 1113
1101 1114
1101 1115
1101 1116
1101 1117
1101 1118
1101 1119
1101 1120
1101 1121
1101 1122
1101 1123
1101 1124
1101 1125
1101 1126
1101 1127
1101 1128
1101 1129
1101 1130
1101 1131
1101 1132
1101 1133
1101 1134
1101 1135
1101 1136
1101 1137
1101 1138
1101 1139
1101 1140
1101 1141
1101 1142
1101 1143
1101 1144
1101 1145
1101 1146
1101 1147
1101 1148
1101 1149
1101 1150
1102 1102
1102 1103
1102 1104
1102 1105
1102 1106
1102 1107
1102 1108
1102 1109
1102 1110
1102 1111
1102 1112
1102 1113
1102 1114
1102 1115
1102 1116
1102 1117
1102 1118
1102 1119
1102 1120
1102 1121
1102 1122
1102 1123
1102 1124
1102 1125
1102 1126
1102 1127
1102 1128
1102 1129
1102 1130
1102 1131
1102 1132
1102 1133
1102 1134
1102 1135
1102 1136
1102 1137
1102 1138
1102 1139
1102 1140
1102 1141
1102 1142
1102 1143
1102 1144
1102 1145
1102 1146
1102 1147
1102 1148
1102 1149
1102 1150
1102 1151
1103 1103
1103 1104
1103 1105
1103 1106
1103 1107
1103 1108
1103 1109
1103 1110
1103 1111
1103 1112
1103 1113
1103 1114
1103 1115
1103 1116
1103 1117
1103 1118
1103 1119
1103 1120
1103 1121
1103 1122
1103 1123
1103 1124
1103 1125
1103 1126
1103 1127
1103 1128
1103 1129
1103 1130
1103 1131
1103 1132
1103 1133
1103 1134
1103 1135
1103 1136
1103 1137
1103 1138
1103 1139
1103 1140
1103 1141
1103 1142
1103 1143
1103 1144
1103 1145
1103 1146
1103 1147
1103 1148
1103 1149
1103 1150
1103 1151
1103 1152
1104 1104
1104 1105
1104 1106
1104 1107
1104 1108
1104 1109
1104 1110
1104 1111
1104 1112
1104 1113
1104 1114
1104 1115
1104 1116
1104 1117
1104 1118
1104 1119
1104 1120
1104 1121
1104 1122
1104 1123
1104 1124
1104 1125
1104 1126
1104 1127
1104 1128
1104 1129
1104 1130
1104 1131
1104 1132
1104 1133
1104 1134
1104 1135
1104 1136
1104 1137
1104 1138
1104 1139
1104 1140
1104 1141
1104 1142
1104 1143
1104 1144
1104 1145
1104 1146
1104 1147
1104 1148
1104 1149
1104 1150
1104 1151
1104 1152
1104 1153
1105 1105
1105 1106
1105 1107
1105 1108
1105 1109
1105 1110
1105 1111
1105 1112
1105 1113
1105 1114
1105 1115
1105 1116
1105 1117
1105 1118
1105 1119
1105 1120
1105 1121
1105 1122
1105 1123
1105 1124
1105 1125
1105 1126
1105 1127
1105 1128
1105 1129
1105 1130
1105 1131
1105 1132
1105 1133
1105 1134
1105 1135
1105 1136
1105 1137
1105 1138
1105 1139
1105 1140
1105 1141
1105 1142
1105 1143
1105 1144
1105 1145
1105 1146
1105 1147
1105 1148
1105 1149
1105 1150
1105 1151
1105 1152
1105 1153
1105 1154
1106 1106
1106 1107
1106 1108
1106 1109
1106 1110
1106 1111
1106 1112
1106 1113
1106 1114
1106 1115
1106 1116
1106 1117
1106 1118
1106 1119
1106 1120
1106 1121
1106 1122
1106 1123
1106 1124
1106 1125
1106 1126
1106 1127
1106 1128
1106 1129
1106 1130
1106 1131
1106 1132
1106 1133
1106 1134
1106 1135
1106 1136
1106 1137
1106 1138
1106 1139
1106 1140
1106 1141
1106 1142
1106 1143
1106 1144
1106 1145
1106 1146
1106 1147
1106 1148
1106 1149
1106 1150
1106 1151
1106 1152
1106 1153
1106 1154
1106 1155
1107 1107
1107 1108
1107 1109
1107 1110
1107 1111
1107 1112
1107 1113
1107 1114
1107 1115
1107 1116
1107 1117
1107 1118
1107 1119
1107 1120
1107 1121
1107 1122
1107 1123
1107 1124
1107 1125
1107 1126
1107 1127
1107 1128
1107 1129
1107 1130
1107 1131
1107 1132
1107 1133
1107 1134
1107 1135
1107 1136
1107 1137
1107 1138
1107 1139
1107 1140
1107 1141
1107 1142
1107 1143
1107 1144
1107 1145
1107 1146
1107 1147
1107 1148
1107 1149
1107 1150
1107 1151
1107 1152
1107 1153
1107 1154
1107 1155
1107 1156
1108 1108
1108 1109
1108 1110
1108 1111
1108 1112
1108 1113
1108 1114
1108 1115
1108 1116
1108 1117
1108 1118
1108 1119
1108 1120
1108 1121
1108 1122
1108 1123
1108 1124
1108 1125
1108 1126
1108 1127
1108 1128
1108 1129
1108 1130
1108 1131
1108 1132
1108 1133
1108 1134
1108 1135
1108 1136
1108 1137
1108 1138
1108 1139
1108 1140
1108 1141
1108 1142
1108 1143
1108 1144
1108 1145
1108 1146
1108 1147
1108 1148
1108 1149
1108 1150
1108 1151
1108 1152
1108 1153
1108 1154
1108 1155
1108 1156
1108 1157
1109 1109
1109 1110
1109 1111
1109 1112
1109 1113
1109 1114
1109 1115
1109 1116
1109 1117
1109 1118
1109 1119
1109 1120
1109 1121
1109 1122
1109 1123
1109 1124
1109 1125
1109 1126
1109 1127
1109 1128
1109 1129
1109 1130
1109 1131
1109 1132
1109 1133
1109 1134
1109 1135
1109 1136
1109 1137
1109 1138
1109 1139
1109 1140
1109 1141
1109 1142
1109 1143
1109 1144
1109 1145
1109 1146
1109 1147
1109 1148
1109 1149
1109 1150
1109 1151
1109 1152
1109 1153
1109 1154
1109 1155
1109 1156
1109 1157
1109 1158
1110 1110
1110 1111
1110 1112
1110 1113
1110 1114
1110 1115
1110 1116
1110 1117
1110 1118
1110 1119
1110 1120
1110 1121
1110 1122
1110 1123
1110 1124
1110 1125
1110 1126
1110 1127
1110 1128
1110 1129
1110 1130
1110 1131
1110 1132
1110 1133
1110 1134
1110 1135
1110 1136
1110 1137
1110 1138
1110 1139
1110 1140
1110 1141
1110 1142
1110 1143
1110 1144
1110 1145
1110 1146
1110 1147
1110 1148
1110 1149
1110 1150
1110 1151
1110 1152
1110 1153
1110 1154
1110 1155
1110 1156
1110 1157
1110 1158
1110 1159
1111 1111
1111 1112
1111 1113
1111 1114
1111 1115
1111 1116
1111 1117
1111 1118
1111 1119
1111 1120
1111 1121
1111 1122
1111 1123
1111 1124
1111 1125
1111 1126
1111 1127
1111 1128
1111 1129
1111 1130
1111 1131
1111 1132
1111 1133
1111 1134
1111 1135
1111 1136
1111 1137
1111 1138
1111 1139
1111 1140
1111 1141
1111 1142
1111 1143
1111 1144
1111 1145
1111 1146
1111 1147
1111 1148
1111 1149
1111 1150
1111 1151
1111 1152
1111 1153
1111 1154
1111 1155
1111 1156
1111 1157
1111 1158
1111 1159
1111 1160
1112 1112
1112 1113
1112 1114
1112 1115
1112 1116
1112 1117
1112 1118
1112 1119
1112 1120
1112 1121
1112 1122
1112 1123
1112 1124
1112 1125
1112 1126
1112 1127
1112 1128
1112 1129
1112 1130
1112 1131
1112 1132
1112 1133
1112 1134
1112 1135
1112 1136
1112 1137
1112 1138
1112 1139
1112 1140
1112 1141
1112 1142
1112 1143
1112 1144
1112 1145
1112 1146
1112 1147
1112 1148
1112 1149
1112 1150
1112 1151
1112 1152
1112 1153
1112 1154
1112 1155
1112 1156
1112 1157
1112 1158
1112 1159
1112 1160
1112 1161
1113 1113
1113 1114
1113 1115
1113 1116
1113 1117
1113 1118
1113 1119
1113 1120
1113 1121
1113 1122
1113 1123
1113 1124
1113 1125
1113 1126
1113 1127
1113 1128
1113 1129
1113 1130
1113 1131
1113 1132
1113 1133
1113 1134
1113 1135
1113 1136
1113 1137
1113 1138
1113 1139
1113 1140
1113 1141
1113 1142
1113 1143
1113 1144
1113 1145
1113 1146
1113 1147
1113 1148
1113 1149
1113 1150
1113 1151
1113 1152
1113 1153
1113 1154
1113 1155
1113 1156
1113 1157
1113 1158
1113 1159
1113 1160
1113 1161
1113 1162
1114 1114
1114 1115
1114 1116
1114 1117
1114 1118
1114 1119
1114 1120
1114 1121
1114 1122
1114 1123
1114 1124
1114 1125
1114 1126
1114 1127
1114 1128
1114 1129
1114 1130
1114 1131
1114 1132
1114 1133
1114 1134
1114 1135
1114 1136
1114 1137
1114 1138
1114 1139
1114 1140
1114 1141
1114 1142
1114 1143
1114 1144
1114 1145
1114 1146
1114 1147
1114 1148
1114 1149
1114 1150
1114 1151
1114 1152
1114 1153
1114 1154
1114 1155
1114 1156
1114 1157
1114 1158
1114 1159
1114 1160
1114 1161
1114 1162
1114 1163
1115 1115
1115 1116
1115 1117
1115 1118
1115 1119
1115 1120
1115 1121
1115 1122
1115 1123
1115 1124
1115 1125
1115 1126
1115 1127
1115 1128
1115 1129
1115 1130
1115 1131
1115 1132
1115 1133
1115 1134
1115 1135
1115 1136
1115 1137
1115 1138
1115 1139
1115 1140
1115 1141
1115 1142
1115 1143
1115 1144
1115 1145
1115 1146
1115 1147
1115 1148
1115 1149
1115 1150
1115 1151
1115 1152
1115 1153
1115 1154
1115 1155
1115 1156
1115 1157
1115 1158
1115 1159
1115 1160
1115 1161
1115 1162
1115 1163
1115 1164
1116 1116
1116 1117
1116 1118
1116 1119
1116 1120
1116 1121
1116 1122
1116 1123
1116 1124
1116 1125
1116 1126
1116 1127
1116 1128
1116 1129
1116 1130
1116 1131
1116 1132
1116 1133
1116 1134
1116 1135
1116 1136
1116 1137
1116 1138
1116 1139
1116 1140
1116 1141
1116 1142
1116 1143
1116 1144
1116 1145
1116 1146
1116 1147
1116 1148
1116 1149
1116 1150
1116 1151
1116 1152
1116 1153
1116 1154
1116 1155
1116 1156
1116 1157
1116 1158
1116 1159
1116 1160
1116 1161
1116 1162
1116 1163
1116 1164
1116 1165
1117 1117
1117 1118
1117 1119
1117 1120
1117 1121
1117 1122
1117 1123
1117 1124
1117 1125
1117 1126
1117 1127
1117 1128
1117 1129
1117 1130
1117 1131
1117 1132
1117 1133
1117 1134
1117 1135
1117 1136
1117 1137
1117 1138
1117 1139
1117 1140
1117 1141
1117 1142
1117 1143
1117 1144
1117 1145
1117 1146
1117 1147
1117 1148
1117 1149
1117 1150
1117 1151
1117 1152
1117 1153
1117 1154
1117 1155
1117 1156
1117 1157
1117 1158
1117 1159
1117 1160
1117 1161
1117 1162
1117 1163
1117 1164
1117 1165
1117 1166
1118 1118
1118 1119
1118 1120
1118 1121
1118 1122
1118 1123
1118 1124
1118 1125
1118 1126
1118 1127
1118 1128
1118 1129
1118 1130
1118 1131
1118 1132
1118 1133
1118 1134
1118 1135
1118 1136
1118 1137
1118 1138
1118 1139
1118 1140
1118 1141
1118 1142
1118 1143
1118 1144
1118 1145
1118 1146
1118 1147
1118 1148
1118 1149
1118 1150
1118 1151
1118 1152
1118 1153
1118 1154
1118 1155
1118 1156
1118 1157
1118 1158
1118 1159
1118 1160
1118 1161
1118 1162
1118 1163
1118 1164
1118 1165
1118 1166
1118 1167
1119 1119
1119 1120
1119 1121
1119 1122
1119 1123
1119 1124
1119 1125
1119 1126
1119 1127
1119 1128
1119 1129
1119 1130
1119 1131
1119 1132
1119 1133
1119 1134
1119 1135
1119 1136
1119 1137
1119 1138
1119 1139
1119 1140
1119 1141
1119 1142
1119 1143
1119 1144
1119 1145
1119 1146
1119 1147
1119 1148
1119 1149
1119 1150
1119 1151
1119 1152
1119 1153
1119 1154
1119 1155
1119 1156
1119 1157
1119 1158
1119 1159
1119 1160
1119 1161
1119 1162
1119 1163
1119 1164
1119 1165
1119 1166
1119 1167
1119 1168
1120 1120
1120 1121
1120 1122
1120 1123
1120 1124
1120 1125
1120 1126
1120 1127
1120 1128
1120 1129
1120 1130
1120 1131
1120 1132
1120 1133
1120 1134
1120 1135
1120 1136
1120 1137
1120 1138
1120 1139
1120 1140
1120 1141
1120 1142
1120 1143
1120 1144
1120 1145
1120 1146
1120 1147
1120 1148
1120 1149
1120 1150
1120 1151
1120 1152
1120 1153
1120 1154
1120 1155
1120 1156
1120 1157
1120 1158
1120 1159
1120 1160
1120 1161
1120 1162
1120 1163
1120 1164
1120 1165
1120 1166
1120 1167
1120 1168
1120 1169
1121 1121
1121 1122
1121 1123
1121 1124
1121 1125
1121 1126
1121 1127
1121 1128
1121 1129
1121 1130
1121 1131
1121 1132
1121 1133
1121 1134
1121 1135
1121 1136
1121 1137
1121 1138
1121 1139
1121 1140
1121 1141
1121 1142
1121 1143
1121 1144
1121 1145
1121 1146
1121 1147
1121 1148
1121 1149
1121 1150
1121 1151
1121 1152
1121 1153
1121 1154
1121 1155
1121 1156
1121 1157
1121 1158
1121 1159
1121 1160
1121 1161
1121 1162
1121 1163
1121 1164
1121 1165
1121 1166
1121 1167
1121 1168
1121 1169
1121 1170
1122 1122
1122 1123
1122 1124
1122 1125
1122 1126
1122 1127
1122 1128
1122 1129
1122 1130
1122 1131
1122 1132
1122 1133
1122 1134
1122 1135
1122 1136
1122 1137
1122 1138
1122 1139
1122 1140
1122 1141
1122 1142
1122 1143
1122 1144
1122 1145
1122 1146
1122 1147
1122 1148
1122 1149
1122 1150
1122 1151
1122 1152
1122 1153
1122 1154
1122 1155
1122 1156
1122 1157
1122 1158
1122 1159
1122 1160
1122 1161
1122 1162
1122 1163
1122 1164
1122 1165
1122 1166
1122 1167
1122 1168
1122 1169
1122 1170
1122 1171
1123 1123
1123 1124
1123 1125
1123 1126
1123 1127
1123 1128
1123 1129
1123 1130
1123 1131
1123 1132
1123 1133
1123 1134
1123 1135
1123 1136
1123 1137
1123 1138
1123 1139
1123 1140
1123 1141
1123 1142
1123 1143
1123 1144
1123 1145
1123 1146
1123 1147
1123 1148
1123 1149
1123 1150
1123 1151
1123 1152
1123 1153
1123 1154
1123 1155
1123 1156
1123 1157
1123 1158
1123 1159
1123 1160
1123 1161
1123 1162
1123 1163
1123 1164
1123 1165
1123 1166
1123 1167
1123 1168
1123 1169
1123 1170
1123 1171
1123 1172
1124 1124
1124 1125
1124 1126
1124 1127
1124 1128
1124 1129
1124 1130
1124 1131
1124 1132
1124 1133
1124 1134
1124 1135
1124 1136
1124 1137
1124 1138
1124 1139
1124 1140
1124 1141
1124 1142
1124 1143
1124 1144
1124 1145
1124 1146
1124 1147
1124 1148
1124 1149
1124 1150
1124 1151
1124 1152
1124 1153
1124 1154
1124 1155
1124 1156
1124 1157
1124 1158
1124 1159
1124 1160
1124 1161
1124 1162
1124 1163
1124 1164
1124 1165
1124 1166
1124 1167
1124 1168
1124 1169
1124 1170
1124 1171
1124 1172
1124 1173
1125 1125
1125 1126
1125 1127
1125 1128
1125 1129
1125 1130
1125 1131
1125 1132
1125 1133
1125 1134
1125 1135
1125 1136
1125 1137
1125 1138
1125 1139
1125 1140
1125 1141
1125 1142
1125 1143
1125 1144
1125 1145
1125 1146
1125 1147
1125 1148
1125 1149
1125 1150
1125 1151
1125 1152
1125 1153
1125 1154
1125 1155
1125 1156
1125 1157
1125 1158
1125 1159
1125 1160
1125 1161
1125 1162
1125 1163
1125 1164
1125 1165
1125 1166
1125 1167
1125 1168
1125 1169
1125 1170
1125 1171
1125 1172
1125 1173
1125 1174
1126 1126
1126 1127
1126 1128
1126 1129
1126 1130
1126 1131
1126 1132
1126 1133
1126 1134
1126 1135
1126 1136
1126 1137
1126 1138
1126 1139
1126 1140
1126 1141
1126 1142
1126 1143
1126 1144
1126 1145
1126 1146
1126 1147
1126 1148
1126 1149
1126 1150
1126 1151
1126 1152
1126 1153
1126 1154
1126 1155
1126 1156
1126 1157
1126 1158
1126 1159
1126 1160
1126 1161
1126 1162
1126 1163
1126 1164
1126 1165
1126 1166
1126 1167
1126 1168
1126 1169
1126 1170
1126 1171
1126 1172
1126 1173
1126 1174
1126 1175
1127 1127
1127 1128
1127 1129
1127 1130
1127 1131
1127 1132
1127 1133
1127 1134
1127 1135
1127 1136
1127 1137
1127 1138
1127 1139
1127 1140
1127 1141
1127 1142
1127 1143
1127 1144
1127 1145
1127 1146
1127 1147
1127 1148
1127 1149
1127 1150
1127 1151
1127 1152
1127 1153
1127 1154
1127 1155
1127 1156
1127 1157
1127 1158
1127 1159
1127 1160
1127 1161
1127 1162
1127 1163
1127 1164
1127 1165
1127 1166
1127 1167
1127 1168
1127 1169
1127 1170
1127 1171
1127 1172
1127 1173
1127 1174
1127 1175
1127 1176
1128 1128
1128 1129
1128 1130
1128 1131
1128 1132
1128 1133
1128 1134
1128 1135
1128 1136
1128 1137
1128 1138
1128 1139
1128 1140
1128 1141
1128 1142
1128 1143
1128 1144
1128 1145
1128 1146
1128 1147
1128 1148
1128 1149
1128 1150
1128 1151
1128 1152
1128 1153
1128 1154
1128 1155
1128 1156
1128 1157
1128 1158
1128 1159
1128 1160
1128 1161
1128 1162
1128 1163
1128 1164
1128 1165
1128 1166
1128 1167
1128 1168
1128 1169
1128 1170
1128 1171
1128 1172
1128 1173
1128 1174
1128 1175
1128 1176
1128 1177
1129 1129
1129 1130
1129 1131
1129 1132
1129 1133
1129 1134
1129 1135
1129 1136
1129 1137
1129 1138
1129 1139
1129 1140
1129 1141
1129 1142
1129 1143
1129 1144
1129 1145
1129 1146
1129 1147
1129 1148
1129 1149
1129 1150
1129 1151
1129 1152
1129 1153
1129 1154
1129 1155
1129 1156
1129 1157
1129 1158
1129 1159
1129 1160
1129 1161
1129 1162
1129 1163
1129 1164
1129 1165
1129 1166
1129 1167
1129 1168
1129 1169
1129 1170
1129 1171
1129 1172
1129 1173
1129 1174
1129 1175
1129 1176
1129 1177
1129 1178
1130 1130
1130 1131
1130 1132
1130 1133
1130 1134
1130 1135
1130 1136
1130 1137
1130 1138
1130 1139
1130 1140
1130 1141
1130 1142
1130 1143
1130 1144
1130 1145
1130 1146
1130 1147
1130 1148
1130 1149
1130 1150
1130 1151
1130 1152
1130 1153
1130 1154
1130 1155
1130 1156
1130 1157
1130 1158
1130 1159
1130 1160
1130 1161
1130 1162
1130 1163
1130 1164
1130 1165
1130 1166
1130 1167
1130 1168
1130 1169
1130 1170
1130 1171
1130 1172
1130 1173
1130 1174
1130 1175
1130 1176
1130 1177
1130 1178
1130 1179
1131 1131
1131 1132
1131 1133
1131 1134
1131 1135
1131 1136
1131 1137
1131 1138
1131 1139
1131 1140
1131 1141
1131 1142
1131 1143
1131 1144
1131 1145
1131 1146
1131 1147
1131 1148
1131 1149
1131 1150
1131 1151
1131 1152
1131 1153
1131 1154
1131 1155
1131 1156
1131 1157
1131 1158
1131 1159
1131 1160
1131 1161
1131 1162
1131 1163
1131 1164
1131 1165
1131 1166
1131 1167
1131 1168
1131 1169
1131 1170
1131 1171
1131 1172
1131 1173
1131 1174
1131 1175
1131 1176
1131 1177
1131 1178
1131 1179
1131 1180
1132 1132
1132 1133
1132 1134
1132 1135
1132 1136
1132 1137
1132 1138
1132 1139
1132 1140
1132 1141
1132 1142
1132 1143
1132 1144
1132 1145
1132 1146
1132 1147
1132 1148
1132 1149
1132 1150
1132 1151
1132 1152
1132 1153
1132 1154
1132 1155
1132 1156
1132 1157
1132 1158
1132 1159
1132 1160
1132 1161
1132 1162
1132 1163
1132 1164
1132 1165
1132 1166
1132 1167
1132 1168
1132 1169
1132 1170
1132 1171
1132 1172
1132 1173
1132 1174
1132 1175
1132 1176
1132 1177
1132 1178
1132 1179
1132 1180
1132 1181
1133 1133
1133 1134
1133 1135
1133 1136
1133 1137
1133 1138
1133 1139
1133 1140
1133 1141
1133 1142
1133 1143
1133 1144
1133 1145
1133 1146
1133 1147
1133 1148
1133 1149
1133 1150
1133 1151
1133 1152
1133 1153
1133 1154
1133 1155
1133 1156
1133 1157
1133 1158
1133 1159
1133 1160
1133 1161
1133 1162
1133 1163
1133 1164
1133 1165
1133 1166
1133 1167
1133 1168
1133 1169
1133 1170
1133 1171
1133 1172
1133 1173
1133 1174
1133 1175
1133 1176
1133 1177
1133 1178
1133 1179
1133 1180
1133 1181
1133 1182
1134 1134
1134 1135
1134 1136
1134 1137
1134 1138
1134 1139
1134 1140
1134 1141
1134 1142
1134 1143
1134 1144
1134 1145
1134 1146
1134 1147
1134 1148
1134 1149
1134 1150
1134 1151
1134 1152
1134 1153
1134 1154
1134 1155
1134 1156
1134 1157
1134 1158
1134 1159
1134 1160
1134 1161
1134 1162
1134 1163
1134 1164
1134 1165
1134 1166
1134 1167
1134 1168
1134 1169
1134 1170
1134 1171
1134 1172
1134 1173
1134 1174
1134 1175
1134 1176
1134 1177
1134 1178
1134 1179
1134 1180
1134 1181
1134 1182
1134 1183
1135 1135
1135 1136
1135 1137
1135 1138
1135 1139
1135 1140
1135 1141
1135 1142
1135 1143
1135 1144
1135 1145
1135 1146
1135 1147
1135 1148
1135 1149
1135 1150
1135 1151
1135 1152
1135 1153
1135 1154
1135 1155
1135 1156
1135 1157
1135 1158
1135 1159
1135 1160
1135 1161
1135 1162
1135 1163
1135 1164
1135 1165
1135 1166
1135 1167
1135 1168
1135 1169
1135 1170
1135 1171
1135 1172
1135 1173
1135 1174
1135 1175
1135 1176
1135 1177
1135 1178
1135 1179
1135 1180
1135 1181
1135 1182
1135 1183
1135 1184
1136 1136
1136 1137
1136 1138
1136 1139
1136 1140
1136 1141
1136 1142
1136 1143
1136 1144
1136 1145
1136 1146
1136 1147
1136 1148
1136 1149
1136 1150
1136 1151
1136 1152
1136 1153
1136 1154
1136 1155
1136 1156
1136 1157
1136 1158
1136 1159
1136 1160
1136 1161
1136 1162
1136 1163
1136 1164
1136 1165
1136 1166
1136 1167
1136 1168
1136 1169
1136 1170
1136 1171
1136 1172
1136 1173
1136 1174
1136 1175
1136 1176
1136 1177
1136 1178
1136 1179
1136 1180
1136 1181
1136 1182
1136 1183
1136 1184
1136 1185
1137 1137
1137 1138
1137 1139
1137 1140
1137 1141
1137 1142
1137 1143
1137 1144
1137 1145
1137 1146
1137 1147
1137 1148
1137 1149
1137 1150
1137 1151
1137 1152
1137 1153
1137 1154
1137 1155
1137 1156
1137 1157
1137 1158
1137 1159
1137 1160
1137 1161
1137 1162
1137 1163
1137 1164
1137 1165
1137 1166
1137 1167
1137 1168
1137 1169
1137 1170
1137 1171
1137 1172
1137 1173
1137 1174
1137 1175
1137 1176
1137 1177
1137 1178
1137 1179
1137 1180
1137 1181
1137 1182
1137 1183
1137 1184
1137 1185
1137 1186
1138 1138
1138 1139
1138 1140
1138 1141
1138 1142
1138 1143
1138 1144
1138 1145
1138 1146
1138 1147
1138 1148
1138 1149
1138 1150
1138 1151
1138 1152
1138 1153
1138 1154
1138 1155
1138 1156
1138 1157
1138 1158
1138 1159
1138 1160
1138 1161
1138 1162
1138 1163
1138 1164
1138 1165
1138 1166
1138 1167
1138 1168
1138 1169
1138 1170
1138 1171
1138 1172
1138 1173
1138 1174
1138 1175
1138 1176
1138 1177
1138 1178
1138 1179
1138 1180
1138 1181
1138 1182
1138 1183
1138 1184
1138 1185
1138 1186
1138 1187
1139 1139
1139 1140
1139 1141
1139 1142
1139 1143
1139 1144
1139 1145
1139 1146
1139 1147
1139 1148
1139 1149
1139 1150
1139 1151
1139 1152
1139 1153
1139 1154
1139 1155
1139 1156
1139 1157
1139 1158
1139 1159
1139 1160
1139 1161
1139 1162
1139 1163
1139 1164
1139 1165
1139 1166
1139 1167
1139 1168
1139 1169
1139 1170
1139 1171
1139 1172
1139 1173
1139 1174
1139 1175
1139 1176
1139 1177
1139 1178
1139 1179
1139 1180
1139 1181
1139 1182
1139 1183
1139 1184
1139 1185
1139 1186
1139 1187
1139 1188
1140 1140
1140 1141
1140 1142
1140 1143
1140 1144
1140 1145
1140 1146
1140 1147
1140 1148
1140 1149
1140 1150
1140 1151
1140 1152
1140 1153
1140 1154
1140 1155
1140 1156
1140 1157
1140 1158
1140 1159
1140 1160
1140 1161
1140 1162
1140 1163
1140 1164
1140 1165
1140 1166
1140 1167
1140 1168
1140 1169
1140 1170
1140 1171
1140 1172
1140 1173
1140 1174
1140 1175
1140 1176
1140 1177
1140 1178
1140 1179
1140 1180
1140 1181
1140 1182
1140 1183
1140 1184
1140 1185
1140 1186
1140 1187
1140 1188
1140 1189
1141 1141
1141 1142
1141 1143
1141 1144
1141 1145
1141 1146
1141 1147
1141 1148
1141 1149
1141 1150
1141 1151
1141 1152
1141 1153
1141 1154
1141 1155
1141 1156
1141 1157
1141 1158
1141 1159
1141 1160
1141 1161
1141 1162
1141 1163
1141 1164
1141 1165
1141 1166
1141 1167
1141 1168
1141 1169
1141 1170
1141 1171
1141 1172
1141 1173
1141 1174
1141 1175
1141 1176
1141 1177
1141 1178
1141 1179
1141 1180
1141 1181
1141 1182
1141 1183
1141 1184
1141 1185
1141 1186
1141 1187
1141 1188
1141 1189
1141 1190
1142 1142
1142 1143
1142 1144
1142 1145
1142 1146
1142 1147
1142 1148
1142 1149
1142 1150
1142 1151
1142 1152
1142 1153
1142 1154
1142 1155
1142 1156
1142 1157
1142 1158
1142 1159
1142 1160
1142 1161
1142 1162
1142 1163
1142 1164
1142 1165
1142 1166
1142 1167
1142 1168
1142 1169
1142 1170
1142 1171
1142 1172
1142 1173
1142 1174
1142 1175
1142 1176
1142 1177
1142 1178
1142 1179
1142 1180
1142 1181
1142 1182
1142 1183
1142 1184
1142 1185
1142 1186
1142 1187
1142 1188
1142 1189
1142 1190
1142 1191
1143 1143
1143 1144
1143 1145
1143 1146
1143 1147
1143 1148
1143 1149
1143 1150
1143 1151
1143 1152
1143 1153
1143 1154
1143 1155
1143 1156
1143 1157
1143 1158
1143 1159
1143 1160
1143 1161
1143 1162
1143 1163
1143 1164
1143 1165
1143 1166
1143 1167
1143 1168
1143 1169
1143 1170
1143 1171
1143 1172
1143 1173
1143 1174
1143 1175
1143 1176
1143 1177
1143 1178
1143 1179
1143 1180
1143 1181
1143 1182
1143 1183
1143 1184
1143 1185
1143 1186
1143 1187
1143 1188
1143 1189
1143 1190
1143 1191
1143 1192
1144 1144
1144 1145
1144 1146
1144 1147
1144 1148
1144 1149
1144 1150
1144 1151
1144 1152
1144 1153
1144 1154
1144 1155
1144 1156
1144 1157
1144 1158
1144 1159
1144 1160
1144 1161
1144 1162
1144 1163
1144 1164
1144 1165
1144 1166
1144 1167
1144 1168
1144 1169
1144 1170
1144 1171
1144 1172
1144 1173
1144 1174
1144 1175
1144 1176
1144 1177
1144 1178
1144 1179
1144 1180
1144 1181
1144 1182
1144 1183
1144 1184
1144 1185
1144 1186
1144 1187
1144 1188
1144 1189
1144 1190
1144 1191
1144 1192
1144 1193
1145 1145
1145 1146
1145 1147
1145 1148
1145 1149
1145 1150
1145 1151
1145 1152
1145 1153
1145 1154
1145 1155
1145 1156
1145 1157
1145 1158
1145 1159
1145 1160
1145 1161
1145 1162
1145 1163
1145 1164
1145 1165
1145 1166
1145 1167
1145 1168
1145 1169
1145 1170
1145 1171
1145 1172
1145 1173
1145 1174
1145 1175
1145 1176
1145 1177
1145 1178
1145 1179
1145 1180
1145 1181
1145 1182
1145 1183
1145 1184
1145 1185
1145 1186
1145 1187
1145 1188
1145 1189
1145 1190
1145 1191
1145 1192
1145 1193
1145 1194
1146 1146
1146 1147
1146 1148
1146 1149
1146 1150
1146 1151
1146 1152
1146 1153
1146 1154
1146 1155
1146 1156
1146 1157
1146 1158
1146 1159
1146 1160
1146 1161
1146 1162
1146 1163
1146 1164
1146 1165
1146 1166
1146 1167
1146 1168
1146 1169
1146 1170
1146 1171
1146 1172
1146 1173
1146 1174
1146 1175
1146 1176
1146 1177
1146 1178
1146 1179
1146 1180
1146 1181
1146 1182
1146 1183
1146 1184
1146 1185
1146 1186
1146 1187
1146 1188
1146 1189
1146 1190
1146 1191
1146 1192
1146 1193
1146 1194
1146 1195
1147 1147
1147 1148
1147 1149
1147 1150
1147 1151
1147 1152
1147 1153
1147 1154
1147 1155
1147 1156
1147 1157
1147 1158
1147 1159
1147 1160
1147 1161
1147 1162
1147 1163
1147 1164
1147 1165
1147 1166
1147 1167
1147 1168
1147 1169
1147 1170
1147 1171
1147 1172
1147 1173
1147 1174
1147 1175
1147 1176
1147 1177
1147 1178
1147 1179
1147 1180
1147 1181
1147 1182
1147 1183
1147 1184
1147 1185
1147 1186
1147 1187
1147 1188
1147 1189
1147 1190
1147 1191
1147 1192
1147 1193
1147 1194
1147 1195
1147 1196
1148 1148
1148 1149
1148 1150
1148 1151
1148 1152
1148 1153
1148 1154
1148 1155
1148 1156
1148 1157
1148 1158
1148 1159
1148 1160
1148 1161
1148 1162
1148 1163
1148 1164
1148 1165
1148 1166
1148 1167
1148 1168
1148 1169
1148 1170
1148 1171
1148 1172
1148 1173
1148 1174
1148 1175
1148 1176
1148 1177
1148 1178
1148 1179
1148 1180
1148 1181
1148 1182
1148 1183
1148 1184
1148 1185
1148 1186
1148 1187
1148 1188
1148 1189
1148 1190
1148 1191
1148 1192
1148 1193
1148 1194
1148 1195
1148 1196
1148 1197
1149 1149
1149 1150
1149 1151
1149 1152
1149 1153
1149 1154
1149 1155
1149 1156
1149 1157
1149 1158
1149 1159
1149 1160
1149 1161
1149 1162
1149 1163
1149 1164
1149 1165
1149 1166
1149 1167
1149 1168
1149 1169
1149 1170
1149 1171
1149 1172
1149 1173
1149 1174
1149 1175
1149 1176
1149 1177
1149 1178
1149 1179
1149 1180
1149 1181
1149 1182
1149 1183
1149 1184
1149 1185
1149 1186
1149 1187
1149 1188
1149 1189
1149 1190
1149 1191
1149 1192
1149 1193
1149 1194
1149 1195
1149 1196
1149 1197
1149 1198
1150 1150
1150 1151
1150 1152
1150 1153
1150 1154
1150 1155
1150 1156
1150 1157
1150 1158
1150 1159
1150 1160
1150 1161
1150 1162
1150 1163
1150 1164
1150 1165
1150 1166
1150 1167
1150 1168
1150 1169
1150 1170
1150 1171
1150 1172
1150 1173
1150 1174
1150 1175
1150 1176
1150 1177
1150 1178
1150 1179
1150 1180
1150 1181
1150 1182
1150 1183
1150 1184
1150 1185
1150 1186
1150 1187
1150 1188
1150 1189
1150 1190
1150 1191
1150 1192
1150 1193
1150 1194
1150 1195
1150 1196
1150 1197
1150 1198
1150 1199
1151 1151
1151 1152
1151 1153
1151 1154
1151 1155
1151 1156
1151 1157
1151 1158
1151 1159
1151 1160
1151 1161
1151 1162
1151 1163
1151 1164
1151 1165
1151 1166
1151 1167
1151 1168
1151 1169
1151 1170
1151 1171
1151 1172
1151 1173
1151 1174
1151 1175
1151 1176
1151 1177
1151 1178
1151 1179
1151 1180
1151 1181
1151 1182
1151 1183
1151 1184
1151 1185
1151 1186
1151 1187
1151 1188
1151 1189
1151 1190
1151 1191
1151 1192
1151 1193
1151 1194
1151 1195
1151 1196
1151 1197
1151 1198
1151 1199
1151 1200
1152 1152
1152 1153
1152 1154
1152 1155
1152 1156
1152 1157
1152 1158
1152 1159
1152 1160
1152 1161
1152 1162
1152 1163
1152 1164
1152 1165
1152 1166
1152 1167
1152 1168
1152 1169
1152 1170
1152 1171
1152 1172
1152 1173
1152 1174
1152 1175
1152 1176
1152 1177
1152 1178
1152 1179
1152 1180
1152 1181
1152 1182
1152 1183
1152 1184
1152 1185
1152 1186
1152 1187
1152 1188
1152 1189
1152 1190
1152 1191
1152 1192
1152 1193
1152 1194
1152 1195
1152 1196
1152 1197
1152 1198
1152 1199
1152 1200
1152 1201
1153 1153
1153 1154
1153 1155
1153 1156
1153 1157
1153 1158
1153 1159
1153 1160
1153 1161
1153 1162
1153 1163
1153 1164
1153 1165
1153 1166
1153 1167
1153 1168
1153 1169
1153 1170
1153 1171
1153 1172
1153 1173
1153 1174
1153 1175
1153 1176
1153 1177
1153 1178
1153 1179
1153 1180
1153 1181
1153 1182
1153 1183
1153 1184
1153 1185
1153 1186
1153 1187
1153 1188
1153 1189
1153 1190
1153 1191
1153 1192
1153 1193
1153 1194
1153 1195
1153 1196
1153 1197
1153 1198
1153 1199
1153 1200
1153 1201
1153 1202
1154 1154
1154 1155
1154 1156
1154 1157
1154 1158
1154 1159
1154 1160
1154 1161
1154 1162
1154 1163
1154 1164
1154 1165
1154 1166
1154 1167
1154 1168
1154 1169
1154 1170
1154 1171
1154 1172
1154 1173
1154 1174
1154 1175
1154 1176
1154 1177
1154 1178
1154 1179
1154 1180
1154 1181
1154 1182
1154 1183
1154 1184
1154 1185
1154 1186
1154 1187
1154 1188
1154 1189
1154 1190
1154 1191
1154 1192
1154 1193
1154 1194
1154 1195
1154 1196
1154 1197
1154 1198
1154 1199
1154 1200
1154 1201
1154 1202
1154 1203
1155 1155
1155 1156
1155 1157
1155 1158
1155 1159
1155 1160
1155 1161
1155 1162
1155 1163
1155 1164
1155 1165
1155 1166
1155 1167
1155 1168
1155 1169
1155 1170
1155 1171
1155 1172
1155 1173
1155 1174
1155 1175
1155 1176
1155 1177
1155 1178
1155 1179
1155 1180
1155 1181
1155 1182
1155 1183
1155 1184
1155 1185
1155 1186
1155 1187
1155 1188
1155 1189
1155 1190
1155 1191
1155 1192
1155 1193
1155 1194
1155 1195
1155 1196
1155 1197
1155 1198
1155 1199
1155 1200
1155 1201
1155 1202
1155 1203
1155 1204
1156 1156
1156 1157
1156 1158
1156 1159
1156 1160
1156 1161
1156 1162
1156 1163
1156 1164
1156 1165
1156 1166
1156 1167
1156 1168
1156 1169
1156 1170
1156 1171
1156 1172
1156 1173
1156 1174
1156 1175
1156 1176
1156 1177
1156 1178
1156 1179
1156 1180
1156 1181
1156 1182
1156 1183
1156 1184
1156 1185
1156 1186
1156 1187
1156 1188
1156 1189
1156 1190
1156 1191
1156 1192
1156 1193
1156 1194
1156 1195
1156 1196
1156 1197
1156 1198
1156 1199
1156 1200
1156 1201
1156 1202
1156 1203
1156 1204
1156 1205
1157 1157
1157 1158
1157 1159
1157 1160
1157 1161
1157 1162
1157 1163
1157 1164
1157 1165
1157 1166
1157 1167
1157 1168
1157 1169
1157 1170
1157 1171
1157 1172
1157 1173
1157 1174
1157 1175
1157 1176
1157 1177
1157 1178
1157 1179
1157 1180
1157 1181
1157 1182
1157 1183
1157 1184
1157 1185
1157 1186
1157 1187
1157 1188
1157 1189
1157 1190
1157 1191
1157 1192
1157 1193
1157 1194
1157 1195
1157 1196
1157 1197
1157 1198
1157 1199
1157 1200
1157 1201
1157 1202
1157 1203
1157 1204
1157 1205
1157 1206
1158 1158
1158 1159
1158 1160
1158 1161
1158 1162
1158 1163
1158 1164
1158 1165
1158 1166
1158 1167
1158 1168
1158 1169
1158 1170
1158 1171
1158 1172
1158 1173
1158 1174
1158 1175
1158 1176
1158 1177
1158 1178
1158 1179
1158 1180
1158 1181
1158 1182
1158 1183
1158 1184
1158 1185
1158 1186
1158 1187
1158 1188
1158 1189
1158 1190
1158 1191
1158 1192
1158 1193
1158 1194
1158 1195
1158 1196
1158 1197
1158 1198
1158 1199
1158 1200
1158 1201
1158 1202
1158 1203
1158 1204
1158 1205
1158 1206
1158 1207
1159 1159
1159 1160
1159 1161
1159 1162
1159 1163
1159 1164
1159 1165
1159 1166
1159 1167
1159 1168
1159 1169
1159 1170
1159 1171
1159 1172
1159 1173
1159 1174
1159 1175
1159 1176
1159 1177
1159 1178
1159 1179
1159 1180
1159 1181
1159 1182
1159 1183
1159 1184
1159 1185
1159 1186
1159 1187
1159 1188
1159 1189
1159 1190
1159 1191
1159 1192
1159 1193
1159 1194
1159 1195
1159 1196
1159 1197
1159 1198
1159 1199
1159 1200
1159 1201
1159 1202
1159 1203
1159 1204
1159 1205
1159 1206
1159 1207
1159 1208
1160 1160
1160 1161
1160 1162
1160 1163
1160 1164
1160 1165
1160 1166
1160 1167
1160 1168
1160 1169
1160 1170
1160 1171
1160 1172
1160 1173
1160 1174
1160 1175
1160 1176
1160 1177
1160 1178
1160 1179
1160 1180
1160 1181
1160 1182
1160 1183
1160 1184
1160 1185
1160 1186
1160 1187
1160 1188
1160 1189
1160 1190
1160 1191
1160 1192
1160 1193
1160 1194
1160 1195
1160 1196
1160 1197
1160 1198
1160 1199
1160 1200
1160 1201
1160 1202
1160 1203
1160 1204
1160 1205
1160 1206
1160 1207
1160 1208
1160 1209
1161 1161
1161 1162
1161 1163
1161 1164
1161 1165
1161 1166
1161 1167
1161 1168
1161 1169
1161 1170
1161 1171
1161 1172
1161 1173
1161 1174
1161 1175
1161 1176
1161 1177
1161 1178
1161 1179
1161 1180
1161 1181
1161 1182
1161 1183
1161 1184
1161 1185
1161 1186
1161 1187
1161 1188
1161 1189
1161 1190
1161 1191
1161 1192
1161 1193
1161 1194
1161 1195
1161 1196
1161 1197
1161 1198
1161 1199
1161 1200
1161 1201
1161 1202
1161 1203
1161 1204
1161 1205
1161 1206
1161 1207
1161 1208
1161 1209
1161 1210
1162 1162
1162 1163
1162 1164
1162 1165
1162 1166
1162 1167
1162 1168
1162 1169
1162 1170
1162 1171
1162 1172
1162 1173
1162 1174
1162 1175
1162 1176
1162 1177
1162 1178
1162 1179
1162 1180
1162 1181
1162 1182
1162 1183
1162 1184
1162 1185
1162 1186
1162 1187
1162 1188
1162 1189
1162 1190
1162 1191
1162 1192
1162 1193
1162 1194
1162 1195
1162 1196
1162 1197
1162 1198
1162 1199
1162 1200
1162 1201
1162 1202
1162 1203
1162 1204
1162 1205
1162 1206
1162 1207
1162 1208
1162 1209
1162 1210
1162 1211
1163 1163
1163 1164
1163 1165
1163 1166
1163 1167
1163 1168
1163 1169
1163 1170
1163 1171
1163 1172
1163 1173
1163 1174
1163 1175
1163 1176
1163 1177
1163 1178
1163 1179
1163 1180
1163 1181
1163 1182
1163 1183
1163 1184
1163 1185
1163 1186
1163 1187
1163 1188
1163 1189
1163 1190
1163 1191
1163 1192
1163 1193
1163 1194
1163 1195
1163 1196
1163 1197
1163 1198
1163 1199
1163 1200
1163 1201
1163 1202
1163 1203
1163 1204
1163 1205
1163 1206
1163 1207
1163 1208
1163 1209
1163 1210
1163 1211
1163 1212
1164 1164
1164 1165
1164 1166
1164 1167
1164 1168
1164 1169
1164 1170
1164 1171
1164 1172
1164 1173
1164 1174
1164 1175
1164 1176
1164 1177
1164 1178
1164 1179
1164 1180
1164 1181
1164 1182
1164 1183
1164 1184
1164 1185
1164 1186
1164 1187
1164 1188
1164 1189
1164 1190
1164 1191
1164 1192
1164 1193
1164 1194
1164 1195
1164 1196
1164 1197
1164 1198
1164 1199
1164 1200
1164 1201
1164 1202
1164 1203
1164 1204
1164 1205
1164 1206
1164 1207
1164 1208
1164 1209
1164 1210
1164 1211
1164 1212
1164 1213
1165 1165
1165 1166
1165 1167
1165 1168
1165 1169
1165 1170
1165 1171
1165 1172
1165 1173
1165 1174
1165 1175
1165 1176
1165 1177
1165 1178
1165 1179
1165 1180
1165 1181
1165 1182
1165 1183
1165 1184
1165 1185
1165 1186
1165 1187
1165 1188
1165 1189
1165 1190
1165 1191
1165 1192
1165 1193
1165 1194
1165 1195
1165 1196
1165 1197
1165 1198
1165 1199
1165 1200
1165 1201
1165 1202
1165 1203
1165 1204
1165 1205
1165 1206
1165 1207
1165 1208
1165 1209
1165 1210
1165 1211
1165 1212
1165 1213
1165 1214
1166 1166
1166 1167
1166 1168
1166 1169
1166 1170
1166 1171
1166 1172
1166 1173
1166 1174
1166 1175
1166 1176
1166 1177
1166 1178
1166 1179
1166 1180
1166 1181
1166 1182
1166 1183
1166 1184
1166 1185
1166 1186
1166 1187
1166 1188
1166 1189
1166 1190
1166 1191
1166 1192
1166 1193
1166 1194
1166 1195
1166 1196
1166 1197
1166 1198
1166 1199
1166 1200
1166 1201
1166 1202
1166 1203
1166 1204
1166 1205
1166 1206
1166 1207
1166 1208
1166 1209
1166 1210
1166 1211
1166 1212
1166 1213
1166 1214
1166 1215
1167 1167
1167 1168
1167 1169
1167 1170
1167 1171
1167 1172
1167 1173
1167 1174
1167 1175
1167 1176
1167 1177
1167 1178
1167 1179
1167 1180
1167 1181
1167 1182
1167 1183
1167 1184
1167 1185
1167 1186
1167 1187
1167 1188
1167 1189
1167 1190
1167 1191
1167 1192
1167 1193
1167 1194
1167 1195
1167 1196
1167 1197
1167 1198
1167 1199
1167 1200
1167 1201
1167 1202
1167 1203
1167 1204
1167 1205
1167 1206
1167 1207
1167 1208
1167 1209
1167 1210
1167 1211
1167 1212
1167 1213
1167 1214
1167 1215
1167 1216
1168 1168
1168 1169
1168 1170
1168 1171
1168 1172
1168 1173
1168 1174
1168 1175
1168 1176
1168 1177
1168 1178
1168 1179
1168 1180
1168 1181
1168 1182
1168 1183
1168 1184
1168 1185
1168 1186
1168 1187
1168 1188
1168 1189
1168 1190
1168 1191
1168 1192
1168 1193
1168 1194
1168 1195
1168 1196
1168 1197
1168 1198
1168 1199
1168 1200
1168 1201
1168 1202
1168 1203
1168 1204
1168 1205
1168 1206
1168 1207
1168 1208
1168 1209
1168 1210
1168 1211
1168 1212
1168 1213
1168 1214
1168 1215
1168 1216
1168 1217
1169 1169
1169 1170
1169 1171
1169 1172
1169 1173
1169 1174
1169 1175
1169 1176
1169 1177
1169 1178
1169 1179
1169 1180
1169 1181
1169 1182
1169 1183
1169 1184
1169 1185
1169 1186
1169 1187
1169 1188
1169 1189
1169 1190
1169 1191
1169 1192
1169 1193
1169 1194
1169 1195
1169 1196
1169 1197
1169 1198
1169 1199
1169 1200
1169 1201
1169 1202
1169 1203
1169 1204
1169 1205
1169 1206
1169 1207
1169 1208
1169 1209
1169 1210
1169 1211
1169 1212
1169 1213
1169 1214
1169 1215
1169 1216
1169 1217
1169 1218
1170 1170
1170 1171
1170 1172
1170 1173
1170 1174
1170 1175
1170 1176
1170 1177
1170 1178
1170 1179
1170 1180
1170 1181
1170 1182
1170 1183
1170 1184
1170 1185
1170 1186
1170 1187
1170 1188
1170 1189
1170 1190
1170 1191
1170 1192
1170 1193
1170 1194
1170 1195
1170 1196
1170 1197
1170 1198
1170 1199
1170 1200
1170 1201
1170 1202
1170 1203
1170 1204
1170 1205
1170 1206
1170 1207
1170 1208
1170 1209
1170 1210
1170 1211
1170 1212
1170 1213
1170 1214
1170 1215
1170 1216
1170 1217
1170 1218
1170 1219
1171 1171
1171 1172
1171 1173
1171 1174
1171 1175
1171 1176
1171 1177
1171 1178
1171 1179
1171 1180
1171 1181
1171 1182
1171 1183
1171 1184
1171 1185
1171 1186
1171 1187
1171 1188
1171 1189
1171 1190
1171 1191
1171 1192
1171 1193
1171 1194
1171 1195
1171 1196
1171 1197
1171 1198
1171 1199
1171 1200
1171 1201
1171 1202
1171 1203
1171 1204
1171 1205
1171 1206
1171 1207
1171 1208
1171 1209
1171 1210
1171 1211
1171 1212
1171 1213
1171 1214
1171 1215
1171 1216
1171 1217
1171 1218
1171 1219
1171 1220
1172 1172
1172 1173
1172 1174
1172 1175
1172 1176
1172 1177
1172 1178
1172 1179
1172 1180
1172 1181
1172 1182
1172 1183
1172 1184
1172 1185
1172 1186
1172 1187
1172 1188
1172 1189
1172 1190
1172 1191
1172 1192
1172 1193
1172 1194
1172 1195
1172 1196
1172 1197
1172 1198
1172 1199
1172 1200
1172 1201
1172 1202
1172 1203
1172 1204
1172 1205
1172 1206
1172 1207
1172 1208
1172 1209
1172 1210
1172 1211
1172 1212
1172 1213
1172 1214
1172 1215
1172 1216
1172 1217
1172 1218
1172 1219
1172 1220
1172 1221
1173 1173
1173 1174
1173 1175
1173 1176
1173 1177
1173 1178
1173 1179
1173 1180
1173 1181
1173 1182
1173 1183
1173 1184
1173 1185
1173 1186
1173 1187
1173 1188
1173 1189
1173 1190
1173 1191
1173 1192
1173 1193
1173 1194
1173 1195
1173 1196
1173 1197
1173 1198
1173 1199
1173 1200
1173 1201
1173 1202
1173 1203
1173 1204
1173 1205
1173 1206
1173 1207
1173 1208
1173 1209
1173 1210
1173 1211
1173 1212
1173 1213
1173 1214
1173 1215
1173 1216
1173 1217
1173 1218
1173 1219
1173 1220
1173 1221
1173 1222
1174 1174
1174 1175
1174 1176
1174 1177
1174 1178
1174 1179
1174 1180
1174 1181
1174 1182
1174 1183
1174 1184
1174 1185
1174 1186
1174 1187
1174 1188
1174 1189
1174 1190
1174 1191
1174 1192
1174 1193
1174 1194
1174 1195
1174 1196
1174 1197
1174 1198
1174 1199
1174 1200
1174 1201
1174 1202
1174 1203
1174 1204
1174 1205
1174 1206
1174 1207
1174 1208
1174 1209
1174 1210
1174 1211
1174 1212
1174 1213
1174 1214
1174 1215
1174 1216
1174 1217
1174 1218
1174 1219
1174 1220
1174 1221
1174 1222
1174 1223
1175 1175
1175 1176
1175 1177
1175 1178
1175 1179
1175 1180
1175 1181
1175 1182
1175 1183
1175 1184
1175 1185
1175 1186
1175 1187
1175 1188
1175 1189
1175 1190
1175 1191
1175 1192
1175 1193
1175 1194
1175 1195
1175 1196
1175 1197
1175 1198
1175 1199
1175 1200
1175 1201
1175 1202
1175 1203
1175 1204
1175 1205
1175 1206
1175 1207
1175 1208
1175 1209
1175 1210
1175 1211
1175 1212
1175 1213
1175 1214
1175 1215
1175 1216
1175 1217
1175 1218
1175 1219
1175 1220
1175 1221
1175 1222
1175 1223
1175 1224
1176 1176
1176 1177
1176 1178
1176 1179
1176 1180
1176 1181
1176 1182
1176 1183
1176 1184
1176 1185
1176 1186
1176 1187
1176 1188
1176 1189
1176 1190
1176 1191
1176 1192
1176 1193
1176 1194
1176 1195
1176 1196
1176 1197
1176 1198
1176 1199
1176 1200
1176 1201
1176 1202
1176 1203
1176 1204
1176 1205
1176 1206
1176 1207
1176 1208
1176 1209
1176 1210
1176 1211
1176 1212
1176 1213
1176 1214
1176 1215
1176 1216
1176 1217
1176 1218
1176 1219
1176 1220
1176 1221
1176 1222
1176 1223
1176 1224
1176 1225
1177 1177
1177 1178
1177 1179
1177 1180
1177 1181
1177 1182
1177 1183
1177 1184
1177 1185
1177 1186
1177 1187
1177 1188
1177 1189
1177 1190
1177 1191
1177 1192
1177 1193
1177 1194
1177 1195
1177 1196
1177 1197
1177 1198
1177 1199
1177 1200
1177 1201
1177 1202
1177 1203
1177 1204
1177 1205
1177 1206
1177 1207
1177 1208
1177 1209
1177 1210
1177 1211
1177 1212
1177 1213
1177 1214
1177 1215
1177 1216
1177 1217
1177 1218
1177 1219
1177 1220
1177 1221
1177 1222
1177 1223
1177 1224
1177 1225
1177 1226
1178 1178
1178 1179
1178 1180
1178 1181
1178 1182
1178 1183
1178 1184
1178 1185
1178 1186
1178 1187
1178 1188
1178 1189
1178 1190
1178 1191
1178 1192
1178 1193
1178 1194
1178 1195
1178 1196
1178 1197
1178 1198
1178 1199
1178 1200
1178 1201
1178 1202
1178 1203
1178 1204
1178 1205
1178 1206
1178 1207
1178 1208
1178 1209
1178 1210
1178 1211
1178 1212
1178 1213
1178 1214
1178 1215
1178 1216
1178 1217
1178 1218
1178 1219
1178 1220
1178 1221
1178 1222
1178 1223
1178 1224
1178 1225
1178 1226
1178 1227
1179 1179
1179 1180
1179 1181
1179 1182
1179 1183
1179 1184
1179 1185
1179 1186
1179 1187
1179 1188
1179 1189
1179 1190
1179 1191
1179 1192
1179 1193
1179 1194
1179 1195
1179 1196
1179 1197
1179 1198
1179 1199
1179 1200
1179 1201
1179 1202
1179 1203
1179 1204
1179 1205
1179 1206
1179 1207
1179 1208
1179 1209
1179 1210
1179 1211
1179 1212
1179 1213
1179 1214
1179 1215
1179 1216
1179 1217
1179 1218
1179 1219
1179 1220
1179 1221
1179 1222
1179 1223
1179 1224
1179 1225
1179 1226
1179 1227
1179 1228
1180 1180
1180 1181
1180 1182
1180 1183
1180 1184
1180 1185
1180 1186
1180 1187
1180 1188
1180 1189
1180 1190
1180 1191
1180 1192
1180 1193
1180 1194
1180 1195
1180 1196
1180 1197
1180 1198
1180 1199
1180 1200
1180 1201
1180 1202
1180 1203
1180 1204
1180 1205
1180 1206
1180 1207
1180 1208
1180 1209
1180 1210
1180 1211
1180 1212
1180 1213
1180 1214
1180 1215
1180 1216
1180 1217
1180 1218
1180 1219
1180 1220
1180 1221
1180 1222
1180 1223
1180 1224
1180 1225
1180 1226
1180 1227
1180 1228
1180 1229
1181 1181
1181 1182
1181 1183
1181 1184
1181 1185
1181 1186
1181 1187
1181 1188
1181 1189
1181 1190
1181 1191
1181 1192
1181 1193
1181 1194
1181 1195
1181 1196
1181 1197
1181 1198
1181 1199
1181 1200
1181 1201
1181 1202
1181 1203
1181 1204
1181 1205
1181 1206
1181 1207
1181 1208
1181 1209
1181 1210
1181 1211
1181 1212
1181 1213
1181 1214
1181 1215
1181 1216
1181 1217
1181 1218
1181 1219
1181 1220
1181 1221
1181 1222
1181 1223
1181 1224
1181 1225
1181 1226
1181 1227
1181 1228
1181 1229
1181 1230
1182 1182
1182 1183
1182 1184
1182 1185
1182 1186
1182 1187
1182 1188
1182 1189
1182 1190
1182 1191
1182 1192
1182 1193
1182 1194
1182 1195
1182 1196
1182 1197
1182 1198
1182 1199
1182 1200
1182 1201
1182 1202
1182 1203
1182 1204
1182 1205
1182 1206
1182 1207
1182 1208
1182 1209
1182 1210
1182 1211
1182 1212
1182 1213
1182 1214
1182 1215
1182 1216
1182 1217
1182 1218
1182 1219
1182 1220
1182 1221
1182 1222
1182 1223
1182 1224
1182 1225
1182 1226
1182 1227
1182 1228
1182 1229
1182 1230
1182 1231
1183 1183
1183 1184
1183 1185
1183 1186
1183 1187
1183 1188
1183 1189
1183 1190
1183 1191
1183 1192
1183 1193
1183 1194
1183 1195
1183 1196
1183 1197
1183 1198
1183 1199
1183 1200
1183 1201
1183 1202
1183 1203
1183 1204
1183 1205
1183 1206
1183 1207
1183 1208
1183 1209
1183 1210
1183 1211
1183 1212
1183 1213
1183 1214
1183 1215
1183 1216
1183 1217
1183 1218
1183 1219
1183 1220
1183 1221
1183 1222
1183 1223
1183 1224
1183 1225
1183 1226
1183 1227
1183 1228
1183 1229
1183 1230
1183 1231
1183 1232
1184 1184
1184 1185
1184 1186
1184 1187
1184 1188
1184 1189
1184 1190
1184 1191
1184 1192
1184 1193
1184 1194
1184 1195
1184 1196
1184 1197
1184 1198
1184 1199
1184 1200
1184 1201
1184 1202
1184 1203
1184 1204
1184 1205
1184 1206
1184 1207
1184 1208
1184 1209
1184 1210
1184 1211
1184 1212
1184 1213
1184 1214
1184 1215
1184 1216
1184 1217
1184 1218
1184 1219
1184 1220
1184 1221
1184 1222
1184 1223
1184 1224
1184 1225
1184 1226
1184 1227
1184 1228
1184 1229
1184 1230
1184 1231
1184 1232
1184 1233
1185 1185
1185 1186
1185 1187
1185 1188
1185 1189
1185 1190
1185 1191
1185 1192
1185 1193
1185 1194
1185 1195
1185 1196
1185 1197
1185 1198
1185 1199
1185 1200
1185 1201
1185 1202
1185 1203
1185 1204
1185 1205
1185 1206
1185 1207
1185 1208
1185 1209
1185 1210
1185 1211
1185 1212
1185 1213
1185 1214
1185 1215
1185 1216
1185 1217
1185 1218
1185 1219
1185 1220
1185 1221
1185 1222
1185 1223
1185 1224
1185 1225
1185 1226
1185 1227
1185 1228
1185 1229
1185 1230
1185 1231
1185 1232
1185 1233
1185 1234
1186 1186
1186 1187
1186 1188
1186 1189
1186 1190
1186 1191
1186 1192
1186 1193
1186 1194
1186 1195
1186 1196
1186 1197
1186 1198
1186 1199
1186 1200
1186 1201
1186 1202
1186 1203
1186 1204
1186 1205
1186 1206
1186 1207
1186 1208
1186 1209
1186 1210
1186 1211
1186 1212
1186 1213
1186 1214
1186 1215
1186 1216
1186 1217
1186 1218
1186 1219
1186 1220
1186 1221
1186 1222
1186 1223
1186 1224
1186 1225
1186 1226
1186 1227
1186 1228
1186 1229
1186 1230
1186 1231
1186 1232
1186 1233
1186 1234
1186 1235
1187 1187
1187 1188
1187 1189
1187 1190
1187 1191
1187 1192
1187 1193
1187 1194
1187 1195
1187 1196
1187 1197
1187 1198
1187 1199
1187 1200
1187 1201
1187 1202
1187 1203
1187 1204
1187 1205
1187 1206
1187 1207
1187 1208
1187 1209
1187 1210
1187 1211
1187 1212
1187 1213
1187 1214
1187 1215
1187 1216
1187 1217
1187 1218
1187 1219
1187 1220
1187 1221
1187 1222
1187 1223
1187 1224
1187 1225
1187 1226
1187 1227
1187 1228
1187 1229
1187 1230
1187 1231
1187 1232
1187 1233
1187 1234
1187 1235
1187 1236
1188 1188
1188 1189
1188 1190
1188 1191
1188 1192
1188 1193
1188 1194
1188 1195
1188 1196
1188 1197
1188 1198
1188 1199
1188 1200
1188 1201
1188 1202
1188 1203
1188 1204
1188 1205
1188 1206
1188 1207
1188 1208
1188 1209
1188 1210
1188 1211
1188 1212
1188 1213
1188 1214
1188 1215
1188 1216
1188 1217
1188 1218
1188 1219
1188 1220
1188 1221
1188 1222
1188 1223
1188 1224
1188 1225
1188 1226
1188 1227
1188 1228
1188 1229
1188 1230
1188 1231
1188 1232
1188 1233
1188 1234
1188 1235
1188 1236
1188 1237
1189 1189
1189 1190
1189 1191
1189 1192
1189 1193
1189 1194
1189 1195
1189 1196
1189 1197
1189 1198
1189 1199
1189 1200
1189 1201
1189 1202
1189 1203
1189 1204
1189 1205
1189 1206
1189 1207
1189 1208
1189 1209
1189 1210
1189 1211
1189 1212
1189 1213
1189 1214
1189 1215
1189 1216
1189 1217
1189 1218
1189 1219
1189 1220
1189 1221
1189 1222
1189 1223
1189 1224
1189 1225
1189 1226
1189 1227
1189 1228
1189 1229
1189 1230
1189 1231
1189 1232
1189 1233
1189 1234
1189 1235
1189 1236
1189 1237
1189 1238
1190 1190
1190 1191
1190 1192
1190 1193
1190 1194
1190 1195
1190 1196
1190 1197
1190 1198
1190 1199
1190 1200
1190 1201
1190 1202
1190 1203
1190 1204
1190 1205
1190 1206
1190 1207
1190 1208
1190 1209
1190 1210
1190 1211
1190 1212
1190 1213
1190 1214
1190 1215
1190 1216
1190 1217
1190 1218
1190 1219
1190 1220
1190 1221
1190 1222
1190 1223
1190 1224
1190 1225
1190 1226
1190 1227
1190 1228
1190 1229
1190 1230
1190 1231
1190 1232
1190 1233
1190 1234
1190 1235
1190 1236
1190 1237
1190 1238
1190 1239
1191 1191
1191 1192
1191 1193
1191 1194
1191 1195
1191 1196
1191 1197
1191 1198
1191 1199
1191 1200
1191 1201
1191 1202
1191 1203
1191 1204
1191 1205
1191 1206
1191 1207
1191 1208
1191 1209
1191 1210
1191 1211
1191 1212
1191 1213
1191 1214
1191 1215
1191 1216
1191 1217
1191 1218
1191 1219
1191 1220
1191 1221
1191 1222
1191 1223
1191 1224
1191 1225
1191 1226
1191 1227
1191 1228
1191 1229
1191 1230
1191 1231
1191 1232
1191 1233
1191 1234
1191 1235
1191 1236
1191 1237
1191 1238
1191 1239
1191 1240
1192 1192
1192 1193
1192 1194
1192 1195
1192 1196
1192 1197
1192 1198
1192 1199
1192 1200
1192 1201
1192 1202
1192 1203
1192 1204
1192 1205
1192 1206
1192 1207
1192 1208
1192 1209
1192 1210
1192 1211
1192 1212
1192 1213
1192 1214
1192 1215
1192 1216
1192 1217
1192 1218
1192 1219
1192 1220
1192 1221
1192 1222
1192 1223
1192 1224
1192 1225
1192 1226
1192 1227
1192 1228
1192 1229
1192 1230
1192 1231
1192 1232
1192 1233
1192 1234
1192 1235
1192 1236
1192 1237
1192 1238
1192 1239
1192 1240
1192 1241
1193 1193
1193 1194
1193 1195
1193 1196
1193 1197
1193 1198
1193 1199
1193 1200
1193 1201
1193 1202
1193 1203
1193 1204
1193 1205
1193 1206
1193 1207
1193 1208
1193 1209
1193 1210
1193 1211
1193 1212
1193 1213
1193 1214
1193 1215
1193 1216
1193 1217
1193 1218
1193 1219
1193 1220
1193 1221
1193 1222
1193 1223
1193 1224
1193 1225
1193 1226
1193 1227
1193 1228
1193 1229
1193 1230
1193 1231
1193 1232
1193 1233
1193 1234
1193 1235
1193 1236
1193 1237
1193 1238
1193 1239
1193 1240
1193 1241
1193 1242
1194 1194
1194 1195
1194 1196
1194 1197
1194 1198
1194 1199
1194 1200
1194 1201
1194 1202
1194 1203
1194 1204
1194 1205
1194 1206
1194 1207
1194 1208
1194 1209
1194 1210
1194 1211
1194 1212
1194 1213
1194 1214
1194 1215
1194 1216
1194 1217
1194 1218
1194 1219
1194 1220
1194 1221
1194 1222
1194 1223
1194 1224
1194 1225
1194 1226
1194 1227
1194 1228
1194 1229
1194 1230
1194 1231
1194 1232
1194 1233
1194 1234
1194 1235
1194 1236
1194 1237
1194 1238
1194 1239
1194 1240
1194 1241
1194 1242
1194 1243
1195 1195
1195 1196
1195 1197
1195 1198
1195 1199
1195 1200
1195 1201
1195 1202
1195 1203
1195 1204
1195 1205
1195 1206
1195 1207
1195 1208
1195 1209
1195 1210
1195 1211
1195 1212
1195 1213
1195 1214
1195 1215
1195 1216
1195 1217
1195 1218
1195 1219
1195 1220
1195 1221
1195 1222
1195 1223
1195 1224
1195 1225
1195 1226
1195 1227
1195 1228
1195 1229
1195 1230
1195 1231
1195 1232
1195 1233
1195 1234
1195 1235
1195 1236
1195 1237
1195 1238
1195 1239
1195 1240
1195 1241
1195 1242
1195 1243
1195 1244
1196 1196
1196 1197
1196 1198
1196 1199
1196 1200
1196 1201
1196 1202
1196 1203
1196 1204
1196 1205
1196 1206
1196 1207
1196 1208
1196 1209
1196 1210
1196 1211
1196 1212
1196 1213
1196 1214
1196 1215
1196 1216
1196 1217
1196 1218
1196 1219
1196 1220
1196 1221
1196 1222
1196 1223
1196 1224
1196 1225
1196 1226
1196 1227
1196 1228
1196 1229
1196 1230
1196 1231
1196 1232
1196 1233
1196 1234
1196 1235
1196 1236
1196 1237
1196 1238
1196 1239
1196 1240
1196 1241
1196 1242
1196 1243
1196 1244
1196 1245
1197 1197
1197 1198
1197 1199
1197 1200
1197 1201
1197 1202
1197 1203
1197 1204
1197 1205
1197 1206
1197 1207
1197 1208
1197 1209
1197 1210
1197 1211
1197 1212
1197 1213
1197 1214
1197 1215
1197 1216
1197 1217
1197 1218
1197 1219
1197 1220
1197 1221
1197 1222
1197 1223
1197 1224
1197 1225
1197 1226
1197 1227
1197 1228
1197 1229
1197 1230
1197 1231
1197 1232
1197 1233
1197 1234
1197 1235
1197 1236
1197 1237
1197 1238
1197 1239
1197 1240
1197 1241
1197 1242
1197 1243
1197 1244
1197 1245
1197 1246
1198 1198
1198 1199
1198 1200
1198 1201
1198 1202
1198 1203
1198 1204
1198 1205
1198 1206
1198 1207
1198 1208
1198 1209
1198 1210
1198 1211
1198 1212
1198 1213
1198 1214
1198 1215
1198 1216
1198 1217
1198 1218
1198 1219
1198 1220
1198 1221
1198 1222
1198 1223
1198 1224
1198 1225
1198 1226
1198 1227
1198 1228
1198 1229
1198 1230
1198 1231
1198 1232
1198 1233
1198 1234
1198 1235
1198 1236
1198 1237
1198 1238
1198 1239
1198 1240
1198 1241
1198 1242
1198 1243
1198 1244
1198 1245
1198 1246
1198 1247
1199 1199
1199 1200
1199 1201
1199 1202
1199 1203
1199 1204
1199 1205
1199 1206
1199 1207
1199 1208
1199 1209
1199 1210
1199 1211
1199 1212
1199 1213
1199 1214
1199 1215
1199 1216
1199 1217
1199 1218
1199 1219
1199 1220
1199 1221
1199 1222
1199 1223
1199 1224
1199 1225
1199 1226
1199 1227
1199 1228
1199 1229
1199 1230
1199 1231
1199 1232
1199 1233
1199 1234
1199 1235
1199 1236
1199 1237
1199 1238
1199 1239
1199 1240
1199 1241
1199 1242
1199 1243
1199 1244
1199 1245
1199 1246
1199 1247
1199 1248
1200 1200
1200 1201
1200 1202
1200 1203
1200 1204
1200 1205
1200 1206
1200 1207
1200 1208
1200 1209
1200 1210
1200 1211
1200 1212
1200 1213
1200 1214
1200 1215
1200 1216
1200 1217
1200 1218
1200 1219
1200 1220
1200 1221
1200 1222
1200 1223
1200 1224
1200 1225
1200 1226
1200 1227
1200 1228
1200 1229
1200 1230
1200 1231
1200 1232
1200 1233
1200 1234
1200 1235
1200 1236
1200 1237
1200 1238
1200 1239
1200 1240
1200 1241
1200 1242
1200 1243
1200 1244
1200 1245
1200 1246
1200 1247
1200 1248
1200 1249
1201 1201
1201 1202
1201 1203
1201 1204
1201 1205
1201 1206
1201 1207
1201 1208
1201 1209
1201 1210
1201 1211
1201 1212
1201 1213
1201 1214
1201 1215
1201 1216
1201 1217
1201 1218
1201 1219
1201 1220
1201 1221
1201 1222
1201 1223
1201 1224
1201 1225
1201 1226
1201 1227
1201 1228
1201 1229
1201 1230
1201 1231
1201 1232
1201 1233
1201 1234
1201 1235
1201 1236
1201 1237
1201 1238
1201 1239
1201 1240
1201 1241
1201 1242
1201 1243
1201 1244
1201 1245
1201 1246
1201 1247
1201 1248
1201 1249
1201 1250
1202 1202
1202 1203
1202 1204
1202 1205
1202 1206
1202 1207
1202 1208
1202 1209
1202 1210
1202 1211
1202 1212
1202 1213
1202 1214
1202 1215
1202 1216
1202 1217
1202 1218
1202 1219
1202 1220
1202 1221
1202 1222
1202 1223
1202 1224
1202 1225
1202 1226
1202 1227
1202 1228
1202 1229
1202 1230
1202 1231
1202 1232
1202 1233
1202 1234
1202 1235
1202 1236
1202 1237
1202 1238
1202 1239
1202 1240
1202 1241
1202 1242
1202 1243
1202 1244
1202 1245
1202 1246
1202 1247
1202 1248
1202 1249
1202 1250
1202 1251
1203 1203
1203 1204
1203 1205
1203 1206
1203 1207
1203 1208
1203 1209
1203 1210
1203 1211
1203 1212
1203 1213
1203 1214
1203 1215
1203 1216
1203 1217
1203 1218
1203 1219
1203 1220
1203 1221
1203 1222
1203 1223
1203 1224
1203 1225
1203 1226
1203 1227
1203 1228
1203 1229
1203 1230
1203 1231
1203 1232
1203 1233
1203 1234
1203 1235
1203 1236
1203 1237
1203 1238
1203 1239
1203 1240
1203 1241
1203 1242
1203 1243
1203 1244
1203 1245
1203 1246
1203 1247
1203 1248
1203 1249
1203 1250
1203 1251
1203 1252
1204 1204
1204 1205
1204 1206
1204 1207
1204 1208
1204 1209
1204 1210
1204 1211
1204 1212
1204 1213
1204 1214
1204 1215
1204 1216
1204 1217
1204 1218
1204 1219
1204 1220
1204 1221
1204 1222
1204 1223
1204 1224
1204 1225
1204 1226
1204 1227
1204 1228
1204 1229
1204 1230
1204 1231
1204 1232
1204 1233
1204 1234
1204 1235
1204 1236
1204 1237
1204 1238
1204 1239
1204 1240
1204 1241
1204 1242
1204 1243
1204 1244
1204 1245
1204 1246
1204 1247
1204 1248
1204 1249
1204 1250
1204 1251
1204 1252
1204 1253
1205 1205
1205 1206
1205 1207
1205 1208
1205 1209
1205 1210
1205 1211
1205 1212
1205 1213
1205 1214
1205 1215
1205 1216
1205 1217
1205 1218
1205 1219
1205 1220
1205 1221
1205 1222
1205 1223
1205 1224
1205 1225
1205 1226
1205 1227
1205 1228
1205 1229
1205 1230
1205 1231
1205 1232
1205 1233
1205 1234
1205 1235
1205 1236
1205 1237
1205 1238
1205 1239
1205 1240
1205 1241
1205 1242
1205 1243
1205 1244
1205 1245
1205 1246
1205 1247
1205 1248
1205 1249
1205 1250
1205 1251
1205 1252
1205 1253
1205 1254
1206 1206
1206 1207
1206 1208
1206 1209
1206 1210
1206 1211
1206 1212
1206 1213
1206 1214
1206 1215
1206 1216
1206 1217
1206 1218
1206 1219
1206 1220
1206 1221
1206 1222
1206 1223
1206 1224
1206 1225
1206 1226
1206 1227
1206 1228
1206 1229
1206 1230
1206 1231
1206 1232
1206 1233
1206 1234
1206 1235
1206 1236
1206 1237
1206 1238
1206 1239
1206 1240
1206 1241
1206 1242
1206 1243
1206 1244
1206 1245
1206 1246
1206 1247
1206 1248
1206 1249
1206 1250
1206 1251
1206 1252
1206 1253
1206 1254
1206 1255
1207 1207
1207 1208
1207 1209
1207 1210
1207 1211
1207 1212
1207 1213
1207 1214
1207 1215
1207 1216
1207 1217
1207 1218
1207 1219
1207 1220
1207 1221
1207 1222
1207 1223
1207 1224
1207 1225
1207 1226
1207 1227
1207 1228
1207 1229
1207 1230
1207 1231
1207 1232
1207 1233
1207 1234
1207 1235
1207 1236
1207 1237
1207 1238
1207 1239
1207 1240
1207 1241
1207 1242
1207 1243
1207 1244
1207 1245
1207 1246
1207 1247
1207 1248
1207 1249
1207 1250
1207 1251
1207 1252
1207 1253
1207 1254
1207 1255
1207 1256
1208 1208
1208 1209
1208 1210
1208 1211
1208 1212
1208 1213
1208 1214
1208 1215
1208 1216
1208 1217
1208 1218
1208 1219
1208 1220
1208 1221
1208 1222
1208 1223
1208 1224
1208 1225
1208 1226
1208 1227
1208 1228
1208 1229
1208 1230
1208 1231
1208 1232
1208 1233
1208 1234
1208 1235
1208 1236
1208 1237
1208 1238
1208 1239
1208 1240
1208 1241
1208 1242
1208 1243
1208 1244
1208 1245
1208 1246
1208 1247
1208 1248
1208 1249
1208 1250
1208 1251
1208 1252
1208 1253
1208 1254
1208 1255
1208 1256
1208 1257
1209 1209
1209 1210
1209 1211
1209 1212
1209 1213
1209 1214
1209 1215
1209 1216
1209 1217
1209 1218
1209 1219
1209 1220
1209 1221
1209 1222
1209 1223
1209 1224
1209 1225
1209 1226
1209 1227
1209 1228
1209 1229
1209 1230
1209 1231
1209 1232
1209 1233
1209 1234
1209 1235
1209 1236
1209 1237
1209 1238
1209 1239
1209 1240
1209 1241
1209 1242
1209 1243
1209 1244
1209 1245
1209 1246
1209 1247
1209 1248
1209 1249
1209 1250
1209 1251
1209 1252
1209 1253
1209 1254
1209 1255
1209 1256
1209 1257
1209 1258
1210 1210
1210 1211
1210 1212
1210 1213
1210 1214
1210 1215
1210 1216
1210 1217
1210 1218
1210 1219
1210 1220
1210 1221
1210 1222
1210 1223
1210 1224
1210 1225
1210 1226
1210 1227
1210 1228
1210 1229
1210 1230
1210 1231
1210 1232
1210 1233
1210 1234
1210 1235
1210 1236
1210 1237
1210 1238
1210 1239
1210 1240
1210 1241
1210 1242
1210 1243
1210 1244
1210 1245
1210 1246
1210 1247
1210 1248
1210 1249
1210 1250
1210 1251
1210 1252
1210 1253
1210 1254
1210 1255
1210 1256
1210 1257
1210 1258
1210 1259
1211 1211
1211 1212
1211 1213
1211 1214
1211 1215
1211 1216
1211 1217
1211 1218
1211 1219
1211 1220
1211 1221
1211 1222
1211 1223
1211 1224
1211 1225
1211 1226
1211 1227
1211 1228
1211 1229
1211 1230
1211 1231
1211 1232
1211 1233
1211 1234
1211 1235
1211 1236
1211 1237
1211 1238
1211 1239
1211 1240
1211 1241
1211 1242
1211 1243
1211 1244
1211 1245
1211 1246
1211 1247
1211 1248
1211 1249
1211 1250
1211 1251
1211 1252
1211 1253
1211 1254
1211 1255
1211 1256
1211 1257
1211 1258
1211 1259
1211 1260
1212 1212
1212 1213
1212 1214
1212 1215
1212 1216
1212 1217
1212 1218
1212 1219
1212 1220
1212 1221
1212 1222
1212 1223
1212 1224
1212 1225
1212 1226
1212 1227
1212 1228
1212 1229
1212 1230
1212 1231
1212 1232
1212 1233
1212 1234
1212 1235
1212 1236
1212 1237
1212 1238
1212 1239
1212 1240
1212 1241
1212 1242
1212 1243
1212 1244
1212 1245
1212 1246
1212 1247
1212 1248
1212 1249
1212 1250
1212 1251
1212 1252
1212 1253
1212 1254
1212 1255
1212 1256
1212 1257
1212 1258
1212 1259
1212 1260
1212 1261
1213 1213
1213 1214
1213 1215
1213 1216
1213 1217
1213 1218
1213 1219
1213 1220
1213 1221
1213 1222
1213 1223
1213 1224
1213 1225
1213 1226
1213 1227
1213 1228
1213 1229
1213 1230
1213 1231
1213 1232
1213 1233
1213 1234
1213 1235
1213 1236
1213 1237
1213 1238
1213 1239
1213 1240
1213 1241
1213 1242
1213 1243
1213 1244
1213 1245
1213 1246
1213 1247
1213 1248
1213 1249
1213 1250
1213 1251
1213 1252
1213 1253
1213 1254
1213 1255
1213 1256
1213 1257
1213 1258
1213 1259
1213 1260
1213 1261
1213 1262
1214 1214
1214 1215
1214 1216
1214 1217
1214 1218
1214 1219
1214 1220
1214 1221
1214 1222
1214 1223
1214 1224
1214 1225
1214 1226
1214 1227
1214 1228
1214 1229
1214 1230
1214 1231
1214 1232
1214 1233
1214 1234
1214 1235
1214 1236
1214 1237
1214 1238
1214 1239
1214 1240
1214 1241
1214 1242
1214 1243
1214 1244
1214 1245
1214 1246
1214 1247
1214 1248
1214 1249
1214 1250
1214 1251
1214 1252
1214 1253
1214 1254
1214 1255
1214 1256
1214 1257
1214 1258
1214 1259
1214 1260
1214 1261
1214 1262
1214 1263
1215 1215
1215 1216
1215 1217
1215 1218
1215 1219
1215 1220
1215 1221
1215 1222
1215 1223
1215 1224
1215 1225
1215 1226
1215 1227
1215 1228
1215 1229
1215 1230
1215 1231
1215 1232
1215 1233
1215 1234
1215 1235
1215 1236
1215 1237
1215 1238
1215 1239
1215 1240
1215 1241
1215 1242
1215 1243
1215 1244
1215 1245
1215 1246
1215 1247
1215 1248
1215 1249
1215 1250
1215 1251
1215 1252
1215 1253
1215 1254
1215 1255
1215 1256
1215 1257
1215 1258
1215 1259
1215 1260
1215 1261
1215 1262
1215 1263
1215 1264
1216 1216
1216 1217
1216 1218
1216 1219
1216 1220
1216 1221
1216 1222
1216 1223
1216 1224
1216 1225
1216 1226
1216 1227
1216 1228
1216 1229
1216 1230
1216 1231
1216 1232
1216 1233
1216 1234
1216 1235
1216 1236
1216 1237
1216 1238
1216 1239
1216 1240
1216 1241
1216 1242
1216 1243
1216 1244
1216 1245
1216 1246
1216 1247
1216 1248
1216 1249
1216 1250
1216 1251
1216 1252
1216 1253
1216 1254
1216 1255
1216 1256
1216 1257
1216 1258
1216 1259
1216 1260
1216 1261
1216 1262
1216 1263
1216 1264
1216 1265
1217 1217
1217 1218
1217 1219
1217 1220
1217 1221
1217 1222
1217 1223
1217 1224
1217 1225
1217 1226
1217 1227
1217 1228
1217 1229
1217 1230
1217 1231
1217 1232
1217 1233
1217 1234
1217 1235
1217 1236
1217 1237
1217 1238
1217 1239
1217 1240
1217 1241
1217 1242
1217 1243
1217 1244
1217 1245
1217 1246
1217 1247
1217 1248
1217 1249
1217 1250
1217 1251
1217 1252
1217 1253
1217 1254
1217 1255
1217 1256
1217 1257
1217 1258
1217 1259
1217 1260
1217 1261
1217 1262
1217 1263
1217 1264
1217 1265
1217 1266
1218 1218
1218 1219
1218 1220
1218 1221
1218 1222
1218 1223
1218 1224
1218 1225
1218 1226
1218 1227
1218 1228
1218 1229
1218 1230
1218 1231
1218 1232
1218 1233
1218 1234
1218 1235
1218 1236
1218 1237
1218 1238
1218 1239
1218 1240
1218 1241
1218 1242
1218 1243
1218 1244
1218 1245
1218 1246
1218 1247
1218 1248
1218 1249
1218 1250
1218 1251
1218 1252
1218 1253
1218 1254
1218 1255
1218 1256
1218 1257
1218 1258
1218 1259
1218 1260
1218 1261
1218 1262
1218 1263
1218 1264
1218 1265
1218 1266
1218 1267
1219 1219
1219 1220
1219 1221
1219 1222
1219 1223
1219 1224
1219 1225
1219 1226
1219 1227
1219 1228
1219 1229
1219 1230
1219 1231
1219 1232
1219 1233
1219 1234
1219 1235
1219 1236
1219 1237
1219 1238
1219 1239
1219 1240
1219 1241
1219 1242
1219 1243
1219 1244
1219 1245
1219 1246
1219 1247
1219 1248
1219 1249
1219 1250
1219 1251
1219 1252
1219 1253
1219 1254
1219 1255
1219 1256
1219 1257
1219 1258
1219 1259
1219 1260
1219 1261
1219 1262
1219 1263
1219 1264
1219 1265
1219 1266
1219 1267
1219 1268
1220 1220
1220 1221
1220 1222
1220 1223
1220 1224
1220 1225
1220 1226
1220 1227
1220 1228
1220 1229
1220 1230
1220 1231
1220 1232
1220 1233
1220 1234
1220 1235
1220 1236
1220 1237
1220 1238
1220 1239
1220 1240
1220 1241
1220 1242
1220 1243
1220 1244
1220 1245
1220 1246
1220 1247
1220 1248
1220 1249
1220 1250
1220 1251
1220 1252
1220 1253
1220 1254
1220 1255
1220 1256
1220 1257
1220 1258
1220 1259
1220 1260
1220 1261
1220 1262
1220 1263
1220 1264
1220 1265
1220 1266
1220 1267
1220 1268
1220 1269
1221 1221
1221 1222
1221 1223
1221 1224
1221 1225
1221 1226
1221 1227
1221 1228
1221 1229
1221 1230
1221 1231
1221 1232
1221 1233
1221 1234
1221 1235
1221 1236
1221 1237
1221 1238
1221 1239
1221 1240
1221 1241
1221 1242
1221 1243
1221 1244
1221 1245
1221 1246
1221 1247
1221 1248
1221 1249
1221 1250
1221 1251
1221 1252
1221 1253
1221 1254
1221 1255
1221 1256
1221 1257
1221 1258
1221 1259
1221 1260
1221 1261
1221 1262
1221 1263
1221 1264
1221 1265
1221 1266
1221 1267
1221 1268
1221 1269
1221 1270
1222 1222
1222 1223
1222 1224
1222 1225
1222 1226
1222 1227
1222 1228
1222 1229
1222 1230
1222 1231
1222 1232
1222 1233
1222 1234
1222 1235
1222 1236
1222 1237
1222 1238
1222 1239
1222 1240
1222 1241
1222 1242
1222 1243
1222 1244
1222 1245
1222 1246
1222 1247
1222 1248
1222 1249
1222 1250
1222 1251
1222 1252
1222 1253
1222 1254
1222 1255
1222 1256
1222 1257
1222 1258
1222 1259
1222 1260
1222 1261
1222 1262
1222 1263
1222 1264
1222 1265
1222 1266
1222 1267
1222 1268
1222 1269
1222 1270
1222 1271
1223 1223
1223 1224
1223 1225
1223 1226
1223 1227
1223 1228
1223 1229
1223 1230
1223 1231
1223 1232
1223 1233
1223 1234
1223 1235
1223 1236
1223 1237
1223 1238
1223 1239
1223 1240
1223 1241
1223 1242
1223 1243
1223 1244
1223 1245
1223 1246
1223 1247
1223 1248
1223 1249
1223 1250
1223 1251
1223 1252
1223 1253
1223 1254
1223 1255
1223 1256
1223 1257
1223 1258
1223 1259
1223 1260
1223 1261
1223 1262
1223 1263
1223 1264
1223 1265
1223 1266
1223 1267
1223 1268
1223 1269
1223 1270
1223 1271
1223 1272
1224 1224
1224 1225
1224 1226
1224 1227
1224 1228
1224 1229
1224 1230
1224 1231
1224 1232
1224 1233
1224 1234
1224 1235
1224 1236
1224 1237
1224 1238
1224 1239
1224 1240
1224 1241
1224 1242
1224 1243
1224 1244
1224 1245
1224 1246
1224 1247
1224 1248
1224 1249
1224 1250
1224 1251
1224 1252
1224 1253
1224 1254
1224 1255
1224 1256
1224 1257
1224 1258
1224 1259
1224 1260
1224 1261
1224 1262
1224 1263
1224 1264
1224 1265
1224 1266
1224 1267
1224 1268
1224 1269
1224 1270
1224 1271
1224 1272
1224 1273
1225 1225
1225 1226
1225 1227
1225 1228
1225 1229
1225 1230
1225 1231
1225 1232
1225 1233
1225 1234
1225 1235
1225 1236
1225 1237
1225 1238
1225 1239
1225 1240
1225 1241
1225 1242
1225 1243
1225 1244
1225 1245
1225 1246
1225 1247
1225 1248
1225 1249
1225 1250
1225 1251
1225 1252
1225 1253
1225 1254
1225 1255
1225 1256
1225 1257
1225 1258
1225 1259
1225 1260
1225 1261
1225 1262
1225 1263
1225 1264
1225 1265
1225 1266
1225 1267
1225 1268
1225 1269
1225 1270
1225 1271
1225 1272
1225 1273
1225 1274
1226 1226
1226 1227
1226 1228
1226 1229
1226 1230
1226 1231
1226 1232
1226 1233
1226 1234
1226 1235
1226 1236
1226 1237
1226 1238
1226 1239
1226 1240
1226 1241
1226 1242
1226 1243
1226 1244
1226 1245
1226 1246
1226 1247
1226 1248
1226 1249
1226 1250
1226 1251
1226 1252
1226 1253
1226 1254
1226 1255
1226 1256
1226 1257
1226 1258
1226 1259
1226 1260
1226 1261
1226 1262
1226 1263
1226 1264
1226 1265
1226 1266
1226 1267
1226 1268
1226 1269
1226 1270
1226 1271
1226 1272
1226 1273
1226 1274
1226 1275
1227 1227
1227 1228
1227 1229
1227 1230
1227 1231
1227 1232
1227 1233
1227 1234
1227 1235
1227 1236
1227 1237
1227 1238
1227 1239
1227 1240
1227 1241
1227 1242
1227 1243
1227 1244
1227 1245
1227 1246
1227 1247
1227 1248
1227 1249
1227 1250
1227 1251
1227 1252
1227 1253
1227 1254
1227 1255
1227 1256
1227 1257
1227 1258
1227 1259
1227 1260
1227 1261
1227 1262
1227 1263
1227 1264
1227 1265
1227 1266
1227 1267
1227 1268
1227 1269
1227 1270
1227 1271
1227 1272
1227 1273
1227 1274
1227 1275
1227 1276
1228 1228
1228 1229
1228 1230
1228 1231
1228 1232
1228 1233
1228 1234
1228 1235
1228 1236
1228 1237
1228 1238
1228 1239
1228 1240
1228 1241
1228 1242
1228 1243
1228 1244
1228 1245
1228 1246
1228 1247
1228 1248
1228 1249
1228 1250
1228 1251
1228 1252
1228 1253
1228 1254
1228 1255
1228 1256
1228 1257
1228 1258
1228 1259
1228 1260
1228 1261
1228 1262
1228 1263
1228 1264
1228 1265
1228 1266
1228 1267
1228 1268
1228 1269
1228 1270
1228 1271
1228 1272
1228 1273
1228 1274
1228 1275
1228 1276
1228 1277
1229 1229
1229 1230
1229 1231
1229 1232
1229 1233
1229 1234
1229 1235
1229 1236
1229 1237
1229 1238
1229 1239
1229 1240
1229 1241
1229 1242
1229 1243
1229 1244
1229 1245
1229 1246
1229 1247
1229 1248
1229 1249
1229 1250
1229 1251
1229 1252
1229 1253
1229 1254
1229 1255
1229 1256
1229 1257
1229 1258
1229 1259
1229 1260
1229 1261
1229 1262
1229 1263
1229 1264
1229 1265
1229 1266
1229 1267
1229 1268
1229 1269
1229 1270
1229 1271
1229 1272
1229 1273
1229 1274
1229 1275
1229 1276
1229 1277
1229 1278
1230 1230
1230 1231
1230 1232
1230 1233
1230 1234
1230 1235
1230 1236
1230 1237
1230 1238
1230 1239
1230 1240
1230 1241
1230 1242
1230 1243
1230 1244
1230 1245
1230 1246
1230 1247
1230 1248
1230 1249
1230 1250
1230 1251
1230 1252
1230 1253
1230 1254
1230 1255
1230 1256
1230 1257
1230 1258
1230 1259
1230 1260
1230 1261
1230 1262
1230 1263
1230 1264
1230 1265
1230 1266
1230 1267
1230 1268
1230 1269
1230 1270
1230 1271
1230 1272
1230 1273
1230 1274
1230 1275
1230 1276
1230 1277
1230 1278
1230 1279
1231 1231
1231 1232
1231 1233
1231 1234
1231 1235
1231 1236
1231 1237
1231 1238
1231 1239
1231 1240
1231 1241
1231 1242
1231 1243
1231 1244
1231 1245
1231 1246
1231 1247
1231 1248
1231 1249
1231 1250
1231 1251
1231 1252
1231 1253
1231 1254
1231 1255
1231 1256
1231 1257
1231 1258
1231 1259
1231 1260
1231 1261
1231 1262
1231 1263
1231 1264
1231 1265
1231 1266
1231 1267
1231 1268
1231 1269
1231 1270
1231 1271
1231 1272
1231 1273
1231 1274
1231 1275
1231 1276
1231 1277
1231 1278
1231 1279
1231 1280
1232 1232
1232 1233
1232 1234
1232 1235
1232 1236
1232 1237
1232 1238
1232 1239
1232 1240
1232 1241
1232 1242
1232 1243
1232 1244
1232 1245
1232 1246
1232 1247
1232 1248
1232 1249
1232 1250
1232 1251
1232 1252
1232 1253
1232 1254
1232 1255
1232 1256
1232 1257
1232 1258
1232 1259
1232 1260
1232 1261
1232 1262
1232 1263
1232 1264
1232 1265
1232 1266
1232 1267
1232 1268
1232 1269
1232 1270
1232 1271
1232 1272
1232 1273
1232 1274
1232 1275
1232 1276
1232 1277
1232 1278
1232 1279
1232 1280
1232 1281
1233 1233
1233 1234
1233 1235
1233 1236
1233 1237
1233 1238
1233 1239
1233 1240
1233 1241
1233 1242
1233 1243
1233 1244
1233 1245
1233 1246
1233 1247
1233 1248
1233 1249
1233 1250
1233 1251
1233 1252
1233 1253
1233 1254
1233 1255
1233 1256
1233 1257
1233 1258
1233 1259
1233 1260
1233 1261
1233 1262
1233 1263
1233 1264
1233 1265
1233 1266
1233 1267
1233 1268
1233 1269
1233 1270
1233 1271
1233 1272
1233 1273
1233 1274
1233 1275
1233 1276
1233 1277
1233 1278
1233 1279
1233 1280
1233 1281
1233 1282
1234 1234
1234 1235
1234 1236
1234 1237
1234 1238
1234 1239
1234 1240
1234 1241
1234 1242
1234 1243
1234 1244
1234 1245
1234 1246
1234 1247
1234 1248
1234 1249
1234 1250
1234 1251
1234 1252
1234 1253
1234 1254
1234 1255
1234 1256
1234 1257
1234 1258
1234 1259
1234 1260
1234 1261
1234 1262
1234 1263
1234 1264
1234 1265
1234 1266
1234 1267
1234 1268
1234 1269
1234 1270
1234 1271
1234 1272
1234 1273
1234 1274
1234 1275
1234 1276
1234 1277
1234 1278
1234 1279
1234 1280
1234 1281
1234 1282
1234 1283
1235 1235
1235 1236
1235 1237
1235 1238
1235 1239
1235 1240
1235 1241
1235 1242
1235 1243
1235 1244
1235 1245
1235 1246
1235 1247
1235 1248
1235 1249
1235 1250
1235 1251
1235 1252
1235 1253
1235 1254
1235 1255
1235 1256
1235 1257
1235 1258
1235 1259
1235 1260
1235 1261
1235 1262
1235 1263
1235 1264
1235 1265
1235 1266
1235 1267
1235 1268
1235 1269
1235 1270
1235 1271
1235 1272
1235 1273
1235 1274
1235 1275
1235 1276
1235 1277
1235 1278
1235 1279
1235 1280
1235 1281
1235 1282
1235 1283
1235 1284
1236 1236
1236 1237
1236 1238
1236 1239
1236 1240
1236 1241
1236 1242
1236 1243
1236 1244
1236 1245
1236 1246
1236 1247
1236 1248
1236 1249
1236 1250
1236 1251
1236 1252
1236 1253
1236 1254
1236 1255
1236 1256
1236 1257
1236 1258
1236 1259
1236 1260
1236 1261
1236 1262
1236 1263
1236 1264
1236 1265
1236 1266
1236 1267
1236 1268
1236 1269
1236 1270
1236 1271
1236 1272
1236 1273
1236 1274
1236 1275
1236 1276
1236 1277
1236 1278
1236 1279
1236 1280
1236 1281
1236 1282
1236 1283
1236 1284
1236 1285
1237 1237
1237 1238
1237 1239
1237 1240
1237 1241
1237 1242
1237 1243
1237 1244
1237 1245
1237 1246
1237 1247
1237 1248
1237 1249
1237 1250
1237 1251
1237 1252
1237 1253
1237 1254
1237 1255
1237 1256
1237 1257
1237 1258
1237 1259
1237 1260
1237 1261
1237 1262
1237 1263
1237 1264
1237 1265
1237 1266
1237 1267
1237 1268
1237 1269
1237 1270
1237 1271
1237 1272
1237 1273
1237 1274
1237 1275
1237 1276
1237 1277
1237 1278
1237 1279
1237 1280
1237 1281
1237 1282
1237 1283
1237 1284
1237 1285
1237 1286
1238 1238
1238 1239
1238 1240
1238 1241
1238 1242
1238 1243
1238 1244
1238 1245
1238 1246
1238 1247
1238 1248
1238 1249
1238 1250
1238 1251
1238 1252
1238 1253
1238 1254
1238 1255
1238 1256
1238 1257
1238 1258
1238 1259
1238 1260
1238 1261
1238 1262
1238 1263
1238 1264
1238 1265
1238 1266
1238 1267
1238 1268
1238 1269
1238 1270
1238 1271
1238 1272
1238 1273
1238 1274
1238 1275
1238 1276
1238 1277
1238 1278
1238 1279
1238 1280
1238 1281
1238 1282
1238 1283
1238 1284
1238 1285
1238 1286
1238 1287
1239 1239
1239 1240
1239 1241
1239 1242
1239 1243
1239 1244
1239 1245
1239 1246
1239 1247
1239 1248
1239 1249
1239 1250
1239 1251
1239 1252
1239 1253
1239 1254
1239 1255
1239 1256
1239 1257
1239 1258
1239 1259
1239 1260
1239 1261
1239 1262
1239 1263
1239 1264
1239 1265
1239 1266
1239 1267
1239 1268
1239 1269
1239 1270
1239 1271
1239 1272
1239 1273
1239 1274
1239 1275
1239 1276
1239 1277
1239 1278
1239 1279
1239 1280
1239 1281
1239 1282
1239 1283
1239 1284
1239 1285
1239 1286
1239 1287
1239 1288
1240 1240
1240 1241
1240 1242
1240 1243
1240 1244
1240 1245
1240 1246
1240 1247
1240 1248
1240 1249
1240 1250
1240 1251
1240 1252
1240 1253
1240 1254
1240 1255
1240 1256
1240 1257
1240 1258
1240 1259
1240 1260
1240 1261
1240 1262
1240 1263
1240 1264
1240 1265
1240 1266
1240 1267
1240 1268
1240 1269
1240 1270
1240 1271
1240 1272
1240 1273
1240 1274
1240 1275
1240 1276
1240 1277
1240 1278
1240 1279
1240 1280
1240 1281
1240 1282
1240 1283
1240 1284
1240 1285
1240 1286
1240 1287
1240 1288
1240 1289
1241 1241
1241 1242
1241 1243
1241 1244
1241 1245
1241 1246
1241 1247
1241 1248
1241 1249
1241 1250
1241 1251
1241 1252
1241 1253
1241 1254
1241 1255
1241 1256
1241 1257
1241 1258
1241 1259
1241 1260
1241 1261
1241 1262
1241 1263
1241 1264
1241 1265
1241 1266
1241 1267
1241 1268
1241 1269
1241 1270
1241 1271
1241 1272
1241 1273
1241 1274
1241 1275
1241 1276
1241 1277
1241 1278
1241 1279
1241 1280
1241 1281
1241 1282
1241 1283
1241 1284
1241 1285
1241 1286
1241 1287
1241 1288
1241 1289
1241 1290
1242 1242
1242 1243
1242 1244
1242 1245
1242 1246
1242 1247
1242 1248
1242 1249
1242 1250
1242 1251
1242 1252
1242 1253
1242 1254
1242 1255
1242 1256
1242 1257
1242 1258
1242 1259
1242 1260
1242 1261
1242 1262
1242 1263
1242 1264
1242 1265
1242 1266
1242 1267
1242 1268
1242 1269
1242 1270
1242 1271
1242 1272
1242 1273
1242 1274
1242 1275
1242 1276
1242 1277
1242 1278
1242 1279
1242 1280
1242 1281
1242 1282
1242 1283
1242 1284
1242 1285
1242 1286
1242 1287
1242 1288
1242 1289
1242 1290
1242 1291
1243 1243
1243 1244
1243 1245
1243 1246
1243 1247
1243 1248
1243 1249
1243 1250
1243 1251
1243 1252
1243 1253
1243 1254
1243 1255
1243 1256
1243 1257
1243 1258
1243 1259
1243 1260
1243 1261
1243 1262
1243 1263
1243 1264
1243 1265
1243 1266
1243 1267
1243 1268
1243 1269
1243 1270
1243 1271
1243 1272
1243 1273
1243 1274
1243 1275
1243 1276
1243 1277
1243 1278
1243 1279
1243 1280
1243 1281
1243 1282
1243 1283
1243 1284
1243 1285
1243 1286
1243 1287
1243 1288
1243 1289
1243 1290
1243 1291
1243 1292
1244 1244
1244 1245
1244 1246
1244 1247
1244 1248
1244 1249
1244 1250
1244 1251
1244 1252
1244 1253
1244 1254
1244 1255
1244 1256
1244 1257
1244 1258
1244 1259
1244 1260
1244 1261
1244 1262
1244 1263
1244 1264
1244 1265
1244 1266
1244 1267
1244 1268
1244 1269
1244 1270
1244 1271
1244 1272
1244 1273
1244 1274
1244 1275
1244 1276
1244 1277
1244 1278
1244 1279
1244 1280
1244 1281
1244 1282
1244 1283
1244 1284
1244 1285
1244 1286
1244 1287
1244 1288
1244 1289
1244 1290
1244 1291
1244 1292
1244 1293
1245 1245
1245 1246
1245 1247
1245 1248
1245 1249
1245 1250
1245 1251
1245 1252
1245 1253
1245 1254
1245 1255
1245 1256
1245 1257
1245 1258
1245 1259
1245 1260
1245 1261
1245 1262
1245 1263
1245 1264
1245 1265
1245 1266
1245 1267
1245 1268
1245 1269
1245 1270
1245 1271
1245 1272
1245 1273
1245 1274
1245 1275
1245 1276
1245 1277
1245 1278
1245 1279
1245 1280
1245 1281
1245 1282
1245 1283
1245 1284
1245 1285
1245 1286
1245 1287
1245 1288
1245 1289
1245 1290
1245 1291
1245 1292
1245 1293
1245 1294
1246 1246
1246 1247
1246 1248
1246 1249
1246 1250
1246 1251
1246 1252
1246 1253
1246 1254
1246 1255
1246 1256
1246 1257
1246 1258
1246 1259
1246 1260
1246 1261
1246 1262
1246 1263
1246 1264
1246 1265
1246 1266
1246 1267
1246 1268
1246 1269
1246 1270
1246 1271
1246 1272
1246 1273
1246 1274
1246 1275
1246 1276
1246 1277
1246 1278
1246 1279
1246 1280
1246 1281
1246 1282
1246 1283
1246 1284
1246 1285
1246 1286
1246 1287
1246 1288
1246 1289
1246 1290
1246 1291
1246 1292
1246 1293
1246 1294
1246 1295
1247 1247
1247 1248
1247 1249
1247 1250
1247 1251
1247 1252
1247 1253
1247 1254
1247 1255
1247 1256
1247 1257
1247 1258
1247 1259
1247 1260
1247 1261
1247 1262
1247 1263
1247 1264
1247 1265
1247 1266
1247 1267
1247 1268
1247 1269
1247 1270
1247 1271
1247 1272
1247 1273
1247 1274
1247 1275
1247 1276
1247 1277
1247 1278
1247 1279
1247 1280
1247 1281
1247 1282
1247 1283
1247 1284
1247 1285
1247 1286
1247 1287
1247 1288
1247 1289
1247 1290
1247 1291
1247 1292
1247 1293
1247 1294
1247 1295
1247 1296
1248 1248
1248 1249
1248 1250
1248 1251
1248 1252
1248 1253
1248 1254
1248 1255
1248 1256
1248 1257
1248 1258
1248 1259
1248 1260
1248 1261
1248 1262
1248 1263
1248 1264
1248 1265
1248 1266
1248 1267
1248 1268
1248 1269
1248 1270
1248 1271
1248 1272
1248 1273
1248 1274
1248 1275
1248 1276
1248 1277
1248 1278
1248 1279
1248 1280
1248 1281
1248 1282
1248 1283
1248 1284
1248 1285
1248 1286
1248 1287
1248 1288
1248 1289
1248 1290
1248 1291
1248 1292
1248 1293
1248 1294
1248 1295
1248 1296
1248 1297
1249 1249
1249 1250
1249 1251
1249 1252
1249 1253
1249 1254
1249 1255
1249 1256
1249 1257
1249 1258
1249 1259
1249 1260
1249 1261
1249 1262
1249 1263
1249 1264
1249 1265
1249 1266
1249 1267
1249 1268
1249 1269
1249 1270
1249 1271
1249 1272
1249 1273
1249 1274
1249 1275
1249 1276
1249 1277
1249 1278
1249 1279
1249 1280
1249 1281
1249 1282
1249 1283
1249 1284
1249 1285
1249 1286
1249 1287
1249 1288
1249 1289
1249 1290
1249 1291
1249 1292
1249 1293
1249 1294
1249 1295
1249 1296
1249 1297
1249 1298
1250 1250
1250 1251
1250 1252
1250 1253
1250 1254
1250 1255
1250 1256
1250 1257
1250 1258
1250 1259
1250 1260
1250 1261
1250 1262
1250 1263
1250 1264
1250 1265
1250 1266
1250 1267
1250 1268
1250 1269
1250 1270
1250 1271
1250 1272
1250 1273
1250 1274
1250 1275
1250 1276
1250 1277
1250 1278
1250 1279
1250 1280
1250 1281
1250 1282
1250 1283
1250 1284
1250 1285
1250 1286
1250 1287
1250 1288
1250 1289
1250 1290
1250 1291
1250 1292
1250 1293
1250 1294
1250 1295
1250 1296
1250 1297
1250 1298
1250 1299
1251 1251
1251 1252
1251 1253
1251 1254
1251 1255
1251 1256
1251 1257
1251 1258
1251 1259
1251 1260
1251 1261
1251 1262
1251 1263
1251 1264
1251 1265
1251 1266
1251 1267
1251 1268
1251 1269
1251 1270
1251 1271
1251 1272
1251 1273
1251 1274
1251 1275
1251 1276
1251 1277
1251 1278
1251 1279
1251 1280
1251 1281
1251 1282
1251 1283
1251 1284
1251 1285
1251 1286
1251 1287
1251 1288
1251 1289
1251 1290
1251 1291
1251 1292
1251 1293
1251 1294
1251 1295
1251 1296
1251 1297
1251 1298
1251 1299
1251 1300
1252 1252
1252 1253
1252 1254
1252 1255
1252 1256
1252 1257
1252 1258
1252 1259
1252 1260
1252 1261
1252 1262
1252 1263
1252 1264
1252 1265
1252 1266
1252 1267
1252 1268
1252 1269
1252 1270
1252 1271
1252 1272
1252 1273
1252 1274
1252 1275
1252 1276
1252 1277
1252 1278
1252 1279
1252 1280
1252 1281
1252 1282
1252 1283
1252 1284
1252 1285
1252 1286
1252 1287
1252 1288
1252 1289
1252 1290
1252 1291
1252 1292
1252 1293
1252 1294
1252 1295
1252 1296
1252 1297
1252 1298
1252 1299
1252 1300
1252 1301
1253 1253
1253 1254
1253 1255
1253 1256
1253 1257
1253 1258
1253 1259
1253 1260
1253 1261
1253 1262
1253 1263
1253 1264
1253 1265
1253 1266
1253 1267
1253 1268
1253 1269
1253 1270
1253 1271
1253 1272
1253 1273
1253 1274
1253 1275
1253 1276
1253 1277
1253 1278
1253 1279
1253 1280
1253 1281
1253 1282
1253 1283
1253 1284
1253 1285
1253 1286
1253 1287
1253 1288
1253 1289
1253 1290
1253 1291
1253 1292
1253 1293
1253 1294
1253 1295
1253 1296
1253 1297
1253 1298
1253 1299
1253 1300
1253 1301
1253 1302
1254 1254
1254 1255
1254 1256
1254 1257
1254 1258
1254 1259
1254 1260
1254 1261
1254 1262
1254 1263
1254 1264
1254 1265
1254 1266
1254 1267
1254 1268
1254 1269
1254 1270
1254 1271
1254 1272
1254 1273
1254 1274
1254 1275
1254 1276
1254 1277
1254 1278
1254 1279
1254 1280
1254 1281
1254 1282
1254 1283
1254 1284
1254 1285
1254 1286
1254 1287
1254 1288
1254 1289
1254 1290
1254 1291
1254 1292
1254 1293
1254 1294
1254 1295
1254 1296
1254 1297
1254 1298
1254 1299
1254 1300
1254 1301
1254 1302
1254 1303
1255 1255
1255 1256
1255 1257
1255 1258
1255 1259
1255 1260
1255 1261
1255 1262
1255 1263
1255 1264
1255 1265
1255 1266
1255 1267
1255 1268
1255 1269
1255 1270
1255 1271
1255 1272
1255 1273
1255 1274
1255 1275
1255 1276
1255 1277
1255 1278
1255 1279
1255 1280
1255 1281
1255 1282
1255 1283
1255 1284
1255 1285
1255 1286
1255 1287
1255 1288
1255 1289
1255 1290
1255 1291
1255 1292
1255 1293
1255 1294
1255 1295
1255 1296
1255 1297
1255 1298
1255 1299
1255 1300
1255 1301
1255 1302
1255 1303
1255 1304
1256 1256
1256 1257
1256 1258
1256 1259
1256 1260
1256 1261
1256 1262
1256 1263
1256 1264
1256 1265
1256 1266
1256 1267
1256 1268
1256 1269
1256 1270
1256 1271
1256 1272
1256 1273
1256 1274
1256 1275
1256 1276
1256 1277
1256 1278
1256 1279
1256 1280
1256 1281
1256 1282
1256 1283
1256 1284
1256 1285
1256 1286
1256 1287
1256 1288
1256 1289
1256 1290
1256 1291
1256 1292
1256 1293
1256 1294
1256 1295
1256 1296
1256 1297
1256 1298
1256 1299
1256 1300
1256 1301
1256 1302
1256 1303
1256 1304
1256 1305
1257 1257
1257 1258
1257 1259
1257 1260
1257 1261
1257 1262
1257 1263
1257 1264
1257 1265
1257 1266
1257 1267
1257 1268
1257 1269
1257 1270
1257 1271
1257 1272
1257 1273
1257 1274
1257 1275
1257 1276
1257 1277
1257 1278
1257 1279
1257 1280
1257 1281
1257 1282
1257 1283
1257 1284
1257 1285
1257 1286
1257 1287
1257 1288
1257 1289
1257 1290
1257 1291
1257 1292
1257 1293
1257 1294
1257 1295
1257 1296
1257 1297
1257 1298
1257 1299
1257 1300
1257 1301
1257 1302
1257 1303
1257 1304
1257 1305
1257 1306
1258 1258
1258 1259
1258 1260
1258 1261
1258 1262
1258 1263
1258 1264
1258 1265
1258 1266
1258 1267
1258 1268
1258 1269
1258 1270
1258 1271
1258 1272
1258 1273
1258 1274
1258 1275
1258 1276
1258 1277
1258 1278
1258 1279
1258 1280
1258 1281
1258 1282
1258 1283
1258 1284
1258 1285
1258 1286
1258 1287
1258 1288
1258 1289
1258 1290
1258 1291
1258 1292
1258 1293
1258 1294
1258 1295
1258 1296
1258 1297
1258 1298
1258 1299
1258 1300
1258 1301
1258 1302
1258 1303
1258 1304
1258 1305
1258 1306
1258 1307
1259 1259
1259 1260
1259 1261
1259 1262
1259 1263
1259 1264
1259 1265
1259 1266
1259 1267
1259 1268
1259 1269
1259 1270
1259 1271
1259 1272
1259 1273
1259 1274
1259 1275
1259 1276
1259 1277
1259 1278
1259 1279
1259 1280
1259 1281
1259 1282
1259 1283
1259 1284
1259 1285
1259 1286
1259 1287
1259 1288
1259 1289
1259 1290
1259 1291
1259 1292
1259 1293
1259 1294
1259 1295
1259 1296
1259 1297
1259 1298
1259 1299
1259 1300
1259 1301
1259 1302
1259 1303
1259 1304
1259 1305
1259 1306
1259 1307
1259 1308
1260 1260
1260 1261
1260 1262
1260 1263
1260 1264
1260 1265
1260 1266
1260 1267
1260 1268
1260 1269
1260 1270
1260 1271
1260 1272
1260 1273
1260 1274
1260 1275
1260 1276
1260 1277
1260 1278
1260 1279
1260 1280
1260 1281
1260 1282
1260 1283
1260 1284
1260 1285
1260 1286
1260 1287
1260 1288
1260 1289
1260 1290
1260 1291
1260 1292
1260 1293
1260 1294
1260 1295
1260 1296
1260 1297
1260 1298
1260 1299
1260 1300
1260 1301
1260 1302
1260 1303
1260 1304
1260 1305
1260 1306
1260 1307
1260 1308
1260 1309
1261 1261
1261 1262
1261 1263
1261 1264
1261 1265
1261 1266
1261 1267
1261 1268
1261 1269
1261 1270
1261 1271
1261 1272
1261 1273
1261 1274
1261 1275
1261 1276
1261 1277
1261 1278
1261 1279
1261 1280
1261 1281
1261 1282
1261 1283
1261 1284
1261 1285
1261 1286
1261 1287
1261 1288
1261 1289
1261 1290
1261 1291
1261 1292
1261 1293
1261 1294
1261 1295
1261 1296
1261 1297
1261 1298
1261 1299
1261 1300
1261 1301
1261 1302
1261 1303
1261 1304
1261 1305
1261 1306
1261 1307
1261 1308
1261 1309
1261 1310
1262 1262
1262 1263
1262 1264
1262 1265
1262 1266
1262 1267
1262 1268
1262 1269
1262 1270
1262 1271
1262 1272
1262 1273
1262 1274
1262 1275
1262 1276
1262 1277
1262 1278
1262 1279
1262 1280
1262 1281
1262 1282
1262 1283
1262 1284
1262 1285
1262 1286
1262 1287
1262 1288
1262 1289
1262 1290
1262 1291
1262 1292
1262 1293
1262 1294
1262 1295
1262 1296
1262 1297
1262 1298
1262 1299
1262 1300
1262 1301
1262 1302
1262 1303
1262 1304
1262 1305
1262 1306
1262 1307
1262 1308
1262 1309
1262 1310
1262 1311
1263 1263
1263 1264
1263 1265
1263 1266
1263 1267
1263 1268
1263 1269
1263 1270
1263 1271
1263 1272
1263 1273
1263 1274
1263 1275
1263 1276
1263 1277
1263 1278
1263 1279
1263 1280
1263 1281
1263 1282
1263 1283
1263 1284
1263 1285
1263 1286
1263 1287
1263 1288
1263 1289
1263 1290
1263 1291
1263 1292
1263 1293
1263 1294
1263 1295
1263 1296
1263 1297
1263 1298
1263 1299
1263 1300
1263 1301
1263 1302
1263 1303
1263 1304
1263 1305
1263 1306
1263 1307
1263 1308
1263 1309
1263 1310
1263 1311
1263 1312
1264 1264
1264 1265
1264 1266
1264 1267
1264 1268
1264 1269
1264 1270
1264 1271
1264 1272
1264 1273
1264 1274
1264 1275
1264 1276
1264 1277
1264 1278
1264 1279
1264 1280
1264 1281
1264 1282
1264 1283
1264 1284
1264 1285
1264 1286
1264 1287
1264 1288
1264 1289
1264 1290
1264 1291
1264 1292
1264 1293
1264 1294
1264 1295
1264 1296
1264 1297
1264 1298
1264 1299
1264 1300
1264 1301
1264 1302
1264 1303
1264 1304
1264 1305
1264 1306
1264 1307
1264 1308
1264 1309
1264 1310
1264 1311
1264 1312
1264 1313
1265 1265
1265 1266
1265 1267
1265 1268
1265 1269
1265 1270
1265 1271
1265 1272
1265 1273
1265 1274
1265 1275
1265 1276
1265 1277
1265 1278
1265 1279
1265 1280
1265 1281
1265 1282
1265 1283
1265 1284
1265 1285
1265 1286
1265 1287
1265 1288
1265 1289
1265 1290
1265 1291
1265 1292
1265 1293
1265 1294
1265 1295
1265 1296
1265 1297
1265 1298
1265 1299
1265 1300
1265 1301
1265 1302
1265 1303
1265 1304
1265 1305
1265 1306
1265 1307
1265 1308
1265 1309
1265 1310
1265 1311
1265 1312
1265 1313
1265 1314
1266 1266
1266 1267
1266 1268
1266 1269
1266 1270
1266 1271
1266 1272
1266 1273
1266 1274
1266 1275
1266 1276
1266 1277
1266 1278
1266 1279
1266 1280
1266 1281
1266 1282
1266 1283
1266 1284
1266 1285
1266 1286
1266 1287
1266 1288
1266 1289
1266 1290
1266 1291
1266 1292
1266 1293
1266 1294
1266 1295
1266 1296
1266 1297
1266 1298
1266 1299
1266 1300
1266 1301
1266 1302
1266 1303
1266 1304
1266 1305
1266 1306
1266 1307
1266 1308
1266 1309
1266 1310
1266 1311
1266 1312
1266 1313
1266 1314
1266 1315
1267 1267
1267 1268
1267 1269
1267 1270
1267 1271
1267 1272
1267 1273
1267 1274
1267 1275
1267 1276
1267 1277
1267 1278
1267 1279
1267 1280
1267 1281
1267 1282
1267 1283
1267 1284
1267 1285
1267 1286
1267 1287
1267 1288
1267 1289
1267 1290
1267 1291
1267 1292
1267 1293
1267 1294
1267 1295
1267 1296
1267 1297
1267 1298
1267 1299
1267 1300
1267 1301
1267 1302
1267 1303
1267 1304
1267 1305
1267 1306
1267 1307
1267 1308
1267 1309
1267 1310
1267 1311
1267 1312
1267 1313
1267 1314
1267 1315
1267 1316
1268 1268
1268 1269
1268 1270
1268 1271
1268 1272
1268 1273
1268 1274
1268 1275
1268 1276
1268 1277
1268 1278
1268 1279
1268 1280
1268 1281
1268 1282
1268 1283
1268 1284
1268 1285
1268 1286
1268 1287
1268 1288
1268 1289
1268 1290
1268 1291
1268 1292
1268 1293
1268 1294
1268 1295
1268 1296
1268 1297
1268 1298
1268 1299
1268 1300
1268 1301
1268 1302
1268 1303
1268 1304
1268 1305
1268 1306
1268 1307
1268 1308
1268 1309
1268 1310
1268 1311
1268 1312
1268 1313
1268 1314
1268 1315
1268 1316
1268 1317
1269 1269
1269 1270
1269 1271
1269 1272
1269 1273
1269 1274
1269 1275
1269 1276
1269 1277
1269 1278
1269 1279
1269 1280
1269 1281
1269 1282
1269 1283
1269 1284
1269 1285
1269 1286
1269 1287
1269 1288
1269 1289
1269 1290
1269 1291
1269 1292
1269 1293
1269 1294
1269 1295
1269 1296
1269 1297
1269 1298
1269 1299
1269 1300
1269 1301
1269 1302
1269 1303
1269 1304
1269 1305
1269 1306
1269 1307
1269 1308
1269 1309
1269 1310
1269 1311
1269 1312
1269 1313
1269 1314
1269 1315
1269 1316
1269 1317
1269 1318
1270 1270
1270 1271
1270 1272
1270 1273
1270 1274
1270 1275
1270 1276
1270 1277
1270 1278
1270 1279
1270 1280
1270 1281
1270 1282
1270 1283
1270 1284
1270 1285
1270 1286
1270 1287
1270 1288
1270 1289
1270 1290
1270 1291
1270 1292
1270 1293
1270 1294
1270 1295
1270 1296
1270 1297
1270 1298
1270 1299
1270 1300
1270 1301
1270 1302
1270 1303
1270 1304
1270 1305
1270 1306
1270 1307
1270 1308
1270 1309
1270 1310
1270 1311
1270 1312
1270 1313
1270 1314
1270 1315
1270 1316
1270 1317
1270 1318
1270 1319
1271 1271
1271 1272
1271 1273
1271 1274
1271 1275
1271 1276
1271 1277
1271 1278
1271 1279
1271 1280
1271 1281
1271 1282
1271 1283
1271 1284
1271 1285
1271 1286
1271 1287
1271 1288
1271 1289
1271 1290
1271 1291
1271 1292
1271 1293
1271 1294
1271 1295
1271 1296
1271 1297
1271 1298
1271 1299
1271 1300
1271 1301
1271 1302
1271 1303
1271 1304
1271 1305
1271 1306
1271 1307
1271 1308
1271 1309
1271 1310
1271 1311
1271 1312
1271 1313
1271 1314
1271 1315
1271 1316
1271 1317
1271 1318
1271 1319
1271 1320
1272 1272
1272 1273
1272 1274
1272 1275
1272 1276
1272 1277
1272 1278
1272 1279
1272 1280
1272 1281
1272 1282
1272 1283
1272 1284
1272 1285
1272 1286
1272 1287
1272 1288
1272 1289
1272 1290
1272 1291
1272 1292
1272 1293
1272 1294
1272 1295
1272 1296
1272 1297
1272 1298
1272 1299
1272 1300
1272 1301
1272 1302
1272 1303
1272 1304
1272 1305
1272 1306
1272 1307
1272 1308
1272 1309
1272 1310
1272 1311
1272 1312
1272 1313
1272 1314
1272 1315
1272 1316
1272 1317
1272 1318
1272 1319
1272 1320
1272 1321
1273 1273
1273 1274
1273 1275
1273 1276
1273 1277
1273 1278
1273 1279
1273 1280
1273 1281
1273 1282
1273 1283
1273 1284
1273 1285
1273 1286
1273 1287
1273 1288
1273 1289
1273 1290
1273 1291
1273 1292
1273 1293
1273 1294
1273 1295
1273 1296
1273 1297
1273 1298
1273 1299
1273 1300
1273 1301
1273 1302
1273 1303
1273 1304
1273 1305
1273 1306
1273 1307
1273 1308
1273 1309
1273 1310
1273 1311
1273 1312
1273 1313
1273 1314
1273 1315
1273 1316
1273 1317
1273 1318
1273 1319
1273 1320
1273 1321
1273 1322
1274 1274
1274 1275
1274 1276
1274 1277
1274 1278
1274 1279
1274 1280
1274 1281
1274 1282
1274 1283
1274 1284
1274 1285
1274 1286
1274 1287
1274 1288
1274 1289
1274 1290
1274 1291
1274 1292
1274 1293
1274 1294
1274 1295
1274 1296
1274 1297
1274 1298
1274 1299
1274 1300
1274 1301
1274 1302
1274 1303
1274 1304
1274 1305
1274 1306
1274 1307
1274 1308
1274 1309
1274 1310
1274 1311
1274 1312
1274 1313
1274 1314
1274 1315
1274 1316
1274 1317
1274 1318
1274 1319
1274 1320
1274 1321
1274 1322
1274 1323
1275 1275
1275 1276
1275 1277
1275 1278
1275 1279
1275 1280
1275 1281
1275 1282
1275 1283
1275 1284
1275 1285
1275 1286
1275 1287
1275 1288
1275 1289
1275 1290
1275 1291
1275 1292
1275 1293
1275 1294
1275 1295
1275 1296
1275 1297
1275 1298
1275 1299
1275 1300
1275 1301
1275 1302
1275 1303
1275 1304
1275 1305
1275 1306
1275 1307
1275 1308
1275 1309
1275 1310
1275 1311
1275 1312
1275 1313
1275 1314
1275 1315
1275 1316
1275 1317
1275 1318
1275 1319
1275 1320
1275 1321
1275 1322
1275 1323
1275 1324
1276 1276
1276 1277
1276 1278
1276 1279
1276 1280
1276 1281
1276 1282
1276 1283
1276 1284
1276 1285
1276 1286
1276 1287
1276 1288
1276 1289
1276 1290
1276 1291
1276 1292
1276 1293
1276 1294
1276 1295
1276 1296
1276 1297
1276 1298
1276 1299
1276 1300
1276 1301
1276 1302
1276 1303
1276 1304
1276 1305
1276 1306
1276 1307
1276 1308
1276 1309
1276 1310
1276 1311
1276 1312
1276 1313
1276 1314
1276 1315
1276 1316
1276 1317
1276 1318
1276 1319
1276 1320
1276 1321
1276 1322
1276 1323
1276 1324
1276 1325
1277 1277
1277 1278
1277 1279
1277 1280
1277 1281
1277 1282
1277 1283
1277 1284
1277 1285
1277 1286
1277 1287
1277 1288
1277 1289
1277 1290
1277 1291
1277 1292
1277 1293
1277 1294
1277 1295
1277 1296
1277 1297
1277 1298
1277 1299
1277 1300
1277 1301
1277 1302
1277 1303
1277 1304
1277 1305
1277 1306
1277 1307
1277 1308
1277 1309
1277 1310
1277 1311
1277 1312
1277 1313
1277 1314
1277 1315
1277 1316
1277 1317
1277 1318
1277 1319
1277 1320
1277 1321
1277 1322
1277 1323
1277 1324
1277 1325
1277 1326
1278 1278
1278 1279
1278 1280
1278 1281
1278 1282
1278 1283
1278 1284
1278 1285
1278 1286
1278 1287
1278 1288
1278 1289
1278 1290
1278 1291
1278 1292
1278 1293
1278 1294
1278 1295
1278 1296
1278 1297
1278 1298
1278 1299
1278 1300
1278 1301
1278 1302
1278 1303
1278 1304
1278 1305
1278 1306
1278 1307
1278 1308
1278 1309
1278 1310
1278 1311
1278 1312
1278 1313
1278 1314
1278 1315
1278 1316
1278 1317
1278 1318
1278 1319
1278 1320
1278 1321
1278 1322
1278 1323
1278 1324
1278 1325
1278 1326
1278 1327
1279 1279
1279 1280
1279 1281
1279 1282
1279 1283
1279 1284
1279 1285
1279 1286
1279 1287
1279 1288
1279 1289
1279 1290
1279 1291
1279 1292
1279 1293
1279 1294
1279 1295
1279 1296
1279 1297
1279 1298
1279 1299
1279 1300
1279 1301
1279 1302
1279 1303
1279 1304
1279 1305
1279 1306
1279 1307
1279 1308
1279 1309
1279 1310
1279 1311
1279 1312
1279 1313
1279 1314
1279 1315
1279 1316
1279 1317
1279 1318
1279 1319
1279 1320
1279 1321
1279 1322
1279 1323
1279 1324
1279 1325
1279 1326
1279 1327
1279 1328
1280 1280
1280 1281
1280 1282
1280 1283
1280 1284
1280 1285
1280 1286
1280 1287
1280 1288
1280 1289
1280 1290
1280 1291
1280 1292
1280 1293
1280 1294
1280 1295
1280 1296
1280 1297
1280 1298
1280 1299
1280 1300
1280 1301
1280 1302
1280 1303
1280 1304
1280 1305
1280 1306
1280 1307
1280 1308
1280 1309
1280 1310
1280 1311
1280 1312
1280 1313
1280 1314
1280 1315
1280 1316
1280 1317
1280 1318
1280 1319
1280 1320
1280 1321
1280 1322
1280 1323
1280 1324
1280 1325
1280 1326
1280 1327
1280 1328
1280 1329
1281 1281
1281 1282
1281 1283
1281 1284
1281 1285
1281 1286
1281 1287
1281 1288
1281 1289
1281 1290
1281 1291
1281 1292
1281 1293
1281 1294
1281 1295
1281 1296
1281 1297
1281 1298
1281 1299
1281 1300
1281 1301
1281 1302
1281 1303
1281 1304
1281 1305
1281 1306
1281 1307
1281 1308
1281 1309
1281 1310
1281 1311
1281 1312
1281 1313
1281 1314
1281 1315
1281 1316
1281 1317
1281 1318
1281 1319
1281 1320
1281 1321
1281 1322
1281 1323
1281 1324
1281 1325
1281 1326
1281 1327
1281 1328
1281 1329
1281 1330
1282 1282
1282 1283
1282 1284
1282 1285
1282 1286
1282 1287
1282 1288
1282 1289
1282 1290
1282 1291
1282 1292
1282 1293
1282 1294
1282 1295
1282 1296
1282 1297
1282 1298
1282 1299
1282 1300
1282 1301
1282 1302
1282 1303
1282 1304
1282 1305
1282 1306
1282 1307
1282 1308
1282 1309
1282 1310
1282 1311
1282 1312
1282 1313
1282 1314
1282 1315
1282 1316
1282 1317
1282 1318
1282 1319
1282 1320
1282 1321
1282 1322
1282 1323
1282 1324
1282 1325
1282 1326
1282 1327
1282 1328
1282 1329
1282 1330
1282 1331
1283 1283
1283 1284
1283 1285
1283 1286
1283 1287
1283 1288
1283 1289
1283 1290
1283 1291
1283 1292
1283 1293
1283 1294
1283 1295
1283 1296
1283 1297
1283 1298
1283 1299
1283 1300
1283 1301
1283 1302
1283 1303
1283 1304
1283 1305
1283 1306
1283 1307
1283 1308
1283 1309
1283 1310
1283 1311
1283 1312
1283 1313
1283 1314
1283 1315
1283 1316
1283 1317
1283 1318
1283 1319
1283 1320
1283 1321
1283 1322
1283 1323
1283 1324
1283 1325
1283 1326
1283 1327
1283 1328
1283 1329
1283 1330
1283 1331
1283 1332
1284 1284
1284 1285
1284 1286
1284 1287
1284 1288
1284 1289
1284 1290
1284 1291
1284 1292
1284 1293
1284 1294
1284 1295
1284 1296
1284 1297
1284 1298
1284 1299
1284 1300
1284 1301
1284 1302
1284 1303
1284 1304
1284 1305
1284 1306
1284 1307
1284 1308
1284 1309
1284 1310
1284 1311
1284 1312
1284 1313
1284 1314
1284 1315
1284 1316
1284 1317
1284 1318
1284 1319
1284 1320
1284 1321
1284 1322
1284 1323
1284 1324
1284 1325
1284 1326
1284 1327
1284 1328
1284 1329
1284 1330
1284 1331
1284 1332
1284 1333
1285 1285
1285 1286
1285 1287
1285 1288
1285 1289
1285 1290
1285 1291
1285 1292
1285 1293
1285 1294
1285 1295
1285 1296
1285 1297
1285 1298
1285 1299
1285 1300
1285 1301
1285 1302
1285 1303
1285 1304
1285 1305
1285 1306
1285 1307
1285 1308
1285 1309
1285 1310
1285 1311
1285 1312
1285 1313
1285 1314
1285 1315
1285 1316
1285 1317
1285 1318
1285 1319
1285 1320
1285 1321
1285 1322
1285 1323
1285 1324
1285 1325
1285 1326
1285 1327
1285 1328
1285 1329
1285 1330
1285 1331
1285 1332
1285 1333
1285 1334
1286 1286
1286 1287
1286 1288
1286 1289
1286 1290
1286 1291
1286 1292
1286 1293
1286 1294
1286 1295
1286 1296
1286 1297
1286 1298
1286 1299
1286 1300
1286 1301
1286 1302
1286 1303
1286 1304
1286 1305
1286 1306
1286 1307
1286 1308
1286 1309
1286 1310
1286 1311
1286 1312
1286 1313
1286 1314
1286 1315
1286 1316
1286 1317
1286 1318
1286 1319
1286 1320
1286 1321
1286 1322
1286 1323
1286 1324
1286 1325
1286 1326
1286 1327
1286 1328
1286 1329
1286 1330
1286 1331
1286 1332
1286 1333
1286 1334
1286 1335
1287 1287
1287 1288
1287 1289
1287 1290
1287 1291
1287 1292
1287 1293
1287 1294
1287 1295
1287 1296
1287 1297
1287 1298
1287 1299
1287 1300
1287 1301
1287 1302
1287 1303
1287 1304
1287 1305
1287 1306
1287 1307
1287 1308
1287 1309
1287 1310
1287 1311
1287 1312
1287 1313
1287 1314
1287 1315
1287 1316
1287 1317
1287 1318
1287 1319
1287 1320
1287 1321
1287 1322
1287 1323
1287 1324
1287 1325
1287 1326
1287 1327
1287 1328
1287 1329
1287 1330
1287 1331
1287 1332
1287 1333
1287 1334
1287 1335
1287 1336
1288 1288
1288 1289
1288 1290
1288 1291
1288 1292
1288 1293
1288 1294
1288 1295
1288 1296
1288 1297
1288 1298
1288 1299
1288 1300
1288 1301
1288 1302
1288 1303
1288 1304
1288 1305
1288 1306
1288 1307
1288 1308
1288 1309
1288 1310
1288 1311
1288 1312
1288 1313
1288 1314
1288 1315
1288 1316
1288 1317
1288 1318
1288 1319
1288 1320
1288 1321
1288 1322
1288 1323
1288 1324
1288 1325
1288 1326
1288 1327
1288 1328
1288 1329
1288 1330
1288 1331
1288 1332
1288 1333
1288 1334
1288 1335
1288 1336
1288 1337
1289 1289
1289 1290
1289 1291
1289 1292
1289 1293
1289 1294
1289 1295
1289 1296
1289 1297
1289 1298
1289 1299
1289 1300
1289 1301
1289 1302
1289 1303
1289 1304
1289 1305
1289 1306
1289 1307
1289 1308
1289 1309
1289 1310
1289 1311
1289 1312
1289 1313
1289 1314
1289 1315
1289 1316
1289 1317
1289 1318
1289 1319
1289 1320
1289 1321
1289 1322
1289 1323
1289 1324
1289 1325
1289 1326
1289 1327
1289 1328
1289 1329
1289 1330
1289 1331
1289 1332
1289 1333
1289 1334
1289 1335
1289 1336
1289 1337
1289 1338
1290 1290
1290 1291
1290 1292
1290 1293
1290 1294
1290 1295
1290 1296
1290 1297
1290 1298
1290 1299
1290 1300
1290 1301
1290 1302
1290 1303
1290 1304
1290 1305
1290 1306
1290 1307
1290 1308
1290 1309
1290 1310
1290 1311
1290 1312
1290 1313
1290 1314
1290 1315
1290 1316
1290 1317
1290 1318
1290 1319
1290 1320
1290 1321
1290 1322
1290 1323
1290 1324
1290 1325
1290 1326
1290 1327
1290 1328
1290 1329
1290 1330
1290 1331
1290 1332
1290 1333
1290 1334
1290 1335
1290 1336
1290 1337
1290 1338
1290 1339
1291 1291
1291 1292
1291 1293
1291 1294
1291 1295
1291 1296
1291 1297
1291 1298
1291 1299
1291 1300
1291 1301
1291 1302
1291 1303
1291 1304
1291 1305
1291 1306
1291 1307
1291 1308
1291 1309
1291 1310
1291 1311
1291 1312
1291 1313
1291 1314
1291 1315
1291 1316
1291 1317
1291 1318
1291 1319
1291 1320
1291 1321
1291 1322
1291 1323
1291 1324
1291 1325
1291 1326
1291 1327
1291 1328
1291 1329
1291 1330
1291 1331
1291 1332
1291 1333
1291 1334
1291 1335
1291 1336
1291 1337
1291 1338
1291 1339
1291 1340
1292 1292
1292 1293
1292 1294
1292 1295
1292 1296
1292 1297
1292 1298
1292 1299
1292 1300
1292 1301
1292 1302
1292 1303
1292 1304
1292 1305
1292 1306
1292 1307
1292 1308
1292 1309
1292 1310
1292 1311
1292 1312
1292 1313
1292 1314
1292 1315
1292 1316
1292 1317
1292 1318
1292 1319
1292 1320
1292 1321
1292 1322
1292 1323
1292 1324
1292 1325
1292 1326
1292 1327
1292 1328
1292 1329
1292 1330
1292 1331
1292 1332
1292 1333
1292 1334
1292 1335
1292 1336
1292 1337
1292 1338
1292 1339
1292 1340
1292 1341
1293 1293
1293 1294
1293 1295
1293 1296
1293 1297
1293 1298
1293 1299
1293 1300
1293 1301
1293 1302
1293 1303
1293 1304
1293 1305
1293 1306
1293 1307
1293 1308
1293 1309
1293 1310
1293 1311
1293 1312
1293 1313
1293 1314
1293 1315
1293 1316
1293 1317
1293 1318
1293 1319
1293 1320
1293 1321
1293 1322
1293 1323
1293 1324
1293 1325
1293 1326
1293 1327
1293 1328
1293 1329
1293 1330
1293 1331
1293 1332
1293 1333
1293 1334
1293 1335
1293 1336
1293 1337
1293 1338
1293 1339
1293 1340
1293 1341
1293 1342
1294 1294
1294 1295
1294 1296
1294 1297
1294 1298
1294 1299
1294 1300
1294 1301
1294 1302
1294 1303
1294 1304
1294 1305
1294 1306
1294 1307
1294 1308
1294 1309
1294 1310
1294 1311
1294 1312
1294 1313
1294 1314
1294 1315
1294 1316
1294 1317
1294 1318
1294 1319
1294 1320
1294 1321
1294 1322
1294 1323
1294 1324
1294 1325
1294 1326
1294 1327
1294 1328
1294 1329
1294 1330
1294 1331
1294 1332
1294 1333
1294 1334
1294 1335
1294 1336
1294 1337
1294 1338
1294 1339
1294 1340
1294 1341
1294 1342
1294 1343
1295 1295
1295 1296
1295 1297
1295 1298
1295 1299
1295 1300
1295 1301
1295 1302
1295 1303
1295 1304
1295 1305
1295 1306
1295 1307
1295 1308
1295 1309
1295 1310
1295 1311
1295 1312
1295 1313
1295 1314
1295 1315
1295 1316
1295 1317
1295 1318
1295 1319
1295 1320
1295 1321
1295 1322
1295 1323
1295 1324
1295 1325
1295 1326
1295 1327
1295 1328
1295 1329
1295 1330
1295 1331
1295 1332
1295 1333
1295 1334
1295 1335
1295 1336
1295 1337
1295 1338
1295 1339
1295 1340
1295 1341
1295 1342
1295 1343
1295 1344
1296 1296
1296 1297
1296 1298
1296 1299
1296 1300
1296 1301
1296 1302
1296 1303
1296 1304
1296 1305
1296 1306
1296 1307
1296 1308
1296 1309
1296 1310
1296 1311
1296 1312
1296 1313
1296 1314
1296 1315
1296 1316
1296 1317
1296 1318
1296 1319
1296 1320
1296 1321
1296 1322
1296 1323
1296 1324
1296 1325
1296 1326
1296 1327
1296 1328
1296 1329
1296 1330
1296 1331
1296 1332
1296 1333
1296 1334
1296 1335
1296 1336
1296 1337
1296 1338
1296 1339
1296 1340
1296 1341
1296 1342
1296 1343
1296 1344
1296 1345
1297 1297
1297 1298
1297 1299
1297 1300
1297 1301
1297 1302
1297 1303
1297 1304
1297 1305
1297 1306
1297 1307
1297 1308
1297 1309
1297 1310
1297 1311
1297 1312
1297 1313
1297 1314
1297 1315
1297 1316
1297 1317
1297 1318
1297 1319
1297 1320
1297 1321
1297 1322
1297 1323
1297 1324
1297 1325
1297 1326
1297 1327
1297 1328
1297 1329
1297 1330
1297 1331
1297 1332
1297 1333
1297 1334
1297 1335
1297 1336
1297 1337
1297 1338
1297 1339
1297 1340
1297 1341
1297 1342
1297 1343
1297 1344
1297 1345
1297 1346
1298 1298
1298 1299
1298 1300
1298 1301
1298 1302
1298 1303
1298 1304
1298 1305
1298 1306
1298 1307
1298 1308
1298 1309
1298 1310
1298 1311
1298 1312
1298 1313
1298 1314
1298 1315
1298 1316
1298 1317
1298 1318
1298 1319
1298 1320
1298 1321
1298 1322
1298 1323
1298 1324
1298 1325
1298 1326
1298 1327
1298 1328
1298 1329
1298 1330
1298 1331
1298 1332
1298 1333
1298 1334
1298 1335
1298 1336
1298 1337
1298 1338
1298 1339
1298 1340
1298 1341
1298 1342
1298 1343
1298 1344
1298 1345
1298 1346
1298 1347
1299 1299
1299 1300
1299 1301
1299 1302
1299 1303
1299 1304
1299 1305
1299 1306
1299 1307
1299 1308
1299 1309
1299 1310
1299 1311
1299 1312
1299 1313
1299 1314
1299 1315
1299 1316
1299 1317
1299 1318
1299 1319
1299 1320
1299 1321
1299 1322
1299 1323
1299 1324
1299 1325
1299 1326
1299 1327
1299 1328
1299 1329
1299 1330
1299 1331
1299 1332
1299 1333
1299 1334
1299 1335
1299 1336
1299 1337
1299 1338
1299 1339
1299 1340
1299 1341
1299 1342
1299 1343
1299 1344
1299 1345
1299 1346
1299 1347
1299 1348
1300 1300
1300 1301
1300 1302
1300 1303
1300 1304
1300 1305
1300 1306
1300 1307
1300 1308
1300 1309
1300 1310
1300 1311
1300 1312
1300 1313
1300 1314
1300 1315
1300 1316
1300 1317
1300 1318
1300 1319
1300 1320
1300 1321
1300 1322
1300 1323
1300 1324
1300 1325
1300 1326
1300 1327
1300 1328
1300 1329
1300 1330
1300 1331
1300 1332
1300 1333
1300 1334
1300 1335
1300 1336
1300 1337
1300 1338
1300 1339
1300 1340
1300 1341
1300 1342
1300 1343
1300 1344
1300 1345
1300 1346
1300 1347
1300 1348
1300 1349
1301 1301
1301 1302
1301 1303
1301 1304
1301 1305
1301 1306
1301 1307
1301 1308
1301 1309
1301 1310
1301 1311
1301 1312
1301 1313
1301 1314
1301 1315
1301 1316
1301 1317
1301 1318
1301 1319
1301 1320
1301 1321
1301 1322
1301 1323
1301 1324
1301 1325
1301 1326
1301 1327
1301 1328
1301 1329
1301 1330
1301 1331
1301 1332
1301 1333
1301 1334
1301 1335
1301 1336
1301 1337
1301 1338
1301 1339
1301 1340
1301 1341
1301 1342
1301 1343
1301 1344
1301 1345
1301 1346
1301 1347
1301 1348
1301 1349
1301 1350
1302 1302
1302 1303
1302 1304
1302 1305
1302 1306
1302 1307
1302 1308
1302 1309
1302 1310
1302 1311
1302 1312
1302 1313
1302 1314
1302 1315
1302 1316
1302 1317
1302 1318
1302 1319
1302 1320
1302 1321
1302 1322
1302 1323
1302 1324
1302 1325
1302 1326
1302 1327
1302 1328
1302 1329
1302 1330
1302 1331
1302 1332
1302 1333
1302 1334
1302 1335
1302 1336
1302 1337
1302 1338
1302 1339
1302 1340
1302 1341
1302 1342
1302 1343
1302 1344
1302 1345
1302 1346
1302 1347
1302 1348
1302 1349
1302 1350
1302 1351
1303 1303
1303 1304
1303 1305
1303 1306
1303 1307
1303 1308
1303 1309
1303 1310
1303 1311
1303 1312
1303 1313
1303 1314
1303 1315
1303 1316
1303 1317
1303 1318
1303 1319
1303 1320
1303 1321
1303 1322
1303 1323
1303 1324
1303 1325
1303 1326
1303 1327
1303 1328
1303 1329
1303 1330
1303 1331
1303 1332
1303 1333
1303 1334
1303 1335
1303 1336
1303 1337
1303 1338
1303 1339
1303 1340
1303 1341
1303 1342
1303 1343
1303 1344
1303 1345
1303 1346
1303 1347
1303 1348
1303 1349
1303 1350
1303 1351
1303 1352
1304 1304
1304 1305
1304 1306
1304 1307
1304 1308
1304 1309
1304 1310
1304 1311
1304 1312
1304 1313
1304 1314
1304 1315
1304 1316
1304 1317
1304 1318
1304 1319
1304 1320
1304 1321
1304 1322
1304 1323
1304 1324
1304 1325
1304 1326
1304 1327
1304 1328
1304 1329
1304 1330
1304 1331
1304 1332
1304 1333
1304 1334
1304 1335
1304 1336
1304 1337
1304 1338
1304 1339
1304 1340
1304 1341
1304 1342
1304 1343
1304 1344
1304 1345
1304 1346
1304 1347
1304 1348
1304 1349
1304 1350
1304 1351
1304 1352
1304 1353
1305 1305
1305 1306
1305 1307
1305 1308
1305 1309
1305 1310
1305 1311
1305 1312
1305 1313
1305 1314
1305 1315
1305 1316
1305 1317
1305 1318
1305 1319
1305 1320
1305 1321
1305 1322
1305 1323
1305 1324
1305 1325
1305 1326
1305 1327
1305 1328
1305 1329
1305 1330
1305 1331
1305 1332
1305 1333
1305 1334
1305 1335
1305 1336
1305 1337
1305 1338
1305 1339
1305 1340
1305 1341
1305 1342
1305 1343
1305 1344
1305 1345
1305 1346
1305 1347
1305 1348
1305 1349
1305 1350
1305 1351
1305 1352
1305 1353
1305 1354
1306 1306
1306 1307
1306 1308
1306 1309
1306 1310
1306 1311
1306 1312
1306 1313
1306 1314
1306 1315
1306 1316
1306 1317
1306 1318
1306 1319
1306 1320
1306 1321
1306 1322
1306 1323
1306 1324
1306 1325
1306 1326
1306 1327
1306 1328
1306 1329
1306 1330
1306 1331
1306 1332
1306 1333
1306 1334
1306 1335
1306 1336
1306 1337
1306 1338
1306 1339
1306 1340
1306 1341
1306 1342
1306 1343
1306 1344
1306 1345
1306 1346
1306 1347
1306 1348
1306 1349
1306 1350
1306 1351
1306 1352
1306 1353
1306 1354
1306 1355
1307 1307
1307 1308
1307 1309
1307 1310
1307 1311
1307 1312
1307 1313
1307 1314
1307 1315
1307 1316
1307 1317
1307 1318
1307 1319
1307 1320
1307 1321
1307 1322
1307 1323
1307 1324
1307 1325
1307 1326
1307 1327
1307 1328
1307 1329
1307 1330
1307 1331
1307 1332
1307 1333
1307 1334
1307 1335
1307 1336
1307 1337
1307 1338
1307 1339
1307 1340
1307 1341
1307 1342
1307 1343
1307 1344
1307 1345
1307 1346
1307 1347
1307 1348
1307 1349
1307 1350
1307 1351
1307 1352
1307 1353
1307 1354
1307 1355
1307 1356
1308 1308
1308 1309
1308 1310
1308 1311
1308 1312
1308 1313
1308 1314
1308 1315
1308 1316
1308 1317
1308 1318
1308 1319
1308 1320
1308 1321
1308 1322
1308 1323
1308 1324
1308 1325
1308 1326
1308 1327
1308 1328
1308 1329
1308 1330
1308 1331
1308 1332
1308 1333
1308 1334
1308 1335
1308 1336
1308 1337
1308 1338
1308 1339
1308 1340
1308 1341
1308 1342
1308 1343
1308 1344
1308 1345
1308 1346
1308 1347
1308 1348
1308 1349
1308 1350
1308 1351
1308 1352
1308 1353
1308 1354
1308 1355
1308 1356
1308 1357
1309 1309
1309 1310
1309 1311
1309 1312
1309 1313
1309 1314
1309 1315
1309 1316
1309 1317
1309 1318
1309 1319
1309 1320
1309 1321
1309 1322
1309 1323
1309 1324
1309 1325
1309 1326
1309 1327
1309 1328
1309 1329
1309 1330
1309 1331
1309 1332
1309 1333
1309 1334
1309 1335
1309 1336
1309 1337
1309 1338
1309 1339
1309 1340
1309 1341
1309 1342
1309 1343
1309 1344
1309 1345
1309 1346
1309 1347
1309 1348
1309 1349
1309 1350
1309 1351
1309 1352
1309 1353
1309 1354
1309 1355
1309 1356
1309 1357
1309 1358
1310 1310
1310 1311
1310 1312
1310 1313
1310 1314
1310 1315
1310 1316
1310 1317
1310 1318
1310 1319
1310 1320
1310 1321
1310 1322
1310 1323
1310 1324
1310 1325
1310 1326
1310 1327
1310 1328
1310 1329
1310 1330
1310 1331
1310 1332
1310 1333
1310 1334
1310 1335
1310 1336
1310 1337
1310 1338
1310 1339
1310 1340
1310 1341
1310 1342
1310 1343
1310 1344
1310 1345
1310 1346
1310 1347
1310 1348
1310 1349
1310 1350
1310 1351
1310 1352
1310 1353
1310 1354
1310 1355
1310 1356
1310 1357
1310 1358
1310 1359
1311 1311
1311 1312
1311 1313
1311 1314
1311 1315
1311 1316
1311 1317
1311 1318
1311 1319
1311 1320
1311 1321
1311 1322
1311 1323
1311 1324
1311 1325
1311 1326
1311 1327
1311 1328
1311 1329
1311 1330
1311 1331
1311 1332
1311 1333
1311 1334
1311 1335
1311 1336
1311 1337
1311 1338
1311 1339
1311 1340
1311 1341
1311 1342
1311 1343
1311 1344
1311 1345
1311 1346
1311 1347
1311 1348
1311 1349
1311 1350
1311 1351
1311 1352
1311 1353
1311 1354
1311 1355
1311 1356
1311 1357
1311 1358
1311 1359
1311 1360
1312 1312
1312 1313
1312 1314
1312 1315
1312 1316
1312 1317
1312 1318
1312 1319
1312 1320
1312 1321
1312 1322
1312 1323
1312 1324
1312 1325
1312 1326
1312 1327
1312 1328
1312 1329
1312 1330
1312 1331
1312 1332
1312 1333
1312 1334
1312 1335
1312 1336
1312 1337
1312 1338
1312 1339
1312 1340
1312 1341
1312 1342
1312 1343
1312 1344
1312 1345
1312 1346
1312 1347
1312 1348
1312 1349
1312 1350
1312 1351
1312 1352
1312 1353
1312 1354
1312 1355
1312 1356
1312 1357
1312 1358
1312 1359
1312 1360
1312 1361
1313 1313
1313 1314
1313 1315
1313 1316
1313 1317
1313 1318
1313 1319
1313 1320
1313 1321
1313 1322
1313 1323
1313 1324
1313 1325
1313 1326
1313 1327
1313 1328
1313 1329
1313 1330
1313 1331
1313 1332
1313 1333
1313 1334
1313 1335
1313 1336
1313 1337
1313 1338
1313 1339
1313 1340
1313 1341
1313 1342
1313 1343
1313 1344
1313 1345
1313 1346
1313 1347
1313 1348
1313 1349
1313 1350
1313 1351
1313 1352
1313 1353
1313 1354
1313 1355
1313 1356
1313 1357
1313 1358
1313 1359
1313 1360
1313 1361
1313 1362
1314 1314
1314 1315
1314 1316
1314 1317
1314 1318
1314 1319
1314 1320
1314 1321
1314 1322
1314 1323
1314 1324
1314 1325
1314 1326
1314 1327
1314 1328
1314 1329
1314 1330
1314 1331
1314 1332
1314 1333
1314 1334
1314 1335
1314 1336
1314 1337
1314 1338
1314 1339
1314 1340
1314 1341
1314 1342
1314 1343
1314 1344
1314 1345
1314 1346
1314 1347
1314 1348
1314 1349
1314 1350
1314 1351
1314 1352
1314 1353
1314 1354
1314 1355
1314 1356
1314 1357
1314 1358
1314 1359
1314 1360
1314 1361
1314 1362
1314 1363
1315 1315
1315 1316
1315 1317
1315 1318
1315 1319
1315 1320
1315 1321
1315 1322
1315 1323
1315 1324
1315 1325
1315 1326
1315 1327
1315 1328
1315 1329
1315 1330
1315 1331
1315 1332
1315 1333
1315 1334
1315 1335
1315 1336
1315 1337
1315 1338
1315 1339
1315 1340
1315 1341
1315 1342
1315 1343
1315 1344
1315 1345
1315 1346
1315 1347
1315 1348
1315 1349
1315 1350
1315 1351
1315 1352
1315 1353
1315 1354
1315 1355
1315 1356
1315 1357
1315 1358
1315 1359
1315 1360
1315 1361
1315 1362
1315 1363
1315 1364
1316 1316
1316 1317
1316 1318
1316 1319
1316 1320
1316 1321
1316 1322
1316 1323
1316 1324
1316 1325
1316 1326
1316 1327
1316 1328
1316 1329
1316 1330
1316 1331
1316 1332
1316 1333
1316 1334
1316 1335
1316 1336
1316 1337
1316 1338
1316 1339
1316 1340
1316 1341
1316 1342
1316 1343
1316 1344
1316 1345
1316 1346
1316 1347
1316 1348
1316 1349
1316 1350
1316 1351
1316 1352
1316 1353
1316 1354
1316 1355
1316 1356
1316 1357
1316 1358
1316 1359
1316 1360
1316 1361
1316 1362
1316 1363
1316 1364
1316 1365
1317 1317
1317 1318
1317 1319
1317 1320
1317 1321
1317 1322
1317 1323
1317 1324
1317 1325
1317 1326
1317 1327
1317 1328
1317 1329
1317 1330
1317 1331
1317 1332
1317 1333
1317 1334
1317 1335
1317 1336
1317 1337
1317 1338
1317 1339
1317 1340
1317 1341
1317 1342
1317 1343
1317 1344
1317 1345
1317 1346
1317 1347
1317 1348
1317 1349
1317 1350
1317 1351
1317 1352
1317 1353
1317 1354
1317 1355
1317 1356
1317 1357
1317 1358
1317 1359
1317 1360
1317 1361
1317 1362
1317 1363
1317 1364
1317 1365
1317 1366
1318 1318
1318 1319
1318 1320
1318 1321
1318 1322
1318 1323
1318 1324
1318 1325
1318 1326
1318 1327
1318 1328
1318 1329
1318 1330
1318 1331
1318 1332
1318 1333
1318 1334
1318 1335
1318 1336
1318 1337
1318 1338
1318 1339
1318 1340
1318 1341
1318 1342
1318 1343
1318 1344
1318 1345
1318 1346
1318 1347
1318 1348
1318 1349
1318 1350
1318 1351
1318 1352
1318 1353
1318 1354
1318 1355
1318 1356
1318 1357
1318 1358
1318 1359
1318 1360
1318 1361
1318 1362
1318 1363
1318 1364
1318 1365
1318 1366
1318 1367
1319 1319
1319 1320
1319 1321
1319 1322
1319 1323
1319 1324
1319 1325
1319 1326
1319 1327
1319 1328
1319 1329
1319 1330
1319 1331
1319 1332
1319 1333
1319 1334
1319 1335
1319 1336
1319 1337
1319 1338
1319 1339
1319 1340
1319 1341
1319 1342
1319 1343
1319 1344
1319 1345
1319 1346
1319 1347
1319 1348
1319 1349
1319 1350
1319 1351
1319 1352
1319 1353
1319 1354
1319 1355
1319 1356
1319 1357
1319 1358
1319 1359
1319 1360
1319 1361
1319 1362
1319 1363
1319 1364
1319 1365
1319 1366
1319 1367
1319 1368
1320 1320
1320 1321
1320 1322
1320 1323
1320 1324
1320 1325
1320 1326
1320 1327
1320 1328
1320 1329
1320 1330
1320 1331
1320 1332
1320 1333
1320 1334
1320 1335
1320 1336
1320 1337
1320 1338
1320 1339
1320 1340
1320 1341
1320 1342
1320 1343
1320 1344
1320 1345
1320 1346
1320 1347
1320 1348
1320 1349
1320 1350
1320 1351
1320 1352
1320 1353
1320 1354
1320 1355
1320 1356
1320 1357
1320 1358
1320 1359
1320 1360
1320 1361
1320 1362
1320 1363
1320 1364
1320 1365
1320 1366
1320 1367
1320 1368
1320 1369
1321 1321
1321 1322
1321 1323
1321 1324
1321 1325
1321 1326
1321 1327
1321 1328
1321 1329
1321 1330
1321 1331
1321 1332
1321 1333
1321 1334
1321 1335
1321 1336
1321 1337
1321 1338
1321 1339
1321 1340
1321 1341
1321 1342
1321 1343
1321 1344
1321 1345
1321 1346
1321 1347
1321 1348
1321 1349
1321 1350
1321 1351
1321 1352
1321 1353
1321 1354
1321 1355
1321 1356
1321 1357
1321 1358
1321 1359
1321 1360
1321 1361
1321 1362
1321 1363
1321 1364
1321 1365
1321 1366
1321 1367
1321 1368
1321 1369
1321 1370
1322 1322
1322 1323
1322 1324
1322 1325
1322 1326
1322 1327
1322 1328
1322 1329
1322 1330
1322 1331
1322 1332
1322 1333
1322 1334
1322 1335
1322 1336
1322 1337
1322 1338
1322 1339
1322 1340
1322 1341
1322 1342
1322 1343
1322 1344
1322 1345
1322 1346
1322 1347
1322 1348
1322 1349
1322 1350
1322 1351
1322 1352
1322 1353
1322 1354
1322 1355
1322 1356
1322 1357
1322 1358
1322 1359
1322 1360
1322 1361
1322 1362
1322 1363
1322 1364
1322 1365
1322 1366
1322 1367
1322 1368
1322 1369
1322 1370
1322 1371
1323 1323
1323 1324
1323 1325
1323 1326
1323 1327
1323 1328
1323 1329
1323 1330
1323 1331
1323 1332
1323 1333
1323 1334
1323 1335
1323 1336
1323 1337
1323 1338
1323 1339
1323 1340
1323 1341
1323 1342
1323 1343
1323 1344
1323 1345
1323 1346
1323 1347
1323 1348
1323 1349
1323 1350
1323 1351
1323 1352
1323 1353
1323 1354
1323 1355
1323 1356
1323 1357
1323 1358
1323 1359
1323 1360
1323 1361
1323 1362
1323 1363
1323 1364
1323 1365
1323 1366
1323 1367
1323 1368
1323 1369
1323 1370
1323 1371
1323 1372
1324 1324
1324 1325
1324 1326
1324 1327
1324 1328
1324 1329
1324 1330
1324 1331
1324 1332
1324 1333
1324 1334
1324 1335
1324 1336
1324 1337
1324 1338
1324 1339
1324 1340
1324 1341
1324 1342
1324 1343
1324 1344
1324 1345
1324 1346
1324 1347
1324 1348
1324 1349
1324 1350
1324 1351
1324 1352
1324 1353
1324 1354
1324 1355
1324 1356
1324 1357
1324 1358
1324 1359
1324 1360
1324 1361
1324 1362
1324 1363
1324 1364
1324 1365
1324 1366
1324 1367
1324 1368
1324 1369
1324 1370
1324 1371
1324 1372
1324 1373
1325 1325
1325 1326
1325 1327
1325 1328
1325 1329
1325 1330
1325 1331
1325 1332
1325 1333
1325 1334
1325 1335
1325 1336
1325 1337
1325 1338
1325 1339
1325 1340
1325 1341
1325 1342
1325 1343
1325 1344
1325 1345
1325 1346
1325 1347
1325 1348
1325 1349
1325 1350
1325 1351
1325 1352
1325 1353
1325 1354
1325 1355
1325 1356
1325 1357
1325 1358
1325 1359
1325 1360
1325 1361
1325 1362
1325 1363
1325 1364
1325 1365
1325 1366
1325 1367
1325 1368
1325 1369
1325 1370
1325 1371
1325 1372
1325 1373
1325 1374
1326 1326
1326 1327
1326 1328
1326 1329
1326 1330
1326 1331
1326 1332
1326 1333
1326 1334
1326 1335
1326 1336
1326 1337
1326 1338
1326 1339
1326 1340
1326 1341
1326 1342
1326 1343
1326 1344
1326 1345
1326 1346
1326 1347
1326 1348
1326 1349
1326 1350
1326 1351
1326 1352
1326 1353
1326 1354
1326 1355
1326 1356
1326 1357
1326 1358
1326 1359
1326 1360
1326 1361
1326 1362
1326 1363
1326 1364
1326 1365
1326 1366
1326 1367
1326 1368
1326 1369
1326 1370
1326 1371
1326 1372
1326 1373
1326 1374
1326 1375
1327 1327
1327 1328
1327 1329
1327 1330
1327 1331
1327 1332
1327 1333
1327 1334
1327 1335
1327 1336
1327 1337
1327 1338
1327 1339
1327 1340
1327 1341
1327 1342
1327 1343
1327 1344
1327 1345
1327 1346
1327 1347
1327 1348
1327 1349
1327 1350
1327 1351
1327 1352
1327 1353
1327 1354
1327 1355
1327 1356
1327 1357
1327 1358
1327 1359
1327 1360
1327 1361
1327 1362
1327 1363
1327 1364
1327 1365
1327 1366
1327 1367
1327 1368
1327 1369
1327 1370
1327 1371
1327 1372
1327 1373
1327 1374
1327 1375
1327 1376
1328 1328
1328 1329
1328 1330
1328 1331
1328 1332
1328 1333
1328 1334
1328 1335
1328 1336
1328 1337
1328 1338
1328 1339
1328 1340
1328 1341
1328 1342
1328 1343
1328 1344
1328 1345
1328 1346
1328 1347
1328 1348
1328 1349
1328 1350
1328 1351
1328 1352
1328 1353
1328 1354
1328 1355
1328 1356
1328 1357
1328 1358
1328 1359
1328 1360
1328 1361
1328 1362
1328 1363
1328 1364
1328 1365
1328 1366
1328 1367
1328 1368
1328 1369
1328 1370
1328 1371
1328 1372
1328 1373
1328 1374
1328 1375
1328 1376
1328 1377
1329 1329
1329 1330
1329 1331
1329 1332
1329 1333
1329 1334
1329 1335
1329 1336
1329 1337
1329 1338
1329 1339
1329 1340
1329 1341
1329 1342
1329 1343
1329 1344
1329 1345
1329 1346
1329 1347
1329 1348
1329 1349
1329 1350
1329 1351
1329 1352
1329 1353
1329 1354
1329 1355
1329 1356
1329 1357
1329 1358
1329 1359
1329 1360
1329 1361
1329 1362
1329 1363
1329 1364
1329 1365
1329 1366
1329 1367
1329 1368
1329 1369
1329 1370
1329 1371
1329 1372
1329 1373
1329 1374
1329 1375
1329 1376
1329 1377
1329 1378
1330 1330
1330 1331
1330 1332
1330 1333
1330 1334
1330 1335
1330 1336
1330 1337
1330 1338
1330 1339
1330 1340
1330 1341
1330 1342
1330 1343
1330 1344
1330 1345
1330 1346
1330 1347
1330 1348
1330 1349
1330 1350
1330 1351
1330 1352
1330 1353
1330 1354
1330 1355
1330 1356
1330 1357
1330 1358
1330 1359
1330 1360
1330 1361
1330 1362
1330 1363
1330 1364
1330 1365
1330 1366
1330 1367
1330 1368
1330 1369
1330 1370
1330 1371
1330 1372
1330 1373
1330 1374
1330 1375
1330 1376
1330 1377
1330 1378
1330 1379
1331 1331
1331 1332
1331 1333
1331 1334
1331 1335
1331 1336
1331 1337
1331 1338
1331 1339
1331 1340
1331 1341
1331 1342
1331 1343
1331 1344
1331 1345
1331 1346
1331 1347
1331 1348
1331 1349
1331 1350
1331 1351
1331 1352
1331 1353
1331 1354
1331 1355
1331 1356
1331 1357
1331 1358
1331 1359
1331 1360
1331 1361
1331 1362
1331 1363
1331 1364
1331 1365
1331 1366
1331 1367
1331 1368
1331 1369
1331 1370
1331 1371
1331 1372
1331 1373
1331 1374
1331 1375
1331 1376
1331 1377
1331 1378
1331 1379
1331 1380
1332 1332
1332 1333
1332 1334
1332 1335
1332 1336
1332 1337
1332 1338
1332 1339
1332 1340
1332 1341
1332 1342
1332 1343
1332 1344
1332 1345
1332 1346
1332 1347
1332 1348
1332 1349
1332 1350
1332 1351
1332 1352
1332 1353
1332 1354
1332 1355
1332 1356
1332 1357
1332 1358
1332 1359
1332 1360
1332 1361
1332 1362
1332 1363
1332 1364
1332 1365
1332 1366
1332 1367
1332 1368
1332 1369
1332 1370
1332 1371
1332 1372
1332 1373
1332 1374
1332 1375
1332 1376
1332 1377
1332 1378
1332 1379
1332 1380
1332 1381
1333 1333
1333 1334
1333 1335
1333 1336
1333 1337
1333 1338
1333 1339
1333 1340
1333 1341
1333 1342
1333 1343
1333 1344
1333 1345
1333 1346
1333 1347
1333 1348
1333 1349
1333 1350
1333 1351
1333 1352
1333 1353
1333 1354
1333 1355
1333 1356
1333 1357
1333 1358
1333 1359
1333 1360
1333 1361
1333 1362
1333 1363
1333 1364
1333 1365
1333 1366
1333 1367
1333 1368
1333 1369
1333 1370
1333 1371
1333 1372
1333 1373
1333 1374
1333 1375
1333 1376
1333 1377
1333 1378
1333 1379
1333 1380
1333 1381
1333 1382
1334 1334
1334 1335
1334 1336
1334 1337
1334 1338
1334 1339
1334 1340
1334 1341
1334 1342
1334 1343
1334 1344
1334 1345
1334 1346
1334 1347
1334 1348
1334 1349
1334 1350
1334 1351
1334 1352
1334 1353
1334 1354
1334 1355
1334 1356
1334 1357
1334 1358
1334 1359
1334 1360
1334 1361
1334 1362
1334 1363
1334 1364
1334 1365
1334 1366
1334 1367
1334 1368
1334 1369
1334 1370
1334 1371
1334 1372
1334 1373
1334 1374
1334 1375
1334 1376
1334 1377
1334 1378
1334 1379
1334 1380
1334 1381
1334 1382
1334 1383
1335 1335
1335 1336
1335 1337
1335 1338
1335 1339
1335 1340
1335 1341
1335 1342
1335 1343
1335 1344
1335 1345
1335 1346
1335 1347
1335 1348
1335 1349
1335 1350
1335 1351
1335 1352
1335 1353
1335 1354
1335 1355
1335 1356
1335 1357
1335 1358
1335 1359
1335 1360
1335 1361
1335 1362
1335 1363
1335 1364
1335 1365
1335 1366
1335 1367
1335 1368
1335 1369
1335 1370
1335 1371
1335 1372
1335 1373
1335 1374
1335 1375
1335 1376
1335 1377
1335 1378
1335 1379
1335 1380
1335 1381
1335 1382
1335 1383
1335 1384
1336 1336
1336 1337
1336 1338
1336 1339
1336 1340
1336 1341
1336 1342
1336 1343
1336 1344
1336 1345
1336 1346
1336 1347
1336 1348
1336 1349
1336 1350
1336 1351
1336 1352
1336 1353
1336 1354
1336 1355
1336 1356
1336 1357
1336 1358
1336 1359
1336 1360
1336 1361
1336 1362
1336 1363
1336 1364
1336 1365
1336 1366
1336 1367
1336 1368
1336 1369
1336 1370
1336 1371
1336 1372
1336 1373
1336 1374
1336 1375
1336 1376
1336 1377
1336 1378
1336 1379
1336 1380
1336 1381
1336 1382
1336 1383
1336 1384
1336 1385
1337 1337
1337 1338
1337 1339
1337 1340
1337 1341
1337 1342
1337 1343
1337 1344
1337 1345
1337 1346
1337 1347
1337 1348
1337 1349
1337 1350
1337 1351
1337 1352
1337 1353
1337 1354
1337 1355
1337 1356
1337 1357
1337 1358
1337 1359
1337 1360
1337 1361
1337 1362
1337 1363
1337 1364
1337 1365
1337 1366
1337 1367
1337 1368
1337 1369
1337 1370
1337 1371
1337 1372
1337 1373
1337 1374
1337 1375
1337 1376
1337 1377
1337 1378
1337 1379
1337 1380
1337 1381
1337 1382
1337 1383
1337 1384
1337 1385
1337 1386
1338 1338
1338 1339
1338 1340
1338 1341
1338 1342
1338 1343
1338 1344
1338 1345
1338 1346
1338 1347
1338 1348
1338 1349
1338 1350
1338 1351
1338 1352
1338 1353
1338 1354
1338 1355
1338 1356
1338 1357
1338 1358
1338 1359
1338 1360
1338 1361
1338 1362
1338 1363
1338 1364
1338 1365
1338 1366
1338 1367
1338 1368
1338 1369
1338 1370
1338 1371
1338 1372
1338 1373
1338 1374
1338 1375
1338 1376
1338 1377
1338 1378
1338 1379
1338 1380
1338 1381
1338 1382
1338 1383
1338 1384
1338 1385
1338 1386
1338 1387
1339 1339
1339 1340
1339 1341
1339 1342
1339 1343
1339 1344
1339 1345
1339 1346
1339 1347
1339 1348
1339 1349
1339 1350
1339 1351
1339 1352
1339 1353
1339 1354
1339 1355
1339 1356
1339 1357
1339 1358
1339 1359
1339 1360
1339 1361
1339 1362
1339 1363
1339 1364
1339 1365
1339 1366
1339 1367
1339 1368
1339 1369
1339 1370
1339 1371
1339 1372
1339 1373
1339 1374
1339 1375
1339 1376
1339 1377
1339 1378
1339 1379
1339 1380
1339 1381
1339 1382
1339 1383
1339 1384
1339 1385
1339 1386
1339 1387
1339 1388
1340 1340
1340 1341
1340 1342
1340 1343
1340 1344
1340 1345
1340 1346
1340 1347
1340 1348
1340 1349
1340 1350
1340 1351
1340 1352
1340 1353
1340 1354
1340 1355
1340 1356
1340 1357
1340 1358
1340 1359
1340 1360
1340 1361
1340 1362
1340 1363
1340 1364
1340 1365
1340 1366
1340 1367
1340 1368
1340 1369
1340 1370
1340 1371
1340 1372
1340 1373
1340 1374
1340 1375
1340 1376
1340 1377
1340 1378
1340 1379
1340 1380
1340 1381
1340 1382
1340 1383
1340 1384
1340 1385
1340 1386
1340 1387
1340 1388
1340 1389
1341 1341
1341 1342
1341 1343
1341 1344
1341 1345
1341 1346
1341 1347
1341 1348
1341 1349
1341 1350
1341 1351
1341 1352
1341 1353
1341 1354
1341 1355
1341 1356
1341 1357
1341 1358
1341 1359
1341 1360
1341 1361
1341 1362
1341 1363
1341 1364
1341 1365
1341 1366
1341 1367
1341 1368
1341 1369
1341 1370
1341 1371
1341 1372
1341 1373
1341 1374
1341 1375
1341 1376
1341 1377
1341 1378
1341 1379
1341 1380
1341 1381
1341 1382
1341 1383
1341 1384
1341 1385
1341 1386
1341 1387
1341 1388
1341 1389
1341 1390
1342 1342
1342 1343
1342 1344
1342 1345
1342 1346
1342 1347
1342 1348
1342 1349
1342 1350
1342 1351
1342 1352
1342 1353
1342 1354
1342 1355
1342 1356
1342 1357
1342 1358
1342 1359
1342 1360
1342 1361
1342 1362
1342 1363
1342 1364
1342 1365
1342 1366
1342 1367
1342 1368
1342 1369
1342 1370
1342 1371
1342 1372
1342 1373
1342 1374
1342 1375
1342 1376
1342 1377
1342 1378
1342 1379
1342 1380
1342 1381
1342 1382
1342 1383
1342 1384
1342 1385
1342 1386
1342 1387
1342 1388
1342 1389
1342 1390
1342 1391
1343 1343
1343 1344
1343 1345
1343 1346
1343 1347
1343 1348
1343 1349
1343 1350
1343 1351
1343 1352
1343 1353
1343 1354
1343 1355
1343 1356
1343 1357
1343 1358
1343 1359
1343 1360
1343 1361
1343 1362
1343 1363
1343 1364
1343 1365
1343 1366
1343 1367
1343 1368
1343 1369
1343 1370
1343 1371
1343 1372
1343 1373
1343 1374
1343 1375
1343 1376
1343 1377
1343 1378
1343 1379
1343 1380
1343 1381
1343 1382
1343 1383
1343 1384
1343 1385
1343 1386
1343 1387
1343 1388
1343 1389
1343 1390
1343 1391
1343 1392
1344 1344
1344 1345
1344 1346
1344 1347
1344 1348
1344 1349
1344 1350
1344 1351
1344 1352
1344 1353
1344 1354
1344 1355
1344 1356
1344 1357
1344 1358
1344 1359
1344 1360
1344 1361
1344 1362
1344 1363
1344 1364
1344 1365
1344 1366
1344 1367
1344 1368
1344 1369
1344 1370
1344 1371
1344 1372
1344 1373
1344 1374
1344 1375
1344 1376
1344 1377
1344 1378
1344 1379
1344 1380
1344 1381
1344 1382
1344 1383
1344 1384
1344 1385
1344 1386
1344 1387
1344 1388
1344 1389
1344 1390
1344 1391
1344 1392
1344 1393
1345 1345
1345 1346
1345 1347
1345 1348
1345 1349
1345 1350
1345 1351
1345 1352
1345 1353
1345 1354
1345 1355
1345 1356
1345 1357
1345 1358
1345 1359
1345 1360
1345 1361
1345 1362
1345 1363
1345 1364
1345 1365
1345 1366
1345 1367
1345 1368
1345 1369
1345 1370
1345 1371
1345 1372
1345 1373
1345 1374
1345 1375
1345 1376
1345 1377
1345 1378
1345 1379
1345 1380
1345 1381
1345 1382
1345 1383
1345 1384
1345 1385
1345 1386
1345 1387
1345 1388
1345 1389
1345 1390
1345 1391
1345 1392
1345 1393
1345 1394
1346 1346
1346 1347
1346 1348
1346 1349
1346 1350
1346 1351
1346 1352
1346 1353
1346 1354
1346 1355
1346 1356
1346 1357
1346 1358
1346 1359
1346 1360
1346 1361
1346 1362
1346 1363
1346 1364
1346 1365
1346 1366
1346 1367
1346 1368
1346 1369
1346 1370
1346 1371
1346 1372
1346 1373
1346 1374
1346 1375
1346 1376
1346 1377
1346 1378
1346 1379
1346 1380
1346 1381
1346 1382
1346 1383
1346 1384
1346 1385
1346 1386
1346 1387
1346 1388
1346 1389
1346 1390
1346 1391
1346 1392
1346 1393
1346 1394
1346 1395
1347 1347
1347 1348
1347 1349
1347 1350
1347 1351
1347 1352
1347 1353
1347 1354
1347 1355
1347 1356
1347 1357
1347 1358
1347 1359
1347 1360
1347 1361
1347 1362
1347 1363
1347 1364
1347 1365
1347 1366
1347 1367
1347 1368
1347 1369
1347 1370
1347 1371
1347 1372
1347 1373
1347 1374
1347 1375
1347 1376
1347 1377
1347 1378
1347 1379
1347 1380
1347 1381
1347 1382
1347 1383
1347 1384
1347 1385
1347 1386
1347 1387
1347 1388
1347 1389
1347 1390
1347 1391
1347 1392
1347 1393
1347 1394
1347 1395
1347 1396
1348 1348
1348 1349
1348 1350
1348 1351
1348 1352
1348 1353
1348 1354
1348 1355
1348 1356
1348 1357
1348 1358
1348 1359
1348 1360
1348 1361
1348 1362
1348 1363
1348 1364
1348 1365
1348 1366
1348 1367
1348 1368
1348 1369
1348 1370
1348 1371
1348 1372
1348 1373
1348 1374
1348 1375
1348 1376
1348 1377
1348 1378
1348 1379
1348 1380
1348 1381
1348 1382
1348 1383
1348 1384
1348 1385
1348 1386
1348 1387
1348 1388
1348 1389
1348 1390
1348 1391
1348 1392
1348 1393
1348 1394
1348 1395
1348 1396
1348 1397
1349 1349
1349 1350
1349 1351
1349 1352
1349 1353
1349 1354
1349 1355
1349 1356
1349 1357
1349 1358
1349 1359
1349 1360
1349 1361
1349 1362
1349 1363
1349 1364
1349 1365
1349 1366
1349 1367
1349 1368
1349 1369
1349 1370
1349 1371
1349 1372
1349 1373
1349 1374
1349 1375
1349 1376
1349 1377
1349 1378
1349 1379
1349 1380
1349 1381
1349 1382
1349 1383
1349 1384
1349 1385
1349 1386
1349 1387
1349 1388
1349 1389
1349 1390
1349 1391
1349 1392
1349 1393
1349 1394
1349 1395
1349 1396
1349 1397
1349 1398
1350 1350
1350 1351
1350 1352
1350 1353
1350 1354
1350 1355
1350 1356
1350 1357
1350 1358
1350 1359
1350 1360
1350 1361
1350 1362
1350 1363
1350 1364
1350 1365
1350 1366
1350 1367
1350 1368
1350 1369
1350 1370
1350 1371
1350 1372
1350 1373
1350 1374
1350 1375
1350 1376
1350 1377
1350 1378
1350 1379
1350 1380
1350 1381
1350 1382
1350 1383
1350 1384
1350 1385
1350 1386
1350 1387
1350 1388
1350 1389
1350 1390
1350 1391
1350 1392
1350 1393
1350 1394
1350 1395
1350 1396
1350 1397
1350 1398
1350 1399
1351 1351
1351 1352
1351 1353
1351 1354
1351 1355
1351 1356
1351 1357
1351 1358
1351 1359
1351 1360
1351 1361
1351 1362
1351 1363
1351 1364
1351 1365
1351 1366
1351 1367
1351 1368
1351 1369
1351 1370
1351 1371
1351 1372
1351 1373
1351 1374
1351 1375
1351 1376
1351 1377
1351 1378
1351 1379
1351 1380
1351 1381
1351 1382
1351 1383
1351 1384
1351 1385
1351 1386
1351 1387
1351 1388
1351 1389
1351 1390
1351 1391
1351 1392
1351 1393
1351 1394
1351 1395
1351 1396
1351 1397
1351 1398
1351 1399
1351 1400
1352 1352
1352 1353
1352 1354
1352 1355
1352 1356
1352 1357
1352 1358
1352 1359
1352 1360
1352 1361
1352 1362
1352 1363
1352 1364
1352 1365
1352 1366
1352 1367
1352 1368
1352 1369
1352 1370
1352 1371
1352 1372
1352 1373
1352 1374
1352 1375
1352 1376
1352 1377
1352 1378
1352 1379
1352 1380
1352 1381
1352 1382
1352 1383
1352 1384
1352 1385
1352 1386
1352 1387
1352 1388
1352 1389
1352 1390
1352 1391
1352 1392
1352 1393
1352 1394
1352 1395
1352 1396
1352 1397
1352 1398
1352 1399
1352 1400
1352 1401
1353 1353
1353 1354
1353 1355
1353 1356
1353 1357
1353 1358
1353 1359
1353 1360
1353 1361
1353 1362
1353 1363
1353 1364
1353 1365
1353 1366
1353 1367
1353 1368
1353 1369
1353 1370
1353 1371
1353 1372
1353 1373
1353 1374
1353 1375
1353 1376
1353 1377
1353 1378
1353 1379
1353 1380
1353 1381
1353 1382
1353 1383
1353 1384
1353 1385
1353 1386
1353 1387
1353 1388
1353 1389
1353 1390
1353 1391
1353 1392
1353 1393
1353 1394
1353 1395
1353 1396
1353 1397
1353 1398
1353 1399
1353 1400
1353 1401
1353 1402
1354 1354
1354 1355
1354 1356
1354 1357
1354 1358
1354 1359
1354 1360
1354 1361
1354 1362
1354 1363
1354 1364
1354 1365
1354 1366
1354 1367
1354 1368
1354 1369
1354 1370
1354 1371
1354 1372
1354 1373
1354 1374
1354 1375
1354 1376
1354 1377
1354 1378
1354 1379
1354 1380
1354 1381
1354 1382
1354 1383
1354 1384
1354 1385
1354 1386
1354 1387
1354 1388
1354 1389
1354 1390
1354 1391
1354 1392
1354 1393
1354 1394
1354 1395
1354 1396
1354 1397
1354 1398
1354 1399
1354 1400
1354 1401
1354 1402
1354 1403
1355 1355
1355 1356
1355 1357
1355 1358
1355 1359
1355 1360
1355 1361
1355 1362
1355 1363
1355 1364
1355 1365
1355 1366
1355 1367
1355 1368
1355 1369
1355 1370
1355 1371
1355 1372
1355 1373
1355 1374
1355 1375
1355 1376
1355 1377
1355 1378
1355 1379
1355 1380
1355 1381
1355 1382
1355 1383
1355 1384
1355 1385
1355 1386
1355 1387
1355 1388
1355 1389
1355 1390
1355 1391
1355 1392
1355 1393
1355 1394
1355 1395
1355 1396
1355 1397
1355 1398
1355 1399
1355 1400
1355 1401
1355 1402
1355 1403
1355 1404
1356 1356
1356 1357
1356 1358
1356 1359
1356 1360
1356 1361
1356 1362
1356 1363
1356 1364
1356 1365
1356 1366
1356 1367
1356 1368
1356 1369
1356 1370
1356 1371
1356 1372
1356 1373
1356 1374
1356 1375
1356 1376
1356 1377
1356 1378
1356 1379
1356 1380
1356 1381
1356 1382
1356 1383
1356 1384
1356 1385
1356 1386
1356 1387
1356 1388
1356 1389
1356 1390
1356 1391
1356 1392
1356 1393
1356 1394
1356 1395
1356 1396
1356 1397
1356 1398
1356 1399
1356 1400
1356 1401
1356 1402
1356 1403
1356 1404
1356 1405
1357 1357
1357 1358
1357 1359
1357 1360
1357 1361
1357 1362
1357 1363
1357 1364
1357 1365
1357 1366
1357 1367
1357 1368
1357 1369
1357 1370
1357 1371
1357 1372
1357 1373
1357 1374
1357 1375
1357 1376
1357 1377
1357 1378
1357 1379
1357 1380
1357 1381
1357 1382
1357 1383
1357 1384
1357 1385
1357 1386
1357 1387
1357 1388
1357 1389
1357 1390
1357 1391
1357 1392
1357 1393
1357 1394
1357 1395
1357 1396
1357 1397
1357 1398
1357 1399
1357 1400
1357 1401
1357 1402
1357 1403
1357 1404
1357 1405
1357 1406
1358 1358
1358 1359
1358 1360
1358 1361
1358 1362
1358 1363
1358 1364
1358 1365
1358 1366
1358 1367
1358 1368
1358 1369
1358 1370
1358 1371
1358 1372
1358 1373
1358 1374
1358 1375
1358 1376
1358 1377
1358 1378
1358 1379
1358 1380
1358 1381
1358 1382
1358 1383
1358 1384
1358 1385
1358 1386
1358 1387
1358 1388
1358 1389
1358 1390
1358 1391
1358 1392
1358 1393
1358 1394
1358 1395
1358 1396
1358 1397
1358 1398
1358 1399
1358 1400
1358 1401
1358 1402
1358 1403
1358 1404
1358 1405
1358 1406
1358 1407
1359 1359
1359 1360
1359 1361
1359 1362
1359 1363
1359 1364
1359 1365
1359 1366
1359 1367
1359 1368
1359 1369
1359 1370
1359 1371
1359 1372
1359 1373
1359 1374
1359 1375
1359 1376
1359 1377
1359 1378
1359 1379
1359 1380
1359 1381
1359 1382
1359 1383
1359 1384
1359 1385
1359 1386
1359 1387
1359 1388
1359 1389
1359 1390
1359 1391
1359 1392
1359 1393
1359 1394
1359 1395
1359 1396
1359 1397
1359 1398
1359 1399
1359 1400
1359 1401
1359 1402
1359 1403
1359 1404
1359 1405
1359 1406
1359 1407
1359 1408
1360 1360
1360 1361
1360 1362
1360 1363
1360 1364
1360 1365
1360 1366
1360 1367
1360 1368
1360 1369
1360 1370
1360 1371
1360 1372
1360 1373
1360 1374
1360 1375
1360 1376
1360 1377
1360 1378
1360 1379
1360 1380
1360 1381
1360 1382
1360 1383
1360 1384
1360 1385
1360 1386
1360 1387
1360 1388
1360 1389
1360 1390
1360 1391
1360 1392
1360 1393
1360 1394
1360 1395
1360 1396
1360 1397
1360 1398
1360 1399
1360 1400
1360 1401
1360 1402
1360 1403
1360 1404
1360 1405
1360 1406
1360 1407
1360 1408
1360 1409
1361 1361
1361 1362
1361 1363
1361 1364
1361 1365
1361 1366
1361 1367
1361 1368
1361 1369
1361 1370
1361 1371
1361 1372
1361 1373
1361 1374
1361 1375
1361 1376
1361 1377
1361 1378
1361 1379
1361 1380
1361 1381
1361 1382
1361 1383
1361 1384
1361 1385
1361 1386
1361 1387
1361 1388
1361 1389
1361 1390
1361 1391
1361 1392
1361 1393
1361 1394
1361 1395
1361 1396
1361 1397
1361 1398
1361 1399
1361 1400
1361 1401
1361 1402
1361 1403
1361 1404
1361 1405
1361 1406
1361 1407
1361 1408
1361 1409
1361 1410
1362 1362
1362 1363
1362 1364
1362 1365
1362 1366
1362 1367
1362 1368
1362 1369
1362 1370
1362 1371
1362 1372
1362 1373
1362 1374
1362 1375
1362 1376
1362 1377
1362 1378
1362 1379
1362 1380
1362 1381
1362 1382
1362 1383
1362 1384
1362 1385
1362 1386
1362 1387
1362 1388
1362 1389
1362 1390
1362 1391
1362 1392
1362 1393
1362 1394
1362 1395
1362 1396
1362 1397
1362 1398
1362 1399
1362 1400
1362 1401
1362 1402
1362 1403
1362 1404
1362 1405
1362 1406
1362 1407
1362 1408
1362 1409
1362 1410
1362 1411
1363 1363
1363 1364
1363 1365
1363 1366
1363 1367
1363 1368
1363 1369
1363 1370
1363 1371
1363 1372
1363 1373
1363 1374
1363 1375
1363 1376
1363 1377
1363 1378
1363 1379
1363 1380
1363 1381
1363 1382
1363 1383
1363 1384
1363 1385
1363 1386
1363 1387
1363 1388
1363 1389
1363 1390
1363 1391
1363 1392
1363 1393
1363 1394
1363 1395
1363 1396
1363 1397
1363 1398
1363 1399
1363 1400
1363 1401
1363 1402
1363 1403
1363 1404
1363 1405
1363 1406
1363 1407
1363 1408
1363 1409
1363 1410
1363 1411
1363 1412
1364 1364
1364 1365
1364 1366
1364 1367
1364 1368
1364 1369
1364 1370
1364 1371
1364 1372
1364 1373
1364 1374
1364 1375
1364 1376
1364 1377
1364 1378
1364 1379
1364 1380
1364 1381
1364 1382
1364 1383
1364 1384
1364 1385
1364 1386
1364 1387
1364 1388
1364 1389
1364 1390
1364 1391
1364 1392
1364 1393
1364 1394
1364 1395
1364 1396
1364 1397
1364 1398
1364 1399
1364 1400
1364 1401
1364 1402
1364 1403
1364 1404
1364 1405
1364 1406
1364 1407
1364 1408
1364 1409
1364 1410
1364 1411
1364 1412
1364 1413
1365 1365
1365 1366
1365 1367
1365 1368
1365 1369
1365 1370
1365 1371
1365 1372
1365 1373
1365 1374
1365 1375
1365 1376
1365 1377
1365 1378
1365 1379
1365 1380
1365 1381
1365 1382
1365 1383
1365 1384
1365 1385
1365 1386
1365 1387
1365 1388
1365 1389
1365 1390
1365 1391
1365 1392
1365 1393
1365 1394
1365 1395
1365 1396
1365 1397
1365 1398
1365 1399
1365 1400
1365 1401
1365 1402
1365 1403
1365 1404
1365 1405
1365 1406
1365 1407
1365 1408
1365 1409
1365 1410
1365 1411
1365 1412
1365 1413
1365 1414
1366 1366
1366 1367
1366 1368
1366 1369
1366 1370
1366 1371
1366 1372
1366 1373
1366 1374
1366 1375
1366 1376
1366 1377
1366 1378
1366 1379
1366 1380
1366 1381
1366 1382
1366 1383
1366 1384
1366 1385
1366 1386
1366 1387
1366 1388
1366 1389
1366 1390
1366 1391
1366 1392
1366 1393
1366 1394
1366 1395
1366 1396
1366 1397
1366 1398
1366 1399
1366 1400
1366 1401
1366 1402
1366 1403
1366 1404
1366 1405
1366 1406
1366 1407
1366 1408
1366 1409
1366 1410
1366 1411
1366 1412
1366 1413
1366 1414
1366 1415
1367 1367
1367 1368
1367 1369
1367 1370
1367 1371
1367 1372
1367 1373
1367 1374
1367 1375
1367 1376
1367 1377
1367 1378
1367 1379
1367 1380
1367 1381
1367 1382
1367 1383
1367 1384
1367 1385
1367 1386
1367 1387
1367 1388
1367 1389
1367 1390
1367 1391
1367 1392
1367 1393
1367 1394
1367 1395
1367 1396
1367 1397
1367 1398
1367 1399
1367 1400
1367 1401
1367 1402
1367 1403
1367 1404
1367 1405
1367 1406
1367 1407
1367 1408
1367 1409
1367 1410
1367 1411
1367 1412
1367 1413
1367 1414
1367 1415
1367 1416
1368 1368
1368 1369
1368 1370
1368 1371
1368 1372
1368 1373
1368 1374
1368 1375
1368 1376
1368 1377
1368 1378
1368 1379
1368 1380
1368 1381
1368 1382
1368 1383
1368 1384
1368 1385
1368 1386
1368 1387
1368 1388
1368 1389
1368 1390
1368 1391
1368 1392
1368 1393
1368 1394
1368 1395
1368 1396
1368 1397
1368 1398
1368 1399
1368 1400
1368 1401
1368 1402
1368 1403
1368 1404
1368 1405
1368 1406
1368 1407
1368 1408
1368 1409
1368 1410
1368 1411
1368 1412
1368 1413
1368 1414
1368 1415
1368 1416
1368 1417
1369 1369
1369 1370
1369 1371
1369 1372
1369 1373
1369 1374
1369 1375
1369 1376
1369 1377
1369 1378
1369 1379
1369 1380
1369 1381
1369 1382
1369 1383
1369 1384
1369 1385
1369 1386
1369 1387
1369 1388
1369 1389
1369 1390
1369 1391
1369 1392
1369 1393
1369 1394
1369 1395
1369 1396
1369 1397
1369 1398
1369 1399
1369 1400
1369 1401
1369 1402
1369 1403
1369 1404
1369 1405
1369 1406
1369 1407
1369 1408
1369 1409
1369 1410
1369 1411
1369 1412
1369 1413
1369 1414
1369 1415
1369 1416
1369 1417
1369 1418
1370 1370
1370 1371
1370 1372
1370 1373
1370 1374
1370 1375
1370 1376
1370 1377
1370 1378
1370 1379
1370 1380
1370 1381
1370 1382
1370 1383
1370 1384
1370 1385
1370 1386
1370 1387
1370 1388
1370 1389
1370 1390
1370 1391
1370 1392
1370 1393
1370 1394
1370 1395
1370 1396
1370 1397
1370 1398
1370 1399
1370 1400
1370 1401
1370 1402
1370 1403
1370 1404
1370 1405
1370 1406
1370 1407
1370 1408
1370 1409
1370 1410
1370 1411
1370 1412
1370 1413
1370 1414
1370 1415
1370 1416
1370 1417
1370 1418
1370 1419
1371 1371
1371 1372
1371 1373
1371 1374
1371 1375
1371 1376
1371 1377
1371 1378
1371 1379
1371 1380
1371 1381
1371 1382
1371 1383
1371 1384
1371 1385
1371 1386
1371 1387
1371 1388
1371 1389
1371 1390
1371 1391
1371 1392
1371 1393
1371 1394
1371 1395
1371 1396
1371 1397
1371 1398
1371 1399
1371 1400
1371 1401
1371 1402
1371 1403
1371 1404
1371 1405
1371 1406
1371 1407
1371 1408
1371 1409
1371 1410
1371 1411
1371 1412
1371 1413
1371 1414
1371 1415
1371 1416
1371 1417
1371 1418
1371 1419
1371 1420
1372 1372
1372 1373
1372 1374
1372 1375
1372 1376
1372 1377
1372 1378
1372 1379
1372 1380
1372 1381
1372 1382
1372 1383
1372 1384
1372 1385
1372 1386
1372 1387
1372 1388
1372 1389
1372 1390
1372 1391
1372 1392
1372 1393
1372 1394
1372 1395
1372 1396
1372 1397
1372 1398
1372 1399
1372 1400
1372 1401
1372 1402
1372 1403
1372 1404
1372 1405
1372 1406
1372 1407
1372 1408
1372 1409
1372 1410
1372 1411
1372 1412
1372 1413
1372 1414
1372 1415
1372 1416
1372 1417
1372 1418
1372 1419
1372 1420
1372 1421
1373 1373
1373 1374
1373 1375
1373 1376
1373 1377
1373 1378
1373 1379
1373 1380
1373 1381
1373 1382
1373 1383
1373 1384
1373 1385
1373 1386
1373 1387
1373 1388
1373 1389
1373 1390
1373 1391
1373 1392
1373 1393
1373 1394
1373 1395
1373 1396
1373 1397
1373 1398
1373 1399
1373 1400
1373 1401
1373 1402
1373 1403
1373 1404
1373 1405
1373 1406
1373 1407
1373 1408
1373 1409
1373 1410
1373 1411
1373 1412
1373 1413
1373 1414
1373 1415
1373 1416
1373 1417
1373 1418
1373 1419
1373 1420
1373 1421
1373 1422
1374 1374
1374 1375
1374 1376
1374 1377
1374 1378
1374 1379
1374 1380
1374 1381
1374 1382
1374 1383
1374 1384
1374 1385
1374 1386
1374 1387
1374 1388
1374 1389
1374 1390
1374 1391
1374 1392
1374 1393
1374 1394
1374 1395
1374 1396
1374 1397
1374 1398
1374 1399
1374 1400
1374 1401
1374 1402
1374 1403
1374 1404
1374 1405
1374 1406
1374 1407
1374 1408
1374 1409
1374 1410
1374 1411
1374 1412
1374 1413
1374 1414
1374 1415
1374 1416
1374 1417
1374 1418
1374 1419
1374 1420
1374 1421
1374 1422
1374 1423
1375 1375
1375 1376
1375 1377
1375 1378
1375 1379
1375 1380
1375 1381
1375 1382
1375 1383
1375 1384
1375 1385
1375 1386
1375 1387
1375 1388
1375 1389
1375 1390
1375 1391
1375 1392
1375 1393
1375 1394
1375 1395
1375 1396
1375 1397
1375 1398
1375 1399
1375 1400
1375 1401
1375 1402
1375 1403
1375 1404
1375 1405
1375 1406
1375 1407
1375 1408
1375 1409
1375 1410
1375 1411
1375 1412
1375 1413
1375 1414
1375 1415
1375 1416
1375 1417
1375 1418
1375 1419
1375 1420
1375 1421
1375 1422
1375 1423
1375 1424
1376 1376
1376 1377
1376 1378
1376 1379
1376 1380
1376 1381
1376 1382
1376 1383
1376 1384
1376 1385
1376 1386
1376 1387
1376 1388
1376 1389
1376 1390
1376 1391
1376 1392
1376 1393
1376 1394
1376 1395
1376 1396
1376 1397
1376 1398
1376 1399
1376 1400
1376 1401
1376 1402
1376 1403
1376 1404
1376 1405
1376 1406
1376 1407
1376 1408
1376 1409
1376 1410
1376 1411
1376 1412
1376 1413
1376 1414
1376 1415
1376 1416
1376 1417
1376 1418
1376 1419
1376 1420
1376 1421
1376 1422
1376 1423
1376 1424
1376 1425
1377 1377
1377 1378
1377 1379
1377 1380
1377 1381
1377 1382
1377 1383
1377 1384
1377 1385
1377 1386
1377 1387
1377 1388
1377 1389
1377 1390
1377 1391
1377 1392
1377 1393
1377 1394
1377 1395
1377 1396
1377 1397
1377 1398
1377 1399
1377 1400
1377 1401
1377 1402
1377 1403
1377 1404
1377 1405
1377 1406
1377 1407
1377 1408
1377 1409
1377 1410
1377 1411
1377 1412
1377 1413
1377 1414
1377 1415
1377 1416
1377 1417
1377 1418
1377 1419
1377 1420
1377 1421
1377 1422
1377 1423
1377 1424
1377 1425
1377 1426
1378 1378
1378 1379
1378 1380
1378 1381
1378 1382
1378 1383
1378 1384
1378 1385
1378 1386
1378 1387
1378 1388
1378 1389
1378 1390
1378 1391
1378 1392
1378 1393
1378 1394
1378 1395
1378 1396
1378 1397
1378 1398
1378 1399
1378 1400
1378 1401
1378 1402
1378 1403
1378 1404
1378 1405
1378 1406
1378 1407
1378 1408
1378 1409
1378 1410
1378 1411
1378 1412
1378 1413
1378 1414
1378 1415
1378 1416
1378 1417
1378 1418
1378 1419
1378 1420
1378 1421
1378 1422
1378 1423
1378 1424
1378 1425
1378 1426
1378 1427
1379 1379
1379 1380
1379 1381
1379 1382
1379 1383
1379 1384
1379 1385
1379 1386
1379 1387
1379 1388
1379 1389
1379 1390
1379 1391
1379 1392
1379 1393
1379 1394
1379 1395
1379 1396
1379 1397
1379 1398
1379 1399
1379 1400
1379 1401
1379 1402
1379 1403
1379 1404
1379 1405
1379 1406
1379 1407
1379 1408
1379 1409
1379 1410
1379 1411
1379 1412
1379 1413
1379 1414
1379 1415
1379 1416
1379 1417
1379 1418
1379 1419
1379 1420
1379 1421
1379 1422
1379 1423
1379 1424
1379 1425
1379 1426
1379 1427
1379 1428
1380 1380
1380 1381
1380 1382
1380 1383
1380 1384
1380 1385
1380 1386
1380 1387
1380 1388
1380 1389
1380 1390
1380 1391
1380 1392
1380 1393
1380 1394
1380 1395
1380 1396
1380 1397
1380 1398
1380 1399
1380 1400
1380 1401
1380 1402
1380 1403
1380 1404
1380 1405
1380 1406
1380 1407
1380 1408
1380 1409
1380 1410
1380 1411
1380 1412
1380 1413
1380 1414
1380 1415
1380 1416
1380 1417
1380 1418
1380 1419
1380 1420
1380 1421
1380 1422
1380 1423
1380 1424
1380 1425
1380 1426
1380 1427
1380 1428
1380 1429
1381 1381
1381 1382
1381 1383
1381 1384
1381 1385
1381 1386
1381 1387
1381 1388
1381 1389
1381 1390
1381 1391
1381 1392
1381 1393
1381 1394
1381 1395
1381 1396
1381 1397
1381 1398
1381 1399
1381 1400
1381 1401
1381 1402
1381 1403
1381 1404
1381 1405
1381 1406
1381 1407
1381 1408
1381 1409
1381 1410
1381 1411
1381 1412
1381 1413
1381 1414
1381 1415
1381 1416
1381 1417
1381 1418
1381 1419
1381 1420
1381 1421
1381 1422
1381 1423
1381 1424
1381 1425
1381 1426
1381 1427
1381 1428
1381 1429
1381 1430
1382 1382
1382 1383
1382 1384
1382 1385
1382 1386
1382 1387
1382 1388
1382 1389
1382 1390
1382 1391
1382 1392
1382 1393
1382 1394
1382 1395
1382 1396
1382 1397
1382 1398
1382 1399
1382 1400
1382 1401
1382 1402
1382 1403
1382 1404
1382 1405
1382 1406
1382 1407
1382 1408
1382 1409
1382 1410
1382 1411
1382 1412
1382 1413
1382 1414
1382 1415
1382 1416
1382 1417
1382 1418
1382 1419
1382 1420
1382 1421
1382 1422
1382 1423
1382 1424
1382 1425
1382 1426
1382 1427
1382 1428
1382 1429
1382 1430
1382 1431
1383 1383
1383 1384
1383 1385
1383 1386
1383 1387
1383 1388
1383 1389
1383 1390
1383 1391
1383 1392
1383 1393
1383 1394
1383 1395
1383 1396
1383 1397
1383 1398
1383 1399
1383 1400
1383 1401
1383 1402
1383 1403
1383 1404
1383 1405
1383 1406
1383 1407
1383 1408
1383 1409
1383 1410
1383 1411
1383 1412
1383 1413
1383 1414
1383 1415
1383 1416
1383 1417
1383 1418
1383 1419
1383 1420
1383 1421
1383 1422
1383 1423
1383 1424
1383 1425
1383 1426
1383 1427
1383 1428
1383 1429
1383 1430
1383 1431
1383 1432
1384 1384
1384 1385
1384 1386
1384 1387
1384 1388
1384 1389
1384 1390
1384 1391
1384 1392
1384 1393
1384 1394
1384 1395
1384 1396
1384 1397
1384 1398
1384 1399
1384 1400
1384 1401
1384 1402
1384 1403
1384 1404
1384 1405
1384 1406
1384 1407
1384 1408
1384 1409
1384 1410
1384 1411
1384 1412
1384 1413
1384 1414
1384 1415
1384 1416
1384 1417
1384 1418
1384 1419
1384 1420
1384 1421
1384 1422
1384 1423
1384 1424
1384 1425
1384 1426
1384 1427
1384 1428
1384 1429
1384 1430
1384 1431
1384 1432
1384 1433
1385 1385
1385 1386
1385 1387
1385 1388
1385 1389
1385 1390
1385 1391
1385 1392
1385 1393
1385 1394
1385 1395
1385 1396
1385 1397
1385 1398
1385 1399
1385 1400
1385 1401
1385 1402
1385 1403
1385 1404
1385 1405
1385 1406
1385 1407
1385 1408
1385 1409
1385 1410
1385 1411
1385 1412
1385 1413
1385 1414
1385 1415
1385 1416
1385 1417
1385 1418
1385 1419
1385 1420
1385 1421
1385 1422
1385 1423
1385 1424
1385 1425
1385 1426
1385 1427
1385 1428
1385 1429
1385 1430
1385 1431
1385 1432
1385 1433
1385 1434
1386 1386
1386 1387
1386 1388
1386 1389
1386 1390
1386 1391
1386 1392
1386 1393
1386 1394
1386 1395
1386 1396
1386 1397
1386 1398
1386 1399
1386 1400
1386 1401
1386 1402
1386 1403
1386 1404
1386 1405
1386 1406
1386 1407
1386 1408
1386 1409
1386 1410
1386 1411
1386 1412
1386 1413
1386 1414
1386 1415
1386 1416
1386 1417
1386 1418
1386 1419
1386 1420
1386 1421
1386 1422
1386 1423
1386 1424
1386 1425
1386 1426
1386 1427
1386 1428
1386 1429
1386 1430
1386 1431
1386 1432
1386 1433
1386 1434
1386 1435
1387 1387
1387 1388
1387 1389
1387 1390
1387 1391
1387 1392
1387 1393
1387 1394
1387 1395
1387 1396
1387 1397
1387 1398
1387 1399
1387 1400
1387 1401
1387 1402
1387 1403
1387 1404
1387 1405
1387 1406
1387 1407
1387 1408
1387 1409
1387 1410
1387 1411
1387 1412
1387 1413
1387 1414
1387 1415
1387 1416
1387 1417
1387 1418
1387 1419
1387 1420
1387 1421
1387 1422
1387 1423
1387 1424
1387 1425
1387 1426
1387 1427
1387 1428
1387 1429
1387 1430
1387 1431
1387 1432
1387 1433
1387 1434
1387 1435
1387 1436
1388 1388
1388 1389
1388 1390
1388 1391
1388 1392
1388 1393
1388 1394
1388 1395
1388 1396
1388 1397
1388 1398
1388 1399
1388 1400
1388 1401
1388 1402
1388 1403
1388 1404
1388 1405
1388 1406
1388 1407
1388 1408
1388 1409
1388 1410
1388 1411
1388 1412
1388 1413
1388 1414
1388 1415
1388 1416
1388 1417
1388 1418
1388 1419
1388 1420
1388 1421
1388 1422
1388 1423
1388 1424
1388 1425
1388 1426
1388 1427
1388 1428
1388 1429
1388 1430
1388 1431
1388 1432
1388 1433
1388 1434
1388 1435
1388 1436
1388 1437
1389 1389
1389 1390
1389 1391
1389 1392
1389 1393
1389 1394
1389 1395
1389 1396
1389 1397
1389 1398
1389 1399
1389 1400
1389 1401
1389 1402
1389 1403
1389 1404
1389 1405
1389 1406
1389 1407
1389 1408
1389 1409
1389 1410
1389 1411
1389 1412
1389 1413
1389 1414
1389 1415
1389 1416
1389 1417
1389 1418
1389 1419
1389 1420
1389 1421
1389 1422
1389 1423
1389 1424
1389 1425
1389 1426
1389 1427
1389 1428
1389 1429
1389 1430
1389 1431
1389 1432
1389 1433
1389 1434
1389 1435
1389 1436
1389 1437
1389 1438
1390 1390
1390 1391
1390 1392
1390 1393
1390 1394
1390 1395
1390 1396
1390 1397
1390 1398
1390 1399
1390 1400
1390 1401
1390 1402
1390 1403
1390 1404
1390 1405
1390 1406
1390 1407
1390 1408
1390 1409
1390 1410
1390 1411
1390 1412
1390 1413
1390 1414
1390 1415
1390 1416
1390 1417
1390 1418
1390 1419
1390 1420
1390 1421
1390 1422
1390 1423
1390 1424
1390 1425
1390 1426
1390 1427
1390 1428
1390 1429
1390 1430
1390 1431
1390 1432
1390 1433
1390 1434
1390 1435
1390 1436
1390 1437
1390 1438
1390 1439
1391 1391
1391 1392
1391 1393
1391 1394
1391 1395
1391 1396
1391 1397
1391 1398
1391 1399
1391 1400
1391 1401
1391 1402
1391 1403
1391 1404
1391 1405
1391 1406
1391 1407
1391 1408
1391 1409
1391 1410
1391 1411
1391 1412
1391 1413
1391 1414
1391 1415
1391 1416
1391 1417
1391 1418
1391 1419
1391 1420
1391 1421
1391 1422
1391 1423
1391 1424
1391 1425
1391 1426
1391 1427
1391 1428
1391 1429
1391 1430
1391 1431
1391 1432
1391 1433
1391 1434
1391 1435
1391 1436
1391 1437
1391 1438
1391 1439
1391 1440
1392 1392
1392 1393
1392 1394
1392 1395
1392 1396
1392 1397
1392 1398
1392 1399
1392 1400
1392 1401
1392 1402
1392 1403
1392 1404
1392 1405
1392 1406
1392 1407
1392 1408
1392 1409
1392 1410
1392 1411
1392 1412
1392 1413
1392 1414
1392 1415
1392 1416
1392 1417
1392 1418
1392 1419
1392 1420
1392 1421
1392 1422
1392 1423
1392 1424
1392 1425
1392 1426
1392 1427
1392 1428
1392 1429
1392 1430
1392 1431
1392 1432
1392 1433
1392 1434
1392 1435
1392 1436
1392 1437
1392 1438
1392 1439
1392 1440
1392 1441
1393 1393
1393 1394
1393 1395
1393 1396
1393 1397
1393 1398
1393 1399
1393 1400
1393 1401
1393 1402
1393 1403
1393 1404
1393 1405
1393 1406
1393 1407
1393 1408
1393 1409
1393 1410
1393 1411
1393 1412
1393 1413
1393 1414
1393 1415
1393 1416
1393 1417
1393 1418
1393 1419
1393 1420
1393 1421
1393 1422
1393 1423
1393 1424
1393 1425
1393 1426
1393 1427
1393 1428
1393 1429
1393 1430
1393 1431
1393 1432
1393 1433
1393 1434
1393 1435
1393 1436
1393 1437
1393 1438
1393 1439
1393 1440
1393 1441
1393 1442
1394 1394
1394 1395
1394 1396
1394 1397
1394 1398
1394 1399
1394 1400
1394 1401
1394 1402
1394 1403
1394 1404
1394 1405
1394 1406
1394 1407
1394 1408
1394 1409
1394 1410
1394 1411
1394 1412
1394 1413
1394 1414
1394 1415
1394 1416
1394 1417
1394 1418
1394 1419
1394 1420
1394 1421
1394 1422
1394 1423
1394 1424
1394 1425
1394 1426
1394 1427
1394 1428
1394 1429
1394 1430
1394 1431
1394 1432
1394 1433
1394 1434
1394 1435
1394 1436
1394 1437
1394 1438
1394 1439
1394 1440
1394 1441
1394 1442
1394 1443
1395 1395
1395 1396
1395 1397
1395 1398
1395 1399
1395 1400
1395 1401
1395 1402
1395 1403
1395 1404
1395 1405
1395 1406
1395 1407
1395 1408
1395 1409
1395 1410
1395 1411
1395 1412
1395 1413
1395 1414
1395 1415
1395 1416
1395 1417
1395 1418
1395 1419
1395 1420
1395 1421
1395 1422
1395 1423
1395 1424
1395 1425
1395 1426
1395 1427
1395 1428
1395 1429
1395 1430
1395 1431
1395 1432
1395 1433
1395 1434
1395 1435
1395 1436
1395 1437
1395 1438
1395 1439
1395 1440
1395 1441
1395 1442
1395 1443
1395 1444
1396 1396
1396 1397
1396 1398
1396 1399
1396 1400
1396 1401
1396 1402
1396 1403
1396 1404
1396 1405
1396 1406
1396 1407
1396 1408
1396 1409
1396 1410
1396 1411
1396 1412
1396 1413
1396 1414
1396 1415
1396 1416
1396 1417
1396 1418
1396 1419
1396 1420
1396 1421
1396 1422
1396 1423
1396 1424
1396 1425
1396 1426
1396 1427
1396 1428
1396 1429
1396 1430
1396 1431
1396 1432
1396 1433
1396 1434
1396 1435
1396 1436
1396 1437
1396 1438
1396 1439
1396 1440
1396 1441
1396 1442
1396 1443
1396 1444
1396 1445
1397 1397
1397 1398
1397 1399
1397 1400
1397 1401
1397 1402
1397 1403
1397 1404
1397 1405
1397 1406
1397 1407
1397 1408
1397 1409
1397 1410
1397 1411
1397 1412
1397 1413
1397 1414
1397 1415
1397 1416
1397 1417
1397 1418
1397 1419
1397 1420
1397 1421
1397 1422
1397 1423
1397 1424
1397 1425
1397 1426
1397 1427
1397 1428
1397 1429
1397 1430
1397 1431
1397 1432
1397 1433
1397 1434
1397 1435
1397 1436
1397 1437
1397 1438
1397 1439
1397 1440
1397 1441
1397 1442
1397 1443
1397 1444
1397 1445
1397 1446
1398 1398
1398 1399
1398 1400
1398 1401
1398 1402
1398 1403
1398 1404
1398 1405
1398 1406
1398 1407
1398 1408
1398 1409
1398 1410
1398 1411
1398 1412
1398 1413
1398 1414
1398 1415
1398 1416
1398 1417
1398 1418
1398 1419
1398 1420
1398 1421
1398 1422
1398 1423
1398 1424
1398 1425
1398 1426
1398 1427
1398 1428
1398 1429
1398 1430
1398 1431
1398 1432
1398 1433
1398 1434
1398 1435
1398 1436
1398 1437
1398 1438
1398 1439
1398 1440
1398 1441
1398 1442
1398 1443
1398 1444
1398 1445
1398 1446
1398 1447
1399 1399
1399 1400
1399 1401
1399 1402
1399 1403
1399 1404
1399 1405
1399 1406
1399 1407
1399 1408
1399 1409
1399 1410
1399 1411
1399 1412
1399 1413
1399 1414
1399 1415
1399 1416
1399 1417
1399 1418
1399 1419
1399 1420
1399 1421
1399 1422
1399 1423
1399 1424
1399 1425
1399 1426
1399 1427
1399 1428
1399 1429
1399 1430
1399 1431
1399 1432
1399 1433
1399 1434
1399 1435
1399 1436
1399 1437
1399 1438
1399 1439
1399 1440
1399 1441
1399 1442
1399 1443
1399 1444
1399 1445
1399 1446
1399 1447
1399 1448
1400 1400
1400 1401
1400 1402
1400 1403
1400 1404
1400 1405
1400 1406
1400 1407
1400 1408
1400 1409
1400 1410
1400 1411
1400 1412
1400 1413
1400 1414
1400 1415
1400 1416
1400 1417
1400 1418
1400 1419
1400 1420
1400 1421
1400 1422
1400 1423
1400 1424
1400 1425
1400 1426
1400 1427
1400 1428
1400 1429
1400 1430
1400 1431
1400 1432
1400 1433
1400 1434
1400 1435
1400 1436
1400 1437
1400 1438
1400 1439
1400 1440
1400 1441
1400 1442
1400 1443
1400 1444
1400 1445
1400 1446
1400 1447
1400 1448
1400 1449
1401 1401
1401 1402
1401 1403
1401 1404
1401 1405
1401 1406
1401 1407
1401 1408
1401 1409
1401 1410
1401 1411
1401 1412
1401 1413
1401 1414
1401 1415
1401 1416
1401 1417
1401 1418
1401 1419
1401 1420
1401 1421
1401 1422
1401 1423
1401 1424
1401 1425
1401 1426
1401 1427
1401 1428
1401 1429
1401 1430
1401 1431
1401 1432
1401 1433
1401 1434
1401 1435
1401 1436
1401 1437
1401 1438
1401 1439
1401 1440
1401 1441
1401 1442
1401 1443
1401 1444
1401 1445
1401 1446
1401 1447
1401 1448
1401 1449
1401 1450
1402 1402
1402 1403
1402 1404
1402 1405
1402 1406
1402 1407
1402 1408
1402 1409
1402 1410
1402 1411
1402 1412
1402 1413
1402 1414
1402 1415
1402 1416
1402 1417
1402 1418
1402 1419
1402 1420
1402 1421
1402 1422
1402 1423
1402 1424
1402 1425
1402 1426
1402 1427
1402 1428
1402 1429
1402 1430
1402 1431
1402 1432
1402 1433
1402 1434
1402 1435
1402 1436
1402 1437
1402 1438
1402 1439
1402 1440
1402 1441
1402 1442
1402 1443
1402 1444
1402 1445
1402 1446
1402 1447
1402 1448
1402 1449
1402 1450
1402 1451
1403 1403
1403 1404
1403 1405
1403 1406
1403 1407
1403 1408
1403 1409
1403 1410
1403 1411
1403 1412
1403 1413
1403 1414
1403 1415
1403 1416
1403 1417
1403 1418
1403 1419
1403 1420
1403 1421
1403 1422
1403 1423
1403 1424
1403 1425
1403 1426
1403 1427
1403 1428
1403 1429
1403 1430
1403 1431
1403 1432
1403 1433
1403 1434
1403 1435
1403 1436
1403 1437
1403 1438
1403 1439
1403 1440
1403 1441
1403 1442
1403 1443
1403 1444
1403 1445
1403 1446
1403 1447
1403 1448
1403 1449
1403 1450
1403 1451
1403 1452
1404 1404
1404 1405
1404 1406
1404 1407
1404 1408
1404 1409
1404 1410
1404 1411
1404 1412
1404 1413
1404 1414
1404 1415
1404 1416
1404 1417
1404 1418
1404 1419
1404 1420
1404 1421
1404 1422
1404 1423
1404 1424
1404 1425
1404 1426
1404 1427
1404 1428
1404 1429
1404 1430
1404 1431
1404 1432
1404 1433
1404 1434
1404 1435
1404 1436
1404 1437
1404 1438
1404 1439
1404 1440
1404 1441
1404 1442
1404 1443
1404 1444
1404 1445
1404 1446
1404 1447
1404 1448
1404 1449
1404 1450
1404 1451
1404 1452
1404 1453
1405 1405
1405 1406
1405 1407
1405 1408
1405 1409
1405 1410
1405 1411
1405 1412
1405 1413
1405 1414
1405 1415
1405 1416
1405 1417
1405 1418
1405 1419
1405 1420
1405 1421
1405 1422
1405 1423
1405 1424
1405 1425
1405 1426
1405 1427
1405 1428
1405 1429
1405 1430
1405 1431
1405 1432
1405 1433
1405 1434
1405 1435
1405 1436
1405 1437
1405 1438
1405 1439
1405 1440
1405 1441
1405 1442
1405 1443
1405 1444
1405 1445
1405 1446
1405 1447
1405 1448
1405 1449
1405 1450
1405 1451
1405 1452
1405 1453
1405 1454
1406 1406
1406 1407
1406 1408
1406 1409
1406 1410
1406 1411
1406 1412
1406 1413
1406 1414
1406 1415
1406 1416
1406 1417
1406 1418
1406 1419
1406 1420
1406 1421
1406 1422
1406 1423
1406 1424
1406 1425
1406 1426
1406 1427
1406 1428
1406 1429
1406 1430
1406 1431
1406 1432
1406 1433
1406 1434
1406 1435
1406 1436
1406 1437
1406 1438
1406 1439
1406 1440
1406 1441
1406 1442
1406 1443
1406 1444
1406 1445
1406 1446
1406 1447
1406 1448
1406 1449
1406 1450
1406 1451
1406 1452
1406 1453
1406 1454
1406 1455
1407 1407
1407 1408
1407 1409
1407 1410
1407 1411
1407 1412
1407 1413
1407 1414
1407 1415
1407 1416
1407 1417
1407 1418
1407 1419
1407 1420
1407 1421
1407 1422
1407 1423
1407 1424
1407 1425
1407 1426
1407 1427
1407 1428
1407 1429
1407 1430
1407 1431
1407 1432
1407 1433
1407 1434
1407 1435
1407 1436
1407 1437
1407 1438
1407 1439
1407 1440
1407 1441
1407 1442
1407 1443
1407 1444
1407 1445
1407 1446
1407 1447
1407 1448
1407 1449
1407 1450
1407 1451
1407 1452
1407 1453
1407 1454
1407 1455
1407 1456
1408 1408
1408 1409
1408 1410
1408 1411
1408 1412
1408 1413
1408 1414
1408 1415
1408 1416
1408 1417
1408 1418
1408 1419
1408 1420
1408 1421
1408 1422
1408 1423
1408 1424
1408 1425
1408 1426
1408 1427
1408 1428
1408 1429
1408 1430
1408 1431
1408 1432
1408 1433
1408 1434
1408 1435
1408 1436
1408 1437
1408 1438
1408 1439
1408 1440
1408 1441
1408 1442
1408 1443
1408 1444
1408 1445
1408 1446
1408 1447
1408 1448
1408 1449
1408 1450
1408 1451
1408 1452
1408 1453
1408 1454
1408 1455
1408 1456
1408 1457
1409 1409
1409 1410
1409 1411
1409 1412
1409 1413
1409 1414
1409 1415
1409 1416
1409 1417
1409 1418
1409 1419
1409 1420
1409 1421
1409 1422
1409 1423
1409 1424
1409 1425
1409 1426
1409 1427
1409 1428
1409 1429
1409 1430
1409 1431
1409 1432
1409 1433
1409 1434
1409 1435
1409 1436
1409 1437
1409 1438
1409 1439
1409 1440
1409 1441
1409 1442
1409 1443
1409 1444
1409 1445
1409 1446
1409 1447
1409 1448
1409 1449
1409 1450
1409 1451
1409 1452
1409 1453
1409 1454
1409 1455
1409 1456
1409 1457
1409 1458
1410 1410
1410 1411
1410 1412
1410 1413
1410 1414
1410 1415
1410 1416
1410 1417
1410 1418
1410 1419
1410 1420
1410 1421
1410 1422
1410 1423
1410 1424
1410 1425
1410 1426
1410 1427
1410 1428
1410 1429
1410 1430
1410 1431
1410 1432
1410 1433
1410 1434
1410 1435
1410 1436
1410 1437
1410 1438
1410 1439
1410 1440
1410 1441
1410 1442
1410 1443
1410 1444
1410 1445
1410 1446
1410 1447
1410 1448
1410 1449
1410 1450
1410 1451
1410 1452
1410 1453
1410 1454
1410 1455
1410 1456
1410 1457
1410 1458
1410 1459
1411 1411
1411 1412
1411 1413
1411 1414
1411 1415
1411 1416
1411 1417
1411 1418
1411 1419
1411 1420
1411 1421
1411 1422
1411 1423
1411 1424
1411 1425
1411 1426
1411 1427
1411 1428
1411 1429
1411 1430
1411 1431
1411 1432
1411 1433
1411 1434
1411 1435
1411 1436
1411 1437
1411 1438
1411 1439
1411 1440
1411 1441
1411 1442
1411 1443
1411 1444
1411 1445
1411 1446
1411 1447
1411 1448
1411 1449
1411 1450
1411 1451
1411 1452
1411 1453
1411 1454
1411 1455
1411 1456
1411 1457
1411 1458
1411 1459
1411 1460
1412 1412
1412 1413
1412 1414
1412 1415
1412 1416
1412 1417
1412 1418
1412 1419
1412 1420
1412 1421
1412 1422
1412 1423
1412 1424
1412 1425
1412 1426
1412 1427
1412 1428
1412 1429
1412 1430
1412 1431
1412 1432
1412 1433
1412 1434
1412 1435
1412 1436
1412 1437
1412 1438
1412 1439
1412 1440
1412 1441
1412 1442
1412 1443
1412 1444
1412 1445
1412 1446
1412 1447
1412 1448
1412 1449
1412 1450
1412 1451
1412 1452
1412 1453
1412 1454
1412 1455
1412 1456
1412 1457
1412 1458
1412 1459
1412 1460
1412 1461
1413 1413
1413 1414
1413 1415
1413 1416
1413 1417
1413 1418
1413 1419
1413 1420
1413 1421
1413 1422
1413 1423
1413 1424
1413 1425
1413 1426
1413 1427
1413 1428
1413 1429
1413 1430
1413 1431
1413 1432
1413 1433
1413 1434
1413 1435
1413 1436
1413 1437
1413 1438
1413 1439
1413 1440
1413 1441
1413 1442
1413 1443
1413 1444
1413 1445
1413 1446
1413 1447
1413 1448
1413 1449
1413 1450
1413 1451
1413 1452
1413 1453
1413 1454
1413 1455
1413 1456
1413 1457
1413 1458
1413 1459
1413 1460
1413 1461
1413 1462
1414 1414
1414 1415
1414 1416
1414 1417
1414 1418
1414 1419
1414 1420
1414 1421
1414 1422
1414 1423
1414 1424
1414 1425
1414 1426
1414 1427
1414 1428
1414 1429
1414 1430
1414 1431
1414 1432
1414 1433
1414 1434
1414 1435
1414 1436
1414 1437
1414 1438
1414 1439
1414 1440
1414 1441
1414 1442
1414 1443
1414 1444
1414 1445
1414 1446
1414 1447
1414 1448
1414 1449
1414 1450
1414 1451
1414 1452
1414 1453
1414 1454
1414 1455
1414 1456
1414 1457
1414 1458
1414 1459
1414 1460
1414 1461
1414 1462
1414 1463
1415 1415
1415 1416
1415 1417
1415 1418
1415 1419
1415 1420
1415 1421
1415 1422
1415 1423
1415 1424
1415 1425
1415 1426
1415 1427
1415 1428
1415 1429
1415 1430
1415 1431
1415 1432
1415 1433
1415 1434
1415 1435
1415 1436
1415 1437
1415 1438
1415 1439
1415 1440
1415 1441
1415 1442
1415 1443
1415 1444
1415 1445
1415 1446
1415 1447
1415 1448
1415 1449
1415 1450
1415 1451
1415 1452
1415 1453
1415 1454
1415 1455
1415 1456
1415 1457
1415 1458
1415 1459
1415 1460
1415 1461
1415 1462
1415 1463
1415 1464
1416 1416
1416 1417
1416 1418
1416 1419
1416 1420
1416 1421
1416 1422
1416 1423
1416 1424
1416 1425
1416 1426
1416 1427
1416 1428
1416 1429
1416 1430
1416 1431
1416 1432
1416 1433
1416 1434
1416 1435
1416 1436
1416 1437
1416 1438
1416 1439
1416 1440
1416 1441
1416 1442
1416 1443
1416 1444
1416 1445
1416 1446
1416 1447
1416 1448
1416 1449
1416 1450
1416 1451
1416 1452
1416 1453
1416 1454
1416 1455
1416 1456
1416 1457
1416 1458
1416 1459
1416 1460
1416 1461
1416 1462
1416 1463
1416 1464
1416 1465
1417 1417
1417 1418
1417 1419
1417 1420
1417 1421
1417 1422
1417 1423
1417 1424
1417 1425
1417 1426
1417 1427
1417 1428
1417 1429
1417 1430
1417 1431
1417 1432
1417 1433
1417 1434
1417 1435
1417 1436
1417 1437
1417 1438
1417 1439
1417 1440
1417 1441
1417 1442
1417 1443
1417 1444
1417 1445
1417 1446
1417 1447
1417 1448
1417 1449
1417 1450
1417 1451
1417 1452
1417 1453
1417 1454
1417 1455
1417 1456
1417 1457
1417 1458
1417 1459
1417 1460
1417 1461
1417 1462
1417 1463
1417 1464
1417 1465
1417 1466
1418 1418
1418 1419
1418 1420
1418 1421
1418 1422
1418 1423
1418 1424
1418 1425
1418 1426
1418 1427
1418 1428
1418 1429
1418 1430
1418 1431
1418 1432
1418 1433
1418 1434
1418 1435
1418 1436
1418 1437
1418 1438
1418 1439
1418 1440
1418 1441
1418 1442
1418 1443
1418 1444
1418 1445
1418 1446
1418 1447
1418 1448
1418 1449
1418 1450
1418 1451
1418 1452
1418 1453
1418 1454
1418 1455
1418 1456
1418 1457
1418 1458
1418 1459
1418 1460
1418 1461
1418 1462
1418 1463
1418 1464
1418 1465
1418 1466
1418 1467
1419 1419
1419 1420
1419 1421
1419 1422
1419 1423
1419 1424
1419 1425
1419 1426
1419 1427
1419 1428
1419 1429
1419 1430
1419 1431
1419 1432
1419 1433
1419 1434
1419 1435
1419 1436
1419 1437
1419 1438
1419 1439
1419 1440
1419 1441
1419 1442
1419 1443
1419 1444
1419 1445
1419 1446
1419 1447
1419 1448
1419 1449
1419 1450
1419 1451
1419 1452
1419 1453
1419 1454
1419 1455
1419 1456
1419 1457
1419 1458
1419 1459
1419 1460
1419 1461
1419 1462
1419 1463
1419 1464
1419 1465
1419 1466
1419 1467
1419 1468
1420 1420
1420 1421
1420 1422
1420 1423
1420 1424
1420 1425
1420 1426
1420 1427
1420 1428
1420 1429
1420 1430
1420 1431
1420 1432
1420 1433
1420 1434
1420 1435
1420 1436
1420 1437
1420 1438
1420 1439
1420 1440
1420 1441
1420 1442
1420 1443
1420 1444
1420 1445
1420 1446
1420 1447
1420 1448
1420 1449
1420 1450
1420 1451
1420 1452
1420 1453
1420 1454
1420 1455
1420 1456
1420 1457
1420 1458
1420 1459
1420 1460
1420 1461
1420 1462
1420 1463
1420 1464
1420 1465
1420 1466
1420 1467
1420 1468
1420 1469
1421 1421
1421 1422
1421 1423
1421 1424
1421 1425
1421 1426
1421 1427
1421 1428
1421 1429
1421 1430
1421 1431
1421 1432
1421 1433
1421 1434
1421 1435
1421 1436
1421 1437
1421 1438
1421 1439
1421 1440
1421 1441
1421 1442
1421 1443
1421 1444
1421 1445
1421 1446
1421 1447
1421 1448
1421 1449
1421 1450
1421 1451
1421 1452
1421 1453
1421 1454
1421 1455
1421 1456
1421 1457
1421 1458
1421 1459
1421 1460
1421 1461
1421 1462
1421 1463
1421 1464
1421 1465
1421 1466
1421 1467
1421 1468
1421 1469
1421 1470
1422 1422
1422 1423
1422 1424
1422 1425
1422 1426
1422 1427
1422 1428
1422 1429
1422 1430
1422 1431
1422 1432
1422 1433
1422 1434
1422 1435
1422 1436
1422 1437
1422 1438
1422 1439
1422 1440
1422 1441
1422 1442
1422 1443
1422 1444
1422 1445
1422 1446
1422 1447
1422 1448
1422 1449
1422 1450
1422 1451
1422 1452
1422 1453
1422 1454
1422 1455
1422 1456
1422 1457
1422 1458
1422 1459
1422 1460
1422 1461
1422 1462
1422 1463
1422 1464
1422 1465
1422 1466
1422 1467
1422 1468
1422 1469
1422 1470
1422 1471
1423 1423
1423 1424
1423 1425
1423 1426
1423 1427
1423 1428
1423 1429
1423 1430
1423 1431
1423 1432
1423 1433
1423 1434
1423 1435
1423 1436
1423 1437
1423 1438
1423 1439
1423 1440
1423 1441
1423 1442
1423 1443
1423 1444
1423 1445
1423 1446
1423 1447
1423 1448
1423 1449
1423 1450
1423 1451
1423 1452
1423 1453
1423 1454
1423 1455
1423 1456
1423 1457
1423 1458
1423 1459
1423 1460
1423 1461
1423 1462
1423 1463
1423 1464
1423 1465
1423 1466
1423 1467
1423 1468
1423 1469
1423 1470
1423 1471
1423 1472
1424 1424
1424 1425
1424 1426
1424 1427
1424 1428
1424 1429
1424 1430
1424 1431
1424 1432
1424 1433
1424 1434
1424 1435
1424 1436
1424 1437
1424 1438
1424 1439
1424 1440
1424 1441
1424 1442
1424 1443
1424 1444
1424 1445
1424 1446
1424 1447
1424 1448
1424 1449
1424 1450
1424 1451
1424 1452
1424 1453
1424 1454
1424 1455
1424 1456
1424 1457
1424 1458
1424 1459
1424 1460
1424 1461
1424 1462
1424 1463
1424 1464
1424 1465
1424 1466
1424 1467
1424 1468
1424 1469
1424 1470
1424 1471
1424 1472
1424 1473
1425 1425
1425 1426
1425 1427
1425 1428
1425 1429
1425 1430
1425 1431
1425 1432
1425 1433
1425 1434
1425 1435
1425 1436
1425 1437
1425 1438
1425 1439
1425 1440
1425 1441
1425 1442
1425 1443
1425 1444
1425 1445
1425 1446
1425 1447
1425 1448
1425 1449
1425 1450
1425 1451
1425 1452
1425 1453
1425 1454
1425 1455
1425 1456
1425 1457
1425 1458
1425 1459
1425 1460
1425 1461
1425 1462
1425 1463
1425 1464
1425 1465
1425 1466
1425 1467
1425 1468
1425 1469
1425 1470
1425 1471
1425 1472
1425 1473
1425 1474
1426 1426
1426 1427
1426 1428
1426 1429
1426 1430
1426 1431
1426 1432
1426 1433
1426 1434
1426 1435
1426 1436
1426 1437
1426 1438
1426 1439
1426 1440
1426 1441
1426 1442
1426 1443
1426 1444
1426 1445
1426 1446
1426 1447
1426 1448
1426 1449
1426 1450
1426 1451
1426 1452
1426 1453
1426 1454
1426 1455
1426 1456
1426 1457
1426 1458
1426 1459
1426 1460
1426 1461
1426 1462
1426 1463
1426 1464
1426 1465
1426 1466
1426 1467
1426 1468
1426 1469
1426 1470
1426 1471
1426 1472
1426 1473
1426 1474
1426 1475
1427 1427
1427 1428
1427 1429
1427 1430
1427 1431
1427 1432
1427 1433
1427 1434
1427 1435
1427 1436
1427 1437
1427 1438
1427 1439
1427 1440
1427 1441
1427 1442
1427 1443
1427 1444
1427 1445
1427 1446
1427 1447
1427 1448
1427 1449
1427 1450
1427 1451
1427 1452
1427 1453
1427 1454
1427 1455
1427 1456
1427 1457
1427 1458
1427 1459
1427 1460
1427 1461
1427 1462
1427 1463
1427 1464
1427 1465
1427 1466
1427 1467
1427 1468
1427 1469
1427 1470
1427 1471
1427 1472
1427 1473
1427 1474
1427 1475
1427 1476
1428 1428
1428 1429
1428 1430
1428 1431
1428 1432
1428 1433
1428 1434
1428 1435
1428 1436
1428 1437
1428 1438
1428 1439
1428 1440
1428 1441
1428 1442
1428 1443
1428 1444
1428 1445
1428 1446
1428 1447
1428 1448
1428 1449
1428 1450
1428 1451
1428 1452
1428 1453
1428 1454
1428 1455
1428 1456
1428 1457
1428 1458
1428 1459
1428 1460
1428 1461
1428 1462
1428 1463
1428 1464
1428 1465
1428 1466
1428 1467
1428 1468
1428 1469
1428 1470
1428 1471
1428 1472
1428 1473
1428 1474
1428 1475
1428 1476
1428 1477
1429 1429
1429 1430
1429 1431
1429 1432
1429 1433
1429 1434
1429 1435
1429 1436
1429 1437
1429 1438
1429 1439
1429 1440
1429 1441
1429 1442
1429 1443
1429 1444
1429 1445
1429 1446
1429 1447
1429 1448
1429 1449
1429 1450
1429 1451
1429 1452
1429 1453
1429 1454
1429 1455
1429 1456
1429 1457
1429 1458
1429 1459
1429 1460
1429 1461
1429 1462
1429 1463
1429 1464
1429 1465
1429 1466
1429 1467
1429 1468
1429 1469
1429 1470
1429 1471
1429 1472
1429 1473
1429 1474
1429 1475
1429 1476
1429 1477
1429 1478
1430 1430
1430 1431
1430 1432
1430 1433
1430 1434
1430 1435
1430 1436
1430 1437
1430 1438
1430 1439
1430 1440
1430 1441
1430 1442
1430 1443
1430 1444
1430 1445
1430 1446
1430 1447
1430 1448
1430 1449
1430 1450
1430 1451
1430 1452
1430 1453
1430 1454
1430 1455
1430 1456
1430 1457
1430 1458
1430 1459
1430 1460
1430 1461
1430 1462
1430 1463
1430 1464
1430 1465
1430 1466
1430 1467
1430 1468
1430 1469
1430 1470
1430 1471
1430 1472
1430 1473
1430 1474
1430 1475
1430 1476
1430 1477
1430 1478
1430 1479
1431 1431
1431 1432
1431 1433
1431 1434
1431 1435
1431 1436
1431 1437
1431 1438
1431 1439
1431 1440
1431 1441
1431 1442
1431 1443
1431 1444
1431 1445
1431 1446
1431 1447
1431 1448
1431 1449
1431 1450
1431 1451
1431 1452
1431 1453
1431 1454
1431 1455
1431 1456
1431 1457
1431 1458
1431 1459
1431 1460
1431 1461
1431 1462
1431 1463
1431 1464
1431 1465
1431 1466
1431 1467
1431 1468
1431 1469
1431 1470
1431 1471
1431 1472
1431 1473
1431 1474
1431 1475
1431 1476
1431 1477
1431 1478
1431 1479
1431 1480
1432 1432
1432 1433
1432 1434
1432 1435
1432 1436
1432 1437
1432 1438
1432 1439
1432 1440
1432 1441
1432 1442
1432 1443
1432 1444
1432 1445
1432 1446
1432 1447
1432 1448
1432 1449
1432 1450
1432 1451
1432 1452
1432 1453
1432 1454
1432 1455
1432 1456
1432 1457
1432 1458
1432 1459
1432 1460
1432 1461
1432 1462
1432 1463
1432 1464
1432 1465
1432 1466
1432 1467
1432 1468
1432 1469
1432 1470
1432 1471
1432 1472
1432 1473
1432 1474
1432 1475
1432 1476
1432 1477
1432 1478
1432 1479
1432 1480
1432 1481
1433 1433
1433 1434
1433 1435
1433 1436
1433 1437
1433 1438
1433 1439
1433 1440
1433 1441
1433 1442
1433 1443
1433 1444
1433 1445
1433 1446
1433 1447
1433 1448
1433 1449
1433 1450
1433 1451
1433 1452
1433 1453
1433 1454
1433 1455
1433 1456
1433 1457
1433 1458
1433 1459
1433 1460
1433 1461
1433 1462
1433 1463
1433 1464
1433 1465
1433 1466
1433 1467
1433 1468
1433 1469
1433 1470
1433 1471
1433 1472
1433 1473
1433 1474
1433 1475
1433 1476
1433 1477
1433 1478
1433 1479
1433 1480
1433 1481
1433 1482
1434 1434
1434 1435
1434 1436
1434 1437
1434 1438
1434 1439
1434 1440
1434 1441
1434 1442
1434 1443
1434 1444
1434 1445
1434 1446
1434 1447
1434 1448
1434 1449
1434 1450
1434 1451
1434 1452
1434 1453
1434 1454
1434 1455
1434 1456
1434 1457
1434 1458
1434 1459
1434 1460
1434 1461
1434 1462
1434 1463
1434 1464
1434 1465
1434 1466
1434 1467
1434 1468
1434 1469
1434 1470
1434 1471
1434 1472
1434 1473
1434 1474
1434 1475
1434 1476
1434 1477
1434 1478
1434 1479
1434 1480
1434 1481
1434 1482
1434 1483
1435 1435
1435 1436
1435 1437
1435 1438
1435 1439
1435 1440
1435 1441
1435 1442
1435 1443
1435 1444
1435 1445
1435 1446
1435 1447
1435 1448
1435 1449
1435 1450
1435 1451
1435 1452
1435 1453
1435 1454
1435 1455
1435 1456
1435 1457
1435 1458
1435 1459
1435 1460
1435 1461
1435 1462
1435 1463
1435 1464
1435 1465
1435 1466
1435 1467
1435 1468
1435 1469
1435 1470
1435 1471
1435 1472
1435 1473
1435 1474
1435 1475
1435 1476
1435 1477
1435 1478
1435 1479
1435 1480
1435 1481
1435 1482
1435 1483
1435 1484
1436 1436
1436 1437
1436 1438
1436 1439
1436 1440
1436 1441
1436 1442
1436 1443
1436 1444
1436 1445
1436 1446
1436 1447
1436 1448
1436 1449
1436 1450
1436 1451
1436 1452
1436 1453
1436 1454
1436 1455
1436 1456
1436 1457
1436 1458
1436 1459
1436 1460
1436 1461
1436 1462
1436 1463
1436 1464
1436 1465
1436 1466
1436 1467
1436 1468
1436 1469
1436 1470
1436 1471
1436 1472
1436 1473
1436 1474
1436 1475
1436 1476
1436 1477
1436 1478
1436 1479
1436 1480
1436 1481
1436 1482
1436 1483
1436 1484
1436 1485
1437 1437
1437 1438
1437 1439
1437 1440
1437 1441
1437 1442
1437 1443
1437 1444
1437 1445
1437 1446
1437 1447
1437 1448
1437 1449
1437 1450
1437 1451
1437 1452
1437 1453
1437 1454
1437 1455
1437 1456
1437 1457
1437 1458
1437 1459
1437 1460
1437 1461
1437 1462
1437 1463
1437 1464
1437 1465
1437 1466
1437 1467
1437 1468
1437 1469
1437 1470
1437 1471
1437 1472
1437 1473
1437 1474
1437 1475
1437 1476
1437 1477
1437 1478
1437 1479
1437 1480
1437 1481
1437 1482
1437 1483
1437 1484
1437 1485
1437 1486
1438 1438
1438 1439
1438 1440
1438 1441
1438 1442
1438 1443
1438 1444
1438 1445
1438 1446
1438 1447
1438 1448
1438 1449
1438 1450
1438 1451
1438 1452
1438 1453
1438 1454
1438 1455
1438 1456
1438 1457
1438 1458
1438 1459
1438 1460
1438 1461
1438 1462
1438 1463
1438 1464
1438 1465
1438 1466
1438 1467
1438 1468
1438 1469
1438 1470
1438 1471
1438 1472
1438 1473
1438 1474
1438 1475
1438 1476
1438 1477
1438 1478
1438 1479
1438 1480
1438 1481
1438 1482
1438 1483
1438 1484
1438 1485
1438 1486
1438 1487
1439 1439
1439 1440
1439 1441
1439 1442
1439 1443
1439 1444
1439 1445
1439 1446
1439 1447
1439 1448
1439 1449
1439 1450
1439 1451
1439 1452
1439 1453
1439 1454
1439 1455
1439 1456
1439 1457
1439 1458
1439 1459
1439 1460
1439 1461
1439 1462
1439 1463
1439 1464
1439 1465
1439 1466
1439 1467
1439 1468
1439 1469
1439 1470
1439 1471
1439 1472
1439 1473
1439 1474
1439 1475
1439 1476
1439 1477
1439 1478
1439 1479
1439 1480
1439 1481
1439 1482
1439 1483
1439 1484
1439 1485
1439 1486
1439 1487
1439 1488
1440 1440
1440 1441
1440 1442
1440 1443
1440 1444
1440 1445
1440 1446
1440 1447
1440 1448
1440 1449
1440 1450
1440 1451
1440 1452
1440 1453
1440 1454
1440 1455
1440 1456
1440 1457
1440 1458
1440 1459
1440 1460
1440 1461
1440 1462
1440 1463
1440 1464
1440 1465
1440 1466
1440 1467
1440 1468
1440 1469
1440 1470
1440 1471
1440 1472
1440 1473
1440 1474
1440 1475
1440 1476
1440 1477
1440 1478
1440 1479
1440 1480
1440 1481
1440 1482
1440 1483
1440 1484
1440 1485
1440 1486
1440 1487
1440 1488
1440 1489
1441 1441
1441 1442
1441 1443
1441 1444
1441 1445
1441 1446
1441 1447
1441 1448
1441 1449
1441 1450
1441 1451
1441 1452
1441 1453
1441 1454
1441 1455
1441 1456
1441 1457
1441 1458
1441 1459
1441 1460
1441 1461
1441 1462
1441 1463
1441 1464
1441 1465
1441 1466
1441 1467
1441 1468
1441 1469
1441 1470
1441 1471
1441 1472
1441 1473
1441 1474
1441 1475
1441 1476
1441 1477
1441 1478
1441 1479
1441 1480
1441 1481
1441 1482
1441 1483
1441 1484
1441 1485
1441 1486
1441 1487
1441 1488
1441 1489
1441 1490
1442 1442
1442 1443
1442 1444
1442 1445
1442 1446
1442 1447
1442 1448
1442 1449
1442 1450
1442 1451
1442 1452
1442 1453
1442 1454
1442 1455
1442 1456
1442 1457
1442 1458
1442 1459
1442 1460
1442 1461
1442 1462
1442 1463
1442 1464
1442 1465
1442 1466
1442 1467
1442 1468
1442 1469
1442 1470
1442 1471
1442 1472
1442 1473
1442 1474
1442 1475
1442 1476
1442 1477
1442 1478
1442 1479
1442 1480
1442 1481
1442 1482
1442 1483
1442 1484
1442 1485
1442 1486
1442 1487
1442 1488
1442 1489
1442 1490
1442 1491
1443 1443
1443 1444
1443 1445
1443 1446
1443 1447
1443 1448
1443 1449
1443 1450
1443 1451
1443 1452
1443 1453
1443 1454
1443 1455
1443 1456
1443 1457
1443 1458
1443 1459
1443 1460
1443 1461
1443 1462
1443 1463
1443 1464
1443 1465
1443 1466
1443 1467
1443 1468
1443 1469
1443 1470
1443 1471
1443 1472
1443 1473
1443 1474
1443 1475
1443 1476
1443 1477
1443 1478
1443 1479
1443 1480
1443 1481
1443 1482
1443 1483
1443 1484
1443 1485
1443 1486
1443 1487
1443 1488
1443 1489
1443 1490
1443 1491
1443 1492
1444 1444
1444 1445
1444 1446
1444 1447
1444 1448
1444 1449
1444 1450
1444 1451
1444 1452
1444 1453
1444 1454
1444 1455
1444 1456
1444 1457
1444 1458
1444 1459
1444 1460
1444 1461
1444 1462
1444 1463
1444 1464
1444 1465
1444 1466
1444 1467
1444 1468
1444 1469
1444 1470
1444 1471
1444 1472
1444 1473
1444 1474
1444 1475
1444 1476
1444 1477
1444 1478
1444 1479
1444 1480
1444 1481
1444 1482
1444 1483
1444 1484
1444 1485
1444 1486
1444 1487
1444 1488
1444 1489
1444 1490
1444 1491
1444 1492
1444 1493
1445 1445
1445 1446
1445 1447
1445 1448
1445 1449
1445 1450
1445 1451
1445 1452
1445 1453
1445 1454
1445 1455
1445 1456
1445 1457
1445 1458
1445 1459
1445 1460
1445 1461
1445 1462
1445 1463
1445 1464
1445 1465
1445 1466
1445 1467
1445 1468
1445 1469
1445 1470
1445 1471
1445 1472
1445 1473
1445 1474
1445 1475
1445 1476
1445 1477
1445 1478
1445 1479
1445 1480
1445 1481
1445 1482
1445 1483
1445 1484
1445 1485
1445 1486
1445 1487
1445 1488
1445 1489
1445 1490
1445 1491
1445 1492
1445 1493
1445 1494
1446 1446
1446 1447
1446 1448
1446 1449
1446 1450
1446 1451
1446 1452
1446 1453
1446 1454
1446 1455
1446 1456
1446 1457
1446 1458
1446 1459
1446 1460
1446 1461
1446 1462
1446 1463
1446 1464
1446 1465
1446 1466
1446 1467
1446 1468
1446 1469
1446 1470
1446 1471
1446 1472
1446 1473
1446 1474
1446 1475
1446 1476
1446 1477
1446 1478
1446 1479
1446 1480
1446 1481
1446 1482
1446 1483
1446 1484
1446 1485
1446 1486
1446 1487
1446 1488
1446 1489
1446 1490
1446 1491
1446 1492
1446 1493
1446 1494
1446 1495
1447 1447
1447 1448
1447 1449
1447 1450
1447 1451
1447 1452
1447 1453
1447 1454
1447 1455
1447 1456
1447 1457
1447 1458
1447 1459
1447 1460
1447 1461
1447 1462
1447 1463
1447 1464
1447 1465
1447 1466
1447 1467
1447 1468
1447 1469
1447 1470
1447 1471
1447 1472
1447 1473
1447 1474
1447 1475
1447 1476
1447 1477
1447 1478
1447 1479
1447 1480
1447 1481
1447 1482
1447 1483
1447 1484
1447 1485
1447 1486
1447 1487
1447 1488
1447 1489
1447 1490
1447 1491
1447 1492
1447 1493
1447 1494
1447 1495
1447 1496
1448 1448
1448 1449
1448 1450
1448 1451
1448 1452
1448 1453
1448 1454
1448 1455
1448 1456
1448 1457
1448 1458
1448 1459
1448 1460
1448 1461
1448 1462
1448 1463
1448 1464
1448 1465
1448 1466
1448 1467
1448 1468
1448 1469
1448 1470
1448 1471
1448 1472
1448 1473
1448 1474
1448 1475
1448 1476
1448 1477
1448 1478
1448 1479
1448 1480
1448 1481
1448 1482
1448 1483
1448 1484
1448 1485
1448 1486
1448 1487
1448 1488
1448 1489
1448 1490
1448 1491
1448 1492
1448 1493
1448 1494
1448 1495
1448 1496
1448 1497
1449 1449
1449 1450
1449 1451
1449 1452
1449 1453
1449 1454
1449 1455
1449 1456
1449 1457
1449 1458
1449 1459
1449 1460
1449 1461
1449 1462
1449 1463
1449 1464
1449 1465
1449 1466
1449 1467
1449 1468
1449 1469
1449 1470
1449 1471
1449 1472
1449 1473
1449 1474
1449 1475
1449 1476
1449 1477
1449 1478
1449 1479
1449 1480
1449 1481
1449 1482
1449 1483
1449 1484
1449 1485
1449 1486
1449 1487
1449 1488
1449 1489
1449 1490
1449 1491
1449 1492
1449 1493
1449 1494
1449 1495
1449 1496
1449 1497
1449 1498
1450 1450
1450 1451
1450 1452
1450 1453
1450 1454
1450 1455
1450 1456
1450 1457
1450 1458
1450 1459
1450 1460
1450 1461
1450 1462
1450 1463
1450 1464
1450 1465
1450 1466
1450 1467
1450 1468
1450 1469
1450 1470
1450 1471
1450 1472
1450 1473
1450 1474
1450 1475
1450 1476
1450 1477
1450 1478
1450 1479
1450 1480
1450 1481
1450 1482
1450 1483
1450 1484
1450 1485
1450 1486
1450 1487
1450 1488
1450 1489
1450 1490
1450 1491
1450 1492
1450 1493
1450 1494
1450 1495
1450 1496
1450 1497
1450 1498
1450 1
1451 1451
1451 1452
1451 1453
1451 1454
1451 1455
1451 1456
1451 1457
1451 1458
1451 1459
1451 1460
1451 1461
1451 1462
1451 1463
1451 1464
1451 1465
1451 1466
1451 1467
1451 1468
1451 1469
1451 1470
1451 1471
1451 1472
1451 1473
1451 1474
1451 1475
1451 1476
1451 1477
1451 1478
1451 1479
1451 1480
1451 1481
1451 1482
1451 1483
1451 1484
1451 1485
1451 1486
1451 1487
1451 1488
1451 1489
1451 1490
1451 1491
1451 1492
1451 1493
1451 1494
1451 1495
1451 1496
1451 1497
1451 1498
1451 1
1451 2
1452 1452
1452 1453
1452 1454
1452 1455
1452 1456
1452 1457
1452 1458
1452 1459
1452 1460
1452 1461
1452 1462
1452 1463
1452 1464
1452 1465
1452 1466
1452 1467
1452 1468
1452 1469
1452 1470
1452 1471
1452 1472
1452 1473
1452 1474
1452 1475
1452 1476
1452 1477
1452 1478
1452 1479
1452 1480
1452 1481
1452 1482
1452 1483
1452 1484
1452 1485
1452 1486
1452 1487
1452 1488
1452 1489
1452 1490
1452 1491
1452 1492
1452 1493
1452 1494
1452 1495
1452 1496
1452 1497
1452 1498
1452 1
1452 2
1452 3
1453 1453
1453 1454
1453 1455
1453 1456
1453 1457
1453 1458
1453 1459
1453 1460
1453 1461
1453 1462
1453 1463
1453 1464
1453 1465
1453 1466
1453 1467
1453 1468
1453 1469
1453 1470
1453 1471
1453 1472
1453 1473
1453 1474
1453 1475
1453 1476
1453 1477
1453 1478
1453 1479
1453 1480
1453 1481
1453 1482
1453 1483
1453 1484
1453 1485
1453 1486
1453 1487
1453 1488
1453 1489
1453 1490
1453 1491
1453 1492
1453 1493
1453 1494
1453 1495
1453 1496
1453 1497
1453 1498
1453 1
1453 2
1453 3
1453 4
1454 1454
1454 1455
1454 1456
1454 1457
1454 1458
1454 1459
1454 1460
1454 1461
1454 1462
1454 1463
1454 1464
1454 1465
1454 1466
1454 1467
1454 1468
1454 1469
1454 1470
1454 1471
1454 1472
1454 1473
1454 1474
1454 1475
1454 1476
1454 1477
1454 1478
1454 1479
1454 1480
1454 1481
1454 1482
1454 1483
1454 1484
1454 1485
1454 1486
1454 1487
1454 1488
1454 1489
1454 1490
1454 1491
1454 1492
1454 1493
1454 1494
1454 1495
1454 1496
1454 1497
1454 1498
1454 1
1454 2
1454 3
1454 4
1454 5
1455 1455
1455 1456
1455 1457
1455 1458
1455 1459
1455 1460
1455 1461
1455 1462
1455 1463
1455 1464
1455 1465
1455 1466
1455 1467
1455 1468
1455 1469
1455 1470
1455 1471
1455 1472
1455 1473
1455 1474
1455 1475
1455 1476
1455 1477
1455 1478
1455 1479
1455 1480
1455 1481
1455 1482
1455 1483
1455 1484
1455 1485
1455 1486
1455 1487
1455 1488
1455 1489
1455 1490
1455 1491
1455 1492
1455 1493
1455 1494
1455 1495
1455 1496
1455 1497
1455 1498
1455 1
1455 2
1455 3
1455 4
1455 5
1455 6
1456 1456
1456 1457
1456 1458
1456 1459
1456 1460
1456 1461
1456 1462
1456 1463
1456 1464
1456 1465
1456 1466
1456 1467
1456 1468
1456 1469
1456 1470
1456 1471
1456 1472
1456 1473
1456 1474
1456 1475
1456 1476
1456 1477
1456 1478
1456 1479
1456 1480
1456 1481
1456 1482
1456 1483
1456 1484
1456 1485
1456 1486
1456 1487
1456 1488
1456 1489
1456 1490
1456 1491
1456 1492
1456 1493
1456 1494
1456 1495
1456 1496
1456 1497
1456 1498
1456 1
1456 2
1456 3
1456 4
1456 5
1456 6
1456 7
1457 1457
1457 1458
1457 1459
1457 1460
1457 1461
1457 1462
1457 1463
1457 1464
1457 1465
1457 1466
1457 1467
1457 1468
1457 1469
1457 1470
1457 1471
1457 1472
1457 1473
1457 1474
1457 1475
1457 1476
1457 1477
1457 1478
1457 1479
1457 1480
1457 1481
1457 1482
1457 1483
1457 1484
1457 1485
1457 1486
1457 1487
1457 1488
1457 1489
1457 1490
1457 1491
1457 1492
1457 1493
1457 1494
1457 1495
1457 1496
1457 1497
1457 1498
1457 1
1457 2
1457 3
1457 4
1457 5
1457 6
1457 7
1457 8
1458 1458
1458 1459
1458 1460
1458 1461
1458 1462
1458 1463
1458 1464
1458 1465
1458 1466
1458 1467
1458 1468
1458 1469
1458 1470
1458 1471
1458 1472
1458 1473
1458 1474
1458 1475
1458 1476
1458 1477
1458 1478
1458 1479
1458 1480
1458 1481
1458 1482
1458 1483
1458 1484
1458 1485
1458 1486
1458 1487
1458 1488
1458 1489
1458 1490
1458 1491
1458 1492
1458 1493
1458 1494
1458 1495
1458 1496
1458 1497
1458 1498
1458 1
1458 2
1458 3
1458 4
1458 5
1458 6
1458 7
1458 8
1458 9
1459 1459
1459 1460
1459 1461
1459 1462
1459 1463
1459 1464
1459 1465
1459 1466
1459 1467
1459 1468
1459 1469
1459 1470
1459 1471
1459 1472
1459 1473
1459 1474
1459 1475
1459 1476
1459 1477
1459 1478
1459 1479
1459 1480
1459 1481
1459 1482
1459 1483
1459 1484
1459 1485
1459 1486
1459 1487
1459 1488
1459 1489
1459 1490
1459 1491
1459 1492
1459 1493
1459 1494
1459 1495
1459 1496
1459 1497
1459 1498
1459 1
1459 2
1459 3
1459 4
1459 5
1459 6
1459 7
1459 8
1459 9
1459 10
1460 1460
1460 1461
1460 1462
1460 1463
1460 1464
1460 1465
1460 1466
1460 1467
1460 1468
1460 1469
1460 1470
1460 1471
1460 1472
1460 1473
1460 1474
1460 1475
1460 1476
1460 1477
1460 1478
1460 1479
1460 1480
1460 1481
1460 1482
1460 1483
1460 1484
1460 1485
1460 1486
1460 1487
1460 1488
1460 1489
1460 1490
1460 1491
1460 1492
1460 1493
1460 1494
1460 1495
1460 1496
1460 1497
1460 1498
1460 1
1460 2
1460 3
1460 4
1460 5
1460 6
1460 7
1460 8
1460 9
1460 10
1460 11
1461 1461
1461 1462
1461 1463
1461 1464
1461 1465
1461 1466
1461 1467
1461 1468
1461 1469
1461 1470
1461 1471
1461 1472
1461 1473
1461 1474
1461 1475
1461 1476
1461 1477
1461 1478
1461 1479
1461 1480
1461 1481
1461 1482
1461 1483
1461 1484
1461 1485
1461 1486
1461 1487
1461 1488
1461 1489
1461 1490
1461 1491
1461 1492
1461 1493
1461 1494
1461 1495
1461 1496
1461 1497
1461 1498
1461 1
1461 2
1461 3
1461 4
1461 5
1461 6
1461 7
1461 8
1461 9
1461 10
1461 11
1461 12
1462 1462
1462 1463
1462 1464
1462 1465
1462 1466
1462 1467
1462 1468
1462 1469
1462 1470
1462 1471
1462 1472
1462 1473
1462 1474
1462 1475
1462 1476
1462 1477
1462 1478
1462 1479
1462 1480
1462 1481
1462 1482
1462 1483
1462 1484
1462 1485
1462 1486
1462 1487
1462 1488
1462 1489
1462 1490
1462 1491
1462 1492
1462 1493
1462 1494
1462 1495
1462 1496
1462 1497
1462 1498
1462 1
1462 2
1462 3
1462 4
1462 5
1462 6
1462 7
1462 8
1462 9
1462 10
1462 11
1462 12
1462 13
1463 1463
1463 1464
1463 1465
1463 1466
1463 1467
1463 1468
1463 1469
1463 1470
1463 1471
1463 1472
1463 1473
1463 1474
1463 1475
1463 1476
1463 1477
1463 1478
1463 1479
1463 1480
1463 1481
1463 1482
1463 1483
1463 1484
1463 1485
1463 1486
1463 1487
1463 1488
1463 1489
1463 1490
1463 1491
1463 1492
1463 1493
1463 1494
1463 1495
1463 1496
1463 1497
1463 1498
1463 1
1463 2
1463 3
1463 4
1463 5
1463 6
1463 7
1463 8
1463 9
1463 10
1463 11
1463 12
1463 13
1463 14
1464 1464
1464 1465
1464 1466
1464 1467
1464 1468
1464 1469
1464 1470
1464 1471
1464 1472
1464 1473
1464 1474
1464 1475
1464 1476
1464 1477
1464 1478
1464 1479
1464 1480
1464 1481
1464 1482
1464 1483
1464 1484
1464 1485
1464 1486
1464 1487
1464 1488
1464 1489
1464 1490
1464 1491
1464 1492
1464 1493
1464 1494
1464 1495
1464 1496
1464 1497
1464 1498
1464 1
1464 2
1464 3
1464 4
1464 5
1464 6
1464 7
1464 8
1464 9
1464 10
1464 11
1464 12
1464 13
1464 14
1464 15
1465 1465
1465 1466
1465 1467
1465 1468
1465 1469
1465 1470
1465 1471
1465 1472
1465 1473
1465 1474
1465 1475
1465 1476
1465 1477
1465 1478
1465 1479
1465 1480
1465 1481
1465 1482
1465 1483
1465 1484
1465 1485
1465 1486
1465 1487
1465 1488
1465 1489
1465 1490
1465 1491
1465 1492
1465 1493
1465 1494
1465 1495
1465 1496
1465 1497
1465 1498
1465 1
1465 2
1465 3
1465 4
1465 5
1465 6
1465 7
1465 8
1465 9
1465 10
1465 11
1465 12
1465 13
1465 14
1465 15
1465 16
1466 1466
1466 1467
1466 1468
1466 1469
1466 1470
1466 1471
1466 1472
1466 1473
1466 1474
1466 1475
1466 1476
1466 1477
1466 1478
1466 1479
1466 1480
1466 1481
1466 1482
1466 1483
1466 1484
1466 1485
1466 1486
1466 1487
1466 1488
1466 1489
1466 1490
1466 1491
1466 1492
1466 1493
1466 1494
1466 1495
1466 1496
1466 1497
1466 1498
1466 1
1466 2
1466 3
1466 4
1466 5
1466 6
1466 7
1466 8
1466 9
1466 10
1466 11
1466 12
1466 13
1466 14
1466 15
1466 16
1466 17
1467 1467
1467 1468
1467 1469
1467 1470
1467 1471
1467 1472
1467 1473
1467 1474
1467 1475
1467 1476
1467 1477
1467 1478
1467 1479
1467 1480
1467 1481
1467 1482
1467 1483
1467 1484
1467 1485
1467 1486
1467 1487
1467 1488
1467 1489
1467 1490
1467 1491
1467 1492
1467 1493
1467 1494
1467 1495
1467 1496
1467 1497
1467 1498
1467 1
1467 2
1467 3
1467 4
1467 5
1467 6
1467 7
1467 8
1467 9
1467 10
1467 11
1467 12
1467 13
1467 14
1467 15
1467 16
1467 17
1467 18
1468 1468
1468 1469
1468 1470
1468 1471
1468 1472
1468 1473
1468 1474
1468 1475
1468 1476
1468 1477
1468 1478
1468 1479
1468 1480
1468 1481
1468 1482
1468 1483
1468 1484
1468 1485
1468 1486
1468 1487
1468 1488
1468 1489
1468 1490
1468 1491
1468 1492
1468 1493
1468 1494
1468 1495
1468 1496
1468 1497
1468 1498
1468 1
1468 2
1468 3
1468 4
1468 5
1468 6
1468 7
1468 8
1468 9
1468 10
1468 11
1468 12
1468 13
1468 14
1468 15
1468 16
1468 17
1468 18
1468 19
1469 1469
1469 1470
1469 1471
1469 1472
1469 1473
1469 1474
1469 1475
1469 1476
1469 1477
1469 1478
1469 1479
1469 1480
1469 1481
1469 1482
1469 1483
1469 1484
1469 1485
1469 1486
1469 1487
1469 1488
1469 1489
1469 1490
1469 1491
1469 1492
1469 1493
1469 1494
1469 1495
1469 1496
1469 1497
1469 1498
1469 1
1469 2
1469 3
1469 4
1469 5
1469 6
1469 7
1469 8
1469 9
1469 10
1469 11
1469 12
1469 13
1469 14
1469 15
1469 16
1469 17
1469 18
1469 19
1469 20
1470 1470
1470 1471
1470 1472
1470 1473
1470 1474
1470 1475
1470 1476
1470 1477
1470 1478
1470 1479
1470 1480
1470 1481
1470 1482
1470 1483
1470 1484
1470 1485
1470 1486
1470 1487
1470 1488
1470 1489
1470 1490
1470 1491
1470 1492
1470 1493
1470 1494
1470 1495
1470 1496
1470 1497
1470 1498
1470 1
1470 2
1470 3
1470 4
1470 5
1470 6
1470 7
1470 8
1470 9
1470 10
1470 11
1470 12
1470 13
1470 14
1470 15
1470 16
1470 17
1470 18
1470 19
1470 20
1470 21
1471 1471
1471 1472
1471 1473
1471 1474
1471 1475
1471 1476
1471 1477
1471 1478
1471 1479
1471 1480
1471 1481
1471 1482
1471 1483
1471 1484
1471 1485
1471 1486
1471 1487
1471 1488
1471 1489
1471 1490
1471 1491
1471 1492
1471 1493
1471 1494
1471 1495
1471 1496
1471 1497
1471 1498
1471 1
1471 2
1471 3
1471 4
1471 5
1471 6
1471 7
1471 8
1471 9
1471 10
1471 11
1471 12
1471 13
1471 14
1471 15
1471 16
1471 17
1471 18
1471 19
1471 20
1471 21
1471 22
1472 1472
1472 1473
1472 1474
1472 1475
1472 1476
1472 1477
1472 1478
1472 1479
1472 1480
1472 1481
1472 1482
1472 1483
1472 1484
1472 1485
1472 1486
1472 1487
1472 1488
1472 1489
1472 1490
1472 1491
1472 1492
1472 1493
1472 1494
1472 1495
1472 1496
1472 1497
1472 1498
1472 1
1472 2
1472 3
1472 4
1472 5
1472 6
1472 7
1472 8
1472 9
1472 10
1472 11
1472 12
1472 13
1472 14
1472 15
1472 16
1472 17
1472 18
1472 19
1472 20
1472 21
1472 22
1472 23
1473 1473
1473 1474
1473 1475
1473 1476
1473 1477
1473 1478
1473 1479
1473 1480
1473 1481
1473 1482
1473 1483
1473 1484
1473 1485
1473 1486
1473 1487
1473 1488
1473 1489
1473 1490
1473 1491
1473 1492
1473 1493
1473 1494
1473 1495
1473 1496
1473 1497
1473 1498
1473 1
1473 2
1473 3
1473 4
1473 5
1473 6
1473 7
1473 8
1473 9
1473 10
1473 11
1473 12
1473 13
1473 14
1473 15
1473 16
1473 17
1473 18
1473 19
1473 20
1473 21
1473 22
1473 23
1473 24
1474 1474
1474 1475
1474 1476
1474 1477
1474 1478
1474 1479
1474 1480
1474 1481
1474 1482
1474 1483
1474 1484
1474 1485
1474 1486
1474 1487
1474 1488
1474 1489
1474 1490
1474 1491
1474 1492
1474 1493
1474 1494
1474 1495
1474 1496
1474 1497
1474 1498
1474 1
1474 2
1474 3
1474 4
1474 5
1474 6
1474 7
1474 8
1474 9
1474 10
1474 11
1474 12
1474 13
1474 14
1474 15
1474 16
1474 17
1474 18
1474 19
1474 20
1474 21
1474 22
1474 23
1474 24
1474 25
1475 1475
1475 1476
1475 1477
1475 1478
1475 1479
1475 1480
1475 1481
1475 1482
1475 1483
1475 1484
1475 1485
1475 1486
1475 1487
1475 1488
1475 1489
1475 1490
1475 1491
1475 1492
1475 1493
1475 1494
1475 1495
1475 1496
1475 1497
1475 1498
1475 1
1475 2
1475 3
1475 4
1475 5
1475 6
1475 7
1475 8
1475 9
1475 10
1475 11
1475 12
1475 13
1475 14
1475 15
1475 16
1475 17
1475 18
1475 19
1475 20
1475 21
1475 22
1475 23
1475 24
1475 25
1475 26
1476 1476
1476 1477
1476 1478
1476 1479
1476 1480
1476 1481
1476 1482
1476 1483
1476 1484
1476 1485
1476 1486
1476 1487
1476 1488
1476 1489
1476 1490
1476 1491
1476 1492
1476 1493
1476 1494
1476 1495
1476 1496
1476 1497
1476 1498
1476 1
1476 2
1476 3
1476 4
1476 5
1476 6
1476 7
1476 8
1476 9
1476 10
1476 11
1476 12
1476 13
1476 14
1476 15
1476 16
1476 17
1476 18
1476 19
1476 20
1476 21
1476 22
1476 23
1476 24
1476 25
1476 26
1476 27
1477 1477
1477 1478
1477 1479
1477 1480
1477 1481
1477 1482
1477 1483
1477 1484
1477 1485
1477 1486
1477 1487
1477 1488
1477 1489
1477 1490
1477 1491
1477 1492
1477 1493
1477 1494
1477 1495
1477 1496
1477 1497
1477 1498
1477 1
1477 2
1477 3
1477 4
1477 5
1477 6
1477 7
1477 8
1477 9
1477 10
1477 11
1477 12
1477 13
1477 14
1477 15
1477 16
1477 17
1477 18
1477 19
1477 20
1477 21
1477 22
1477 23
1477 24
1477 25
1477 26
1477 27
1477 28
1478 1478
1478 1479
1478 1480
1478 1481
1478 1482
1478 1483
1478 1484
1478 1485
1478 1486
1478 1487
1478 1488
1478 1489
1478 1490
1478 1491
1478 1492
1478 1493
1478 1494
1478 1495
1478 1496
1478 1497
1478 1498
1478 1
1478 2
1478 3
1478 4
1478 5
1478 6
1478 7
1478 8
1478 9
1478 10
1478 11
1478 12
1478 13
1478 14
1478 15
1478 16
1478 17
1478 18
1478 19
1478 20
1478 21
1478 22
1478 23
1478 24
1478 25
1478 26
1478 27
1478 28
1478 29
1479 1479
1479 1480
1479 1481
1479 1482
1479 1483
1479 1484
1479 1485
1479 1486
1479 1487
1479 1488
1479 1489
1479 1490
1479 1491
1479 1492
1479 1493
1479 1494
1479 1495
1479 1496
1479 1497
1479 1498
1479 1
1479 2
1479 3
1479 4
1479 5
1479 6
1479 7
1479 8
1479 9
1479 10
1479 11
1479 12
1479 13
1479 14
1479 15
1479 16
1479 17
1479 18
1479 19
1479 20
1479 21
1479 22
1479 23
1479 24
1479 25
1479 26
1479 27
1479 28
1479 29
1479 30
1480 1480
1480 1481
1480 1482
1480 1483
1480 1484
1480 1485
1480 1486
1480 1487
1480 1488
1480 1489
1480 1490
1480 1491
1480 1492
1480 1493
1480 1494
1480 1495
1480 1496
1480 1497
1480 1498
1480 1
1480 2
1480 3
1480 4
1480 5
1480 6
1480 7
1480 8
1480 9
1480 10
1480 11
1480 12
1480 13
1480 14
1480 15
1480 16
1480 17
1480 18
1480 19
1480 20
1480 21
1480 22
1480 23
1480 24
1480 25
1480 26
1480 27
1480 28
1480 29
1480 30
1480 31
1481 1481
1481 1482
1481 1483
1481 1484
1481 1485
1481 1486
1481 1487
1481 1488
1481 1489
1481 1490
1481 1491
1481 1492
1481 1493
1481 1494
1481 1495
1481 1496
1481 1497
1481 1498
1481 1
1481 2
1481 3
1481 4
1481 5
1481 6
1481 7
1481 8
1481 9
1481 10
1481 11
1481 12
1481 13
1481 14
1481 15
1481 16
1481 17
1481 18
1481 19
1481 20
1481 21
1481 22
1481 23
1481 24
1481 25
1481 26
1481 27
1481 28
1481 29
1481 30
1481 31
1481 32
1482 1482
1482 1483
1482 1484
1482 1485
1482 1486
1482 1487
1482 1488
1482 1489
1482 1490
1482 1491
1482 1492
1482 1493
1482 1494
1482 1495
1482 1496
1482 1497
1482 1498
1482 1
1482 2
1482 3
1482 4
1482 5
1482 6
1482 7
1482 8
1482 9
1482 10
1482 11
1482 12
1482 13
1482 14
1482 15
1482 16
1482 17
1482 18
1482 19
1482 20
1482 21
1482 22
1482 23
1482 24
1482 25
1482 26
1482 27
1482 28
1482 29
1482 30
1482 31
1482 32
1482 33
1483 1483
1483 1484
1483 1485
1483 1486
1483 1487
1483 1488
1483 1489
1483 1490
1483 1491
1483 1492
1483 1493
1483 1494
1483 1495
1483 1496
1483 1497
1483 1498
1483 1
1483 2
1483 3
1483 4
1483 5
1483 6
1483 7
1483 8
1483 9
1483 10
1483 11
1483 12
1483 13
1483 14
1483 15
1483 16
1483 17
1483 18
1483 19
1483 20
1483 21
1483 22
1483 23
1483 24
1483 25
1483 26
1483 27
1483 28
1483 29
1483 30
1483 31
1483 32
1483 33
1483 34
1484 1484
1484 1485
1484 1486
1484 1487
1484 1488
1484 1489
1484 1490
1484 1491
1484 1492
1484 1493
1484 1494
1484 1495
1484 1496
1484 1497
1484 1498
1484 1
1484 2
1484 3
1484 4
1484 5
1484 6
1484 7
1484 8
1484 9
1484 10
1484 11
1484 12
1484 13
1484 14
1484 15
1484 16
1484 17
1484 18
1484 19
1484 20
1484 21
1484 22
1484 23
1484 24
1484 25
1484 26
1484 27
1484 28
1484 29
1484 30
1484 31
1484 32
1484 33
1484 34
1484 35
1485 1485
1485 1486
1485 1487
1485 1488
1485 1489
1485 1490
1485 1491
1485 1492
1485 1493
1485 1494
1485 1495
1485 1496
1485 1497
1485 1498
1485 1
1485 2
1485 3
1485 4
1485 5
1485 6
1485 7
1485 8
1485 9
1485 10
1485 11
1485 12
1485 13
1485 14
1485 15
1485 16
1485 17
1485 18
1485 19
1485 20
1485 21
1485 22
1485 23
1485 24
1485 25
1485 26
1485 27
1485 28
1485 29
1485 30
1485 31
1485 32
1485 33
1485 34
1485 35
1485 36
1486 1486
1486 1487
1486 1488
1486 1489
1486 1490
1486 1491
1486 1492
1486 1493
1486 1494
1486 1495
1486 1496
1486 1497
1486 1498
1486 1
1486 2
1486 3
1486 4
1486 5
1486 6
1486 7
1486 8
1486 9
1486 10
1486 11
1486 12
1486 13
1486 14
1486 15
1486 16
1486 17
1486 18
1486 19
1486 20
1486 21
1486 22
1486 23
1486 24
1486 25
1486 26
1486 27
1486 28
1486 29
1486 30
1486 31
1486 32
1486 33
1486 34
1486 35
1486 36
1486 37
1487 1487
1487 1488
1487 1489
1487 1490
1487 1491
1487 1492
1487 1493
1487 1494
1487 1495
1487 1496
1487 1497
1487 1498
1487 1
1487 2
1487 3
1487 4
1487 5
1487 6
1487 7
1487 8
1487 9
1487 10
1487 11
1487 12
1487 13
1487 14
1487 15
1487 16
1487 17
1487 18
1487 19
1487 20
1487 21
1487 22
1487 23
1487 24
1487 25
1487 26
1487 27
1487 28
1487 29
1487 30
1487 31
1487 32
1487 33
1487 34
1487 35
1487 36
1487 37
1487 38
1488 1488
1488 1489
1488 1490
1488 1491
1488 1492
1488 1493
1488 1494
1488 1495
1488 1496
1488 1497
1488 1498
1488 1
1488 2
1488 3
1488 4
1488 5
1488 6
1488 7
1488 8
1488 9
1488 10
1488 11
1488 12
1488 13
1488 14
1488 15
1488 16
1488 17
1488 18
1488 19
1488 20
1488 21
1488 22
1488 23
1488 24
1488 25
1488 26
1488 27
1488 28
1488 29
1488 30
1488 31
1488 32
1488 33
1488 34
1488 35
1488 36
1488 37
1488 38
1488 39
1489 1489
1489 1490
1489 1491
1489 1492
1489 1493
1489 1494
1489 1495
1489 1496
1489 1497
1489 1498
1489 1
1489 2
1489 3
1489 4
1489 5
1489 6
1489 7
1489 8
1489 9
1489 10
1489 11
1489 12
1489 13
1489 14
1489 15
1489 16
1489 17
1489 18
1489 19
1489 20
1489 21
1489 22
1489 23
1489 24
1489 25
1489 26
1489 27
1489 28
1489 29
1489 30
1489 31
1489 32
1489 33
1489 34
1489 35
1489 36
1489 37
1489 38
1489 39
1489 40
1490 1490
1490 1491
1490 1492
1490 1493
1490 1494
1490 1495
1490 1496
1490 1497
1490 1498
1490 1
1490 2
1490 3
1490 4
1490 5
1490 6
1490 7
1490 8
1490 9
1490 10
1490 11
1490 12
1490 13
1490 14
1490 15
1490 16
1490 17
1490 18
1490 19
1490 20
1490 21
1490 22
1490 23
1490 24
1490 25
1490 26
1490 27
1490 28
1490 29
1490 30
1490 31
1490 32
1490 33
1490 34
1490 35
1490 36
1490 37
1490 38
1490 39
1490 40
1490 41
1491 1491
1491 1492
1491 1493
1491 1494
1491 1495
1491 1496
1491 1497
1491 1498
1491 1
1491 2
1491 3
1491 4
1491 5
1491 6
1491 7
1491 8
1491 9
1491 10
1491 11
1491 12
1491 13
1491 14
1491 15
1491 16
1491 17
1491 18
1491 19
1491 20
1491 21
1491 22
1491 23
1491 24
1491 25
1491 26
1491 27
1491 28
1491 29
1491 30
1491 31
1491 32
1491 33
1491 34
1491 35
1491 36
1491 37
1491 38
1491 39
1491 40
1491 41
1491 42
1492 1492
1492 1493
1492 1494
1492 1495
1492 1496
1492 1497
1492 1498
1492 1
1492 2
1492 3
1492 4
1492 5
1492 6
1492 7
1492 8
1492 9
1492 10
1492 11
1492 12
1492 13
1492 14
1492 15
1492 16
1492 17
1492 18
1492 19
1492 20
1492 21
1492 22
1492 23
1492 24
1492 25
1492 26
1492 27
1492 28
1492 29
1492 30
1492 31
1492 32
1492 33
1492 34
1492 35
1492 36
1492 37
1492 38
1492 39
1492 40
1492 41
1492 42
1492 43
1493 1493
1493 1494
1493 1495
1493 1496
1493 1497
1493 1498
1493 1
1493 2
1493 3
1493 4
1493 5
1493 6
1493 7
1493 8
1493 9
1493 10
1493 11
1493 12
1493 13
1493 14
1493 15
1493 16
1493 17
1493 18
1493 19
1493 20
1493 21
1493 22
1493 23
1493 24
1493 25
1493 26
1493 27
1493 28
1493 29
1493 30
1493 31
1493 32
1493 33
1493 34
1493 35
1493 36
1493 37
1493 38
1493 39
1493 40
1493 41
1493 42
1493 43
1493 44
1494 1494
1494 1495
1494 1496
1494 1497
1494 1498
1494 1
1494 2
1494 3
1494 4
1494 5
1494 6
1494 7
1494 8
1494 9
1494 10
1494 11
1494 12
1494 13
1494 14
1494 15
1494 16
1494 17
1494 18
1494 19
1494 20
1494 21
1494 22
1494 23
1494 24
1494 25
1494 26
1494 27
1494 28
1494 29
1494 30
1494 31
1494 32
1494 33
1494 34
1494 35
1494 36
1494 37
1494 38
1494 39
1494 40
1494 41
1494 42
1494 43
1494 44
1494 45
1495 1495
1495 1496
1495 1497
1495 1498
1495 1
1495 2
1495 3
1495 4
1495 5
1495 6
1495 7
1495 8
1495 9
1495 10
1495 11
1495 12
1495 13
1495 14
1495 15
1495 16
1495 17
1495 18
1495 19
1495 20
1495 21
1495 22
1495 23
1495 24
1495 25
1495 26
1495 27
1495 28
1495 29
1495 30
1495 31
1495 32
1495 33
1495 34
1495 35
1495 36
1495 37
1495 38
1495 39
1495 40
1495 41
1495 42
1495 43
1495 44
1495 45
1495 46
1496 1496
1496 1497
1496 1498
1496 1
1496 2
1496 3
1496 4
1496 5
1496 6
1496 7
1496 8
1496 9
1496 10
1496 11
1496 12
1496 13
1496 14
1496 15
1496 16
1496 17
1496 18
1496 19
1496 20
1496 21
1496 22
1496 23
1496 24
1496 25
1496 26
1496 27
1496 28
1496 29
1496 30
1496 31
1496 32
1496 33
1496 34
1496 35
1496 36
1496 37
1496 38
1496 39
1496 40
1496 41
1496 42
1496 43
1496 44
1496 45
1496 46
1496 47
1497 1497
1497 1498
1497 1
1497 2
1497 3
1497 4
1497 5
1497 6
1497 7
1497 8
1497 9
1497 10
1497 11
1497 12
1497 13
1497 14
1497 15
1497 16
1497 17
1497 18
1497 19
1497 20
1497 21
1497 22
1497 23
1497 24
1497 25
1497 26
1497 27
1497 28
1497 29
1497 30
1497 31
1497 32
1497 33
1497 34
1497 35
1497 36
1497 37
1497 38
1497 39
1497 40
1497 41
1497 42
1497 43
1497 44
1497 45
1497 46
1497 47
1497 48
1498 1498
1498 1
1498 2
1498 3
1498 4
1498 5
1498 6
1498 7
1498 8
1498 9
1498 10
1498 11
1498 12
1498 13
1498 14
1498 15
1498 16
1498 17
1498 18
1498 19
1498 20
1498 21
1498 22
1498 23
1498 24
1498 25
1498 26
1498 27
1498 28
1498 29
1498 30
1498 31
1498 32
1498 33
1498 34
1498 35
1498 36
1498 37
1498 38
1498 39
1498 40
1498 41
1498 42
1498 43
1498 44
1498 45
1498 46
1498 47
1498 48
1498 49
1 1499
1 1500
