72147
677470 909133
407988 423685
643026 245126
339672 499622
73480 784961
43950 381306
258540 156395
536058 550295
953311 149577
712202 156373
448334 473585
132308 812003
875533 705820
243820 629279
532915 801382
979432 411716
48745 486631
285311 802207
119117 892292
412889 865138
821409 97818
384618 916558
483710 234138
478696 910628
180360 64679
371623 993563
510717 998825
641234 550297
243608 949757
763702 187227
863377 977290
66866 917171
415351 816462
972170 949229
642614 271125
660582 745842
954229 568889
796110 868483
945808 995338
689969 471509
359215 900739
508747 389108
164609 394082
481951 548868
774725 134981
788932 716002
791137 128083
596616 499223
168888 360075
764812 601554
721454 478414
800504 672942
113330 516763
765746 995163
626987 963378
373741 135861
507122 121608
655300 350208
808209 810018
83734 668064
396605 51697
823737 930129
381475 659
277311 424943
945151 788131
260361 210551
801300 515756
429097 119894
100236 486085
319196 452112
652323 527900
669948 260362
857485 385846
835106 63571
480699 480980
666565 858333
543843 647172
95381 289316
400914 917974
226139 924012
882951 211266
350615 505249
707624 709305
456980 248101
511501 440409
536510 275759
341426 273662
660977 623209
281819 116358
828426 703791
817366 629286
993019 102366
107048 350114
551008 104188
926877 541345
603578 884979
506546 671488
524653 54868
477969 893879
28014 774989
262404 630006
603823 844275
172096 812666
284094 750251
740755 729983
371066 911616
428158 304884
320881 814481
423391 889229
402185 360301
54607 152174
43497 23294
251899 439326
798294 568028
435632 586607
810947 21811
531536 450007
176771 498134
575375 685679
422868 261158
397617 168252
103152 60574
807345 727418
263505 576679
660361 619318
989011 821487
998034 95356
130112 44669
388427 253476
373546 716357
98953 464258
390553 444281
260068 969439
648096 1688
616089 105091
907924 369501
331180 324522
658193 353693
920534 363178
258764 513181
806316 101968
758423 273896
458619 176285
471124 616234
253310 390981
395057 363707
456991 978727
136271 625903
774402 4223
776920 24545
591369 579091
776884 209933
838336 976290
629469 640743
675199 722802
244422 749664
450784 822863
526359 354489
507612 596587
611458 300239
770967 482238
638767 255184
653069 418214
274610 370567
346476 699903
459665 788967
323275 353391
629941 249366
67688 15502
531304 558496
990312 46536
283803 722594
900989 370113
137789 106369
471648 229999
686882 800878
810532 28825
324336 711662
651959 871169
357324 508103
666235 796263
603068 752327
436236 723556
747697 620503
869498 507411
574774 989229
828545 525877
289000 574819
671180 912697
398780 765164
640999 483537
986820 289071
955400 742693
348041 213188
86321 833953
443927 252983
570988 182905
746226 698984
991933 512151
587374 531089
844833 779667
112244 792706
566811 971229
971405 646960
143166 929288
556683 973972
835174 819117
890587 284445
834668 56875
442401 729736
104069 357872
212770 55853
728288 555672
245044 172682
170385 797312
85653 175849
50827 479575
665400 53962
88890 268766
502928 718552
282809 230368
544763 572430
861265 769972
309487 48826
228655 126816
208255 709430
207280 647833
936217 138838
791571 310171
436266 110474
684227 124404
202581 45631
990537 353655
527413 123133
627806 917489
68748 501676
413593 740017
583693 11672
952558 825723
411560 594432
831468 733098
517882 980761
895146 221648
564408 734807
935522 9041
741908 693529
495408 193946
644130 864904
612537 351114
813206 398430
927089 492883
472170 928712
658671 270324
53465 518808
126047 433524
478984 16387
368744 764629
381163 22895
532197 490035
554693 534985
452481 245901
794678 534569
335941 498320
3305 696368
785095 777757
427516 984197
870015 951762
480765 725438
342309 903059
398081 517768
869089 203767
265905 166914
241318 123737
607730 423722
526710 312954
559098 722920
314274 10358
83716 961751
418153 831440
804149 164492
576838 28775
450749 841969
884468 42997
868180 251255
672078 488676
945639 350983
937217 224120
421707 9379
525580 983908
38139 61532
68317 325280
902021 13247
247260 658437
636743 34075
396848 698774
948504 941686
333479 821353
549775 770381
868190 948617
984556 953245
828184 126556
438343 810854
273600 902013
661611 211519
633629 585958
596734 92548
413260 518978
556904 570527
265321 416653
999880 677288
718581 651473
252911 988887
496923 516983
117260 213733
775105 214317
770734 36915
371525 560679
666784 905244
358531 961638
263133 361137
913103 801231
120042 261944
772334 588408
108626 97900
613387 275081
130316 747207
882075 752730
579830 177729
486997 650698
634968 7600
10686 217472
578422 6103
991715 193428
312849 757254
150256 117389
494933 478088
512401 833676
144282 676886
836485 762273
33881 228735
571264 206396
548148 35491
558220 176881
978332 631078
455565 659569
493657 461260
904903 648766
218680 54853
414095 665066
462346 344089
101549 95730
884744 27162
357838 970578
970340 695240
357662 487179
448424 628697
669257 908373
554131 982620
690427 452539
795498 62197
982647 715312
792144 601999
488688 176365
294605 22068
75921 363810
647235 86624
787937 979328
317908 598477
662683 393538
784180 469698
547670 640886
486582 170224
299321 14342
508963 437863
909449 175822
434601 823867
987733 694340
409309 661717
631255 99264
465395 316846
522156 173468
569772 804177
314232 864192
139937 632837
525771 711699
643244 831940
155561 848766
719931 893438
425148 430266
624368 444294
311750 284237
50246 420323
399717 131812
966467 235051
945921 730198
845180 601058
998799 405068
948277 962259
607658 999363
643043 418872
937449 270948
383061 700936
881274 862990
814042 406154
531549 834630
759717 491738
579854 171044
411254 390335
154153 97561
272978 688732
824336 387423
427818 291070
484495 805626
950729 154942
88069 440907
589912 565248
189553 253322
400239 396926
424468 684845
215798 60546
392262 744806
722018 833504
837429 630829
59168 202320
356052 68944
476616 677658
908983 931136
414172 723851
983690 22868
784023 689714
608539 352756
90121 728648
7231 148433
824701 113996
2539 752807
908330 531903
493441 156676
654545 840587
386479 613328
700464 637882
980450 803365
910869 371008
500910 952555
792259 977917
591146 281009
836576 178790
196290 553020
187786 682752
512026 866116
339285 56915
27378 394008
828180 186134
113439 939797
353397 913872
497673 908655
662184 135368
329996 257548
24728 34852
478163 15900
15979 124658
613521 287940
830015 829057
694037 844456
275672 978605
390393 451886
716174 942819
397909 775692
50484 138089
828560 382762
481593 135118
139384 337796
588356 809276
6359 320778
595018 287544
709054 695922
590501 902365
701733 981391
458886 899108
671321 814347
772962 761516
591658 774897
253342 652771
136942 498666
463310 719612
25489 142317
69574 353592
785056 999080
925218 699659
507932 684814
95997 627595
916961 697650
623660 7756
356367 815506
967904 18731
113396 733803
492322 188153
439421 760190
422868 135653
745246 625238
141872 630139
387974 892216
333032 945517
585223 588615
182264 765950
654503 374919
856895 951115
471617 23572
301561 356676
375547 422652
376911 282373
496928 917679
293691 941823
656013 855271
70118 508238
101489 473963
301765 721901
979828 916759
218581 788251
975373 280176
155307 47925
897317 548832
990779 364989
91638 386357
221813 863784
856795 412647
483077 538670
811662 733793
707834 284597
580811 588284
553173 424869
16023 385338
823371 387565
635018 320105
782710 886519
721820 546845
703995 757382
289467 27791
649712 581867
977241 75567
868383 292526
190664 807930
395275 173290
138354 87241
299818 5615
130960 819978
27026 114837
208519 938719
278202 439483
453950 17638
406386 198844
716877 558594
284929 530838
376713 586515
676880 579972
946781 528297
140210 557337
159477 195571
684166 552481
949919 266862
613873 598954
595567 207617
40453 239425
254374 111192
590840 390555
804747 175575
918988 655090
564232 34728
367624 157885
2573 716894
591325 676969
672862 876725
382653 624606
360929 450307
164305 104506
257294 211355
416857 949680
286744 308599
135525 62764
953435 76850
869735 435657
13725 888534
751309 533022
273556 102797
977921 26353
54413 380228
652159 620076
722898 635572
316593 835262
794688 614659
185895 43624
501008 275360
140325 15416
137220 79421
19430 806653
571700 824261
470800 886
992165 886455
429669 290478
905124 744801
569938 272106
317452 160502
350953 147959
851417 4803
238308 603212
489019 630257
653500 920608
923380 538178
54953 883518
158331 892768
344299 937312
622186 332772
982325 125011
59081 11003
808833 502951
757516 252539
490868 725928
880868 483638
362617 605321
229097 103830
607196 144385
351047 187564
81652 642476
134671 842304
318462 711810
38383 616691
188044 48177
710220 285941
85541 643863
525663 777627
925945 139993
345618 681483
144263 559170
329868 923340
354417 755861
228841 765253
48572 282157
201358 669294
464258 889626
600785 230647
710443 288284
139791 490534
560375 424331
984318 481024
316876 405306
480883 155972
155358 28963
626745 598274
83106 829344
136812 859505
750911 511395
161011 785176
708773 606300
171762 697931
744718 324132
42808 746993
573766 98414
199743 972797
270892 591451
100674 838984
4316 677607
159697 731444
369206 577356
662061 116677
838837 631097
700711 658210
29313 129131
115783 390741
427174 274759
980287 932053
793631 4561
91331 280944
860466 775809
46445 366859
388103 488776
396127 920634
852222 193377
952517 370543
142207 366461
950104 614082
189853 214115
581585 543960
216570 880826
272175 79791
700838 491818
193005 83625
882370 325089
620591 629190
954161 1751
655225 822039
39197 122890
496082 449894
206911 262961
387579 324297
882437 992035
181143 583118
298130 448115
598625 749580
700059 73937
116132 196853
703072 300481
125256 659412
806118 18103
892718 883836
312248 173224
649652 934036
460672 519566
581382 749181
866490 75836
943605 657228
827791 634325
96616 952392
415648 395964
297938 833664
551396 437166
148024 971790
647394 71226
858555 818268
404441 585487
106023 505
274608 257540
366799 732829
137137 264373
518301 851213
235114 751327
985900 919846
658177 662643
553595 952146
588003 812325
195389 539113
324584 970442
937846 246456
52894 63973
5454 791211
738749 120441
847127 67281
310249 884032
264319 445715
272286 425143
732614 35020
395808 972232
349728 921544
351010 642463
521907 429837
301515 608401
822706 561755
699298 335305
224940 462024
347660 379370
202534 480595
835011 181088
138685 931534
426785 834423
322565 512012
334132 483358
139680 514608
807039 685134
912478 288643
482452 579097
37092 638855
440762 535355
621377 59513
187249 287197
416508 757092
284436 206878
246959 19597
824606 619113
974281 606576
931304 151476
162182 70953
774866 943509
175704 635911
802035 92170
843888 683974
118455 817553
800290 214011
124024 327486
737590 46362
345176 7151
278683 459300
523588 31532
654753 144017
962330 508641
357056 442298
33569 615525
328310 236660
641057 122154
380065 67612
750932 956110
662131 657451
496069 800375
508264 882103
234 751701
930387 610080
277960 106169
217349 976550
856650 780635
1356 838690
756411 877602
308229 41493
320737 922388
541260 119970
606926 608566
316132 159975
832424 391484
652950 569157
949718 616369
321085 867687
124593 52429
147883 451474
431101 644327
265080 123869
57913 41167
200120 987056
585039 535360
716727 220633
67332 30763
151684 340200
417593 419520
454587 189940
425637 638428
143363 992151
662295 675624
698521 148960
40955 552658
31412 387673
978696 488625
588055 843084
557799 347626
667594 748002
640484 20358
855406 27451
790029 331228
838767 199725
531557 228163
133806 870650
850047 684151
292663 710226
592418 474030
497733 50200
99058 386111
407023 410565
987905 391364
795206 95522
921698 554529
629732 531515
358031 721522
601585 410050
603639 617715
259021 463831
197954 856057
385450 105170
614440 725860
984307 351660
929850 144002
910718 315674
823905 567368
668740 860866
875748 385799
865783 361720
76638 287800
698233 665708
306776 538168
674305 430377
488144 830740
166732 53244
453793 914227
388847 723146
416108 387885
208162 907007
111706 574394
504982 868133
38688 319241
624122 407359
908989 590759
96786 718938
666905 918739
674835 957253
511996 282670
323599 419742
492888 279901
497574 246886
830118 261868
928778 156117
665967 203644
529691 699492
916542 80726
39014 918956
118213 58176
791778 505026
48683 880267
73860 76875
693697 257205
882611 579140
344868 849269
438248 467270
588121 365470
299686 388623
101017 450592
405887 841963
643558 720384
741239 826785
987808 67962
834375 685386
344193 866527
165832 39864
81525 189202
786040 90630
622348 169103
588998 209469
909564 593721
272269 881971
340044 976042
471617 360031
879470 669614
992527 380195
189619 694671
854187 18639
67402 650366
253466 635557
167894 281920
904186 106964
669735 737431
483721 701138
90128 226861
577267 757309
179848 73789
153023 860783
395265 411578
770506 515314
652129 109870
3684 574861
127511 588916
548818 235526
488527 506246
938606 260949
657397 138435
171627 659698
631001 656534
169052 695586
258886 679303
175934 4696
134436 170941
366897 297161
937916 201301
205726 19991
554165 610518
555048 468733
613109 670780
574833 796983
171298 148099
830329 658470
612888 597021
120575 441273
406979 523953
437249 660797
155106 916887
607032 229618
756694 412161
326960 220535
31792 602205
622631 131796
734310 884541
228781 817488
328395 536055
451304 301448
296942 186837
212184 335381
308045 415518
637617 664539
814617 321813
263226 744617
220444 249097
162523 64465
643924 455104
945633 226918
421399 928516
508262 780891
476846 257720
501961 829613
55009 277337
763661 811106
950453 632825
225553 176892
460842 312229
341733 872059
875689 223359
850654 445281
579580 732235
312698 172451
609594 523829
584163 567060
436848 776657
214403 948222
866870 157150
340564 30272
642264 908900
520999 375300
418334 552828
468035 9129
690008 409282
163053 637787
963718 566542
507376 128761
22698 899685
864338 302569
385081 356191
659552 989218
770027 261967
242596 321730
803218 555908
826290 714342
456794 32302
589200 590097
369020 184110
66529 806581
39970 443177
238981 908234
951168 494659
789539 727819
47757 702691
293681 128970
35965 676714
293008 893847
413255 559001
877939 904413
10673 12513
505688 425781
723894 10290
133266 731467
266478 333560
976408 180043
718956 787789
547852 623325
103178 975707
504313 699114
729628 507310
529940 525970
94171 516499
373250 734719
976554 120676
553028 951692
102605 163154
830672 219530
856833 355889
192313 970835
945660 157234
334856 765223
46413 390117
212392 392412
138550 88922
505262 225819
695624 504133
946817 142686
167951 413671
667651 210893
76962 555321
53796 910921
455656 477979
512682 139124
781192 457371
96796 819410
362858 872811
152070 582064
857015 300719
211271 720198
119082 487136
594222 562522
967406 392339
846789 21784
118020 632460
866782 138204
534401 631374
881347 649682
328344 624062
733504 306486
210657 25955
308267 68613
103531 694823
672300 744157
236643 149026
981784 411364
272842 824671
46810 47340
339632 558074
261188 490504
841640 323352
248885 48548
437300 317908
134712 353621
893519 378533
929210 449478
227014 616251
811815 516895
164965 213136
585478 431110
403211 875445
122951 38016
727304 880671
130085 967249
933388 812710
559660 113888
508239 765650
810148 268467
408413 133331
785366 923525
365271 693445
823419 950057
67627 317897
806249 861355
729317 655578
411778 605008
152719 164579
993725 863078
786812 192263
422299 445841
846020 315328
468253 919547
437033 321352
153216 681219
617695 740292
200746 1222
285224 228202
398431 639497
720145 742447
814781 16382
534542 13923
409423 501050
404569 92000
364691 749087
736188 369258
324691 233410
671657 821088
962525 690043
166407 629348
855982 766637
435319 811787
817711 383503
101265 689667
337211 608980
667826 506211
183105 569767
740617 207146
249538 700592
741555 615178
697451 549282
479565 291695
764477 569316
936891 196718
896945 905603
729203 93943
309081 334763
218952 307749
876546 122836
701424 937110
909564 339786
785046 308307
103646 118634
993085 401660
648422 98312
488854 638705
149747 768761
205950 108186
578939 678095
539460 527840
24011 762088
754259 741998
117232 761488
774412 659781
690563 394659
102978 919153
856879 138078
245715 307363
700656 997544
196292 333553
478872 101443
910578 740872
896541 48924
39979 283868
84587 419453
878462 866602
962592 538007
252749 630260
69422 615839
339688 448625
908817 916281
367424 298036
770670 180841
715517 258731
762876 289989
299671 418641
806916 54220
71450 473471
860593 568113
482716 652038
168933 606626
740041 294385
397175 748802
8472 2579
317216 363930
778889 677933
181957 204038
482789 470967
833179 133034
424438 662034
201871 995099
364325 494496
738386 247641
859964 117050
630374 416625
363599 512458
820717 572227
54671 479956
998698 342507
61965 671746
161063 671902
743452 5520
575599 202508
761990 733552
859017 873969
60437 472049
502593 769152
381320 44729
259080 211023
554633 243765
447941 170532
490533 287062
919422 990955
833232 216585
633681 424384
648479 806124
410582 284939
288178 123342
744749 545799
221960 609770
569164 547912
424256 557661
785463 233802
436147 202209
356133 253041
314812 263031
258369 67196
122827 104300
593882 392267
252426 783603
339907 494766
292556 137894
894827 904767
34445 643533
282805 222941
225190 741386
633603 478492
589101 25915
85096 60395
715961 959141
320724 370956
545816 914037
139057 392621
575225 698563
232847 800387
118700 724854
869476 56350
522763 822625
342527 833682
654730 979601
915733 603549
905216 237833
365859 788769
608836 282479
527533 717605
760853 343317
619352 52486
131406 569658
603755 256662
245699 65099
65832 159023
368395 584896
509275 671186
916899 985809
449440 881109
103097 416865
482781 427832
423462 234002
954842 899945
632126 270971
108559 845202
884810 999604
934203 585726
788508 885073
100790 23503
535297 291031
380413 777057
426492 138113
766362 433600
717260 746112
256942 58490
701874 39066
953463 185910
345600 812286
794975 497206
931086 112628
63952 611880
25938 473104
978919 338992
808090 279569
152827 644670
351237 610252
644167 637739
269902 421605
659526 416593
106451 667680
250811 599848
929973 699105
429190 817464
148973 609344
540206 700631
652410 657615
524256 347628
685875 481509
262406 15142
106039 16929
346460 658278
308332 6344
961572 212048
186542 240233
704553 572212
384800 693132
167785 394174
240149 220025
346355 580754
844217 16679
839864 462482
776498 475439
218299 849985
960402 238994
334484 629280
691007 758256
926520 420113
639942 264287
239885 499730
353578 329060
318437 213076
406731 95793
229133 819908
44763 12837
400765 864557
385111 382250
190999 624789
573930 405653
400485 506601
452287 45998
613134 527032
638182 356438
67657 204565
390719 652686
627987 626115
25374 888656
585614 738191
944752 863064
533610 746643
709897 259890
605349 744515
997043 43452
296291 735039
418197 175228
656608 511534
738534 771832
810056 523301
687698 687071
535912 96650
576272 815447
265534 182881
600134 204558
15617 528959
684210 203916
84238 47471
609124 502959
76185 555043
508256 262730
579526 451359
290183 105478
218683 303696
453646 234038
654233 104943
188652 262638
685008 14370
552726 607387
710509 628528
252189 640978
121523 880055
531428 988090
338222 350170
849811 187460
832350 564585
179053 479711
178616 803912
873316 894487
433007 948954
441703 131845
942789 134372
561359 395748
993124 671427
469437 474956
966269 363317
652251 335700
564271 19894
234728 22652
425820 584232
232812 771870
501664 528216
131759 280884
873468 682881
459161 680899
202346 14856
72627 480380
879051 86781
728464 142384
951899 520052
788317 984477
719561 874717
334263 803814
390 560877
77948 348221
441065 922261
662777 827239
879564 618128
742366 859272
587264 499230
941688 539221
56539 944154
463257 774005
357191 330856
63267 458497
458595 677224
502595 390412
34491 635552
641693 453118
149435 264776
114699 502323
177196 40701
62035 389
729907 845618
685543 291163
5472 41649
306413 975856
754621 834699
848377 987958
694989 566615
854327 734279
380481 422754
252392 642923
844198 582125
229392 835878
560424 249498
144750 224724
303867 631095
342046 337838
240184 916818
705749 321862
814660 123750
489855 479916
604253 393765
788724 878138
635836 409562
656705 904158
47368 611806
800301 236951
780957 751970
400152 452194
985268 409118
466236 191779
974568 888308
534661 855714
235620 571206
237679 672374
70129 383397
725404 493890
864009 342361
155963 193680
667222 144276
511194 741854
747572 672551
286911 105854
188487 281547
621966 734620
80232 820911
147999 523250
16971 688747
465665 637733
47073 711148
872146 759089
245536 315367
75656 481321
352253 625509
246513 660495
319618 266561
720651 687331
47517 370431
522595 62452
428975 683734
562749 205910
657551 748989
584033 45784
238081 127637
272822 841677
803249 925449
977973 757678
400982 423780
433648 159442
670375 600335
230473 499530
746633 936547
288481 419334
642128 562993
338608 711990
641182 972342
594488 344026
679871 203979
741093 839206
702733 335764
489567 507552
482867 339300
550370 305157
349057 815821
631805 446967
733770 759744
611232 193263
341272 367599
274392 842784
197414 92566
752541 908699
334718 487484
746510 665722
905234 379639
392747 481453
760986 516869
92537 293410
321692 183133
681898 913980
745835 883703
513171 123840
426924 961713
622015 147433
943337 822582
630287 256921
50392 320183
482787 785180
304616 543142
353630 577592
492817 948837
419501 149463
273501 196316
984183 549715
604666 516021
899909 125338
619820 831036
454393 198743
962233 197324
95696 172968
88983 517727
639572 161011
584006 732510
391622 452768
505857 688802
802404 688226
713590 25866
329651 919380
343592 286422
706890 710780
615107 948891
121714 649920
811256 487960
567925 155244
249285 952543
249421 224409
883033 1117
290454 766652
905467 544733
327297 77774
471873 426322
95533 950904
367329 887978
99647 326738
331639 233609
203534 502474
177101 241149
542608 806649
440122 867895
214091 428404
370861 415217
144757 290285
127439 688530
803890 808908
905261 201407
645937 271138
134725 642281
703436 891061
787375 143893
921190 818651
665199 370325
210137 154721
594920 102506
49205 233954
561677 297708
201514 455247
463848 298013
61452 537243
374769 610755
797207 829058
296096 332669
338507 389228
111780 241697
489572 79929
331723 602199
542264 549461
953230 501538
228569 695623
286603 591215
321006 683520
648213 81704
254792 380262
450384 174250
640199 431356
944268 63718
517552 303127
631116 275603
982983 968368
813838 669432
777805 224738
220880 774694
925576 645626
885742 351709
474611 119014
180876 104216
756708 27346
248656 161189
233374 81438
708642 904156
964060 331493
270523 652440
101670 76612
140561 798779
422467 48719
53167 173186
294733 418909
86976 705448
457952 386853
363858 337626
861313 690305
992479 618604
135417 310334
677858 850316
30535 412580
568369 707249
858183 210524
810329 676712
581874 770786
316113 12593
718300 497324
442427 301737
851713 17377
586930 520014
399484 968789
386587 950510
317591 335685
385083 819886
330430 620238
631969 383656
552373 129621
658860 591203
447121 163806
801421 859121
832404 544903
82028 905448
488849 425470
991348 813128
23134 638767
215004 512994
108821 291657
398097 270650
840818 850953
441032 453809
254255 391835
203163 701353
596355 305376
463119 623842
64329 977608
799946 874746
675062 781279
549707 748992
607983 289687
353834 512913
196740 36487
725949 957334
869168 656525
955063 621735
955109 743808
440315 306050
511308 719454
880517 665958
604989 350863
689488 256965
289203 397640
370007 504205
870426 35585
924323 699375
965633 284664
111344 959844
48919 384401
852890 798269
222394 225541
835817 778171
503583 14486
293632 247073
991608 293120
62903 695019
80839 38363
425261 985878
27566 437286
8923 539785
953183 60560
803029 656366
910576 56479
714859 486667
710792 889531
309643 721089
515810 981635
569038 297012
550611 808448
604299 662442
627745 619299
597385 197196
793101 253022
183710 133222
26997 345311
9899 208583
764627 138936
777417 925267
252040 654389
422436 922922
223884 499130
597177 603753
451636 704279
798661 422961
723374 209995
449842 756262
344994 485282
512780 482134
155235 44633
215704 974172
531046 914196
958651 162229
362256 149093
641787 324613
559804 954840
138170 928279
475986 817909
69577 488391
472128 747415
171119 846208
748777 505189
929686 7267
219551 91041
543734 337735
280652 664526
297993 18750
619066 226926
1539 976473
483775 1542
647184 10393
716429 541663
719616 291909
604419 381472
645839 603577
62222 23882
677416 646785
60833 739344
230008 383894
958797 663174
863048 318587
724612 831401
67099 724654
495044 114577
413490 390230
78346 348072
328024 803479
694419 995015
321963 204843
406020 489918
686538 225135
21512 313733
82102 606165
818939 687757
976587 403021
959096 215635
213727 525358
709753 40405
239139 23133
571766 738526
724502 82789
618640 362383
360694 22688
18787 575490
919812 372287
643647 489670
740047 85509
128492 452952
819720 529330
436991 986778
424081 595284
463821 810810
851523 607721
7563 133768
976925 617898
73554 416456
26037 697402
831039 720640
326308 553915
364300 855070
236036 147223
69965 182135
642492 270188
411996 754028
169976 455736
811401 763985
453549 309374
939305 286970
943420 170117
633420 233431
820186 856593
123610 175431
532017 901299
830023 837831
23636 224786
489664 795553
173096 986521
460399 736851
584362 471111
275486 423869
287259 844071
312440 432635
384461 685164
210876 254508
81030 364845
758379 910850
831154 264044
816347 671386
677891 50854
717715 680739
732300 867294
244762 880593
369853 814415
281569 390635
837788 127360
483888 541998
653413 700519
927768 3100
677589 284004
347116 199700
142995 515538
444992 980487
52280 488646
872457 32158
841640 223464
434194 713203
206790 325100
573809 266706
7314 350041
449102 744791
673654 674410
841696 48218
104068 621918
502498 406040
161300 275274
148904 340259
612770 256007
104666 70972
979655 465700
26609 881425
350976 753864
826429 64724
956757 960522
210335 581041
434866 4259
979309 911356
489096 912311
711732 783897
24482 506057
325736 653816
306838 500519
481853 701559
278795 987591
435322 636638
956374 112711
333751 420098
502651 918980
206044 833077
635493 705593
672375 579566
39261 136936
349931 360783
200903 461027
147114 382535
150197 278022
918168 965795
589902 595600
534514 207815
226454 610866
215976 493681
307471 803931
300697 945777
151571 304866
56057 764444
325257 652603
789393 641976
206751 387504
589993 905016
991747 862076
627143 860627
396057 736254
6635 702734
563255 614466
776189 343408
645614 478193
683494 381111
253461 400223
448870 356455
538089 455724
298375 133001
475087 615971
395098 193132
754619 467467
105589 779507
880893 338536
410388 47427
476290 59685
499067 49047
808660 813113
475290 74915
599554 136319
51128 673855
851624 152035
875580 487859
264014 636241
951054 804001
757416 709429
605221 675973
873382 728215
70184 520360
662868 973364
234060 297897
710801 117906
865867 751232
296790 78981
964234 180423
336098 627432
771739 979091
407566 918954
211228 347395
361862 65441
588933 650771
975569 576742
418998 244039
354387 11602
713342 114506
217445 121562
411470 434271
665511 938890
268637 141722
408169 633008
531269 387747
640680 601025
917947 310302
916088 548612
334366 743371
138584 692650
970941 927695
247397 448661
505032 425059
624548 674419
838735 832905
439166 251313
994211 418110
687225 456007
809211 332347
899235 239409
462759 921773
527612 181054
802601 427662
224441 56303
772337 520090
709283 313066
806536 869677
402767 418956
707525 218040
650842 167419
527860 563892
818474 452612
932712 269036
706430 401251
653726 995024
351739 810888
958405 503287
693057 678942
937426 653852
384045 586351
886348 19274
680046 709357
580954 537434
688812 55299
797951 637272
121006 356021
836723 433593
166782 820177
197867 571118
179407 37594
570400 870808
975314 322300
148978 41653
434296 318792
914488 452994
491700 87345
304075 353738
465665 526437
24347 519142
316947 484559
1907 373580
248739 286455
42447 240071
830166 755638
684798 632858
661945 771845
479457 912886
568537 668769
568020 950508
60708 848299
384074 997589
738675 134353
132177 232970
114140 4481
702573 492597
417429 778840
797930 155895
756866 895837
97610 522854
121850 118584
283559 65653
431923 859096
455927 531749
50373 648204
281286 488774
954438 354515
415032 215303
823335 395860
397857 524589
850020 149055
864407 227845
355404 204479
290750 317262
540162 121936
143149 28328
972881 208724
202012 532642
332257 568747
383899 734738
178002 185834
57807 89121
85209 461907
354770 848098
805051 227496
640737 81727
174340 517113
626274 376654
391608 599928
81253 837272
336709 989724
384041 64872
833324 773790
664950 673047
298309 358804
176151 178806
498439 682482
943970 164904
3196 808892
364240 558531
842953 189950
423650 9959
508817 771140
193051 377919
559071 757566
829263 854451
981731 98902
319482 462478
860923 557266
462058 20203
944798 201463
875695 342782
985718 175832
459085 344536
253065 951733
859290 319371
651737 744972
728983 465625
128067 550296
875279 439143
241121 956521
643048 680677
321964 63585
227562 271401
207993 110999
376131 966601
589918 523951
247964 262654
315226 635700
61531 27787
30646 497054
465619 9821
94435 886719
253047 39962
680218 586452
725317 550012
768973 758843
637682 806511
830066 699423
833024 636674
914072 426151
877634 426933
706618 998261
552934 647368
609397 29938
474494 582676
551828 904779
923933 139773
991887 109579
9941 719303
726919 433022
153166 384817
526317 842322
106582 409150
770777 583470
155840 828963
349263 935285
681703 384304
934992 910622
179676 271058
408831 784589
146963 452529
789188 544138
349231 73357
805773 685077
263750 125599
443741 70598
961481 383084
787293 397917
251209 479836
404496 968995
787497 376312
456330 147228
140114 263774
140690 77231
762991 718172
241675 973484
481112 257263
42807 905062
229311 138499
419726 826185
648279 776218
765014 999139
689367 532089
391632 544173
107980 798412
292677 392332
595568 775315
932195 299911
893040 887438
593609 974460
430316 737774
78372 594252
274845 913854
619586 318265
614763 672675
288048 475791
462662 293618
162397 124053
321405 60444
804577 796536
41974 275881
117970 914367
624712 502383
660696 264049
882978 959617
970958 343114
296551 277487
978688 402416
644434 364310
659033 98629
856676 783164
565290 355787
767065 297491
64252 800584
608573 853348
707236 525055
36175 174071
647756 710446
384974 525105
757609 389527
113350 175883
318636 886415
389764 982742
768029 367845
309256 374522
62759 963469
938986 98612
187822 401848
71587 30912
518607 370701
93899 281184
818835 191370
119263 731997
241786 933130
733780 333672
626009 459304
828741 711324
382693 470638
496102 790406
882169 423409
686686 436537
121223 779871
403105 996816
640887 981040
765494 266992
307600 901095
355896 416886
699085 856249
604681 183551
56175 976758
746779 291835
686429 910826
397797 333757
815232 834171
175951 75806
555063 461938
55181 913259
611708 191324
735365 861294
454350 332186
437052 686954
175220 545698
676199 303015
321722 279538
665047 339311
965282 897065
590449 3554
967583 925012
905777 804327
878887 988925
737298 491864
245179 213039
214276 158759
216218 276604
282640 376099
56957 315683
163576 146318
374536 197045
247624 508271
690981 974124
90488 765046
400320 861876
27641 786831
941854 57844
216049 804023
141826 439521
78907 184281
157529 331300
646385 113640
665154 234123
490310 185685
394645 468442
315644 575024
594943 891730
816556 410066
845810 313026
321540 443256
306356 153323
472625 50977
455730 743296
217496 221339
482341 735119
428369 168145
675176 542106
697157 665431
26659 496612
656361 757996
823667 769742
114808 416270
263542 643452
608649 713861
647984 947353
210946 720741
518069 222381
294669 217132
455560 838036
510698 171175
992088 746863
15912 949842
562170 153978
13250 151524
826279 516526
669067 917660
246644 705594
656622 569832
363758 136024
666230 651126
688973 382963
696062 403051
755797 907055
206384 411761
122491 685736
599764 364138
425774 538147
922890 414721
650513 289642
966268 331947
874607 551197
852077 859768
322451 884310
977792 61044
204314 917957
562427 594864
895794 789157
821004 807513
362086 524686
183613 791062
478927 311469
324492 905097
656243 182752
158745 434047
638741 754299
788076 124969
472696 724819
326730 885841
19974 858070
616409 617673
508752 980336
540217 573042
913866 565264
695713 661019
775734 320978
571389 474850
543015 620627
567683 584452
362504 892290
358623 792753
412076 459447
242156 827439
938282 559745
391184 757861
458759 27391
205871 862240
589626 853285
348961 437703
531671 187859
990970 416207
807857 827980
729718 116403
943029 50760
241710 998753
64275 400130
4558 787152
187996 679235
115135 35363
258966 197615
419185 354658
892974 206810
377993 173162
135286 606296
451861 547456
913187 948123
605140 527414
794507 887182
702517 224230
888966 21447
946098 840056
682483 285828
10027 625899
561194 665344
899785 427923
973728 136159
191681 617402
460124 494813
537683 975714
601310 420323
785423 427273
433260 854652
312992 598126
385163 852157
367619 608638
362175 7747
969750 785553
177460 892497
103515 477499
383720 796454
831286 529514
294572 684617
528335 728682
197335 698069
782908 102832
403552 146885
58152 62235
592771 820025
257497 710749
520923 353620
337729 849887
634172 37033
351503 867836
277044 880337
332781 626302
12435 885024
556299 291673
416499 274012
293687 510218
72879 116106
702464 389472
631131 842568
833122 167592
402057 828941
872855 805129
491496 422686
167600 578317
546121 266012
790741 347506
566699 562894
927973 945537
846999 242483
508988 454428
284844 323711
242418 791455
435777 790069
891535 916330
700731 708802
845764 412151
18552 237391
87787 598874
623858 672855
286567 471704
164925 759430
58030 658635
540267 381779
56775 800257
373562 894625
834804 462490
299408 451704
128778 958696
571394 432433
15918 925179
277646 93167
746624 923728
190893 846588
425627 19448
179525 94237
544277 3012
478479 263509
593443 316946
478890 458805
879749 858247
96817 837115
357449 608978
334008 108923
992439 447875
303120 264674
997452 750883
996424 847355
908344 251441
274207 138723
197526 239346
653658 52641
356104 653395
193482 907284
544746 217489
401323 59951
207384 40544
425907 568967
475712 981632
827481 163631
620824 113246
439093 595945
675884 533907
690252 441915
582779 302924
198466 916616
47963 227212
320853 874301
681988 36709
134176 513502
653897 781125
957057 612367
186100 559228
467558 473089
619890 292397
82446 217446
367280 147189
684187 348448
243222 827579
916694 541998
340624 366491
504008 750426
281441 417286
56207 716699
763746 169532
911174 37573
81757 524326
831088 874553
470044 367087
114122 701955
115385 562341
300761 654570
929622 143750
244826 696987
40847 748463
71350 652433
908803 5534
379692 64621
884805 98158
767004 719926
88008 606482
427611 277140
974708 306815
98448 932348
369238 79195
80210 524074
621248 486676
459892 66974
753479 764486
866913 841118
173052 90665
512244 753758
34249 682302
976971 463490
898649 875778
466424 19678
33050 192626
249330 628498
453594 414910
192444 350499
809572 320668
951790 862341
972096 57303
105558 757470
816106 504731
820580 892529
778159 188125
685848 692655
166949 334455
39325 579439
181753 817484
748832 583528
932224 910425
703335 764420
605228 413735
480974 700742
332597 8540
595334 295781
101690 416270
471655 267018
973940 163008
711415 549377
7508 476350
177777 392444
212609 53240
200051 762523
418897 297469
930706 860217
546491 728523
76590 714347
153499 370679
653122 849862
148970 543590
381115 523129
896198 814539
424668 766339
693123 512400
815068 73898
350040 65440
984480 472849
551172 137787
285833 860509
877273 712075
159474 181905
28246 933467
886528 780638
360818 409531
200538 316458
551484 279789
901008 754473
263385 110907
121701 408206
452342 543727
499815 98834
688941 549900
175332 448911
591291 969388
19527 74949
391013 863212
193174 178890
813764 838838
174125 522097
495591 500609
622309 996600
981086 565534
504318 709909
809401 246625
935528 235565
98501 94104
590746 32842
368294 232238
944134 611534
667268 186936
450868 669874
416059 295574
757337 88915
252594 56965
132801 706652
715856 551070
278170 151399
866596 874512
877420 744556
360402 249116
183099 118850
259790 778492
732768 643773
213079 197898
645774 756490
105020 622182
483671 533343
169977 767605
681272 281679
212664 402741
957804 886697
707470 137307
442242 902699
15744 478735
163261 189249
569973 645472
82085 714042
900735 9544
716731 780668
485318 316931
278103 885939
430759 657731
740158 684389
431943 953386
205861 845646
967231 723130
385121 13638
189347 713291
303348 565307
962862 119095
420756 575366
513764 507387
203196 88228
197868 502423
322338 595041
129033 832304
838586 6859
964004 640041
728134 129561
728676 295415
131793 311892
121564 188578
871462 655073
638425 527842
3913 434302
227208 548510
31552 508547
121777 444365
954833 265389
994929 72912
396327 178358
959566 452738
155424 795270
511054 900262
202565 314078
632131 616154
411571 552969
857527 668155
208342 182954
18701 847788
681153 493100
993337 767348
820319 23556
105889 532811
354605 538708
854615 921345
616339 209701
307591 255401
270199 546232
433687 270113
673497 8116
131353 313656
807491 866650
531403 185634
982725 249974
141541 101
279569 269172
780051 241081
252451 480936
921738 977069
19078 456990
501673 629015
680942 939880
610611 351205
408440 336433
712798 766310
579841 415818
837959 367088
808949 21181
987594 550270
454130 938368
148233 19241
168166 126887
782386 102114
873485 142852
785962 716458
437725 734793
632626 749959
316227 843089
793310 403025
484770 553503
981193 396173
310351 782882
287857 280810
178247 77709
970489 444528
226591 800505
337957 277326
175674 167186
662970 76132
79967 459948
726543 785968
762287 87214
621813 836974
82855 646595
328520 996165
749047 181023
343863 813878
475284 772903
255444 955791
121127 279142
528076 981396
350318 721506
708095 448132
492642 686079
798341 460593
531250 692722
627583 866576
304735 785295
717196 992267
46183 71380
366203 777636
642485 316100
431172 263957
186382 981371
878055 271698
570722 967625
183598 975981
685169 329272
227224 399156
887798 797229
754252 674720
95387 142989
592466 85415
491497 451131
762763 842478
460830 913247
95934 714234
611919 777104
603074 635719
327152 328293
267425 476576
395279 897563
426401 816112
938244 697040
298473 319840
730071 238359
734956 433946
88245 643630
683226 6889
424339 693065
700208 214750
340479 284016
939555 343510
272032 127800
779580 456755
688171 368014
793422 59746
231356 705612
557932 791840
224580 301155
734027 697632
295610 489695
27150 300187
78968 447933
212399 741720
88222 449672
273640 39859
157533 881821
907337 995922
626390 290905
842841 78478
369975 820224
822788 221282
785990 596930
504512 561361
653078 576420
231860 986308
634963 133395
456280 828050
480322 595474
38662 511209
148683 105687
658699 370370
527357 916691
127293 172252
569754 928484
413551 694686
189223 486314
854086 369702
64427 103522
369808 335258
432440 1119
468601 716295
556399 272754
953506 757312
52999 679033
567875 499784
864312 379369
937111 390313
460472 826849
580663 958886
916200 801369
869666 197415
889352 724775
944386 635714
148601 585051
363923 527845
767839 887843
278187 198516
224656 259255
706564 869715
4678 774003
20625 571109
243970 462171
714029 132123
329410 301045
876690 768884
994606 267882
761978 260029
876672 888049
41757 591830
908498 911012
8639 404884
160865 863394
401453 358458
57030 930194
334039 404277
80326 446538
822147 633832
504295 489033
122061 852999
528450 936844
152677 638526
298089 858062
2178 249133
198603 242898
270815 226466
219855 619989
469572 147188
139088 688745
577708 273726
908576 118282
873957 850863
321728 435716
569938 950126
645076 866285
395224 676045
407590 195870
746568 232276
648504 807356
52633 721898
170757 607350
243374 142871
296774 261749
937135 425879
395827 704012
649005 536257
764511 8036
101560 879391
780009 755708
368304 210453
21589 592716
442836 791041
67126 451729
77568 424826
666443 776089
247783 568361
749116 593017
11684 340579
959397 788501
711734 564253
979193 549390
801237 839103
859639 642013
264010 662405
280650 398806
145009 414353
423463 938343
431102 659687
817944 396944
52992 409231
70542 65611
346912 995965
46316 351856
724542 796873
125553 950348
288657 658812
21622 368545
857330 508652
321912 683375
184457 418513
660492 736980
614698 868016
161966 103328
257478 357055
862015 254589
989093 155193
283903 291498
960691 3095
799096 988888
143357 430115
11470 946675
33250 507080
273305 44106
899615 296323
548897 739425
429885 51344
298171 83313
50940 174255
680536 874118
229168 800625
866632 948971
600793 4067
320036 343298
785883 343383
20928 98260
92864 766346
59211 117801
263746 716093
904879 817618
809814 929786
324360 205851
844208 258158
412194 907115
383684 791987
886865 276341
420733 48467
319677 465256
350546 58894
443332 696608
717263 771009
784522 642454
650550 117543
884789 379690
450897 973511
375443 315489
92103 799626
430355 258051
49068 599078
805994 396676
905557 394052
269378 766713
834908 712739
144623 875533
54771 253101
732161 352227
295181 466599
58490 625886
380135 232017
966068 170770
608568 797408
771595 377865
635213 978981
375707 15809
970782 291690
29663 445534
391709 520204
659465 496843
948207 145951
57639 195376
768284 258410
568552 928587
324066 624952
200551 433167
413088 106148
393017 483108
975986 872610
313616 599830
928151 230121
781888 804198
830647 832592
402968 452137
690133 636109
95460 536532
8943 260777
958519 581899
711686 367616
488818 252050
186920 770279
227293 393477
869749 699997
391492 789884
490426 725691
333956 202576
516412 39741
302560 555621
898598 596930
463562 473984
767185 436765
794300 662068
871666 198068
734623 531515
939088 933289
976012 21296
651808 736422
651140 488694
623857 888831
505240 893674
321431 996999
54381 421213
415854 596204
902538 699218
29124 586430
623977 938231
281751 732486
904376 907822
269481 847732
274749 516885
992700 143096
431942 73399
651505 786540
977423 169749
603615 333086
129076 819131
540810 294048
94522 338644
691610 178872
110699 377906
7639 762122
623330 386582
249433 357995
858070 862901
786179 23016
101402 939961
901132 403141
346986 77069
766971 199032
987212 829168
212287 591869
489607 627317
399339 670041
24406 891766
310312 594422
514316 507516
262844 452596
872506 866839
675459 854697
102721 911596
244941 852384
968876 297228
69127 742329
84813 671139
643677 707385
90723 531872
969853 332461
372890 890511
130401 851251
776016 508037
21415 99503
697470 694186
23471 224937
839383 375744
109053 100914
253405 650687
523331 559980
305521 600877
149835 217788
248846 805252
281776 841142
619348 548234
346374 455173
124344 529403
934564 410933
591054 425224
617277 857375
216220 243744
247594 391391
922320 847670
559390 549257
177275 858690
777495 220880
751648 113980
207583 106355
531682 214317
441311 45822
501555 5971
220853 827328
596855 53278
218604 639254
772010 826726
253201 598521
12613 157346
971695 337224
698541 856150
148547 888480
70695 405423
280493 125608
956987 856621
138508 473402
587990 847269
316608 589511
810131 694629
32802 652493
527052 311458
963469 927848
166465 998874
848682 635942
24972 373685
224658 737606
619350 894814
450922 103496
703738 349233
228281 123798
522608 289333
725959 858530
607153 848694
356457 847237
299009 265936
603876 629516
436491 653624
655632 167110
289175 349235
819729 138092
900133 601810
482492 618679
9789 726168
355590 899199
435435 486812
82780 64537
944849 557423
124834 453491
474229 466904
375157 946481
380813 888134
214346 825985
293145 457107
131226 184986
732824 44535
465712 266849
982081 323360
770848 257489
363215 346866
74792 294191
820226 117373
245819 619121
299269 124098
680876 317159
474476 415439
49933 72783
705251 780972
396724 504357
500578 588010
895967 114764
936109 69747
232161 671324
467154 540152
512200 609516
382940 764876
662639 482172
766306 916670
665621 162675
717840 344320
272855 547107
706890 471231
93904 101593
214448 637886
29274 273519
187230 916546
765496 678422
655285 81916
569260 975901
674227 905406
632156 728235
980438 138863
633437 891147
753002 161348
378966 988244
936514 210377
687027 238570
23780 888738
58627 574175
385778 7944
615971 885834
355452 63303
220344 184315
404686 132606
294268 291365
936044 666627
806298 385371
675635 556900
600793 972954
757438 394720
789892 807971
924496 507775
252927 854689
750138 108531
751922 238199
376976 740059
28886 755744
913648 226566
823443 94848
154685 558933
863586 198316
794711 927710
93321 529129
768094 746795
819824 378863
588440 282666
300069 935876
374414 3005
257424 328667
887985 900635
402354 51602
774715 967858
287413 552659
852545 611577
704059 978510
119049 236404
422166 155944
237454 668207
635768 952950
107597 956867
55607 65151
85276 252911
128955 451689
161721 847076
179011 411834
160317 265651
896989 721099
397208 941897
376935 694985
365815 549958
531379 878906
292155 151795
784763 772624
497569 579670
795579 361462
793374 964891
57614 196392
817278 541295
175228 648988
856442 271070
733449 630217
884757 368087
7301 449658
960730 435976
902826 448313
129975 940032
927350 653670
21542 881523
29405 998979
966063 905093
274248 16218
533503 139950
415835 688278
370104 876354
393748 174436
602917 694245
396772 709738
749744 196383
551471 207455
464323 759489
610048 919030
428405 375676
130508 430026
449496 319126
313324 791220
4556 454281
41679 956780
556643 752425
85716 216609
26535 879557
806772 165552
559567 133341
247998 915576
922953 625715
376261 331082
237341 789668
309223 681177
858589 74846
939621 344901
633165 603744
695416 543158
828854 242713
295092 799949
720479 331138
860748 146904
627902 334840
541633 601966
92299 901465
693672 481313
615765 638471
447121 737743
29510 191224
790446 515893
133819 139512
882241 812407
147407 477990
200557 597735
404020 760927
751543 580904
184072 768924
276361 847017
331931 240464
404558 972650
838819 800456
749091 120577
741854 311495
555839 789988
997181 84213
101075 832703
769472 277214
734956 975146
494976 242093
773647 979426
34393 53493
901508 960051
508440 167934
252510 440759
521866 301832
332210 563262
6795 167908
418184 119851
728380 496189
882065 526576
411484 305285
609078 905983
349770 303834
478450 389546
622538 946061
32984 705871
206277 107843
817656 225211
550478 816861
424228 936713
870330 46868
249433 3902
796621 769826
547748 810370
901534 668372
505563 509619
195341 357809
51200 384032
732414 177565
886320 314094
18605 915084
34743 243090
601342 327573
853596 426086
506574 330992
837454 282486
776006 601615
318047 801432
286025 700623
151099 570561
674822 553372
154044 207514
826039 732586
288390 491929
866926 278683
603333 367672
957178 593926
933353 131343
356770 859712
278800 815120
298260 609125
519589 731412
829758 45216
682191 786343
112035 910617
503446 234546
46032 352828
85793 238816
114427 569783
612008 608439
390703 416241
536767 610991
441179 650975
904801 461173
531891 567968
805205 641699
794009 709899
19417 618151
819656 314791
98315 661709
19325 997273
740806 275621
507924 264633
236395 973447
761666 59496
266084 677418
134203 67449
125258 179567
117739 137657
709898 616134
416492 609937
594830 673577
334095 63939
52328 220341
374567 87488
840548 340658
820637 825181
403678 905509
423932 833411
707654 415185
427539 749875
154356 781044
600332 818069
597707 535456
57236 206776
270320 258346
623998 665923
994375 331576
357857 12483
638048 704438
740335 991045
107937 439141
673666 521147
171777 710987
540017 332952
290062 86040
597904 491395
277694 646468
840885 567416
995024 229305
856015 93804
878569 466529
429373 334364
680892 316533
614711 60536
862479 243069
46278 54698
773879 646991
192528 3730
466222 757112
907248 569498
301018 160306
538950 313881
389874 243512
415291 208134
587887 902123
30336 908121
836151 828056
832528 424460
841256 7231
107483 253677
711750 862884
315247 584090
768606 558114
951372 358010
299353 724294
550678 210551
141007 611185
795806 29193
467508 989403
846855 513681
213241 659661
921839 46750
889068 789827
85119 517302
131096 994934
120285 942258
906226 758745
346136 19707
899216 688417
777393 112970
853573 445383
772722 719446
922561 737167
781507 287811
177995 984400
80666 392577
749268 589847
512796 971244
631315 148134
527122 17864
353996 567464
227646 574911
424413 868061
355575 714869
183259 592321
777600 551839
31572 768522
180510 94316
332277 743220
593961 775710
170421 516231
308839 965287
307098 103892
243819 90623
332748 377694
770553 688648
115862 616889
638764 198944
167365 128245
199934 500095
907523 464032
777154 962525
858746 80847
261746 446172
322688 726284
653476 774870
68998 828931
917863 391998
840068 349556
589344 743161
325190 970001
160458 443689
991769 44369
130001 651424
621971 157415
300935 518833
244894 829672
323780 83046
257271 367295
267523 553743
402650 629360
82690 245437
889899 730920
401348 82335
642736 979124
961073 80237
212540 746953
890525 394564
892643 785655
840456 491909
671801 946734
485880 140551
218532 676319
566847 453170
699472 809667
443554 159171
467647 350423
607551 205709
518716 983590
905644 333912
415945 719960
936874 741442
526402 817166
218369 524601
780542 129534
575091 361423
594223 838760
654796 906044
292066 602260
13082 460573
744377 796416
989826 136911
650527 940635
406820 168301
313078 749143
549627 770610
185453 52901
627483 398184
975656 938793
387671 876630
621073 401865
667024 779381
544137 943470
785127 118783
345852 378020
355789 277206
264311 838427
551049 265607
725329 636975
111693 69408
805480 321708
975695 638641
929066 35089
40408 30306
573114 99123
23638 785568
553623 267571
667803 259541
321710 109467
163365 264976
440791 129859
174186 941420
481753 934410
941664 660273
336153 558583
352186 678834
24683 549876
85430 319340
435796 202617
880895 349104
549290 425883
100572 973871
661317 910079
408068 282651
232677 430008
87262 57322
357116 426995
859948 617249
801704 167247
677236 85020
189421 850855
664746 901017
697123 761999
785604 845709
287897 212844
833505 968280
491263 529878
91964 562934
126474 367046
11464 810795
577496 222030
982111 587844
236152 896789
71580 658558
757339 571908
546134 647117
96632 135979
540042 276100
32610 765756
137262 901753
636547 298861
990361 268817
431378 273395
832270 728342
65959 199443
748285 169401
799154 619115
450561 164692
128270 31516
976735 243873
676668 550552
400963 859402
125090 958200
921209 224610
163653 919555
174645 412089
796177 606775
268184 72953
736193 476516
365260 878941
125091 940646
316340 872334
851707 83344
115228 733787
651867 13083
871476 601128
473599 748170
741488 616685
731985 31535
291373 350052
309875 886333
967215 907522
616782 44156
120706 736559
525919 921977
155609 454509
990113 879036
284555 581479
393846 644252
69405 43448
402815 861138
115435 45080
306472 965075
719074 546976
921045 526346
278907 37054
547832 182155
698633 387061
334347 128976
165172 244700
95158 710058
360590 836789
228942 259019
758963 230760
592677 744612
508406 177376
904024 395815
864041 146205
132390 619311
478890 855649
623710 513988
785937 123478
714964 293883
247503 834036
374196 302147
572703 158886
811901 694206
174898 623403
442312 588776
619423 575299
935515 253875
46302 698292
257906 707246
735699 651155
476580 677386
765759 199945
363346 651989
718511 629530
682250 780527
308634 237729
72182 285959
821843 81214
850929 306755
382966 267385
786392 44126
956203 509106
514319 292594
993333 5196
658746 570852
664370 124086
32654 24042
657403 639816
896865 894484
485315 607164
715109 737934
556131 820066
346176 884143
465231 417859
757057 635713
402186 434068
842013 715921
360278 361846
829266 773601
270654 130191
185138 414971
193324 736195
42940 636448
766292 424096
518820 461980
64027 781084
924515 744677
680544 504452
762001 398204
653304 167043
661555 100947
999338 545795
911935 153698
518744 57342
534067 239981
861838 712579
76740 344122
248198 168251
917642 670885
8521 677217
82171 74442
791128 294928
9240 339759
689045 602404
414532 119897
497307 170917
819443 438891
250448 727495
555073 308298
927536 401956
929494 752905
113750 554104
880530 165032
305021 814242
176660 786334
506791 240883
93545 207271
278443 174256
479393 717375
92988 667825
42689 814058
175316 3946
144604 423482
933125 311432
208879 971158
56983 574218
569403 65212
704145 472929
992372 102055
70780 912754
377931 262129
916313 833455
713682 798720
242716 368736
890020 33158
897256 729740
78175 271458
285678 923430
869441 414216
208977 409631
48994 217416
449446 424617
562209 763182
170159 710811
441470 762333
998103 269602
871865 368139
276308 409550
397614 276750
158923 154801
113502 105292
66880 764015
443623 501943
787465 930933
678924 712012
829294 18804
175976 297289
612008 787063
226784 101663
377906 85698
292076 656556
172628 939203
588259 731959
965780 775768
85519 536881
190300 391425
95290 585180
162600 818174
425845 953589
745935 761201
105704 658600
1539 159739
700610 768370
5910 101287
192046 977797
757572 206316
90168 899141
685345 250819
736875 790755
251080 995249
371916 470029
900280 838209
22142 529199
758070 927047
871044 823527
817978 650774
742066 540014
723250 361781
165091 876837
368713 449070
267299 990822
440336 764527
62516 899666
379320 447686
952345 835279
23447 414441
36051 843511
770373 49948
818195 55096
773907 386678
449104 958423
323467 203966
344478 979949
827972 30485
570606 932688
797123 411181
875805 221541
950949 646170
588655 483047
208212 32228
202073 846342
873339 959515
336327 427488
48212 929809
621224 552122
442927 885078
402098 540304
836829 326608
614866 119872
488809 30171
698442 847678
998245 115589
855773 530955
981919 890816
39086 979385
932005 921868
547685 874910
552220 777994
785343 472114
158701 431267
289079 509246
945181 315387
394839 26903
119369 865331
642022 656623
88690 269849
659087 871688
963896 52172
657657 395512
863611 314862
924310 703299
463767 162486
449372 305227
719774 59388
51336 531517
301001 287534
818912 493222
471571 979558
346309 827660
90600 699018
721613 209758
875335 222363
271695 954847
306637 688536
681463 639867
202954 993786
991034 508135
855285 396737
586705 798417
412020 132372
381905 378021
125604 912535
491333 275840
190281 577161
585689 174185
977325 458313
777607 308452
649563 657110
882944 838235
581558 389605
851629 283109
158694 147933
653537 524563
813577 84560
388032 139808
42273 375361
418984 26645
427623 194900
247927 76195
774524 305187
652274 982462
170794 189706
760713 660914
799045 438878
901633 663405
457169 24355
644531 57815
422446 113268
389727 992227
238207 146108
125295 269563
730351 561954
71309 284202
894153 796246
348285 866611
245626 623486
94653 55444
624867 455742
169196 741049
322113 886383
668851 828902
698104 506172
644070 528185
79379 84448
667585 770137
717588 134750
128160 204668
178300 956665
833221 79424
771541 803905
633233 96518
919777 169571
903606 887019
146919 623501
982974 145674
183526 382065
542898 594230
267751 393182
568729 234473
569111 534207
511654 159931
369220 189793
221298 428700
165985 803261
184093 509471
119405 163413
58680 884066
313054 633217
334122 274661
118499 530590
627520 473347
9985 77300
725376 131072
720943 251073
61366 417069
13368 489520
720194 74130
450434 306414
377869 853917
42778 26457
361299 202561
456233 940711
833734 78908
715724 950858
936662 386294
119274 858790
86375 457514
836209 556370
359288 333962
393885 932370
745758 394660
935072 255182
879479 258078
6532 185815
343077 205108
742490 177393
92426 235500
29446 40088
256169 829971
930807 539820
16154 697227
778018 498159
304144 165147
903531 929446
148963 438703
245279 332157
682682 885303
264303 1604
653410 87799
877493 785807
310565 491823
722724 189482
358605 198413
947786 715341
85997 128461
953357 574425
670282 346055
705286 691520
103266 26089
724466 580019
432311 231484
386200 695087
436793 341831
944354 590427
116323 859347
1836 495320
367603 391814
745009 485184
949572 268701
578229 843659
890954 945151
793450 132551
92455 143470
924072 146253
111577 149108
898764 778687
829615 371777
259361 682333
804011 284721
608242 320043
835515 475940
786210 725675
857608 950109
354215 702178
641201 83916
189756 342486
653505 269039
743912 299716
803636 961798
123080 89004
246096 359985
44246 345717
629300 852625
837898 733833
622911 431398
491743 312190
691902 479165
447585 930641
580478 842825
775382 473189
112182 260883
575553 557639
817248 929484
959403 691868
716748 928620
425393 21583
417510 674818
888807 24260
20948 435170
61499 605954
219897 925021
319365 687538
477996 462389
285417 275155
191622 690139
344979 11979
685474 178426
533470 420904
977123 992630
565390 152155
648499 120612
999906 104933
287102 368256
225770 766874
915580 254577
970998 487726
619754 206691
543145 477915
732096 986986
742844 388126
553711 359934
623166 610259
834733 958621
445211 459550
458371 929413
64686 490042
267608 219493
310192 417893
310321 856981
814283 648297
376377 289261
533936 572875
742043 665341
682732 442406
186538 248493
791074 719167
412125 813229
922081 87303
481243 65207
548317 206244
993484 470583
366529 596155
596379 478085
138053 625401
548649 7366
161549 255799
515418 14351
952894 936370
880636 4928
569395 455176
620449 684762
594300 880588
184036 88831
177672 765976
442153 488006
749799 221873
646187 603212
839771 234673
916802 50954
569689 858752
351746 43258
678122 256698
101938 396945
871377 270676
167274 681062
570837 270303
473231 504163
398085 618233
779210 511898
842396 736453
616124 301811
767986 773397
790261 69732
510472 140864
229113 637815
179609 504401
369963 870674
495535 186473
289340 896550
32608 506479
960167 539182
269565 295328
910757 65309
118275 731461
601036 590989
190630 769479
828462 91840
127074 139050
229650 539886
266701 676110
797501 818563
531793 904425
197524 169924
667951 824089
231899 716822
643046 713714
693385 940004
801603 428883
816634 74928
320189 201264
314599 633446
242633 271888
856590 92894
587894 157362
225274 240570
101368 676617
538671 868472
12742 291942
804510 972742
870927 72934
170368 245573
270667 181196
8500 532976
787376 211341
493578 650214
353099 578888
927092 657848
438163 157414
337163 314079
621520 658588
209908 971176
892673 154846
321227 439671
567667 73243
842152 302604
347571 83593
98054 366850
911519 565773
807009 298486
251836 452455
920892 403307
814468 984379
20210 231827
450435 957220
912220 161820
38137 538359
634702 909382
438884 611450
347248 74322
273591 588136
256716 572397
467624 341178
337185 382505
75568 4106
929240 500207
345170 474927
266735 943649
444806 391567
205403 737487
619817 749949
45605 793958
797136 354315
46689 576669
688819 945984
490729 4549
902856 348420
913141 505871
75399 315022
78819 154374
239241 635165
255353 108246
471014 188478
889881 963005
729985 383351
732438 367678
649268 854716
994367 943362
888664 999122
226378 599647
59729 662837
234897 958998
875696 20829
616509 443760
89550 757106
730241 722698
238364 322759
955659 321723
376528 84071
232812 468148
261466 948918
382400 805441
502497 660572
261288 737928
416733 87257
339642 561813
236810 387000
532212 692123
51280 719255
578852 652410
209183 432185
558539 689113
424601 629986
99927 643120
744801 265539
24119 421303
102913 599734
684552 300684
528187 319035
303842 537595
540396 516645
649125 103488
801118 473839
49764 45886
777696 521205
24649 122794
524322 767108
491077 374464
819362 55425
31124 604217
797727 99968
512725 182504
547319 9096
547377 285230
276779 926732
155148 798927
898765 264131
906559 877055
772615 204521
633037 124649
869563 162665
892725 204779
61781 214027
812826 519733
428778 711515
841623 587077
114701 285427
494366 712665
928323 976392
885337 908211
607358 181032
106172 794491
419848 935670
557132 331407
746385 79753
798723 173628
538444 12333
69605 26762
237424 845712
770293 893619
567373 417033
31000 589371
953206 899925
479752 105181
553772 68770
736234 755997
497366 425479
995507 581493
400556 405013
783896 591980
760095 103861
97370 139453
98564 445436
547148 386733
140706 17667
175912 913817
963366 72169
101829 207371
469084 257214
221335 874413
582453 105695
655565 336873
142239 420815
43506 700601
55255 683698
961215 308589
34876 30436
107652 676564
39102 569830
145161 770418
38192 168629
244217 950813
29548 746959
125439 320845
337182 76078
291575 619384
262958 284716
206276 41249
589432 569504
93859 89896
804164 845231
536274 864570
213431 253353
148990 776324
827055 696702
154889 908055
303574 921346
587147 1271
857580 488757
412036 392894
932554 415108
159871 174016
533786 9074
477827 243836
571339 720949
265736 89106
973442 14767
236243 63743
367985 306519
883527 928260
12120 239974
138462 587360
346932 410841
605392 932335
339155 137255
222752 936247
400428 895752
162769 214767
907728 168721
20496 717773
424386 476051
487726 689923
322018 957547
970408 395950
385567 587172
532919 646965
118653 161619
309085 44203
445069 267183
491266 916988
491146 616224
253496 940668
869183 273684
290078 443025
109349 951051
843454 285206
232823 421689
234021 535500
709171 12509
476069 638776
630663 750875
19710 331325
944803 596840
663583 705321
524456 892117
557666 340529
934157 935985
551133 758525
553580 968632
155693 349090
763101 323198
941960 969533
854510 128068
949738 948491
910302 467818
228615 36093
499711 499134
163031 81696
44848 74400
371729 724911
114824 592737
404258 964911
206470 568774
166934 286591
551645 525199
984321 965044
256411 924236
317619 158750
560156 689709
315891 681531
500266 143326
747431 885715
212510 506639
340516 553229
966469 654371
708233 529843
868450 185989
805624 139
933838 403278
319352 58494
564861 782654
726076 421339
418045 431656
667636 654035
511137 961125
380764 983284
781553 780350
132125 594860
694494 813374
192964 920759
645180 336108
647544 187542
314377 402542
598825 920948
647274 32110
186380 959842
627028 596005
316325 823616
19863 820542
686515 883396
62555 942146
714978 493196
78464 827530
39939 33456
463576 555505
24027 130711
869265 299389
137690 938531
743918 336885
123902 137141
877173 447247
12720 395290
962400 421682
111053 820214
694991 515674
239831 410010
446172 647739
96158 109753
583514 744819
442560 475289
808545 258301
293569 133489
961274 626107
403076 285467
764930 784149
443612 196703
443170 96485
658407 704076
249573 989080
606155 494521
963480 521154
682575 168261
231192 706197
942719 583314
799791 729731
863686 9840
73114 86403
514809 143942
391587 909845
998973 810655
914798 756286
976773 513020
583589 647556
574886 956615
462632 407897
828898 800933
502488 244466
443850 267615
682491 972299
332211 178583
357329 113540
671488 326231
441064 891922
49319 626656
838055 661775
415082 983090
395220 744960
419698 836988
584850 527270
140746 999395
644632 1314
148629 102593
187310 657950
692907 321183
425753 769505
639242 929738
57377 780127
757108 228297
990047 871733
440305 22489
418542 890265
967607 639722
272455 747195
994304 938410
915459 11193
805542 690417
200591 453097
90373 967260
327148 127670
783078 165387
333108 489139
813906 324820
613467 508792
903303 101645
102798 931325
213556 581692
638495 279123
490773 846786
512240 247612
714569 631395
854407 427113
81776 712158
361175 745819
435043 453054
481092 386335
736568 68030
63200 77723
535210 121813
877466 697249
923379 378462
839319 667721
761951 838530
221338 183234
572508 368332
350179 964142
874852 41856
399579 662094
28649 682788
139177 601117
653276 989885
425033 138049
775446 788209
843770 122439
444470 407726
828772 88932
769025 24509
656894 413622
562755 389183
176571 161758
843503 191950
200264 403746
38194 706865
167994 893575
646400 786259
298084 693667
829430 314570
448995 720602
546450 370576
682629 485445
960330 94010
439345 624820
629828 879144
327852 966834
449666 443190
996278 836199
802548 406067
897212 39749
62541 450165
179104 993643
141949 7209
451911 768370
17048 549787
380994 47316
193217 212256
235090 45184
41638 912653
660896 531203
783200 23508
264469 691231
510262 649273
358818 262544
728281 514865
405043 937708
466843 142171
358299 875900
264067 361827
116337 1076
88355 640358
75304 152133
67738 131386
768306 318269
116537 854783
925262 335938
245282 162557
121767 737489
968968 396934
430848 324735
234566 246206
797432 933790
552937 898959
11407 227541
57168 134246
241560 992786
863855 539651
285620 88015
121152 834690
440515 741544
626922 972028
176929 51088
244195 478600
184236 78734
503187 634094
464709 796258
31545 731282
865546 479296
501344 113221
79073 936187
198728 688352
326650 228315
166121 555579
359336 614477
957818 569980
873470 664230
570113 47199
473790 702748
160536 776734
268993 184722
23667 500258
886613 294235
97770 896167
549081 372520
580330 835164
678018 958649
461556 196259
407695 340315
292137 582572
486739 294694
687001 215659
613847 962873
552088 108467
156319 984816
150167 749642
196344 305874
785382 401997
64265 549491
450497 660764
939912 504152
944794 965032
388845 135893
686658 48695
235051 714762
295036 41846
372524 115341
26397 474012
587949 828936
78563 434963
161436 628624
650012 579322
505254 810510
128655 688818
439118 860949
329937 998198
469246 652773
271391 31179
599718 433544
423422 378633
966304 531318
155777 152580
539340 125117
100647 923054
573232 567266
950678 967592
330210 702947
359472 673619
408468 149984
698131 232247
367413 988154
45621 781340
177413 634608
558435 829712
927015 663143
212654 918280
164663 510543
330736 765074
730578 519959
760647 936858
925834 274416
847684 149728
64222 3113
486204 284191
180484 679933
142430 909234
463783 482716
158284 884619
1598 341207
62513 492581
866040 118413
898851 161890
75236 505989
145928 583505
512249 601492
923164 204552
596667 438541
896343 914418
77135 195965
677621 800406
67660 225174
693942 422313
388825 500049
857243 352913
381670 255655
572237 455524
959074 702295
461016 79529
541148 226625
521618 129501
145965 748812
776003 430384
196187 738968
701963 577640
613019 200724
952324 849364
599243 943703
674687 676899
307464 21701
328673 882226
202014 123320
431955 853419
56027 542534
206090 684258
608666 714532
710102 672588
151567 310555
116494 658126
401199 638747
945515 780874
538631 232677
947662 10983
792602 766618
476845 121727
589359 852357
746246 351608
993430 779508
798219 247348
374254 813635
538464 125704
258170 530500
724312 916607
85785 194057
929597 402042
238076 383309
475653 892609
445199 715365
392225 631264
142749 546024
795099 556427
716879 144046
419244 225961
38790 626250
143790 946148
496640 171155
218924 325141
304023 241079
444854 913432
402027 382815
965829 700416
812388 966788
354741 147617
618059 35487
133204 84653
639064 631122
796512 726409
436066 416403
184283 216760
119478 670553
248079 320641
31488 810038
448062 585867
87949 770540
221094 710329
751226 684290
667392 945506
693961 800407
874907 154472
601726 968245
693458 768447
139236 359177
182567 415181
785520 276626
980693 268030
162965 824299
841822 680306
653291 266160
985416 883345
326978 217038
112233 367603
293727 525453
793906 30096
428403 367086
406763 587348
59299 246919
505289 947075
218191 23691
472421 17569
532251 480721
475219 56817
675531 838014
153883 210273
261849 687057
11371 75793
751143 418009
652582 673924
279221 829088
264571 636027
641975 718736
284476 347795
440379 851959
434876 232984
690092 553426
318398 274626
595104 41894
465932 333992
642266 749734
581275 53791
298094 707190
754327 766312
76273 424407
202619 96651
929091 772695
185474 81651
614708 547297
378641 228336
856704 309273
294740 421567
293916 548876
103231 962264
259988 396468
359237 839965
696994 611123
968474 31050
143226 841568
93043 841450
326820 397794
497184 676146
407872 897835
757856 479931
338027 623696
683924 413394
42278 773486
569331 501462
357148 218254
949137 476934
595274 702109
442962 279596
960032 595465
522845 215455
718383 63986
756755 322844
907727 381449
721649 85972
804926 303891
309820 853493
493295 195661
458121 751563
852194 511327
499534 130022
449962 941358
455052 71492
79477 104478
542777 696549
594056 644984
709265 564949
912896 554965
495890 217808
998110 587567
863413 22884
918686 431595
351896 579641
25876 826467
171527 528265
551245 515404
358039 640152
218112 99995
398666 154689
552651 708575
619845 1471
682298 693240
852887 340043
456914 289638
652902 902489
994414 468895
879198 179147
940383 127258
761007 931595
651111 577029
115801 685824
695645 112909
497976 82306
27850 63963
154045 289848
519508 232008
206954 648526
852059 687296
828875 286119
524225 343141
224119 828485
703117 66133
946591 497227
356273 595560
219668 134572
655792 916708
277993 958433
903037 942325
509499 755363
993204 423115
501184 98103
574975 4953
631282 22814
67924 378298
769558 117159
763665 998197
780238 909857
706226 254246
957325 954883
358050 600313
502931 820114
477109 819923
537864 134219
572392 489743
419138 223221
767589 53895
962321 108492
188894 101344
809484 758221
472347 279420
424545 54025
381461 317876
782725 323160
202459 746291
373943 180800
335971 975559
989282 266012
460194 769067
336807 489029
638014 93944
447375 513914
781768 312725
57445 814455
60950 720242
484969 900220
427449 423852
375931 242718
967450 886656
611078 885661
254468 984311
259969 865681
216201 64572
563083 231802
407576 736356
272517 315003
840793 139411
229556 620498
121652 433187
904222 600043
846302 89086
853628 850313
7032 748234
12040 500194
986164 213308
964447 669940
397068 294355
824513 508866
293178 207859
743463 30354
767180 563414
67705 448502
4847 785390
878461 744588
800462 154332
736411 87500
580091 26050
37380 229531
731509 753298
656445 140242
545124 360528
704881 162790
663230 630488
519907 968937
424237 23126
937140 979498
141091 826852
49350 681430
724200 229220
872511 136441
535088 6509
425009 351369
731012 270519
441179 356590
517968 394050
541017 892013
90414 114293
159580 496934
962061 20795
935492 395429
930948 575989
44680 698986
986314 573545
562691 515205
761135 895607
579327 959162
77458 775155
265351 797305
264190 831074
629741 110465
182296 123256
73507 947883
831307 431051
973804 906298
991125 591888
569568 504926
24081 262505
935041 710172
502428 323442
665052 572751
149658 886108
829746 829323
316852 987282
283940 349434
727028 10603
601116 450632
271717 754859
367929 958022
986793 825861
808038 235778
323622 710787
295555 87929
913498 209461
174523 45421
366228 424151
790802 725202
974048 277598
799443 379521
301743 427458
626433 241747
689834 578256
856906 110645
653917 281596
787964 577827
34210 203652
101441 661408
331738 622645
597129 751965
108858 763841
996409 440256
307047 597580
935578 354790
792536 683650
308703 407426
856341 820378
524256 777709
922608 779677
720679 402618
993272 769732
467640 105021
421039 810575
397163 520824
943662 62712
856202 212543
743662 37988
33939 159166
325258 798787
383171 823616
505280 594319
113295 810456
216612 366522
491361 400056
63115 773009
852773 576968
618419 169708
744971 7508
144533 496975
160912 596863
711884 12063
780778 831767
149239 619082
505352 311616
977763 878310
364203 753583
796515 804248
294628 251064
573414 650040
994228 667844
460286 432426
822281 423152
423924 718660
743872 724753
484165 66713
845180 779952
594415 241850
44586 799396
135341 231247
189186 706983
161681 675316
182528 782254
809226 962445
277885 893714
964846 717171
802804 955151
769111 628830
173356 959997
24947 730418
593861 382275
336087 290902
528471 304354
468007 169784
530620 360318
205307 938355
376780 37135
347847 500003
85922 988476
82730 315008
805142 923242
309363 137563
295902 875313
876332 86543
630134 986601
224349 804444
756379 635787
196795 182517
757243 797623
226181 49119
489295 814561
438882 270689
786304 733043
421546 279282
768136 529124
633241 453389
947199 444221
705629 199815
836251 393265
278800 960600
64729 428122
407341 261614
339621 325981
790205 972869
834412 26569
81569 235857
889207 258271
918736 412783
114532 442296
455060 128513
300153 788383
472679 201352
288723 435133
250732 499559
43504 585003
49494 463351
687304 682748
115375 457674
319964 178516
113021 954651
439975 325203
891806 718019
921838 154001
627452 273064
154162 581588
514698 853603
561816 445473
802829 275438
901057 839664
730532 403028
843962 364809
757607 579859
191176 828039
641825 318226
606644 417135
244887 121629
415552 547815
732875 724422
981026 473913
276432 446225
43225 778912
120007 535162
954041 258644
144996 815798
640641 272404
250127 599915
938750 285260
443676 843894
528310 972995
956466 307163
457995 347656
980148 284361
208001 5229
165484 101154
472745 140287
612781 740141
44577 742202
96481 310773
134013 626680
983293 844743
699189 735001
300433 491595
285001 59997
731713 565061
301796 3369
740403 97843
793655 414695
357294 952305
995243 284606
756744 968587
241406 150573
344873 925091
581180 114441
583436 20072
473543 669388
644878 841951
351407 420226
69372 523678
405718 927393
386562 720190
78695 407172
840174 451007
996033 425223
43760 905676
365043 877729
960372 99838
185176 641283
537224 671177
175242 127083
97710 953044
726011 707824
347863 83505
651775 686413
843084 737370
951031 821227
152541 269750
124124 132067
368690 538089
552864 750607
356068 831163
301710 837019
358948 984813
83289 486852
142567 546858
581925 528732
845028 252883
798697 793606
428715 697049
711384 195262
528682 919946
974593 157507
989911 358340
353980 346352
869770 754364
732750 630313
624181 452861
694163 899859
234347 662113
40835 651132
711079 729420
828188 3429
476537 401046
452982 200819
405903 633848
592512 934972
722263 675008
412507 988812
711478 287362
510342 765245
133190 699503
565184 650233
820660 286606
955049 513066
24987 349486
578716 441022
681136 774282
522671 409006
59432 467594
765852 648005
637936 480993
172498 325159
558479 789918
446893 753594
527911 859967
572975 129305
766968 850301
132970 408498
273537 354560
357954 373494
229223 654341
349410 550270
533136 719293
649670 885040
12495 610020
411002 278405
649457 886976
969290 962565
577202 208979
747051 636552
728922 193406
167134 204201
348012 768713
741222 560094
738996 111904
24437 647960
8427 572762
125152 904271
744442 316651
982019 921914
724594 225746
334287 932595
346315 290485
934523 893120
948251 650959
174518 205130
796030 477654
286438 724168
126796 708054
121705 393180
54893 137870
181741 829555
876639 916099
280008 390085
505365 533178
369851 654849
582790 988051
778265 910813
960732 574890
479718 774416
438443 748330
300284 130438
222600 792313
874087 661028
698763 378244
237172 118488
218230 299547
112928 852617
508538 595092
459646 3298
409339 19770
696232 858078
291742 7710
872488 706952
552768 338805
667252 370204
95183 340470
860967 958461
722584 323990
657838 709688
282338 924016
435543 310535
61030 32689
279346 88382
742448 84346
299651 48994
500570 480972
526790 667798
363237 206679
233860 365631
188879 480313
8311 948378
440869 404727
128747 548528
700079 36633
394203 509332
159778 587919
327797 453179
735067 475669
819336 383536
985142 93014
193057 642999
280626 682472
519571 202776
920063 525817
423989 340854
905426 673234
871299 859572
360096 991130
891125 248052
494678 493454
498371 251310
896167 533571
819154 494042
503228 472263
488422 596031
42050 908753
384258 738462
602085 905048
36087 127030
884636 659314
274023 367268
747937 678853
522910 724282
18894 992328
506133 809880
152468 774518
814174 944587
360124 745650
209631 972182
859276 837581
797039 966156
782234 926390
293110 159052
534088 519688
94654 49298
711680 443774
181939 186560
429069 95659
948900 917937
614741 198745
244463 762855
636661 987218
755935 185294
177701 44943
814828 801169
917195 165869
701996 810738
785182 310812
60825 318393
423104 153246
163153 559930
740705 600390
659480 225975
797384 959745
75308 985631
507488 224130
395727 285637
984780 420110
77956 734311
980084 725420
817638 882682
643237 468923
731305 45795
930651 542506
359125 869778
608591 718403
830831 447106
302549 987609
885129 585430
349694 944518
140733 148029
961933 605280
217707 29441
119614 225843
156399 867235
799668 21705
260028 629653
228609 56561
499391 37963
90291 745204
736755 874250
870153 893135
658625 912897
848253 114897
487154 572374
787625 725530
8593 87367
336193 617516
6696 107348
764711 272119
304284 264869
736958 899918
895860 350099
927853 889194
906832 736705
679537 672248
7283 106005
466143 728116
207099 713367
416619 314075
733186 836855
413692 260147
261384 837441
442935 33243
195027 764874
472407 316705
941862 39377
449208 707975
237065 872154
141484 171125
21684 759977
558783 227722
800478 22382
680671 398892
704008 254925
153899 998463
597373 804803
38208 462388
803991 663033
832968 109553
181257 121977
348766 431677
524528 632460
233730 846426
861135 659426
632934 356773
403794 565701
627071 712302
43885 902021
837371 773638
601646 186391
350084 148580
614292 336688
876326 892309
515342 760242
818411 912102
792711 581624
515824 857344
985216 727580
872642 637508
706040 450624
995976 954889
288565 278607
567674 536595
660656 483991
61935 995585
889868 607424
838614 510192
157746 419138
247121 923349
184147 972989
442823 546079
190692 453725
233492 475040
415489 258085
985737 849258
99324 534293
551822 397579
138738 114296
926577 131620
691453 523716
332503 315939
264228 442499
174528 827451
700548 205341
28894 963117
193426 568301
805046 2623
878777 28359
53179 509389
684771 388722
766627 411105
50653 220092
897633 13714
708799 543032
241588 214319
525296 333924
831831 382359
208622 78769
384870 469083
241354 513410
176198 202195
634971 213515
64056 848420
396569 971065
884010 96505
848390 983857
376833 313435
109601 699427
705171 380899
823502 497014
511039 214381
190961 971737
450330 2276
917995 194827
596577 222690
520592 724529
996648 695054
160944 487156
787953 31237
573577 361486
862624 488928
136628 728461
31308 84212
526611 630033
450084 831446
293175 914371
486752 478647
965098 936078
284511 326118
572539 426531
606572 960716
31298 294405
234512 889519
936008 553435
381588 709818
197980 747467
263033 805619
992946 44335
501156 19479
137566 776404
537793 157425
892143 377106
507650 59784
510964 569597
527033 210699
965309 68554
283869 472621
284630 9313
768610 952964
248326 216911
866718 486141
640275 432384
419339 690178
600360 866974
819399 326709
929061 226858
800132 16951
628141 788060
525687 77589
272881 979270
411647 243425
384610 340706
660110 72962
929530 944833
76203 579734
968814 972717
449128 383890
839127 69904
371787 972326
487690 130870
831321 713472
447374 147209
529914 91559
214722 540814
593289 291197
983538 442410
45060 431349
373992 843707
557852 812334
698351 704447
521225 222522
300849 786759
868663 536792
411053 106967
389609 584739
236754 974600
159665 525437
776628 614080
819103 194272
135297 698728
216332 69491
760012 709327
67730 212579
331757 736613
398459 111987
110824 240679
592947 604482
570367 327315
675185 633661
332488 588254
853789 522056
621791 778062
302194 188610
290724 439738
957185 722713
708596 452567
580954 606926
796350 152850
982214 508997
943504 155572
702773 550545
411744 851158
539817 78653
36613 255808
577661 682219
87559 562190
6825 223686
165348 192718
270300 485182
685923 470387
801965 214260
117311 401260
385692 843988
924225 134366
673418 547238
115689 482584
153785 480433
4999 789433
786411 193579
941350 231399
774693 558601
634237 480510
253816 354893
490920 525528
808116 488817
477093 499423
553064 887114
35398 361847
214822 35854
924234 412935
714518 199447
946337 111311
857070 729903
757738 662660
65331 963432
164974 278397
375340 345766
674988 187486
621124 265018
399173 236920
197214 157229
533121 76340
140600 480723
720787 759328
628587 184094
136877 169410
766204 944903
680650 284547
444952 720831
517417 888525
591656 653387
248111 349378
803563 205241
66341 617823
92758 786882
995132 257269
991673 955047
784975 909822
272705 235440
334762 979323
907875 85034
422418 270498
860091 514134
97797 347478
843292 290633
152421 60577
38284 523894
868274 408298
803682 642475
586678 305125
382599 744446
515827 27628
339752 321833
893304 89579
991251 582087
645062 388867
161745 794569
239611 426745
375898 77988
282773 30550
167683 927976
479428 936371
333697 933264
608102 430558
39475 80961
261622 443411
177638 183400
769775 287751
334260 788254
326175 5441
887757 36526
649566 707031
637277 912373
543706 646441
913817 171479
695735 467120
656518 48868
859238 17897
630022 242161
275758 57152
172981 370377
345302 468058
826895 993873
797052 491794
87270 549296
590805 764254
895719 382298
419519 625064
396348 656310
469811 483793
711873 90458
377274 152332
182119 463277
767013 945553
281773 491641
334157 551064
767275 752774
744277 855015
437833 537864
488989 641630
899669 965799
227996 543540
853908 636633
461963 854296
328076 882131
791509 356387
534781 774967
979006 301951
341757 52928
241138 27808
400050 347032
933299 885505
905809 111939
484429 848610
530868 510373
10905 891262
468534 419722
74317 591042
820253 161733
28108 792818
267053 314923
262680 314737
77640 282284
908837 264683
457309 593661
363330 318997
785986 76128
459277 116375
946212 332239
525298 336102
401045 716851
154172 864379
660162 106292
834377 522972
370596 974894
269626 784497
677207 863730
467995 645797
303864 84619
365436 164325
281457 70280
213245 512187
708363 947266
879561 218756
790985 773465
904272 162288
820705 326168
894058 200528
254365 400471
958337 612045
949622 128079
301924 260142
313045 278390
874556 749646
812839 364603
43731 7
736966 357124
801177 519518
654960 246697
838308 670202
886681 705702
791010 435583
61821 433680
27636 185819
133324 807285
363781 452593
367064 858115
503548 626557
226604 75456
673290 380339
12937 324709
236679 579379
361741 440723
265588 284009
199222 709834
562585 914004
190153 926115
811523 591170
675040 938246
562721 765480
596794 183899
365258 631302
67910 675810
404056 407106
349671 702667
996467 628140
341672 485119
38135 256129
69171 884770
140987 428145
163328 52546
873306 840961
704410 563177
754523 145039
215249 399727
452982 656871
636713 890401
111304 655366
993227 393481
555196 347194
444672 61817
309992 485897
64287 854395
728250 207873
713595 841310
493118 751061
757535 314919
944088 436249
575192 189931
684250 55590
942993 319256
647639 643369
789906 599302
79349 172933
676384 863990
244850 191676
388157 560592
27752 637752
714233 195520
711788 668629
612154 624790
124171 633877
56192 963220
179252 666062
704616 861088
304127 876087
818206 335843
384221 373379
225302 889113
785691 90645
690240 346385
301290 56684
912532 583374
494568 213656
987982 603249
738111 544409
530307 858554
501934 973838
878098 752372
980420 119491
561422 63064
225570 637133
547178 499148
348635 954426
596121 719241
566146 495317
812290 233253
968108 153151
438912 207998
951560 705864
548105 349452
887415 288355
542148 271280
915769 476245
557752 597877
372848 431609
428098 964293
837918 559262
400532 593486
816378 475827
267083 849122
44461 281702
609509 503216
184223 592599
846790 3730
841737 371397
169657 199333
387003 791516
688738 492349
672431 466869
169370 992589
99749 442091
548431 477959
237374 863400
420311 671042
135385 754606
645050 207658
727916 47639
645601 223894
953695 354579
167253 167302
541736 343548
196246 490262
920326 227681
166404 157413
99565 904866
747855 399213
188075 622406
631574 749086
779859 999574
793423 177658
531802 343307
67023 926920
926410 396644
339191 584158
862912 296107
136982 355659
194255 873301
889821 207396
984098 873181
921374 805609
965214 489793
698406 502473
794209 428140
918303 323760
168597 353924
874744 10374
954160 595720
91107 467336
444802 874730
49486 57056
605955 846179
904033 562234
570957 430552
176558 975557
358008 268040
40345 319739
503095 661964
110029 584999
925629 585237
674061 480768
830518 813664
214098 905965
335363 463965
265202 841829
611348 822519
318188 189623
537683 483677
515269 860006
106691 298697
546302 630829
306607 138150
822174 269763
514566 774970
669338 269917
549205 511424
154837 684870
207339 209188
49977 22798
27600 150686
722215 164958
672172 332930
259568 81022
841935 782114
371 722443
653052 622908
989952 381992
980568 382804
860635 228685
832696 178814
211204 850135
988468 39
681148 47852
55612 832525
177688 156375
266392 481800
7763 167546
55945 892251
33250 158806
755460 741722
388533 111006
637813 137428
647840 617789
865222 426924
356163 159914
925259 87772
697167 910436
238110 285117
457948 758450
425680 797476
37082 633222
930492 702437
287652 865271
846410 107036
644485 366177
846723 116263
106756 377943
765141 686143
499244 340370
751310 587938
534210 750483
854681 109166
314965 390535
767187 309566
761338 464993
462345 402146
697885 290828
158124 732681
60254 819006
541217 271494
661195 437757
678975 323354
4394 112881
882170 702988
831109 780015
190938 443037
661108 283372
754311 12983
8634 250503
332918 757857
234913 911426
564928 97631
639000 976041
296745 231075
328101 787400
660531 312270
271046 984378
699774 939540
997066 596322
484455 251908
364072 537480
794875 799372
365118 991150
742348 683375
239793 471910
789104 205767
381279 405159
669193 372655
795386 673474
870618 846157
835160 12276
666015 532999
595628 841819
477462 297419
829978 20184
605937 604485
62454 534205
188297 687001
50651 312837
427317 916085
14044 237205
335306 406078
230494 249144
167154 613758
518545 983641
13665 975807
119039 622473
87336 472221
690083 557834
456096 832879
430641 807400
794712 757056
66891 923098
530013 200543
95647 100185
656346 416194
528711 691450
621076 939774
737571 17219
384728 455610
869865 337767
215320 165514
148542 133868
169190 475969
84205 961477
462190 480577
759772 79257
539563 649809
34876 968480
258344 930768
818643 345083
629083 299398
152987 639043
310288 172650
612086 222067
189722 921847
68286 925927
627814 756613
232936 781397
473995 846355
822562 433538
149859 147877
221432 797453
522268 138606
29167 966353
848522 402250
940244 721416
963129 365121
328743 664443
915097 592671
789927 914817
831021 405352
31860 682355
306483 348467
532836 190652
59727 864307
244870 800102
784757 888285
839329 506722
712451 867183
498371 820012
648928 99479
25958 105930
686340 738430
15514 69177
596211 83590
830360 800547
426486 933865
790416 894568
244607 294859
61011 981000
178716 523938
423069 761799
302717 183182
907604 431803
242118 514001
486951 230722
485874 656751
917683 872307
127026 706882
166541 25519
161433 953718
838550 858806
271409 20646
93343 755974
32246 260678
807461 26251
906500 678453
565880 125313
569341 955080
347226 313543
585050 159832
887292 720667
652791 203544
56250 257758
339496 180554
844785 453476
683318 588441
190925 115051
538927 153660
144474 860402
819170 84310
896362 945455
572231 683928
245945 231057
398019 116999
314271 972522
28854 544772
88924 164808
770 659418
742899 852264
791223 505887
575023 807317
436486 917686
460857 262006
126210 751374
153645 235501
648285 184030
406932 598058
909346 619900
237198 330754
664490 450644
444359 282625
695537 433896
855246 323945
940756 114469
314233 35546
959132 946369
376849 787889
343773 408849
399581 733140
756763 180049
651365 731
549017 982959
112196 661866
54191 190951
587164 471880
961467 288124
815402 445816
410512 151700
694791 239329
1261 992015
933253 223856
788985 219943
710998 925710
896910 519298
920935 191035
895099 885023
997938 736943
384541 393831
800576 679982
983877 570334
870271 958345
538565 980776
953201 390504
339385 438358
69048 254533
791395 413471
849699 833691
895013 898921
194971 94397
386944 403736
782051 563267
674188 22469
693948 178306
609075 108997
256185 469433
465989 784798
862920 627538
630393 830704
188559 954292
208787 79388
982453 981745
945746 347754
631606 192571
538970 982015
461090 113510
474425 613795
71182 801616
94412 256414
967214 424649
565922 792151
75188 831971
295067 636280
803502 611896
777196 186073
324690 642489
631944 947201
621421 404301
898889 872
864915 189116
786999 760381
630434 790953
10748 835244
997908 71743
225471 626590
42206 414477
567509 565018
271001 608127
787330 698066
504346 847564
397284 700628
968344 329163
666923 794702
335051 794472
201527 275270
672070 988042
350021 818400
967544 484418
240148 617789
521767 142561
26896 605823
45598 322216
892591 128964
653593 52454
493694 481587
73602 83801
989130 645374
64803 201309
602954 7510
29919 318545
46136 721993
92473 322115
634002 318557
138595 305984
176653 755134
763337 185797
403658 197695
884055 79160
50746 656067
956399 185559
13514 648457
859008 807708
444100 190760
460458 768144
223538 945556
490613 243845
969094 683049
245128 768506
418968 277011
489767 117838
332413 199029
452197 119744
244798 164789
975552 224279
561980 11289
387901 464312
352790 767806
346244 996353
962652 51319
114974 148148
98786 342452
155484 678008
168072 222155
879245 253270
597214 615783
473807 871352
222498 557867
159455 381850
148290 357127
623687 543976
888322 141456
207722 132310
94056 104689
355074 618666
606762 712380
972643 632920
262583 862852
190100 943076
849256 98947
560214 377750
763063 505638
705117 939387
121196 308178
262895 153582
89264 709808
899086 437710
722914 177
966777 762382
398831 433236
216377 217508
419775 184162
129401 74417
163694 68889
273626 850560
671373 717353
308309 823524
484133 917613
989255 348281
917622 498306
816754 572667
249258 53163
78540 444569
417822 237834
646885 371930
845665 300773
931565 316458
996398 62099
484966 720099
548134 375931
211605 404852
938078 615087
350249 158036
877473 936385
954024 907128
538949 51259
753908 879673
658797 7942
140961 430081
160126 725144
973541 347790
85005 384124
6372 754148
740455 526216
330975 971802
546126 481318
820163 131272
799366 547253
834807 986960
654906 431387
719990 296374
728804 178567
108445 166452
215783 746662
717888 943390
655269 533452
607667 597164
994060 736667
365745 64520
927544 838240
469742 694483
834632 140928
952292 898239
261212 538655
147880 766461
851678 318783
632401 618486
118007 225561
386836 283057
390884 791072
397434 714308
763369 949461
240010 313933
712770 818063
87436 52763
353346 288551
88454 737350
679918 830347
829995 339140
727001 10742
4617 617952
858698 739500
919498 939041
460968 75995
759681 633428
409691 537366
733397 109222
31441 159677
296593 179679
720894 604623
160175 651146
199635 411399
382259 757280
681307 294009
268545 712593
55355 180632
310455 366749
409009 96591
31020 382333
669004 996086
191936 632795
364002 758688
935687 275503
706163 545303
662419 786433
832424 346432
703889 937284
802816 771129
209344 93737
975769 514557
724989 37316
167769 479355
664908 715696
355434 919696
114674 331211
941502 229353
379504 65541
792606 200524
326528 446452
653226 709940
654345 310931
92971 40098
52419 614312
396794 882517
579215 583294
95849 139659
97988 230170
465093 991569
476834 446614
354361 170833
416545 79194
583181 902720
400304 725682
450160 550767
175458 332009
445256 183305
457711 896771
395433 475380
501096 468558
161350 686043
960506 75942
115048 842869
32544 405984
490323 34750
810795 795269
34000 393006
741251 995909
238519 674086
795466 298033
991234 657581
578250 760436
880370 585407
333006 355435
741776 589549
524785 994787
914906 25693
168282 157983
40414 412001
189585 581586
127668 849445
452740 627956
648099 745462
619157 504729
224760 740663
986941 613231
159205 468219
43710 965168
413896 749607
415673 356569
704004 918159
756448 896805
889582 116606
572030 668881
934644 18265
443678 105649
308329 812837
942712 771688
463442 245960
154593 912531
370216 760185
805669 765968
91548 616451
308911 325420
896266 400258
816417 61131
784585 278157
648984 709531
581360 765810
648850 779873
947430 223732
42053 580411
678200 921560
59964 768830
864436 460866
103551 283274
954802 312220
121748 401876
889510 637464
881884 937043
436345 953133
953690 568000
875339 80708
118176 162407
24479 628441
676113 565622
73301 621107
893797 954916
864111 122826
510808 528085
265107 443586
880261 957862
312059 908628
560364 369508
333838 531462
501621 998972
495945 259308
317606 11105
955976 290130
750942 106953
179335 641653
946023 678742
682180 633079
85602 2708
922613 576270
357394 318238
483547 542490
388023 990169
507439 178942
248633 927551
838774 746508
844062 706749
666991 931489
479668 875035
394695 397812
301938 30551
586476 199354
291788 988268
964190 731105
945366 13359
575235 421719
719380 847983
655066 111170
749878 758239
649368 730590
811787 209413
75296 250460
959668 421080
770147 727916
601278 908200
746585 523137
328964 561379
644762 939732
540494 216766
206611 563816
804414 510746
697235 989909
914173 701290
948244 272432
680543 315871
674814 437320
266541 781802
473163 999574
717435 518727
326709 123465
892193 723202
928843 154680
785970 106743
777941 59934
126853 853337
507026 47619
43618 319536
351475 887976
66980 143564
466998 909693
623880 332799
393093 580099
740439 980146
542738 954627
377938 724357
631118 171273
425242 350331
777206 487715
996906 811239
828173 280439
22356 427725
141143 818378
522656 648761
647657 705222
268545 805985
802300 408435
505386 56452
72339 985490
541311 974556
916659 646783
367426 555689
689005 274703
694516 315576
497175 693993
260619 714243
359125 419899
594135 519610
369137 649332
329279 639758
816852 512337
327947 877142
472749 9863
847275 396298
164057 274360
769402 724532
198275 524067
977555 633818
32019 307722
747131 587786
961819 762522
106851 91223
521301 178051
247302 221922
626348 719853
290001 307305
645397 598968
377738 845480
568794 827448
186362 470532
29597 210143
809795 836293
308542 546952
153893 500100
994129 866361
829851 664904
53702 768087
470050 675188
277724 340887
27905 346813
106232 721104
830371 180151
687305 188344
642792 614293
682741 6293
36994 607010
625634 619497
850807 321505
24121 737217
257126 826197
446176 120648
406713 1880
936925 680083
762421 571011
706109 326883
160626 406749
563504 453706
177431 236838
437352 676289
376727 388037
996556 449514
360004 335037
387993 514324
384696 636933
831508 626346
379946 73221
658235 540986
288065 469696
213852 243598
295916 48332
861824 71870
740524 488154
647965 407999
645494 9673
782375 25015
358711 331747
348022 955187
440907 64638
502788 503162
805437 686903
980250 616394
470775 550545
766607 343556
725745 957433
197996 704090
753462 404403
354803 140904
168183 363536
996795 87447
483278 954486
392233 940242
435491 784168
243667 76659
19510 875679
378716 176572
1295 981896
790303 951949
138580 67088
818382 308531
629719 855255
718005 289426
480666 39446
19444 849525
524067 701521
585970 972170
855337 224255
618182 80472
469832 202918
2081 237520
712619 922595
142920 729292
479417 547076
579469 383188
151139 16054
452604 657241
744954 778426
493359 597037
382544 914307
853770 23152
955949 44100
837329 809791
107378 639741
253028 481527
192488 685543
935946 356677
588652 581531
402829 297429
441515 148952
928098 123524
277402 603805
604652 685187
96417 467638
521640 641394
459938 301290
996029 986945
572858 683611
522406 250036
620692 903559
593822 754397
988801 190912
912663 8630
826611 828036
778511 237761
129107 921798
161635 897999
421759 284559
218179 994905
936011 240249
72499 195782
141693 921713
552699 787597
872476 890974
628888 357545
864839 815644
878788 549925
770706 861381
393763 382843
830875 610699
152024 246236
541014 441500
886833 421856
863520 441346
763767 654250
248700 327530
445308 485049
238961 550942
620181 729930
132968 358427
2349 467209
542596 278967
83583 979001
420033 192746
903687 772536
797085 136122
485767 41491
233911 365020
289998 504323
155480 82165
231230 40287
515937 988818
456156 239090
71337 171617
124596 257074
582537 564429
223720 557892
337333 444825
218540 363113
740423 539283
474088 671054
298783 368520
720132 773519
469842 78227
142851 587013
128073 864393
918860 276830
320394 457791
741758 267318
66681 972614
126936 647733
402621 926578
629149 467868
169800 478676
428331 868416
698429 138951
296396 617566
606050 524328
632773 958940
906709 385520
499787 497414
275643 79525
736869 814825
441030 854918
404891 438557
775354 970803
685764 949997
136319 918410
614646 6637
205432 727711
329241 927675
542778 367153
422483 337159
224398 487149
755983 856834
425638 514897
904311 846126
137320 973199
112631 520554
118600 176779
268036 391560
19209 554177
341848 490774
16870 745425
75857 23766
656188 734894
421901 950882
175522 711733
904964 935641
421521 278674
42017 26947
335581 710749
134270 290835
886372 666886
628895 399883
56793 543325
638194 995146
171034 101399
968453 316797
145651 16986
405294 943957
885581 530291
808539 264560
147251 321310
482453 650063
886535 191902
159798 516077
189375 871598
13118 612144
230380 620942
655753 766304
714353 284330
197425 723981
54056 42993
166683 15269
713537 374467
711811 283331
921461 861460
90765 65815
80116 956301
451077 859557
185780 600108
825660 9587
57244 812440
216444 632820
243300 633633
933185 434896
66303 882340
334338 936586
464179 1968
957765 537247
97741 458728
790798 541629
937671 238403
866259 557973
172656 93762
592742 299885
588506 281579
58278 934549
154633 628416
472264 508570
528313 38249
960496 575878
312675 604425
508108 187741
152454 927050
869970 840677
927204 22578
487625 603962
951360 445569
414677 836818
216772 762381
58774 183248
754094 259887
271181 192668
710803 873238
593825 304391
758819 85909
386173 110974
170158 463022
351081 167931
748962 966683
286377 716845
765211 749213
460951 326334
2305 477868
907983 292069
490067 343881
269504 484033
956914 814600
273749 137842
891663 311547
453026 265378
268498 249339
732815 279832
795390 960723
274629 126247
285160 444868
883834 488871
776466 892293
752676 355591
615979 800269
170782 231266
676005 157001
754837 507262
454790 706791
709574 963500
376395 582720
543647 142316
871749 352553
571646 185951
413450 527418
771091 887339
736343 227424
491111 805834
604827 421994
647328 636913
991423 123170
823779 647931
803147 592469
947875 260504
236459 26819
927779 587569
11748 850003
356320 89480
492543 940879
988627 806247
311211 958797
947368 85058
664973 725720
742623 28819
378218 24136
724926 974280
811414 217830
900851 249169
872877 765277
44812 388895
461337 985964
550757 759002
360012 879369
400741 77784
884811 604911
939936 702332
975097 532542
581211 395909
344011 201156
564970 295832
543152 514080
191343 656907
928799 427080
656345 229330
639797 775277
438062 657829
566815 574785
502852 72294
876976 13834
8616 529711
448933 518879
37721 143807
907763 6029
430566 663043
302866 600299
939334 246528
669803 442336
796470 806760
30342 809417
486495 880643
712524 381713
430983 966624
275736 199556
883600 285141
565577 311074
653667 517817
587425 902205
490941 709595
86589 877889
427847 221316
759768 289687
945175 345369
67906 969618
211812 501443
994564 318244
381002 64387
185697 860548
312048 834100
555321 811676
363634 871438
619330 883048
275321 12520
167462 374442
974975 52861
930263 460215
591328 959226
541560 979835
266744 659689
465852 51981
402698 193299
954037 136580
862017 962975
749695 140057
955877 660421
248798 650242
853861 746546
452916 709099
130704 498358
460506 715895
855698 367070
955532 501147
163278 254947
178897 278563
96080 248863
185040 148449
149626 295519
529053 759176
857097 574540
2502 998677
779053 219402
31712 703236
229280 529232
410465 560193
390127 166884
650482 364838
776873 980858
489347 238646
751845 13459
787298 57513
630656 396425
17870 980382
273659 63953
5326 702818
745508 38863
894288 907896
578496 486029
871488 748476
498724 917891
465073 460702
938774 727007
943651 888973
44257 603511
851178 177285
166828 1104
497172 983456
750323 473385
327795 149850
468092 815152
75810 740083
453406 987727
311375 690475
661261 501697
500343 746236
374340 683299
266537 586051
281449 10865
302860 950367
750129 30685
591175 724891
570748 251507
183923 434831
490378 680353
670007 31277
517196 528448
985214 741089
709522 764662
15477 560238
195366 550073
80195 180648
67532 139675
61824 127437
882203 338749
807190 852888
199555 709405
163974 331059
253443 597447
25975 713629
470655 796477
144253 40078
180721 877124
466909 76057
569702 966717
487265 558584
128944 961466
402318 717442
79666 693355
570990 624501
889185 360172
637888 968372
889726 416004
638833 965978
663959 699879
485878 882898
816550 98810
587848 396325
965173 922016
482606 347216
915438 468391
84866 643217
493819 902371
59081 862545
768026 814249
348968 158685
967181 556105
379566 647235
933701 702751
584578 798471
577905 518731
643677 743193
609579 427572
206742 534821
984429 28993
763653 56537
867612 10225
19482 579782
317104 445915
623225 975763
844420 509807
304416 32660
405560 453852
746921 77844
236186 379977
600681 948608
811194 599026
393224 352235
210740 869275
586375 84351
713202 355845
462319 151501
706685 990758
638421 482713
147189 771136
119504 745552
677536 321347
230848 632598
524054 517214
635123 984682
338571 449366
105174 545025
42338 918049
128199 48549
563779 40770
191729 980848
846644 971776
615390 291471
986177 484741
506372 51469
203195 679719
30826 186802
592326 402242
240241 744670
376288 987488
549477 776728
168151 816875
541464 289251
683974 510250
932506 725487
816131 364501
160984 657115
189301 500397
97281 512182
648321 149941
470038 810547
188215 230268
715335 534599
254722 471863
593494 361387
496364 147394
173820 320921
482566 213919
860757 103493
512979 209185
932905 275132
351757 342002
471024 983604
570523 585423
69878 586031
877534 47561
503265 965869
155923 934971
899683 528719
310146 33995
439618 69545
213339 351569
729659 354825
620330 420333
850087 604370
7985 94998
219090 331606
264730 622930
462789 143236
67222 106328
805107 303207
39849 694401
702003 408162
678473 454535
854605 478865
558408 303360
741197 8148
500474 672596
369901 702458
239113 786197
538797 880677
709348 886066
309689 530019
994238 853048
57608 418977
44192 246660
384882 659129
857134 863728
143514 585521
625373 721212
211074 878033
7921 200368
198120 988974
765852 981893
673408 540658
838095 181455
773013 131632
894938 338192
940976 48987
338369 876582
671428 751410
309088 671309
461364 727195
187422 554543
295735 370372
371886 590397
386273 489846
702097 70274
362913 777668
887048 789993
918779 701885
618216 899079
870005 45340
777397 427367
930864 425849
525709 379745
704528 381395
794543 273514
813952 689283
889142 839318
88115 990760
528949 356451
22606 799032
735293 251952
155575 626565
736575 8086
234401 108497
519421 162448
123172 146636
449447 180223
567893 155549
685138 194138
60929 729278
948110 698938
979085 695001
872652 449091
707372 627541
747558 517883
640404 611448
616586 933073
943537 777124
532856 756057
530633 477974
350588 232925
432189 920329
829670 16433
351249 966483
723807 265604
566630 310496
233106 296486
840953 240031
582325 160711
590476 246159
27301 276692
311423 707041
393170 703911
808589 566781
298586 493618
787613 269464
206119 506226
499560 786578
278953 741631
167190 528528
845804 589500
163113 900235
519865 672826
153257 201873
46117 919190
850058 117144
980374 774826
63470 116810
44179 158316
207064 152717
486682 363436
408363 493204
617384 28575
461846 859282
866630 790799
248895 112765
518487 333209
196837 724173
945758 664929
674870 838259
855549 742464
216168 255913
387718 4549
953050 349649
51560 555539
123133 623111
961231 121626
777131 262998
224910 35696
218357 658929
526847 434995
108189 345436
157720 843712
645582 318362
110970 409630
76562 167086
630748 803278
990037 571215
355435 213661
225117 917408
823996 737893
334057 96027
756383 565071
589552 380979
607927 350119
384179 690708
314697 392505
43786 181668
434388 201402
472028 425003
796276 727490
208536 506061
586067 296426
160332 810247
426968 282778
514270 589861
304127 642450
780120 571591
536423 28929
920788 203699
550039 742040
838459 553408
795351 513009
625322 381032
791189 521325
106516 961128
429061 478857
554276 354515
925920 311743
299713 514613
782172 244715
397811 29125
197056 18253
936741 294157
788271 101953
271911 643420
170536 918797
413163 828814
250524 385661
840355 290280
173551 345410
596180 536779
858174 189138
290325 651938
247237 409196
749264 320502
868213 655357
25230 816722
856896 631233
973431 119633
498230 767833
879269 69939
616900 722129
385938 328585
471755 40433
466938 840441
716154 706660
581721 140284
609129 429022
254589 261879
685521 289981
967917 73838
282089 597788
93621 587332
161207 268256
223172 623013
763524 177677
117155 108791
394528 372916
607222 213565
236900 397579
553663 437707
405526 104059
284818 949632
437164 292857
520998 624606
69292 909580
725813 988066
888408 99193
294197 971262
970096 350088
396149 549642
732525 728552
455091 745316
51291 922483
178282 941311
226028 397965
660424 154509
740469 626995
846470 230947
597819 320430
818652 14177
682773 875164
560227 456850
510676 275877
649203 313152
872498 281380
238959 513633
539900 816589
775112 162586
691601 736295
111417 40421
794993 727939
144187 843420
816497 609255
150360 841417
510364 230962
910756 743833
635504 517526
828266 852057
839165 964899
706299 584563
905778 866456
62732 454937
599381 292111
244978 724483
8647 800988
561038 495579
623029 489165
52966 287963
681518 297108
665727 327529
928928 181882
676816 964748
252050 808927
553070 3966
144378 839125
142944 546908
750074 121633
571353 994980
169618 769700
317146 385862
478086 875808
447161 358882
369035 78104
701699 514213
154565 636839
334581 62938
484080 599832
647352 104184
905918 83563
738377 559466
883996 351443
653104 602849
435201 633657
656285 854909
53135 676489
412399 1705
723684 52363
411472 86551
458120 702289
315122 278974
427072 868716
990092 233775
206751 429308
505181 999471
362683 297587
48274 519216
356924 814168
71479 573544
637652 528141
553803 758897
180706 582268
139309 82413
349672 611873
578773 215755
684318 781147
377629 17712
822555 150527
365709 696623
68309 979817
598987 562552
769926 143716
146490 119183
41734 566575
896999 92733
332023 633338
142606 486255
160876 50842
687982 893358
970416 327789
805264 777845
963669 134524
961122 943960
254287 14984
988839 129782
680 27102
181839 997720
941246 514137
102896 580982
526631 235888
820600 422219
153369 682094
886796 79726
358820 87452
960639 281284
642267 349222
43404 863353
240981 327330
429611 985479
304169 874565
668480 552555
508404 348003
110934 956054
32281 324326
935564 318091
56523 864150
766984 358762
290863 369553
410155 756651
69347 28639
903849 19690
381838 953549
785089 326247
852115 354401
119594 635675
191977 254461
194461 149206
334666 744614
219540 300437
1166 458576
540033 553294
700636 330087
132865 780406
244321 4264
519719 369803
594855 676933
906320 194747
708069 753697
790125 161973
799463 286257
126838 676543
513080 504883
185889 421110
744618 911253
587148 888108
636079 438827
283525 661024
104190 27412
573297 780708
5175 494884
318356 308708
229813 183464
802672 668352
677563 705914
779980 81791
786316 694324
808226 671475
535250 924417
838691 674184
882324 315166
502275 434810
669648 377181
110183 228967
650829 989108
973345 258806
952108 394521
712943 770049
122904 989010
753092 174675
279229 362459
165194 902250
995622 456891
907772 645727
119931 851295
917864 469637
577279 901856
783363 232810
278863 346970
109038 584860
259940 300666
934524 862534
876587 689666
149900 624156
708582 144976
849261 717770
705012 300157
643480 801640
355141 230599
965309 71125
309953 725894
752366 110560
366784 507195
157540 216920
711011 5664
472334 981746
612655 562751
226939 753517
999542 453251
87133 830188
605167 739530
723912 708713
697091 332900
992513 589634
949362 122366
587432 958075
821104 987786
943846 170533
427834 309972
159271 683635
511526 373096
838347 83378
119495 556857
106326 691810
563995 405062
116703 331332
410049 949992
781392 546485
745566 222375
307694 381742
418636 649964
200189 228993
839195 795961
477837 579569
564138 224335
978752 5055
968280 517734
711722 475489
524985 562052
838758 171396
364250 52776
585369 637703
737090 200873
557902 725601
36705 356191
947171 581476
61895 445739
253016 978515
906305 19754
309258 887734
243430 932410
542366 475906
229605 563727
615738 627795
253514 765897
9100 153411
903248 179384
279806 700686
176703 665653
255585 208910
955170 733227
42472 817041
295441 685120
352806 756719
562121 769353
13909 94442
26144 321729
608641 588742
666651 677179
354755 550671
451367 980579
469324 625636
667674 103700
272434 196326
522626 380675
992083 745082
938112 189273
936586 314327
97927 241428
870725 797429
931 273077
941802 124849
738156 120653
256164 89068
503886 536234
840768 586341
403688 821268
464312 643657
361231 691883
956091 382801
398714 333422
799951 41712
873894 969115
250698 888888
930522 216161
800274 647466
66628 609188
257751 570621
10364 923680
678719 659726
75896 278023
923837 508897
567380 986092
724152 413147
625429 832054
121253 585909
947890 501648
285775 160560
67005 122520
728402 485109
883774 461870
363485 887327
6814 886833
587041 984552
352260 322821
438142 655916
343908 936194
900505 440713
511766 847141
246119 355698
176403 618411
974597 984686
698290 718900
868873 700084
393954 972190
256327 488725
897435 267485
67500 691548
921959 63590
180596 786710
723494 635494
425267 881979
50238 117611
262842 243783
939822 794047
129668 744975
7992 300450
177406 658421
16986 853456
760140 523310
271883 503017
220194 836163
989560 428147
563120 763964
440039 115980
725120 444398
980849 978172
323646 402951
489345 501541
634707 957932
147665 48603
839836 862509
801938 414768
244768 473118
150991 73513
325206 826559
499821 815417
683712 942308
231670 58051
848198 543658
28113 272750
136288 818230
139396 540250
754999 833829
68722 674793
927755 522284
893382 535544
549961 183155
481910 975272
15321 189033
699165 245277
668916 294301
824667 71350
634529 149375
557684 19424
963441 820859
528917 450378
117283 542210
355388 186754
295177 664891
672774 798571
56935 108543
253987 240705
58201 286994
343270 848097
808042 529970
374936 141490
475708 391878
193778 956520
756388 238553
779958 115147
165254 620573
962557 444370
149394 233411
409859 738758
815829 229933
651214 756489
931595 931964
825653 632414
578847 40530
228041 176744
375569 264468
837038 129961
173194 22831
319906 842404
949468 619484
58879 553887
502679 798682
841882 50439
15596 583317
823241 818573
37946 9937
894372 193232
275953 127528
235494 549487
867686 190717
883414 853516
941458 368358
182881 509937
399629 459516
386683 353475
824456 709609
218304 135960
260212 345949
961176 863800
568050 805563
411166 265912
868868 330054
684211 149607
193189 847637
496889 309829
636007 983532
173635 193722
409601 729497
33754 731316
709593 897127
143371 696256
500725 8445
83401 852259
683465 310257
504352 452351
730621 992243
84304 44760
108573 232923
984774 233766
377791 643129
867699 858994
169300 374433
920352 40085
263062 872778
128625 895365
781571 922063
219500 511542
514525 891156
601990 637129
158147 262151
280425 114410
861603 918428
13905 314156
193264 147395
193198 822254
385912 625313
587287 912939
94754 969277
710837 389840
952073 612226
504878 419962
251083 734505
238748 814256
382916 264598
650898 120426
212564 644252
466249 271056
58556 550258
918151 918948
991377 394923
960540 928733
775317 312282
656766 851503
491155 360629
958328 921029
671682 957839
118101 982689
593334 619055
6241 222238
282793 284883
502834 162594
52574 109048
648400 333338
515469 688419
924604 352743
447638 616817
552988 307007
280070 896738
754853 298523
487812 502950
72973 554002
599045 59884
165193 625242
877283 366686
305793 600161
460102 118970
713654 437703
694785 954221
590104 925410
593162 725003
869774 230021
405764 151071
368379 695194
616653 433033
271569 143365
6737 266019
200704 739118
937965 142229
433263 629039
690891 521202
796458 688777
548184 809923
654825 470289
142794 227798
59229 53972
269992 4404
743499 933216
698637 920178
990932 472195
151319 302962
955371 227872
67593 149569
449493 339551
494340 23195
457952 67121
382527 246900
394839 422800
579653 536508
251389 304780
193336 683674
15523 843124
180385 125889
964178 124187
896023 381954
785369 85149
874231 92374
393826 943828
272741 482881
654281 25276
387997 832416
591770 197888
22329 748273
17411 393275
884341 209389
188135 296761
905491 37975
752222 996552
963343 670775
560113 191901
577714 658315
402523 903800
391498 912825
902545 177726
760950 587036
307822 644334
534882 621202
492086 558567
583524 877851
139849 787643
746703 675743
75870 174659
294241 188244
762816 935189
670710 812414
377976 602572
309901 695582
969513 828765
201995 781534
136143 36189
933612 748575
110175 987857
690512 579806
321057 147258
126670 662935
783719 690058
726336 892671
612238 292584
83216 688398
263833 721573
209179 879863
702452 646411
668684 904341
913989 583955
703225 771117
583398 697620
20239 877972
443211 870897
237677 597633
212232 272941
259029 632648
112770 157108
255730 503516
608011 652058
400990 44777
629469 244846
698562 51625
635055 617860
346138 409038
686276 383053
291123 6517
821290 571564
738555 415146
261355 356981
242605 488326
330156 731966
793509 276410
340367 295208
752632 292156
340730 28347
516930 246787
860202 992881
196571 52518
817281 635591
870833 554501
657262 64664
814942 764113
808232 248844
919419 364296
912847 315997
115746 355081
525131 128794
317305 341599
677151 969661
26958 14889
746944 337776
476255 723074
20614 375771
59167 792094
990737 708612
542855 381563
518908 668210
551847 60728
460473 969608
804193 195044
515712 392633
697903 653332
695816 356602
679649 809691
571388 737772
729044 127245
514244 460026
492687 421919
497152 85110
11269 268264
119880 498937
858995 196121
194483 915804
566811 963609
832666 179496
104783 265802
918139 138008
155404 216510
238314 627796
922047 239654
873142 585987
826861 479572
705353 769519
37424 470413
163636 468651
941674 220992
64113 807543
203932 588327
100498 156486
860807 224519
318502 959151
961896 802226
705917 580161
633745 776066
759440 255589
231316 851690
8132 316564
696810 956336
505658 410183
116805 246816
90652 714944
22093 248834
194639 619003
596542 391648
266389 129374
23738 650034
679361 193314
46099 712804
372274 559675
933071 647328
977474 914663
182088 448006
13154 887003
499067 518631
177679 620176
608286 642732
986530 703430
18630 8584
352746 64283
192401 624550
758227 274109
787823 892503
33260 241197
355610 872586
582449 428815
430784 219368
472089 419294
691066 560961
156618 344497
610624 302052
141223 935027
304817 402571
792790 632719
260245 683307
569249 239279
685831 37510
743864 282973
735352 867873
375430 62637
801042 182798
292726 765996
966431 51513
585862 264885
951981 921949
258003 59243
808548 138665
305651 366667
585598 328941
593761 953209
835625 545231
466971 646883
21832 947709
930966 837388
240822 335285
40276 570786
102304 913538
107404 992845
85003 370215
410437 545919
8088 45693
805784 135974
710889 638049
791414 814558
55520 60441
211925 283519
876666 683801
582164 52798
435845 943406
296355 327394
637707 348266
387412 934347
497794 301090
446668 338874
875005 364264
245146 769027
964231 189033
577178 869961
847386 847804
166391 19375
108285 201528
196561 953847
716463 841939
704632 82200
145650 212987
509869 89944
599262 151740
230751 581575
328944 980371
680977 463775
770721 421580
932974 806812
611992 588320
705421 918661
157400 359495
244893 27474
23490 389453
798339 141254
523142 520777
166942 914708
731144 136574
149359 977160
727909 167915
548595 670207
318313 108356
92320 873078
548718 825041
238929 8923
545604 13140
851251 530378
167342 199360
209718 295677
946634 429488
952402 330637
521748 531684
846892 363004
200951 876738
373180 342403
843776 156453
154023 305300
139018 710407
517370 320241
918610 427049
599770 748050
911932 6814
132201 168201
138894 986875
362184 508908
539949 821774
118506 102990
777705 643249
790293 59413
729818 586596
867243 57682
882269 783253
355498 236017
286336 928047
219921 129290
169160 197099
652881 595811
424693 323511
897028 57610
963302 271108
164179 984253
88188 995349
616092 11249
610414 669353
125678 638099
228154 136590
265941 623238
131705 595128
177348 699625
62853 941118
803560 990489
347373 416193
901305 125092
18285 53551
940987 529373
572993 68901
110756 84094
154254 139647
373778 794475
442927 996104
148936 64597
136858 755061
665356 835356
37410 414956
840384 509092
292053 73197
337798 892185
747665 92016
933130 341131
390908 492250
109550 106666
780935 567876
302159 984624
448320 835447
822176 209308
226683 46815
569846 38651
215983 149189
100265 704897
437698 179899
910294 883306
559439 163240
500290 558686
978777 662978
840985 267144
579287 770852
820772 815074
686805 493530
249659 524002
954592 719347
573528 663625
466051 448662
421951 85617
939276 903920
954857 999627
379795 732339
259995 692064
546978 857165
868215 605270
238545 701015
670221 370522
397735 998108
263086 286784
860746 555279
277233 581957
306105 155964
811342 648314
69401 585872
825604 679941
170909 109749
452383 884363
745275 81028
755493 468304
85475 158409
406331 992252
699509 144
965431 119955
293219 754214
406427 16277
738194 166177
469800 250846
896726 364261
622412 857598
917912 238941
709733 13306
813841 221227
142958 280155
5424 29548
135236 446984
40911 424519
28043 757677
713598 939624
653545 286845
974670 466979
480958 557012
13239 904368
381487 439321
508124 983374
806695 620549
495786 201289
614141 703992
600984 229537
734764 573003
872510 816952
10125 21351
627511 78163
73969 351181
997359 786793
573226 68133
432838 452650
481504 956726
360769 390814
718935 341897
367529 525412
622473 886843
503747 792256
147070 56151
869399 953690
731561 737611
722913 805600
999611 602743
845315 331197
734746 79675
810257 284466
87280 675562
460813 301353
26775 134205
143814 241915
558732 972097
945587 322795
600891 152527
30080 333066
937469 280590
628488 98063
128035 788433
150415 483325
239793 370128
956118 417647
507616 586880
86199 776286
795063 621275
543621 613066
806617 739361
648175 795507
416254 527617
663827 457455
819249 307710
745493 241009
368522 573051
533266 289139
74553 887417
132114 301258
953760 593014
143498 451128
159380 129215
755712 304708
586888 746022
96604 72511
15955 866770
424955 694478
906445 32350
551607 464165
184613 716978
531635 890454
582101 505615
891723 773094
147119 758207
67169 515938
785604 428390
274777 855980
832734 963137
955275 721501
952629 718816
354626 258510
152612 385258
776267 288446
877181 566193
261346 607704
728787 669132
363708 175041
445924 821881
316270 437267
552770 556455
265534 530031
14280 630667
523895 870248
821617 684318
78780 314688
138606 73042
236211 771110
339390 374342
652740 14393
703256 843025
798022 620062
197587 667413
398611 797475
716646 340935
477123 341539
376240 955359
172345 106157
321011 256167
256604 12316
501856 986996
731343 569917
31632 973740
664965 651919
349865 740633
90852 778534
256343 736485
740824 846915
644265 54343
613167 852398
969944 850760
368285 486563
620586 113180
806535 451384
802803 31736
557160 690207
424629 24417
477005 591773
736921 680222
346033 860806
265796 742756
549968 361459
766946 118064
980943 191852
432368 420642
41379 755761
362658 441242
561765 700112
128446 601094
838758 719893
574681 585274
735692 376888
418515 53518
137470 406176
852286 517141
442896 59485
19605 240415
857496 214736
499454 315701
561118 255564
317657 896627
8285 901567
875176 348610
127893 264842
597082 924157
284158 414222
997977 694421
59295 255502
926849 111106
707644 524273
793890 538092
591200 476883
198187 545571
71002 212026
541931 350698
307088 405583
164017 157843
886803 963915
500205 830834
706910 454225
337465 223484
576107 438282
405833 340243
595222 80456
344006 642988
345759 383941
957339 392975
279265 864605
919238 614720
868844 43124
804070 435700
839832 514105
284573 699022
82279 762969
107245 940822
777870 261857
705845 202124
285149 31850
826574 183901
231886 865633
296722 693038
685514 556321
222009 847291
26923 517288
432303 759215
990721 966098
72324 346825
256598 868223
296436 33340
684468 190901
485666 200898
928060 7384
852529 500907
541098 141407
234951 275235
837510 940431
549735 814354
150365 151792
120995 893309
449648 415344
957713 848443
5452 220415
329989 335750
769352 718997
700322 488089
843129 461895
864967 881438
156343 720178
122379 768991
546463 663608
630118 411666
80912 42182
81455 547823
458672 358870
150894 21720
699147 196863
905326 829420
867448 10310
732855 946116
507136 771831
664903 610062
89978 59227
532870 674694
932992 846566
46359 341524
212385 488695
978977 112628
10740 488657
591175 261126
261686 751488
778276 377990
392186 266481
799676 672868
251123 195424
689387 888704
714830 992051
456321 859322
245649 583037
551557 165369
887173 973799
409139 370251
957582 157167
486715 858859
670143 253626
157368 483588
651197 251019
76176 705108
265151 15338
742219 436536
133281 176175
981766 43541
862960 835199
85245 131986
592305 616466
628114 904690
579586 809177
41138 8049
293580 908490
10963 642976
963287 34336
736082 747852
727732 230508
847372 96746
574773 439612
32606 804952
450006 105575
736812 264901
836634 701916
281965 617573
88753 540998
155361 498504
177100 98483
258591 346493
172729 916886
58185 348275
612269 697163
806453 534581
771855 366674
933105 683478
794091 410553
497155 657380
161934 24804
248781 472571
730775 120951
575492 591266
26687 372889
438304 546229
504753 31915
86962 689401
843826 643834
56841 697211
962410 729820
334662 96506
926799 152017
505633 147803
64340 901514
469999 139741
338395 192254
725787 959336
418518 866284
576662 478225
935500 173721
833174 953483
854721 908252
482782 162339
694996 990464
540545 923124
903769 154405
577169 552836
924971 154911
708067 364866
674479 892477
670912 979017
730749 744624
595546 372824
106300 486664
585060 296289
922123 462150
289966 236537
533616 264804
90864 582604
817127 952297
833369 17093
606306 312107
714417 219463
209862 425788
514368 553338
599063 304326
852878 798255
650730 900953
34329 667627
46804 367242
355153 861864
749969 392206
288708 415988
635941 32335
297378 856197
59786 690828
717513 739029
175175 694814
765728 523934
125359 400724
150530 455540
347849 267774
186101 465863
23780 807431
11153 487178
340119 424798
211450 896584
64616 613756
799791 721841
449059 391016
779561 60487
199479 598028
433501 497157
178836 913629
879638 991816
771072 613151
529774 54970
393453 58129
792966 15690
964753 79079
516804 616770
665649 660419
763504 90153
678149 570149
768419 963525
561393 629373
656221 768800
65664 898423
799114 830667
543477 640343
368448 683603
115487 252755
849341 590945
440661 319694
797151 998892
814519 766048
368510 227011
134802 382011
767591 795965
311605 295207
324595 623279
792197 66437
759910 465097
403823 378155
328225 896815
931200 482107
192359 646193
537068 491451
129189 741368
800838 80345
357619 448941
734465 67165
637795 645047
836558 553514
505777 752047
958687 137831
951477 140826
8890 113407
219384 870971
269087 504826
346129 871122
829897 982921
549788 439105
249986 512605
141671 676871
105959 49862
192452 469445
574551 533082
234530 109791
224751 412130
372844 580030
892545 531988
927178 284892
947535 92050
600261 578503
731931 729414
52397 5456
966964 998683
926164 30463
281712 396068
277795 354613
330709 715072
224707 447282
472212 924526
543348 974114
894146 719224
741174 86799
768488 336286
856463 798539
720781 482840
698997 918880
605527 539363
628793 146763
635431 239797
570751 924112
728836 569787
511657 698694
267578 119840
809523 938791
831261 433890
562748 169575
164114 866004
375771 856280
617558 731348
753163 214779
824364 338241
429954 391045
920491 501763
269398 476651
304959 677192
574693 200352
959197 811183
757104 262081
974735 417649
866281 907252
391681 472246
205097 173801
156135 764075
297049 191498
321200 922656
718861 930423
888457 340055
208989 770411
569875 117979
447995 256734
604531 246899
626918 322119
289053 258601
437628 15317
358783 776935
689951 817461
220309 130681
105031 153439
210960 180932
483556 456505
926963 677206
371073 984213
838546 805287
328644 797163
823260 340793
791272 849655
910147 238155
912732 347884
353021 203415
302395 488258
555936 131701
965694 591337
91908 84290
196615 156580
328515 759977
202212 563349
230132 681040
7033 273181
737623 998014
174141 915837
776863 324176
988358 508610
753785 829369
933626 7773
435774 899014
526863 53628
185109 138575
330380 676305
826927 310052
308657 287154
482623 902203
764297 516815
903159 999545
62453 344000
325997 941055
275905 980908
893620 498855
379986 480158
71055 604171
767652 531179
150651 48468
617160 369107
141874 972524
207678 502204
573060 201059
419108 431392
368802 900071
239867 568524
579478 139231
975885 610503
709801 879701
150545 657274
688039 184975
466370 977081
429375 487664
740157 369002
768664 197855
931963 980120
581336 298092
154798 776409
854611 260298
279963 228266
947858 356473
438806 99511
958055 580834
283616 902165
464391 720046
124646 675733
808766 918936
19551 170670
580541 325751
203647 828498
828393 350153
708625 591019
902953 715927
55709 79669
720053 693705
368885 148895
591159 435327
812171 61269
719869 636525
378039 232956
919792 405666
323914 806569
199145 596213
659258 531753
424071 151857
638566 436258
205376 205909
468616 505405
839727 296566
957549 446688
954066 98886
467212 347472
303532 20455
768662 534344
267694 768124
133213 568587
941271 536344
201873 627851
138746 541336
552973 337025
985969 984013
420416 930031
704847 350679
814450 895608
780170 598548
587212 234241
446618 248961
148433 562876
212146 777345
706503 25006
738041 989156
967542 186908
516777 747963
21943 10084
783944 170128
777440 346012
475569 11060
139006 880220
447492 987973
710116 232937
691280 547737
234468 473438
38048 581789
437884 253559
523159 260747
430909 291024
628265 203445
727599 30215
432808 804584
650913 544482
805965 277752
601746 1610
758270 404115
989967 413129
871670 214832
391208 874734
925235 507904
836225 22757
842458 49202
871691 569226
359234 681266
370515 732536
195552 66523
61549 448198
615113 986507
21537 868334
743570 898102
15790 267367
192552 251250
153590 254479
918001 879297
202275 816240
294228 76584
13867 323021
265701 646018
189392 606249
372189 590203
785331 279497
516837 344029
370380 24673
840252 737106
822254 997281
147371 600152
495853 731145
494265 399240
735933 274275
55259 927249
431743 557802
470787 234752
398602 948040
144955 518683
508642 429376
790966 703965
467374 409643
473177 542696
505509 108557
392645 146079
41179 141780
899682 484671
222104 907544
860854 59947
281941 776234
482358 211547
592213 758203
322244 106004
463899 555262
175103 21892
842532 803808
816440 550421
864681 264168
986417 867642
858244 783124
554427 255979
266768 833969
340395 972886
68043 635337
770558 199693
31342 68774
995118 476222
941156 786628
683403 821862
687042 401925
819030 656966
150624 265433
65307 995464
318862 562363
331755 331002
110731 238210
108456 676287
906589 224917
640063 758951
469618 534427
466824 789601
286737 136791
434588 27514
23392 377136
1399 941955
17176 346990
413065 733473
207837 54654
52275 913698
481164 515986
898363 361560
231847 956902
184459 76435
176683 915712
465481 826775
465198 641760
66675 766742
892230 839992
541985 12284
87913 590874
294487 717216
735265 672631
302902 642375
997746 39468
91565 433356
482780 375040
92982 796518
851244 866480
804860 738077
393985 449332
784600 110872
442635 471865
783726 526854
320808 508334
873880 775621
479694 202438
992128 995828
198185 404086
951673 149003
765727 441153
335980 858231
53745 247044
681475 782343
935446 324674
550670 995735
26159 693697
698871 147401
109327 50881
724289 12662
441813 880457
391248 496643
695709 971284
904180 486167
627971 934388
650646 677126
606623 728853
241389 255432
821028 466887
675367 338942
313890 490319
119945 323571
99175 844567
842492 952134
441332 278636
826166 123758
272696 339736
287151 389274
973922 326995
795748 264124
170921 199637
10290 715270
710558 109116
24559 179136
67972 865802
369711 243785
337720 487170
759979 376841
235937 675933
377925 861083
585323 9791
784452 376444
938803 6474
987740 627276
113185 650167
478615 62720
644185 124531
416753 452616
421631 837077
109985 988130
897405 840387
507248 878254
605923 69253
689007 46846
415914 690303
216995 440173
414564 998782
365341 333430
287553 170535
797460 742469
245637 42416
151383 443460
228915 149986
586265 416276
397621 504071
249632 694021
951736 261056
960461 99106
456296 477703
696680 561189
875194 238959
754129 828427
132098 762131
329179 726452
705463 565524
32796 960403
266262 250444
151450 395954
510702 567649
64155 874473
971260 658377
997072 175315
643737 960496
309858 125981
857249 122438
740129 931466
552677 419467
643052 80076
576512 227890
980395 492827
766332 420303
893073 568198
426894 297137
378877 798621
286239 298445
899615 695291
706679 89015
892167 387055
88972 761984
364889 709341
523 669079
669288 631507
579496 693891
971514 954003
268186 708869
631272 461418
848528 328840
93229 415537
111767 863163
726118 544729
309763 990240
35801 283473
572181 325924
945303 370713
929498 679118
809009 74153
394652 513621
776864 223691
77255 800628
491844 946971
608030 57070
648473 125796
514224 831302
646950 284814
296975 703182
355386 323644
337901 641210
686682 772919
275116 61516
575636 480288
211320 980088
380648 94057
557073 275621
856875 273914
339277 792759
255465 546663
912858 254559
511354 14155
289119 231220
350368 522176
100002 688943
437534 204300
53979 205676
70739 360580
655010 485515
701597 719716
506450 326784
253666 329898
427373 857277
242459 328119
88979 480395
774315 824314
437736 798860
196958 952047
41495 375950
762097 418804
838094 903947
983260 616287
907780 189966
709519 638753
85860 281007
13376 118407
814289 294711
772174 783620
97781 518161
116722 395283
62878 546953
656741 665058
522117 354704
866912 986248
784962 297735
351674 535344
55936 72128
429022 124712
988289 728814
549931 283725
190180 726284
175502 319810
217971 500850
737823 118064
532781 375669
794639 679050
346901 800127
190099 256639
616071 270702
251017 352957
882576 510850
319658 476023
770638 149033
762297 185115
291682 54126
608707 653806
75365 943630
727505 481470
125764 985237
739873 539177
715769 697336
896206 258266
283633 767317
529337 73241
520919 276201
239204 496152
837068 287521
753344 367465
735489 616970
336320 676017
966036 31414
337909 527050
389994 863508
479211 549276
53495 733952
934286 626614
852609 278296
323740 571579
165359 887359
523486 883265
280228 790669
105112 459793
184007 255548
18256 613271
880732 293849
207428 8463
24037 902884
677824 743413
546668 477792
784698 198500
890717 75759
201304 83342
185967 642359
844055 950813
540436 359752
85464 439598
721497 796204
839366 499454
111960 558771
303966 130927
86953 354195
825608 127733
315198 735700
460203 484660
261943 106372
657088 497857
100354 307374
56714 259000
587588 21363
792263 191302
266400 49855
839896 485900
643677 988738
10761 473625
764408 780006
59650 763541
471963 651510
808296 169321
689948 672024
272504 134891
174790 673905
52156 409897
552123 767828
738097 45162
12091 674959
373138 385322
660436 868705
347716 820135
775220 483581
231220 514606
875884 59058
684597 583220
358647 799277
139503 699812
880711 351632
716707 52249
676762 964548
141784 883209
648484 922896
124538 334356
423148 215504
759199 589861
701148 206433
327572 667409
28608 907252
456208 863991
687813 861996
998482 878327
322300 469564
850795 217231
16547 663591
446358 469088
480560 182239
90216 961883
437308 961181
194827 300568
60744 184760
345672 857652
634958 317681
16925 328656
294856 204547
124678 75790
910282 54566
928299 724323
756728 621793
411137 411654
768879 567439
425960 134010
417070 316493
116953 926855
308411 36287
912692 536390
634341 241023
279539 320318
434394 946527
3313 29069
380869 770795
447348 116585
525376 405875
854034 255012
52955 572670
790092 306191
836720 598998
442853 446009
153836 611500
458490 930570
468311 164068
448776 72783
650415 915342
693252 420749
836657 138848
583002 377383
445489 496180
425279 381296
206638 686558
935343 251098
429546 767342
777061 400151
955789 279846
122956 806514
923415 144057
270326 357741
553107 254775
740450 276996
317345 228758
719723 603717
323881 460821
505031 693123
862745 171230
688062 910973
282050 922110
951168 710485
7710 820223
351053 102569
206580 104578
519216 336449
512303 370356
745540 435225
866021 430331
533057 578054
675824 368692
9497 818347
625093 72159
772946 922362
340309 942232
20135 753352
11238 983371
989057 888724
584904 954126
117497 277799
308474 370662
360637 910642
126238 79831
700240 808087
487278 499147
273744 579674
188805 399656
383566 660626
356420 457037
239607 983825
7889 774517
438902 786670
686930 301144
117945 613108
355893 582968
982945 282579
385233 532415
911341 914511
923433 45044
157295 685134
256110 425734
703430 56239
122575 408866
95853 547271
102202 63081
489960 135749
917676 612873
130891 852451
561958 129023
511811 155971
922048 327754
51064 10384
265816 612737
88883 246633
336951 24281
96237 141497
129769 745934
717746 628589
733291 656426
409409 13171
730379 854780
435423 336446
935661 598472
91660 43907
638630 610617
887624 705232
374066 130946
486916 972670
692436 441841
855768 643718
444365 376024
744667 340346
950921 68920
90652 810637
551940 578550
85783 47523
697613 608475
891225 911525
980528 579877
48018 201968
411623 828919
981075 255652
262916 310408
271297 622502
731087 775288
725845 338606
996484 896902
461507 269310
414277 808495
915130 54857
42582 106
85499 759252
207846 489841
308344 57499
785436 626913
117451 553070
238643 372948
363943 402614
202525 496141
937562 928289
43741 616332
245152 886056
893233 558022
428351 70484
677681 923370
253670 711216
586118 165668
711973 242543
578917 369943
227834 443313
474362 15201
31678 356961
44232 122504
642579 728879
161487 668193
891206 429078
635376 400414
478489 183463
435020 649174
471833 299791
351780 844908
86191 119481
80386 123818
278545 959416
790496 998902
415418 117730
926863 578063
16765 533652
716933 180054
48366 47379
180265 909680
291522 589399
849688 707845
817748 842748
172295 26258
422887 283805
290319 612251
992744 362649
250746 395420
393802 150559
737401 598000
367639 283361
407944 761289
396582 167280
714306 849441
591377 659481
660548 381663
9753 714311
151603 452342
653222 927406
130420 933106
671920 69201
740679 835609
537967 395756
382962 915733
751507 274609
17748 389228
779963 560895
258040 980536
990367 414211
560519 962331
288647 673561
873704 944395
19490 876582
970862 767251
590402 749183
215911 482356
996561 443175
111298 203002
590015 71476
573494 33156
58993 695548
652957 859434
232563 751665
150136 453518
677508 730711
109653 567749
792655 423482
481892 797751
409090 376651
158598 448782
648351 439449
678448 940021
393699 720319
12391 23259
928727 159569
866820 584267
105428 29382
917494 225700
355707 772403
374293 131972
101948 339352
913623 356158
705953 566454
59203 913676
17841 428129
699242 319572
259979 59368
322724 871089
312198 340494
444176 276436
440036 311374
976443 658886
446358 226291
925484 764817
923337 540120
481069 147732
626175 601912
702552 367291
46248 463862
14980 816134
749664 966367
391914 949859
197787 42522
348173 707246
973624 913598
55169 196669
831105 636622
778283 196882
227230 434294
701050 538372
583655 140223
101056 560316
158038 265180
948332 379951
549228 485808
673671 564232
493351 624518
667711 989101
538535 460463
466026 724765
235116 960140
918584 992638
203968 772365
131971 563292
655538 489935
630926 982885
633571 189461
750776 414578
476377 935195
590264 894936
145482 688938
263625 841812
715530 290885
59486 975580
453702 638048
940739 227665
784572 239237
41446 248685
620227 880868
973374 665756
580078 211616
977236 89119
523927 242887
973965 968212
945724 278204
590212 970778
333187 92603
234916 188187
225061 427126
774223 913339
680057 506904
287178 83559
643231 37888
457769 117122
8234 945199
732457 522273
202936 567202
673860 444569
725916 615604
123523 383706
574865 619678
674477 6144
82018 625582
42219 693123
32625 764873
62451 227278
732890 360786
999190 994686
200442 804498
288442 299419
208801 419039
527715 287690
596475 406771
319641 245140
524329 88675
672895 350049
83808 898843
684926 239852
346231 56914
921551 793033
331291 309962
568563 496776
157557 528163
237470 684808
43995 245399
972181 436204
368144 863341
983961 54592
852946 94678
615957 769452
830725 941868
504596 982840
263639 8388
725133 550739
341255 708436
902838 644678
960773 22534
7194 650632
872356 253074
805540 568553
555316 882635
910892 262191
437622 808498
873106 500983
265915 232255
909851 982607
672659 638302
836273 237298
608614 278039
846276 739230
539173 15396
565049 297587
630508 410186
956989 118823
14437 356315
752457 363693
3296 564633
9689 545541
617433 469930
345112 72611
877173 958635
780574 780455
466332 908657
402807 45914
107007 411964
289444 193068
837390 214458
367985 163110
471728 453749
690572 708359
655145 182917
616186 177036
984456 650538
807904 99755
569404 581769
343687 926785
501617 676008
996238 859520
962836 16408
282596 55211
501077 248613
242190 15919
229158 732890
992037 212186
507532 377709
900401 715238
573950 684563
382832 188322
860684 312429
861105 577584
468533 549519
952883 87182
250798 943386
584023 167634
311692 373511
650815 436202
235996 597377
433113 36873
710183 779750
563508 222624
649932 464797
653267 266902
756684 327022
364351 461040
963442 977327
227031 128757
737697 670366
787739 341824
156898 169373
946870 932445
568582 826393
840683 605231
136034 355702
548977 534718
971955 929366
588847 796617
800862 686330
727655 453076
246066 359720
686854 776820
995571 836035
542932 147764
248554 956639
554481 131267
819237 934168
999 882789
428824 842248
656052 377349
635949 673484
943672 109295
937496 447707
700689 153437
699018 618977
548961 395006
117419 971818
791315 814976
662673 756654
60914 123934
553031 867094
202594 715532
535183 659634
410643 257901
53292 79834
633546 667504
487506 563926
331381 197430
660058 577261
578855 894310
117784 850544
20273 62257
449243 522060
499164 487670
317526 753171
692190 755658
57423 213542
621251 837301
848782 907713
819029 310913
20657 120748
973639 646425
517776 623658
286608 888505
889338 838428
267475 957691
142230 939359
827870 272650
785511 726895
184378 878452
527528 512760
688495 948001
631621 711643
654429 628380
179501 480455
182774 156055
5444 617999
901385 498694
409663 677369
452122 983777
838993 51996
43080 676285
105081 476905
95109 147216
773422 743423
157081 19214
746937 714735
745284 371682
496064 777672
65395 377340
368425 141371
188056 499694
71453 78031
736706 498869
784664 572226
284856 844627
771676 905094
939086 360192
300703 134692
877820 132968
119825 732117
88122 715083
421492 70823
35640 596397
224078 101519
246264 682364
159166 954031
408859 418746
381619 140191
95272 176677
941229 94169
579795 963105
867507 282599
331972 161210
94461 861060
953217 612470
8719 951114
991992 490232
103327 570771
364335 882410
690222 118223
114273 62812
627723 687246
968320 399574
365751 227641
479738 599668
879689 535060
701868 604606
309679 311755
240519 599428
989595 700178
590677 88808
294379 243891
205034 700712
252649 862434
724502 488023
932289 62088
728546 437627
779613 484218
839692 73729
588393 409983
379036 813389
152131 617752
418739 579507
477229 531740
149120 816524
51906 598995
47853 115847
481722 707278
375305 757521
459508 493400
331446 158114
390182 756527
24012 537452
173657 608351
510471 549266
181611 447077
530275 426530
10009 197421
225725 149003
127263 337672
4808 211994
240408 81001
905807 110885
18914 874040
588122 568791
25643 375648
179367 576498
299739 904649
720349 389025
339100 452242
654414 967346
574628 736577
607747 514714
154628 103932
841735 798530
406227 586509
743024 928292
52265 703731
873973 530328
176963 98376
992959 163438
568822 207400
174260 400464
360466 622844
246475 672431
89553 959950
569760 675233
719949 83814
161799 476307
954556 263377
355891 942950
226182 551697
894718 674836
672055 428967
914509 754353
672878 350825
460428 66959
725590 390904
88656 570158
420379 688736
782162 316694
321585 186362
987509 461882
628572 911067
94014 994238
990638 409450
102797 154744
267299 579415
910333 490709
121213 562107
320800 651983
958053 364901
883607 787049
265396 533145
963001 939238
109760 202360
190946 271970
144120 842356
308594 838235
494432 282174
457588 993748
548219 454628
511048 136556
904063 461664
862687 163187
16377 844780
839202 496114
971438 495976
794981 357645
433566 538971
136412 288181
447403 528635
743364 993340
80364 95218
808175 139869
724368 30697
29837 955704
129179 113051
499988 670256
964763 493194
858243 203164
626839 162976
555779 778050
558009 122464
508928 517801
13167 250204
45530 859254
790754 232202
165330 893710
960167 276410
600391 118276
301053 27426
71544 472449
854843 336969
701552 866761
241309 235923
491099 452497
886310 97184
764111 262460
99543 624902
299993 226569
836932 414393
881988 182920
660341 963269
617266 92295
88172 279899
421979 44825
27453 47859
585938 307987
101775 794224
483270 388325
578395 558310
974559 996799
288247 787647
641033 377455
554488 536088
642328 798888
161215 152879
915978 577678
632696 664801
149006 381425
765766 939331
746051 893225
368907 64398
960021 902448
12066 86081
28414 690392
282560 876815
193186 773493
251757 572010
684710 11880
670736 388610
410464 784059
23427 724031
100541 111970
88554 289350
323020 865759
417745 809446
994373 513788
109177 288388
54028 853750
230690 911565
373079 510324
384837 352423
627732 585521
42015 242896
251087 570574
704582 160273
478073 333213
633668 756337
274472 42634
45344 353442
586486 728460
269383 863510
434766 486173
836768 351575
978729 335247
33808 393526
406350 17200
375113 513350
34883 677200
658008 266497
651269 780085
491663 907652
557948 798480
863510 146647
738854 636113
266271 865649
590481 736459
397734 359741
584603 903109
828055 12519
304255 475815
3797 936870
634034 485331
358422 428078
83705 343275
160273 13808
352737 708509
965511 631324
372814 953563
951165 664436
686829 250991
266143 513183
520698 742549
425689 596270
544340 273984
638378 998614
883596 157435
559016 42918
958423 563963
492493 659987
450615 510918
548983 539774
386795 305851
60238 414128
811445 775332
225627 490102
900336 430950
912690 942371
593963 610225
499326 946185
559718 989660
216625 29927
484614 598493
394413 88319
413392 24944
807303 415620
586431 261074
514351 663786
223296 395739
60758 277149
775126 72833
7919 544570
128456 504091
171878 72482
287109 963286
912999 65388
164675 519624
996230 450477
35381 551208
196820 852702
149441 579550
649716 140508
48346 334100
253181 631807
753367 214596
582321 691320
556976 559163
705026 597234
358958 436630
478232 905368
467446 77246
524183 380918
988611 550544
477691 862121
353739 645586
768048 789907
972003 727535
592854 169507
854429 5750
140828 733556
374677 867036
515230 276149
27927 763013
406711 460219
159253 308192
962905 916160
838399 504538
249977 295638
793482 503389
649668 750591
479982 957259
213423 880472
896788 473893
307917 591844
423702 594857
321593 43837
490682 232524
227463 170484
78070 578516
529678 556989
364530 671340
893184 63225
26336 181318
325151 298071
723292 562106
483064 108725
520120 924250
301283 107915
320251 458854
853144 147607
771792 102645
420509 98986
234091 925068
963137 348101
640 461746
475268 282523
193354 334297
784181 667700
885084 746007
222762 371461
476017 601698
536882 693825
564172 940129
381753 991790
715601 201882
761980 603861
135114 391388
746717 104591
83233 186425
284182 856323
170702 522922
904991 781309
314118 714964
910071 486690
303665 397748
244194 726866
644710 191273
865446 301864
221556 872007
41405 880954
793344 580367
327146 570406
512527 414853
353184 471925
319991 777515
17090 984966
263912 179380
527345 548875
503243 828721
25286 68402
152790 76700
799918 334928
954675 305984
1954 444362
448537 428854
130809 613491
38612 278033
8976 471506
326875 54442
349030 808747
628468 312314
335428 510598
423554 673145
652457 181347
436008 367233
88846 856610
613924 117528
939654 492320
136635 729495
979488 658931
300260 742403
909 607137
955297 334052
512242 699492
961864 272969
338600 321028
809530 330350
275678 932166
880283 471025
212042 462746
322271 493819
46904 58226
696978 92378
189892 89609
201076 1783
472601 936675
15338 32409
538525 162069
827683 609786
814853 36631
208259 568222
149671 898464
832280 130642
467462 796391
331726 444184
9406 633666
389282 868059
693188 154299
814832 630649
892123 111989
396749 419640
230754 372919
215300 883086
889140 730663
729657 921026
468838 601967
165566 17457
832279 896562
851657 644210
103487 678157
28032 681525
449795 596730
779005 163780
747074 35198
908179 580245
667717 496031
47842 334580
276166 340294
393171 929424
518331 299640
925042 441600
361221 630914
908777 421271
596202 372599
438322 354324
316191 40292
496566 273317
715104 728440
400079 332384
350090 708045
239033 328717
73861 916589
684818 230916
40994 3443
378217 811301
325582 99722
51528 119320
346364 324712
969492 470322
464142 94738
406927 938285
193524 811600
700773 113545
690226 396135
664919 314374
835591 836703
46312 860543
466792 31756
510342 811244
333222 799587
275486 133679
185270 298930
660932 804615
613149 511493
837816 771531
63345 58686
26212 408322
268382 530886
293798 751987
676534 710768
720570 823643
682088 676282
464266 986026
709229 430158
598975 818367
703780 845567
224553 691518
569225 903509
303686 302533
957299 2318
883466 464208
928289 707729
134333 491638
447297 987589
426555 92871
738338 799463
572075 607608
807991 902171
879146 492914
874178 625865
767934 826963
80966 128207
859078 615949
726764 565
602260 696868
272650 375135
361078 494480
91481 393742
39233 154952
209693 930161
561958 178717
325273 352897
586537 789181
787525 214887
184769 103339
941158 14469
962861 702426
79552 973208
235029 442595
838641 228377
982815 260283
919810 594325
378645 807899
809231 828353
685763 531527
716333 155832
541230 272982
491117 217841
531589 59248
206673 772659
780468 779839
125305 30151
994500 773959
232547 335919
247752 919768
943944 709841
1860 756726
349577 190407
699715 21344
459398 474303
135561 375325
275626 290308
271703 284654
57641 894872
287784 774170
176615 66274
637234 370367
200632 167208
416806 117370
841305 131925
223269 538340
625087 483475
120255 434530
789936 658952
776318 234353
579189 520433
941367 661828
738505 48575
54650 560962
655948 716047
417128 242906
406125 372622
210766 465946
404375 966961
254732 586721
255467 558178
819084 617579
215389 82900
704238 363332
506835 261744
539010 791885
404657 290840
625651 835047
363772 187286
704638 88703
999228 482823
962545 448321
950695 673378
817728 935919
407687 484818
204121 864061
638286 393609
57160 648268
887850 854282
478484 491400
477397 666658
246008 136028
133373 993581
656125 215983
654758 324515
299371 730634
155898 913264
955767 390637
599563 831207
278873 349001
912685 96938
971597 189888
575843 226304
483412 311654
720459 43568
32825 269859
285603 577403
213565 617641
460894 921974
77593 743219
263741 50501
645453 702274
546040 201601
61312 998103
967597 829940
349905 247051
553756 44279
913380 844724
339229 436579
851287 237389
27432 706997
756121 535612
754346 417015
723602 709550
700470 135661
999065 200958
626762 16618
831094 178512
924306 349753
894234 972900
867764 876231
963327 301882
685572 966797
302086 118842
239878 393
679843 360262
960486 892902
482570 866222
954695 773895
347878 84246
352077 280647
327410 745983
305165 862953
273760 47185
775674 958465
864176 625157
743573 348885
978906 627517
743782 152915
28670 330974
399462 757277
855779 147557
738839 171877
16442 439109
472031 549788
622194 646799
387722 577346
78296 577121
635481 999964
487544 322101
228647 218700
607943 757298
380500 288783
962831 595330
260166 918353
640637 561840
436664 280559
321226 647080
880277 559538
880522 205775
452509 255480
220459 708638
456094 60236
37829 7533
689713 908216
824965 960650
475498 239724
659377 763892
442836 253859
125217 483537
403462 810755
995413 435234
44702 656740
849921 178192
828096 27427
172052 684881
953475 387324
321759 592626
961819 56407
822270 216853
126996 267699
390465 71419
696125 369177
88152 219293
744374 932779
57969 125945
176709 444192
99664 347114
748320 567114
299104 862331
189232 412507
32010 489900
893099 139252
890861 488431
189637 108223
704566 956835
484099 203089
688617 363186
712182 865555
102891 26416
14043 161190
856855 122487
940811 189830
558786 36293
438473 572449
424519 974831
150807 278835
243999 936312
182988 461209
565400 720317
178823 461678
966984 988443
480653 927609
450473 861999
679654 845656
909284 608979
203534 222568
695801 192747
729338 616323
577859 427501
477887 461816
763054 219856
740826 468852
305225 445664
820363 402975
657182 400195
313786 794656
821006 890644
306024 679106
328720 780880
633477 204192
231110 571590
278443 257364
122002 964792
966034 403481
796970 453327
48751 596133
498734 479734
264026 69584
276971 480528
276790 617178
639843 675028
637351 20125
782580 252500
577942 328821
742283 119088
641367 905314
338493 797089
1680 739086
67377 420723
22359 23895
931215 705170
662225 440373
876622 719400
293795 956718
264869 953784
944564 838544
940106 533051
461702 754611
800201 466554
409953 370881
41370 964410
690470 376233
969211 861599
682944 778026
575478 973957
174817 222033
463560 501295
501809 782142
973111 948829
347501 351840
629382 703631
374738 914539
16890 544383
671634 802329
18772 979306
41723 677260
218943 587514
570656 424087
164763 433363
115512 115773
223618 409302
111416 41695
415547 901074
483848 525139
157273 1467
330199 562445
40299 223367
768784 874041
360738 142083
263365 894453
176429 897421
165936 604703
339550 713564
275741 933693
999593 29825
933861 756425
969991 254036
256674 693698
632924 136438
779052 483948
992854 478563
47471 351494
885953 889326
364458 189220
928700 945329
7241 552534
337692 871364
380661 180100
468342 196473
531114 2683
636687 40795
148909 533019
985657 510517
459478 337964
681470 990976
747761 514956
70446 474685
150601 424444
613471 277940
287683 603384
965075 745815
488355 972283
259920 560562
669199 417714
530279 983994
918264 230316
917114 593495
25902 505299
381165 190081
886068 360083
652599 415018
130534 532620
648143 546926
477539 893386
293231 667155
962517 812540
457279 200654
123661 356692
470384 180855
77944 856054
355504 464935
816285 690184
343591 379964
487043 268149
146895 959932
384849 809436
197530 634873
958401 228393
748052 207371
375515 173894
101821 756431
203281 921557
916151 79785
137355 402255
570705 469775
983271 216589
163050 892035
29140 631126
472808 399267
12722 594089
33930 665448
73776 338319
41104 587140
948826 414018
156048 253796
715801 627632
292328 695122
136334 63684
314093 435304
14110 111967
940369 979086
182246 544731
114789 531660
302239 926344
524183 484324
80357 607373
739337 110735
282038 41459
120526 88438
978025 215947
457688 309894
283548 739584
145719 56456
761304 426095
799622 277625
508384 774385
406715 673781
170882 452396
889276 429092
806594 790771
303396 499172
784063 239383
425369 606307
99379 13264
851264 312969
597948 208627
906121 427786
66212 365165
926289 184103
976798 584067
184570 715495
103856 209186
350928 115561
71264 237197
636427 16678
3575 841609
231916 499720
893194 511701
964246 770061
58298 262122
302609 955849
390818 32655
927752 31144
453816 490643
576374 103198
526549 672824
694704 66810
405290 476367
447216 520068
797298 737612
544546 700918
633761 477807
478969 296145
277022 419939
943758 947523
767932 426047
265849 201552
97608 718505
71866 652644
465271 422133
365959 252466
981657 181859
616160 682647
670856 981188
525216 273465
930878 965723
279910 915804
994498 994280
769272 93084
80481 559316
967226 96771
498446 739476
345126 803017
346904 461917
137904 768782
546312 266589
926174 123992
330362 199527
24877 108067
129620 458287
227705 605080
476243 982584
84251 174464
91417 826057
406432 205019
646259 274063
408297 643019
659517 902670
828992 173802
852263 7022
904538 105282
40772 468233
909582 856567
390796 927974
858938 714149
835727 191000
314744 84170
439029 740818
787200 183817
866097 464866
776788 514654
299308 879729
371578 163654
57172 346007
658054 492923
995545 383720
904055 724229
108325 895584
13872 400113
994643 811182
726588 312248
398794 453089
704106 91866
148631 49758
38166 397259
631798 753403
731075 726881
748087 552372
940009 407487
530046 389673
91145 28036
495588 294517
232564 990294
723535 394750
91215 956317
43416 607361
970752 733768
428497 723675
255870 687116
31349 446447
144929 156919
831091 829011
122762 868936
315135 270501
971344 201843
466596 428813
583507 183203
584478 227266
768007 300189
286157 605504
500129 899528
734903 199096
568929 271592
621517 638333
579435 468618
461584 692556
14621 676444
748852 348395
207418 837999
549132 909768
631147 144217
291170 498636
499030 701098
760356 152175
461166 190973
704337 488419
68406 592192
651301 865552
664016 942749
419341 803475
339572 501761
397097 697380
410821 471692
473275 808718
877793 124093
521353 437044
862393 829780
884054 384333
247873 783858
452117 32190
246069 429846
467164 884368
14200 449221
106807 966009
733119 68397
779689 185812
298922 935228
593327 219283
295805 571709
693224 577032
56050 192544
846486 907841
910617 762523
773937 126242
8345 662048
913696 697613
102906 666975
317051 687592
120231 45048
129507 580425
392596 650158
51818 892692
544348 498991
434402 120486
970297 320313
670268 371635
669973 151245
760487 99010
242239 911255
988564 890992
987874 585476
283629 403903
130020 696347
411673 462957
813212 175845
183822 271165
262516 402218
657979 194019
643400 563504
385431 596752
275211 588012
321553 237
569516 998587
896320 448174
808635 647997
635928 462322
567423 401916
407066 548868
336577 663599
980229 41125
171923 921065
931031 156807
413149 172679
241451 559114
982765 373487
763300 809753
914750 884523
519897 812952
854865 48731
68067 898637
770827 451061
145554 430405
527035 707631
645312 858354
914964 695423
124125 885102
831937 677183
116460 132687
861000 727524
826150 266346
105522 792152
847574 493384
775362 25076
543981 521624
191787 632497
190331 875687
123594 249651
844651 99733
208987 430597
776255 244911
192056 102439
368820 958353
349594 188007
64335 584519
547104 860210
47831 62577
424643 664626
141807 22601
951975 337814
46553 844109
443643 831317
530576 902433
392159 388607
62140 661718
768248 838341
292931 395967
653205 603308
957188 20303
826991 750254
873930 158295
850692 769534
628019 200424
825399 296015
73084 512794
23902 444084
517114 665180
896175 527866
243220 372004
55969 803582
418597 10948
404403 940055
153868 64592
830501 609252
149633 229132
724365 548124
12687 846478
757375 851139
952393 442146
397328 243608
898262 838752
313528 371501
879706 980645
546296 913799
215926 186318
587615 608724
576418 123882
635639 365727
897867 493925
547093 227171
971203 143221
721048 190153
829475 30705
793243 220496
355167 692428
277573 898546
131718 759553
953610 703485
985266 256495
414760 939808
645198 543118
557613 163440
979305 787761
370517 566781
764922 345117
540905 626494
847854 202592
984016 566123
637371 368350
536090 656414
731198 261155
808297 85970
107324 319039
730482 888583
664726 388231
738513 865600
658213 870851
500363 156917
648572 741796
58137 362145
435169 126676
669615 457319
851605 102063
456870 968126
181090 416990
455403 597128
48124 787659
912886 712123
416943 450595
711460 281792
336071 639032
958779 868788
9841 236078
335910 300730
799935 855554
207063 352059
48290 855549
230129 680990
402537 804033
879368 892074
852869 566132
389219 908252
92204 574245
389370 723267
817057 19281
965274 363194
502059 795838
712404 84197
710853 344839
667389 425948
995105 53490
572805 795411
262175 878967
165729 289985
314697 816090
212773 372294
857082 285773
978041 979790
541542 737964
605143 739949
160141 618961
272336 163711
276549 371964
581164 58337
526570 735081
934236 526063
348951 229453
606400 246912
989672 772672
586605 693455
997755 374767
532943 241812
40189 976806
267520 901113
971835 254034
987883 326863
866467 87920
286562 227356
443928 371572
879223 137451
79900 626193
786199 136064
954928 393917
925892 93551
95305 550113
827693 516708
189635 759842
488530 664445
593671 230749
45140 516655
198029 375159
60632 947836
215130 23325
194607 871796
80880 313556
849363 234432
710144 873590
477329 859294
92484 925435
494913 800617
104173 451503
843016 988090
697010 884230
890008 666789
711944 279560
482286 668595
365767 254433
569141 96501
734039 779130
767476 792991
797348 199699
944723 418589
188511 472784
488613 635164
58798 209570
259244 400877
429510 127159
575265 960790
310147 137428
350884 688519
61179 484667
62608 330596
327269 60482
484193 8787
604878 568894
505577 914120
467387 196252
368605 182234
101874 599132
451247 101329
45991 828926
139851 6147
689149 44132
709895 462807
54060 478970
371036 651774
343608 746990
646456 118976
881917 558418
930053 266934
149528 505347
681655 384465
283308 414267
21936 140551
884467 304472
131824 864522
153707 107031
734972 447976
470388 682806
596427 868626
138702 937024
206032 500069
703824 923835
561732 716524
246783 301614
497280 803754
874678 12408
963275 65258
874288 996484
999184 965907
482570 673119
213081 69752
845488 607557
132299 671701
677711 537929
315601 813320
600246 331540
139011 288629
185822 959529
961526 693985
817892 198106
692074 386749
238614 473368
555358 824060
25849 305580
372916 913245
720312 885405
843151 284276
246419 272116
416477 417717
928027 160262
219009 525325
307368 885526
955804 831978
394812 719948
487928 406293
987585 633737
464610 863774
56527 163484
870466 779658
890135 392349
403136 612172
953287 221789
6165 749732
904055 431291
643877 238165
971577 465024
620702 716412
213870 932954
282264 805303
600897 407239
250437 161877
231313 658360
325647 767915
413114 167885
443800 601017
849018 210177
466735 908842
445181 794350
299301 162172
789963 224537
851240 730530
710922 67675
559086 574271
365428 105357
950629 67884
949585 647505
617571 46572
684437 403187
976699 624842
268173 612812
375202 227893
107574 8454
47203 144174
376136 170499
894952 451056
672295 448938
22981 305898
928726 50317
411950 658249
530239 385308
779408 580337
551597 155934
537844 664684
967708 581150
127615 424740
225683 605546
343613 793593
245085 753991
524394 986726
545922 983021
483923 8756
164991 481862
672481 554388
206233 432415
104417 21995
696087 421917
397741 640504
194061 150872
491923 625746
196535 325032
171679 426831
496426 595786
671077 953665
817902 782548
723066 390603
177977 995017
467550 669503
215023 757016
3763 467391
63164 121149
325469 421499
357082 853663
101422 153167
328884 860155
857426 606364
752979 985294
728808 469064
29976 500313
958102 588983
626317 498270
507711 43884
240931 198684
968996 768049
236795 683985
192129 994785
665913 952934
302450 629239
958222 757799
235707 905339
585770 28089
909832 80863
382877 49844
31888 855318
741808 273030
901009 383950
184413 25478
574128 719730
966734 748137
263792 294311
44055 928768
248071 703839
636864 246616
759241 698865
143199 522298
366605 967826
393102 528121
203100 402463
815874 809748
745983 90556
171641 800927
562459 376432
491574 869598
9987 647596
462722 6976
413539 13050
583312 135103
902612 909699
868308 448820
241518 552058
164162 251903
479313 602850
241001 124217
670718 452262
584196 604037
778109 402611
690910 271063
191538 126698
245004 482498
819232 339599
168358 874056
888824 775868
372123 392868
413318 694777
375705 317260
734959 244141
501353 462406
331410 45869
216443 32832
626110 882578
605119 712096
819391 985264
574496 922787
739113 344343
76912 892741
168792 779070
6495 83057
539558 839507
923577 126992
747167 104765
294146 244429
487426 58376
795390 305125
326316 923725
919004 479088
418612 48174
114997 746840
666960 584047
888610 317884
666494 671802
464915 384182
863116 115760
196960 837610
199440 636532
810278 5215
152601 607686
184141 18304
332881 199724
692020 573417
535453 635318
115213 655257
697499 53336
856274 265175
565987 58858
312059 659742
185796 10035
668087 236293
579812 805981
35453 290604
105560 890388
513019 148432
478648 984029
341501 144786
559291 730817
554736 111529
212048 102841
986697 255994
981868 389876
694892 991172
424568 686901
693378 670109
364757 218708
967115 534916
240710 787019
14444 206050
874211 328724
645491 635825
761867 854522
74370 759471
929529 114633
274822 493556
975614 4665
76414 767276
745681 580119
891189 370823
345169 343076
579826 106306
784804 979365
488264 974886
705766 753561
880835 615364
935796 128118
859133 337040
573493 532879
920119 420833
632350 439973
25746 574636
529702 571903
177998 472022
210471 715994
691719 897645
100761 964734
485659 318
778730 3049
747869 626798
279662 159845
570402 68483
975851 206144
625250 715730
523085 268663
319627 774311
781756 607096
872614 556990
250336 285653
259334 780382
90693 251608
675295 939160
77419 526987
333547 481706
101230 669270
46681 304946
353671 496891
743982 943896
68967 704258
192279 77864
145316 894781
727681 863587
486108 688800
939794 918717
115049 424953
406659 192836
458121 140017
510114 123104
993569 804162
436872 402440
878515 336629
381892 860003
475660 240740
715668 850477
467194 550515
940594 684673
944930 386073
402356 828440
452371 806060
731778 965787
37950 927760
503590 669317
594990 863894
304026 735113
245543 745035
305478 460857
602890 384489
343721 240000
13915 299314
918022 279190
182566 297716
64631 682002
649823 701202
142376 805628
261771 500169
992052 554935
53459 924212
473886 862646
869143 581876
680165 716603
804071 186217
852499 781995
103744 514263
395777 706190
745657 227392
516940 656207
761736 632153
916863 404480
578096 291844
957378 296834
98895 642375
296826 898912
105810 148775
825683 121291
168385 707909
357838 706359
378781 108484
799379 192077
60843 420696
317706 337035
124227 130332
322319 361887
890350 661452
987868 229575
324860 988114
679811 275919
891832 217727
623981 705255
735957 24023
993491 189317
627347 760910
12073 988351
749249 773335
312150 356758
956785 67511
331530 645890
649912 97991
648893 98287
418577 985026
658308 880140
418469 984657
775487 762344
476918 820970
177544 142795
196712 799798
667539 343842
837123 568070
922629 729514
350139 309943
378930 371554
642224 768483
998993 968078
709596 41617
840205 740188
351213 849773
989336 352214
57839 728904
527950 336546
93835 619607
767675 588494
975719 799889
336814 830624
509434 211228
845251 507860
416449 995014
290323 151311
953804 522554
680335 636072
656867 587389
748833 926156
208296 625981
95986 14261
711249 386564
591367 270620
941388 559223
192044 613990
385032 426994
975089 770260
420118 529843
767438 783952
594004 766825
580649 101404
110842 868433
370031 882726
418730 816875
161577 53747
7872 617998
592764 662696
945740 694220
252131 655888
838274 475903
535848 225513
462808 953929
724264 930123
752288 356501
430304 913136
308916 901315
538530 868288
839447 77594
239801 789185
228374 711873
660107 381006
186451 468676
713371 202994
966447 365924
751170 537233
506456 692792
980396 350715
760063 509577
183247 972464
684622 54713
377506 360150
463308 543766
342395 560592
37766 982553
26906 262235
787052 900892
635481 466977
830479 875891
410260 168917
396745 770178
922435 107150
586954 471702
744928 22035
941534 327135
646854 998871
416927 535953
472594 669174
784554 667443
717338 33835
858276 899257
193468 196583
429578 838830
715295 841667
541110 901872
801765 236172
731732 522588
224532 763510
708149 298303
362492 3749
113354 551882
88838 829255
517108 488850
540811 265710
713903 580842
156247 318660
54252 288418
178174 121106
41186 634944
357063 879356
6604 305098
487321 918896
481967 569664
984149 949412
992882 759627
563506 796361
756670 514539
416197 294261
403751 940764
977763 877363
596879 285372
233115 649689
41759 496337
16355 380010
312607 403642
464518 266889
40244 546921
622862 357168
136721 317306
116109 268738
143805 188916
804716 89958
229780 806780
365982 192042
808110 15801
468347 100937
820307 164827
499497 988885
101503 910431
964220 201131
8152 764677
265011 695595
889424 851678
743722 300613
926461 157161
894190 77721
411045 209989
721444 821555
963140 51195
675866 126851
907619 94908
201661 569659
144535 387003
363236 563493
354601 525192
231903 631897
889805 561168
137988 852948
267506 693410
54833 216576
643408 466978
88636 467478
584404 330875
186572 113192
330792 437675
746215 643130
693620 978669
617787 437335
274902 137196
534861 5930
389534 511405
171693 924454
755882 510672
411890 79140
690259 866711
519968 959980
285154 319179
109256 408205
475038 717117
842284 829899
243999 322018
478449 928002
185001 87388
46751 1661
218083 357263
200576 341507
979608 224091
982197 380073
866556 258692
410085 223227
791319 659112
879509 613206
372675 424287
855586 899434
969385 906557
188967 461150
545422 349663
268684 722768
788475 317003
637112 887761
883556 227525
350285 362549
210811 527961
60406 891324
29846 198465
651423 869560
610100 96623
56509 120535
494083 354752
814163 946994
781336 861122
22669 641547
433572 473951
375438 542619
274773 638900
27697 97449
481415 952763
133391 90919
318581 301290
636117 865539
172739 717831
798784 761384
195864 927172
240333 400409
723023 454147
297004 737958
826104 224456
596797 440632
335789 819098
553350 946227
806489 119928
108021 102563
495139 161975
117001 699230
138363 826150
796085 728714
668238 406348
133438 812303
413188 297736
243299 693261
212777 516634
520708 483786
8025 983427
364025 967302
587181 120259
557271 80704
828626 975494
158829 965875
988351 910062
273148 809371
653395 486920
43146 627305
644963 922719
521873 980063
601561 368842
461055 325219
386381 64953
65314 346666
286829 375888
743286 454160
594731 125352
699447 69583
695564 114202
806789 957610
326705 68145
354293 339299
347726 586989
678883 45701
298028 645551
199508 445343
402540 109159
223287 57869
593296 731773
266334 853467
235207 369391
582298 116528
628209 964173
982568 775336
734074 76331
536803 249727
204237 196985
601864 346372
479466 253327
578436 467418
60901 787474
947947 577709
323093 385161
126637 278538
268777 970282
486381 866111
473377 132684
389565 158874
389519 964061
279255 734144
764386 555639
398422 726929
619943 948761
416079 468330
285479 568823
8558 767713
849844 407526
537718 549303
574882 203977
974446 842726
585268 881165
357525 75218
556879 128753
945826 809429
897739 162288
419219 201453
673264 993821
351815 901883
326526 412068
271779 800588
93974 627981
905660 80798
507695 168391
977954 795186
246100 565157
969834 445957
876939 236981
402782 312596
186298 658603
919335 465790
614550 501213
857792 765169
797774 1193
453919 296
814210 312161
884320 70644
618258 207275
356809 523752
817692 77879
997059 518853
297787 912672
192360 682028
359091 949296
435919 311859
849733 798725
828979 512198
454145 969005
884274 942482
829913 670276
303297 236942
966560 751833
897100 563900
326728 186969
449112 793445
625971 221354
881280 162254
795693 958051
70763 438627
996989 257631
965458 524727
868328 236817
725170 33384
380278 266492
97650 34821
885176 23660
412775 838791
642326 375696
965451 881034
15470 325297
965918 27036
719931 361398
19054 968620
369381 549070
837068 568197
181946 508720
705461 272386
446997 504270
28855 371724
372785 680862
218004 701388
425003 869870
696712 52067
697571 349119
390072 454183
373441 876488
137746 901822
532958 913984
93562 393279
912066 461746
344944 913023
709929 416026
48090 619154
736108 814961
742562 612390
753179 893390
335435 825045
621694 606406
263699 947586
22894 844813
489526 774590
146035 273129
112545 45163
592051 602547
466141 579958
716355 651091
198138 895603
376403 724619
180709 16771
601757 263422
928617 875399
251565 38866
684955 786463
680713 385962
346247 131329
469746 175012
800279 500519
344086 13342
219617 953988
208861 437650
854655 732339
663605 746953
461621 837034
336466 537144
347769 268740
641684 636243
62727 284453
607141 899144
29204 812428
802359 49203
131972 90987
227227 616386
209690 476130
564969 281149
998077 41503
20847 597325
634460 876949
173215 228674
823965 667879
137728 110007
222188 568395
172596 963855
759429 663230
966177 150514
189022 400868
31932 501434
487584 688088
554090 879639
464228 381221
993059 330356
832395 194448
243681 277773
445606 513240
355493 576744
241928 544887
68675 14741
766524 336852
921740 191201
823952 411686
389634 147053
976474 26356
727018 441494
303468 157708
741239 233143
405156 127589
688678 460706
878696 380497
389568 423997
446091 195821
959780 133137
570130 8637
646804 586801
681604 64990
560814 516109
78544 360321
672370 402139
399718 593356
404004 93724
448507 434408
833374 351638
615879 772419
519147 555029
49689 556003
130464 207048
776797 51623
388363 811650
549513 576507
859254 650239
181526 961168
985673 942990
958440 577573
598246 218237
255436 688887
503108 286813
221967 742752
145604 874765
504159 869163
246492 441620
865117 832069
819719 968398
856177 701547
76164 926
2705 651224
880184 775519
732143 5326
766721 704968
103150 481211
492522 7052
583947 893997
159021 632684
814639 965030
289527 630800
129099 747069
763702 513902
492011 218629
747140 539680
890638 173392
257225 97441
265652 586944
231339 430584
282230 173887
942868 185914
401690 781135
271731 235025
963867 951776
545559 902055
814043 311165
829011 900263
762997 223478
492222 62539
903269 926104
339204 591195
993256 715522
945422 240099
524885 976368
606974 934133
829126 429458
623391 989941
883379 135124
692853 82558
897983 356411
313841 680662
29232 666159
444120 824533
935203 635793
510715 889723
703219 437492
521629 143374
709068 812481
935250 915511
340532 872335
604388 390194
987253 967634
622303 25458
550454 664680
110310 501993
388266 270298
440337 863765
688938 996658
887794 16496
341815 457315
985370 840955
630486 956731
215269 590657
500087 768695
524468 64759
85432 151784
410031 320791
565570 374890
432271 475596
480452 529020
621541 786549
520388 138783
217938 161421
775080 914452
848796 145135
435395 785667
619502 825940
397439 25807
477699 455377
265353 829472
292303 754222
568478 103812
780343 745708
202611 186411
398605 126714
585532 673253
208036 526376
963135 542898
122845 303597
425699 641052
30499 832375
800724 961553
198915 450874
200120 12850
759094 602034
886901 347729
446608 145918
426396 355531
267175 51287
763310 452726
941155 688691
497055 460150
104423 399318
207692 7040
239354 934271
145244 274301
980406 969018
716112 90640
993035 336594
812228 411740
546275 135913
502073 965162
84466 972682
383409 384764
719154 353677
671150 744676
377919 32080
980480 65455
686464 648746
180943 852469
848381 551918
154637 707052
581295 998229
660340 304750
4663 57279
205958 431550
837701 642605
317160 893446
506839 237651
47731 25213
583268 584503
833955 932646
666967 692182
58319 46274
139623 527120
799537 747925
90786 319
492585 669049
427850 977799
894592 764913
479849 564456
668172 601662
704189 361342
621810 993042
21914 243899
42357 753412
855597 95449
161977 377132
704136 193143
424413 313922
905209 767038
228638 31629
295493 396470
585277 524288
900785 692599
870894 97289
278836 430633
429700 825381
997861 590762
996231 169651
89924 113093
373638 875948
955312 480680
710914 245508
387002 274189
618247 461993
6484 944179
479145 657964
188229 314090
755079 814105
509547 364354
297259 946131
136557 142692
35063 320272
576894 241983
778543 362461
674211 281724
926228 720905
204425 744031
411722 134077
784759 681226
681278 632354
206050 228981
397962 55417
182486 766642
630473 874383
433783 283000
780035 985201
82556 8902
405058 331775
117698 670662
500609 915070
641026 746794
684778 233585
79395 53656
528899 418514
613896 924183
141977 126283
788930 457672
381366 233723
793034 133896
342153 911294
525121 329650
171841 88910
404590 408515
459191 315433
378375 876590
529580 262372
880228 578430
29263 287334
816477 372326
903223 629509
395954 573158
88371 235091
996464 298667
746083 146001
592466 220611
153630 773389
328630 451339
545291 460735
567092 384371
924418 298611
852961 472288
429769 743444
561346 137077
642106 747555
120812 471925
594848 146160
334948 227589
891999 1273
202359 514523
383586 144901
599874 359065
706364 522971
255255 184179
368851 226789
159727 760074
443090 466200
417347 361610
594900 886552
775347 631956
660450 461344
129230 747886
582594 245447
628565 287172
535232 466990
234807 329753
12134 844698
619447 655917
303578 762911
777899 604550
701605 687863
116417 354650
790131 122477
453009 939656
836506 67827
499903 14197
66983 483905
751552 770046
367545 957885
121435 126452
904170 19517
654745 230082
302061 765818
802927 55919
255046 918778
699734 384875
643085 510649
111508 939461
370056 692302
274258 959395
523051 318285
111216 38760
623237 423939
748620 472124
847496 321329
817973 790008
870003 408747
390882 641967
139366 667468
465135 860077
630358 446970
922728 304657
746188 730895
875966 965170
362955 135111
91404 938613
445342 245572
739631 636121
535923 846127
727794 917002
943447 683437
352443 763056
819694 357514
890341 296434
330773 983823
513081 541041
859304 928737
513476 894935
203216 433882
408941 653064
524211 426128
80520 244955
395329 420575
511700 212012
559121 229344
722849 867719
624715 272305
994216 513783
183384 869519
14905 448008
565869 199960
460550 796734
218961 645349
584473 499
955046 310399
5490 288662
536535 885789
479451 986566
175087 642361
190905 331249
340119 677963
267724 410101
144312 6074
513556 776000
353492 588596
856165 876232
298919 991138
958160 813529
523962 490071
78438 178240
709643 433578
943719 866664
887334 231564
951458 389341
355050 406777
618228 735355
759375 836012
968410 494885
804924 489351
578660 183169
168888 271055
639086 271091
788940 558821
568755 504646
94852 550836
779608 457767
691536 606408
795439 803617
858114 426086
225721 566015
320841 873110
431121 486483
122926 508169
49407 411195
175183 203568
171499 465474
34947 422925
58614 361003
563378 275369
592469 263589
777013 180561
76978 836818
61371 74271
703106 44547
788883 190092
826524 290339
248095 822159
542078 104127
854527 116601
736881 150851
494693 933020
161491 454745
363600 953527
472742 729777
729253 465386
808419 969615
453205 436445
825489 494055
112567 30835
76240 484070
158529 268624
423481 32933
731099 116363
408516 630899
323731 475329
573770 17414
971811 190873
799691 222606
833270 747296
709215 255515
354723 47978
689054 880973
455632 772106
327955 799644
39081 688361
519540 600722
833993 561798
634807 448954
13788 540070
638148 744727
247838 591510
213274 525634
565758 454746
562819 817800
197434 800880
447479 571737
893158 349262
305631 424300
578022 559514
393276 177182
216133 414410
692804 537297
735204 661113
656473 161552
997626 408334
95498 903266
464006 107566
666739 933103
172390 59947
651814 666937
329434 37084
340338 588731
169308 934098
182797 314475
172062 840689
702825 470008
267781 984018
327628 581683
495622 571570
69609 967184
78681 716769
690496 881760
731311 719897
518798 39961
219944 251278
384637 589307
116160 107044
469223 564345
883725 331180
367720 920262
959430 549444
488794 614005
3315 349355
156301 410951
471389 706659
351836 325676
462577 540149
52850 740337
87115 95510
426576 199326
582767 198380
915004 691630
982025 507673
194804 709589
570822 186631
466695 37870
963764 563433
158897 197771
78186 779492
381349 241265
480582 77267
673566 244234
325552 267213
841252 714610
739425 225967
712622 454862
489885 551797
515710 754062
379878 815801
153880 756242
781213 789489
684175 764399
669100 226153
499517 335986
267667 954423
631025 289437
300489 126317
910759 942982
861593 373219
355664 151484
673454 927304
71257 597522
248391 735429
660638 710080
510593 97846
329170 279180
233570 764564
95605 259272
272012 159285
925199 353585
504116 569600
302097 112740
205236 788079
912618 229269
530692 580706
691101 123412
681690 455556
730128 281860
287291 816618
203307 7017
786319 468941
98004 868331
76554 501267
914098 843428
428604 47621
250307 805693
730418 660605
127354 805007
84378 93127
524223 346459
379823 751255
22788 894661
909263 185863
558919 894985
222960 561480
312280 193571
335686 285275
400219 939299
182880 541700
150496 646447
621063 345591
575968 764973
466170 649595
938605 463039
97817 742826
384180 154553
18783 836738
242585 624695
343970 796263
203653 982282
43575 83053
360087 148461
630362 684702
333299 246826
454750 907882
361779 567054
855284 107644
252542 51053
177122 496602
463267 229694
701939 737925
265384 139982
260806 572104
573339 267081
232150 615647
988863 898381
465664 205231
817464 972920
799347 108057
327228 278950
921245 72906
989015 724207
785787 617938
170273 521332
402382 392051
113974 421601
427206 301372
305835 117054
638748 987169
662854 819873
266756 29129
348662 664221
851502 516422
560103 554070
603477 844340
844484 459096
370994 187053
581348 552988
981009 659225
972250 382809
468143 104961
190797 583014
865739 489764
767890 951312
158788 178524
365446 183490
929936 453708
644821 37499
165214 492418
476397 69665
996626 1873
561646 736334
443286 225761
559151 481243
817268 941073
314982 407486
329973 697589
674244 209299
779411 91275
768886 101460
514852 154939
9106 478646
395329 689666
912245 121248
281353 397216
146345 474232
516378 33580
461195 648387
93071 595293
153890 321426
553552 711791
130457 84257
881533 412801
814579 264881
841555 242531
502915 622995
698153 905630
188988 871057
386867 176518
105802 919803
656694 718511
872327 237326
197949 475513
659492 28421
583055 390495
779870 692768
124224 682390
661175 922723
545673 223464
387748 417261
547282 920224
38464 220855
918172 619045
934811 734213
449166 237435
414848 887461
265041 684045
823233 431129
999702 89429
123051 553531
843761 703532
172716 443066
496785 132497
752225 602736
614569 870240
250044 58777
38942 695820
269960 244488
612434 295889
547420 177311
216480 352416
474275 223569
497686 851342
220805 447425
373292 505463
245561 479536
147694 625703
820984 205353
121353 30755
277606 484967
934381 869863
143840 920070
760581 833415
972180 342639
803015 398969
663759 305742
189542 165355
196500 64586
688532 334006
889826 955419
394697 919091
717258 993674
406460 292033
653356 546576
696871 636984
238609 127685
580932 691153
667953 18016
527149 121755
958173 875402
519936 612958
486839 726601
489435 365963
398253 84021
789576 594723
943503 834189
643162 112612
487446 268834
860683 133508
962322 662304
786030 344251
504197 791753
350194 797304
248060 847261
780166 475037
865495 488067
90740 859395
996980 674393
916836 308656
208568 494441
881692 6878
872607 180264
867849 73167
932799 376205
420556 475614
604261 856967
90373 246312
496990 483863
365067 357762
582127 517888
40923 935151
969318 890930
378669 72053
637311 255577
31256 374756
828788 798886
238220 217318
458281 420978
380884 393450
507281 195137
428484 743609
978784 76366
86492 583892
857639 375340
715692 141195
900278 653619
580257 636441
685075 532141
217026 645476
696186 83062
313875 95575
977654 478229
648635 13268
889450 522390
110501 586178
837722 719341
462225 855067
111751 992719
575796 871775
157514 349587
809210 327178
27547 170718
457446 834795
410261 976341
146065 569673
391418 101252
376160 120563
981636 719240
839259 362522
523292 169580
124768 36405
358736 419158
846533 801623
49447 4562
925496 971643
194846 978366
322202 271857
906846 73608
378693 349562
783578 857953
35196 375939
52800 923710
529579 725340
455174 423451
692014 510954
228899 302088
92478 272578
123227 580785
711707 737520
10210 144870
964136 684313
540494 786415
726696 597935
90971 760840
133216 10803
998324 444466
667673 711471
606060 543493
281252 342368
821932 427185
956638 42566
872479 930434
942510 43233
582051 428964
27472 338150
440447 767871
248667 490599
492964 713851
994997 576147
577752 676868
279254 740560
437108 718967
640849 127495
673420 965788
930699 189376
536706 116627
530704 480292
445357 777229
742328 848432
788785 905936
782933 553173
629110 689784
762076 395280
299899 860736
73973 578452
483572 373218
36852 117957
488794 954389
106533 516562
857477 570352
550790 762742
692148 346543
108095 299512
196114 990208
636691 465634
904762 496929
546209 447395
388183 28687
495883 815288
925215 792054
883057 491611
352920 540446
6150 482117
189248 397672
542600 783989
299564 669986
539793 385095
463236 330914
598478 243643
663954 211110
951045 808909
82881 692822
825937 27786
773790 829188
26755 257365
354458 321837
333153 243737
616309 89396
685035 699818
556437 714892
999224 301051
4950 569546
328545 4340
38401 284948
956595 169243
520017 644809
731285 234075
627614 306286
55392 243033
637524 47599
805565 485053
295998 287115
48795 547502
836661 966797
722330 830796
600731 798649
681524 503334
56830 918692
635666 991467
226962 575478
104604 879356
755240 843959
650577 633881
242159 205659
96362 143931
937942 100247
341539 588548
380122 543265
894670 948730
801670 923254
512941 891552
680377 424127
590728 676604
986469 958432
230309 183724
607122 467068
505303 146742
721902 284254
984266 160522
432034 611076
664586 802291
879002 158208
476286 341855
703262 45649
998855 890385
282257 688331
249237 75461
404002 126084
812139 993976
582832 716991
648437 691571
184462 329743
776966 158026
768257 997994
172566 905059
890271 294019
294653 8375
589396 826008
707124 369708
712642 94454
24587 210137
530236 209205
364915 679040
803586 676534
963849 379982
221451 687205
535739 845907
532752 914737
128850 850692
230281 331440
920452 101442
683357 859155
779264 959906
96095 32831
416200 182068
734550 749695
717419 37861
938006 905857
236783 117070
946486 264709
968655 899365
12319 882200
75250 525731
889837 423366
773453 703535
193918 840863
983907 643339
369074 678564
616170 762467
244922 858779
251396 490027
125675 493432
711298 717300
976049 92441
221315 728305
572530 384670
301056 751172
385010 214035
5543 73956
376434 108816
57947 454186
130247 346351
662754 414977
165236 597776
36647 187158
439298 609998
399359 800139
809549 101363
464059 871708
229690 654509
614652 16658
852418 202678
296700 58211
261607 714102
992086 477895
829055 291674
590601 972019
752203 235730
456138 935617
716825 773150
928175 494598
461360 281204
638268 89012
598949 406232
204978 731425
583630 602933
104442 515087
604157 527482
552354 47266
575189 604899
826325 841393
872943 963289
424614 774113
910699 321215
278614 67958
977654 97665
921695 536668
688968 390519
955274 671010
888698 350539
947241 996568
730381 696645
659885 82504
453400 956607
962945 579603
764526 394660
917345 315776
806987 820861
594821 642677
624351 635279
36155 369794
663436 49979
196573 872377
420631 187819
21057 887423
193453 20466
927068 612945
165796 251723
510336 969926
117029 957018
414570 559194
757406 793670
564841 349374
219805 451517
541632 403787
418510 420986
34441 74254
434614 684247
672405 69120
636588 121166
787958 198880
780198 349820
871845 420953
551603 183359
756491 678714
910256 226559
822409 146668
579966 785284
234863 647491
535373 781941
673640 19992
547249 266382
966580 324774
109883 45675
879897 750417
402964 637667
597157 834784
831111 514372
945617 869933
426307 468860
942502 625800
568555 403447
746611 7065
201853 358632
166161 638859
749163 732667
403088 162100
130750 775925
540629 926160
397511 385940
66867 751743
837951 799980
227787 171038
963262 124695
245841 378276
212697 767340
178670 222201
427651 753569
495066 983904
762298 865556
128535 683616
267504 478154
146260 418311
268996 588559
19427 775760
164141 557895
355371 205611
251247 172568
996757 256625
867761 557896
816238 151712
309422 366924
392485 152383
89917 896233
723640 692472
878367 452079
730837 10562
757982 194773
373462 248286
193786 731064
953327 137136
428854 328377
399484 416097
374959 896030
311549 32212
243826 613506
5846 209675
293070 931509
388298 234778
580202 927612
874192 548697
455137 717537
632456 284741
99106 54403
621087 826748
301422 26592
324721 303844
144376 804387
88747 370487
859954 543392
375132 818297
131300 14810
389202 654323
550652 75844
36934 68174
348889 669942
422792 830226
22188 618982
1475 315073
252637 290377
426691 767754
815912 289672
242067 65773
78213 252132
288883 36357
111958 19411
792843 828243
467297 954514
879286 633316
35447 814517
882963 813489
927347 705885
256592 378927
787022 455713
979426 314122
714771 574552
850270 492944
25742 809683
430166 592146
655087 221820
395504 679138
331663 862547
445653 168650
135970 197123
179630 273043
653611 355657
88671 212341
498500 200
433521 185943
371939 860108
173474 289373
920942 2984
566487 902223
169159 247443
654612 547443
327571 208936
288569 210639
806537 363688
902127 343556
822562 74626
371281 598038
542363 279151
693225 69596
116672 740146
12944 507208
806559 244153
183082 7830
942270 845815
316701 417635
140247 575093
302092 893686
986880 41755
2453 732521
361620 262366
163291 910909
853433 901247
312046 590156
111570 643682
405537 351485
489145 694550
369630 73220
637733 935954
24797 571851
126941 660475
592546 984384
401201 53695
570255 166826
299484 563851
290200 885451
286350 581341
927022 67557
787491 650215
271819 350934
402240 682030
223148 157543
444164 377704
513591 349766
663439 263961
484592 497507
455382 384519
749490 186929
433877 72418
711981 11768
387313 386622
50913 731874
991436 335395
878855 912295
746896 543802
757092 872166
306413 104286
589473 381702
607142 931284
237797 689784
671255 674419
809016 133541
1870 513296
148904 772141
928285 714595
873973 610958
216648 384875
730388 954455
397260 151873
186353 906415
267262 577846
845226 195733
458665 70717
798223 96626
126905 660380
752991 144904
789779 671302
309531 624003
428155 550972
728494 76175
323747 287742
883740 798841
471444 292284
776897 868019
959399 292823
134950 547737
518662 695448
384434 582897
349106 215279
176723 789839
41258 851814
49449 342929
796731 951360
502206 875442
217063 611414
578812 857696
662585 74074
376794 261972
593328 408811
150316 804
159740 600479
497311 564997
201801 204939
177464 540605
396256 625919
879253 623580
306979 664941
525209 358610
839158 800481
232222 259350
884109 606351
938098 829240
28972 83261
467666 620239
192901 964470
837604 477538
253218 535966
606707 618792
633623 134541
444493 238754
511311 875852
940447 958985
165345 60220
849777 322407
136235 62655
482508 754519
914520 211516
275884 729743
197318 373794
789654 814671
119219 622116
670595 18053
158699 297495
764355 173336
539479 225936
734606 174950
220386 954559
2279 549973
503755 379069
566442 514564
565033 149308
353556 516963
557674 802784
468482 835948
848887 678267
9073 667509
617040 985142
322102 273549
134553 942956
567343 871696
800719 433458
351818 243348
198426 632343
501895 786055
595993 779576
373247 286507
39522 13799
436828 151274
825699 640890
774778 341559
47622 544095
96114 424904
620048 913719
755105 264349
310107 476109
354931 492246
650620 513877
482389 490537
266217 462016
278054 787809
436330 16242
637344 655984
770978 605960
785858 617508
418936 920652
321734 13085
954107 873652
202879 508098
628646 199607
946799 889854
394225 196694
215472 548050
945115 747679
460709 686320
767521 471424
88092 867471
389751 228963
149825 237949
912631 555361
118225 773996
657785 483228
849063 79589
52566 70555
103084 515712
563460 542517
979579 59168
962001 887547
128793 929001
716887 394940
812483 190509
627784 72832
306649 249455
530774 171188
249812 330557
471573 735067
410642 756177
475680 395415
148007 507177
939839 954261
589236 965791
219722 885355
898718 807820
747675 643221
471350 186205
561118 429139
524730 367858
762424 814035
202056 588811
625164 140274
361823 467375
364171 764079
913544 250227
95902 37019
391562 738056
755490 198809
924037 512956
463389 823149
462184 826543
708883 633787
937335 41037
538006 402574
198428 223614
696167 271869
985419 846640
645294 322275
686552 600271
750591 465596
991239 970704
551340 567767
293696 563987
257844 91098
574973 854224
114454 223618
381707 342226
298248 450692
621468 754812
759965 299962
359849 547040
336900 839949
944019 699881
545286 7451
216076 156300
449157 198145
135416 414837
570136 704922
708791 169797
832989 644819
160056 817422
608087 851778
249400 408644
812007 56128
984212 896957
558020 790811
916645 424070
52119 857083
397773 311723
534439 507518
689107 345858
822764 103909
131747 207630
488979 298184
312265 702594
660831 291144
548195 954620
775195 442523
605491 551676
340101 497871
635409 344446
652362 108332
894817 850564
298059 457258
771042 927653
921567 478317
730130 279666
718933 737417
886440 538870
597324 385547
199214 735244
976729 160665
308714 364839
295054 395513
211912 135874
272486 284222
533568 994573
114914 441733
11300 120421
107377 474706
648851 383826
453938 222989
95829 610916
490102 720765
827545 759057
537832 448344
506459 739018
121299 811658
284377 304785
873584 185008
524946 691200
600021 278626
625806 129467
466926 631991
669532 483352
868958 69471
466800 674175
258999 65982
752813 124216
111410 130208
84027 644103
130439 286800
330828 168232
89315 13950
888236 624938
773774 296827
229455 166058
723525 101768
780928 499244
781089 248776
649914 160470
470944 176226
328982 50242
146283 798876
352450 635837
753044 760588
311923 187653
859598 486860
105072 916890
194458 777252
816100 510543
94705 37279
604764 643829
4419 38625
536704 359994
395378 191853
57473 720451
542257 945771
420425 491347
45572 455923
181274 178338
620678 552593
780038 884146
861855 490428
214233 927918
948412 952422
650320 738744
723940 471893
861173 285060
807366 908414
844480 287338
758200 620951
25913 475567
950298 515228
363345 257189
26053 239777
489493 640973
540309 365601
181494 622890
913443 661445
863453 559198
417329 26347
186354 222656
274705 25586
866758 59210
425098 391047
54086 690112
229950 959302
188588 332970
576131 352538
457308 712727
41650 791680
716425 368188
424902 164743
328882 684402
597492 800641
53290 770863
642989 591654
456035 615319
998963 789419
428002 61078
495346 472768
616545 226082
600782 669338
671903 828981
157358 263076
690080 277555
518908 781900
264282 614296
44004 172269
641541 356900
505046 691200
597450 252542
888886 661731
365679 517464
598948 574138
868949 708825
947277 842116
709637 872666
880240 981284
224867 950065
441132 486031
527109 481765
91896 72461
168662 842546
632925 905306
163410 242759
350514 963236
106156 940774
866104 484928
71742 897145
919676 453660
760026 113828
823423 51022
132809 534815
767919 533554
192104 27914
103980 518324
675475 90372
246639 350220
188787 141328
884922 670034
155373 663703
386149 333985
619133 240929
36724 580508
3903 148940
55660 42548
807608 329801
439483 190678
677050 804194
203961 92687
940235 348008
736346 75405
838232 88794
691279 21666
405186 132049
847267 35232
851791 961375
628013 363801
565464 400568
936713 88904
111145 970468
697985 503568
801707 444455
433279 973939
502865 840052
729299 737311
681313 764547
190720 150161
652495 441927
920513 528562
660986 135778
60053 976534
610514 196006
174282 649908
340304 531699
835278 87947
986666 956622
945512 244589
243197 263548
978701 445531
53169 347138
959532 64212
475631 251016
194011 97891
871553 79980
886875 896091
299167 39234
594397 86605
819002 848557
217459 306042
180501 141975
823901 772926
265366 717593
744829 30520
299689 533883
228800 71024
413077 115675
797907 124551
442228 619154
438475 877902
138021 845550
151142 487989
692668 519012
432418 707353
122995 358134
852235 371241
411122 632558
830352 372653
972279 36251
264619 919967
576156 785475
111205 232916
770485 609852
447588 517567
456698 993444
488585 138274
840945 155946
85231 375786
464872 46510
133316 789267
603977 336090
243059 914640
220643 972807
966807 465191
671892 256597
522670 837883
797442 977979
428169 772561
940102 931212
128528 890341
786493 485304
492009 474081
311285 392047
135673 706818
315963 94429
600394 315031
837433 5204
570610 360098
95413 112011
904093 776019
477828 891124
312282 307368
746312 345202
363096 412630
752621 464443
355585 518208
129920 366992
873174 677273
59171 821713
294095 285490
802270 495119
919050 989885
804920 373553
451548 680461
699865 701583
314861 78007
737625 606512
120052 532650
218327 700291
231915 68842
922345 558535
279430 65717
485295 25209
984000 277413
706605 386674
303317 856059
715750 225403
83622 816616
165998 926736
872978 111085
902163 557583
829287 70088
159199 554838
693895 771775
417334 202150
567137 497527
832649 829604
273849 286325
903036 208318
393026 424041
792680 502596
317522 376225
154664 344607
850326 552875
79247 184709
370723 947716
560273 207873
425976 765405
201250 50936
747115 658134
324648 972403
92224 16539
897614 671835
989827 433447
787054 263752
757050 778088
865805 850213
906265 135166
292770 506951
414243 587725
898806 191143
752329 115580
792583 95763
862690 185243
241985 507758
581325 110914
627804 909222
196395 708780
1877 81001
342831 478568
984048 546113
846955 518485
53280 897855
768768 827721
736794 412338
660764 569809
701570 340291
525839 384137
410523 871635
966971 278946
864208 853086
560401 906635
82094 9568
450292 157745
344247 872369
999680 380915
790409 91779
90209 898123
208871 64166
44017 982008
229074 550190
988083 51016
764823 876575
694971 450426
181472 732911
959101 109638
62209 815405
811274 861332
278229 784047
683029 532796
608746 609306
818609 753170
619693 586968
495316 438642
334096 79976
96628 293914
677876 247681
803406 463990
344900 745735
730671 544204
438018 301456
827118 145444
806705 636373
687232 754944
937632 179320
178541 799893
95771 50181
290436 83739
895008 29588
933198 27455
452793 349524
864913 279560
50134 77192
239466 229956
666725 182722
588561 797035
368012 578843
158962 233589
639430 471642
815067 61286
159635 937349
380188 411854
283379 463978
179971 812574
646529 438832
389659 597894
389799 994395
816121 877199
582224 876328
89661 664487
627010 832555
689341 797974
220454 135814
511328 754266
867714 194977
404299 145681
203088 5605
500249 829419
255375 693649
840994 468778
194132 749757
868178 630765
449856 990706
203375 57625
590829 623674
81564 534957
265986 672367
319605 68545
295220 773975
993496 58650
889120 827852
946224 42563
666387 57042
936204 302035
411267 532214
273880 572165
801183 286742
746870 820595
122535 378975
649271 239202
791961 877663
824639 420736
79183 390861
839911 26571
648347 179795
43627 403378
908554 567333
7255 348914
605200 750713
374765 751640
3424 528645
937905 927674
579090 75614
914818 240654
159740 707403
898818 343310
494583 225712
956806 761789
215007 194489
411189 895717
999640 520227
413328 841248
271690 887769
922496 352398
210982 9132
924965 154227
914446 402074
465505 528723
608263 126971
724590 333894
719146 414895
604150 887037
733369 189517
591903 8280
340235 51660
982304 873399
783222 326518
523927 785565
640792 193666
368698 506413
982853 153831
815584 313211
331801 286266
699792 620829
232412 842758
6924 355539
37847 298421
673340 224384
3288 546615
249885 912685
977075 42808
62207 418861
617376 348370
779176 173066
976065 421831
963570 960867
689788 743802
963958 323918
766696 878612
591893 250763
773584 1715
673981 25589
115778 435136
885781 505985
504409 781670
763726 990010
72104 266057
518691 631690
539686 749360
993952 122504
449799 838657
990773 144284
311355 292826
853824 52217
421415 198552
248651 738217
676296 8158
205049 391912
652796 570326
732120 26570
626668 411913
554721 295771
926854 320146
581199 957924
120987 959576
11656 771896
883810 51766
657245 412267
270669 824909
378693 360700
232078 530548
104715 811584
58740 68632
191975 597986
117008 863825
432462 43074
257158 194641
797327 882560
934291 917461
445052 707731
598028 678869
78317 849531
548244 402648
546229 138752
91017 228439
257455 730445
189612 736118
828984 338873
489272 249283
699855 563232
745382 400102
457297 264401
620595 16150
836488 241828
929037 557970
813464 798809
816328 116199
707681 720069
187957 897133
242589 805343
197866 831469
339352 290939
565578 128782
507323 297698
378293 334001
189196 608086
476506 91483
735450 851148
964442 625138
393574 819760
976717 233068
27069 658144
475314 153232
701068 59795
570159 324943
890288 288371
625400 1426
901136 802186
928784 457952
190055 8814
536641 404736
751988 400850
817479 272648
419580 424181
194854 473858
349299 330600
973753 94463
847551 116337
968963 699282
841500 792602
411401 828050
185083 864477
279330 289054
474777 294005
719648 226754
441782 607379
200361 359523
799367 473416
409217 37861
794420 674036
354208 356118
725402 776937
197344 421822
882206 6712
971349 422791
703247 627912
620472 989069
259288 571413
926288 52752
961303 171864
909747 405953
474698 124494
485176 166461
649346 743971
76627 859679
303155 923588
483320 768158
163774 237126
403897 254071
124148 899042
58561 931156
284153 262766
868864 109226
690240 805008
558184 566510
415413 405015
363706 2713
39885 961640
315598 838387
162016 128568
109994 517656
667743 196555
569851 317090
257563 904389
279506 325145
8321 415028
414095 625386
477332 459836
503775 225920
896899 845986
281072 186284
360079 765119
937449 26527
569225 14805
810059 494539
512498 793201
610742 405995
238853 902595
444139 393429
863644 892446
61375 726574
797044 714949
623782 65153
245696 295854
223748 226140
376219 983476
41411 94716
926324 523285
481335 510616
885446 837761
186583 646073
833194 353973
964130 762365
768263 657347
611998 232433
834669 311107
508679 49611
181831 429488
772738 304072
592113 278673
544665 70554
581208 487627
227700 691102
997310 416554
56258 253770
478188 103227
117628 371738
114776 178650
436952 306458
900874 153384
276384 746590
354684 656724
680490 624292
916899 975525
345104 900723
781212 979171
57379 178202
786606 233966
544964 305500
303890 589876
368001 354910
862141 486138
180925 563205
639867 20812
364297 584128
635860 608419
178444 755813
547964 663951
550090 434189
389619 792989
162025 915547
160963 168972
997880 264958
67419 935908
545383 507676
417853 575085
556767 724697
584100 745697
531870 572632
130774 543077
83228 210938
51851 103921
584118 913027
456925 180630
681575 58486
350722 675595
609086 632634
328382 649558
257538 810212
470067 703454
109032 809569
933381 216233
433693 922023
794212 759737
444066 873080
387428 955143
707218 599168
650618 866146
647374 516189
405200 784343
211540 123219
216117 209171
103695 246753
962766 631805
744423 334454
472574 938668
589478 742218
643498 349981
619399 358268
894813 770304
930268 182537
767385 714464
532095 197412
1045 722562
193962 510879
885443 188649
549176 992231
253170 207558
308094 944676
636103 72407
422751 892253
580646 83220
835039 194008
21499 935376
138670 446323
720030 765267
474579 503901
808491 452682
668660 22552
407984 277398
869248 212269
975930 136106
338519 928725
408255 120037
661379 59714
897273 434579
314722 36219
770493 580070
895872 373566
75720 784610
540767 613328
812260 332022
81243 743743
288059 186265
636959 311418
550766 546928
661952 998896
810631 300746
151601 978456
784815 92002
278712 530331
609072 871115
812406 714051
420570 770120
293655 238684
262081 819834
400953 419400
670083 529130
974079 921996
319771 740715
972201 447023
292774 486106
956837 874824
337030 894535
651243 328540
283735 60617
574421 686162
571315 803352
757228 886849
418929 253559
500883 880100
569366 151986
756975 191565
437755 221776
203869 480916
286518 63586
258078 221234
300287 591912
538306 781987
316615 946439
414895 522843
839563 646372
627505 492404
603759 867338
760824 532757
452846 320748
887244 782337
270858 409914
940748 816452
133616 94639
173385 172313
75703 350663
299900 918223
360711 479411
311715 557278
895578 682495
513036 643888
989266 381859
351641 170245
163656 311484
807309 922143
363837 486053
271431 333263
965701 546549
176431 934283
150307 991326
519185 857506
388895 587789
405659 561982
800035 428653
67962 507023
565316 786003
361670 234841
988494 679818
141757 177879
470188 315410
725117 202321
252226 184455
938861 823985
976601 242599
5026 700721
836741 738867
116429 379064
188969 2457
650344 970838
738451 482328
130922 438318
570520 689903
660827 533634
767376 66969
367616 649985
424613 467563
429371 169072
861669 382907
676311 973268
206517 465804
823284 582401
479170 263976
861432 880370
336521 474791
479609 592378
294380 86623
801796 970767
56989 956236
37266 597457
270303 917291
458662 289834
352578 66008
680031 520655
707559 745603
604862 288844
420387 127768
684869 370550
916901 80255
661900 599835
240774 531797
647726 832345
706567 669449
977075 237035
391167 966573
122570 185440
256278 387254
929620 796223
372954 580453
898053 774074
524764 184841
903837 387748
589389 315617
498104 327671
392457 387849
910257 826724
292327 273081
831083 197553
2583 911435
42012 692048
653258 983368
483438 59978
37635 802935
551911 953557
886308 151820
508390 683571
471686 345192
344431 435565
794333 934399
932933 149338
779030 302102
585906 730837
516131 982232
789247 150045
224285 196756
803525 268172
573459 759771
532211 769708
182157 147265
600483 922150
837203 649358
281844 114342
952957 86979
440332 703565
801034 584077
993905 542135
560929 955160
193160 436399
644562 194750
700229 459919
640449 726675
879487 292199
414276 106101
32669 97253
223228 234012
569897 822121
675771 304793
579313 282198
126476 980416
250008 266441
182909 954562
261583 546588
944824 332245
454459 31524
832086 816872
237108 859928
611032 410172
715602 613139
775128 548113
739560 891256
721785 113324
685189 618466
313907 577616
618080 501354
427625 458549
562594 852459
403923 78830
196165 906573
975710 357936
769817 911568
914413 434766
568157 892031
239070 848971
226875 530765
911200 975929
926696 309423
999649 347386
120725 801957
101133 928642
495890 830301
107514 960354
932778 503303
700998 241593
518198 584534
372376 335144
234412 149611
211670 186142
401172 16078
313918 377734
834035 784399
849780 542385
820586 886540
684012 151664
936192 31129
843923 137970
439126 657592
87501 382966
817776 531471
513046 749679
73762 217835
654693 719725
225831 804863
743853 635278
933169 554438
87533 380360
115374 220669
5325 505993
87297 675733
851517 601448
65864 621359
654258 999751
616963 346424
176337 580265
327284 144831
982165 275578
347429 932176
701973 756671
993987 613162
600784 266605
746154 513550
197184 530585
255366 833430
493553 241000
34940 813593
285874 451832
576083 730515
202811 64341
209958 485975
228306 398493
186423 532868
593187 247814
477208 772882
298394 886787
395476 908161
692467 583918
669366 980562
114206 345672
582295 594899
574683 389123
114262 417688
851624 110731
631806 818544
278257 819743
101551 823321
844848 195156
315935 490531
100525 883738
263353 426479
978153 550832
619435 389383
357453 782360
205562 943734
452210 988337
679136 208175
958512 606482
601186 484213
445939 60954
10916 259228
609439 576466
471995 288815
164466 566689
809749 982541
792932 801093
648430 789478
283649 138511
670427 883905
492760 554491
323237 727487
695974 30012
371832 931435
723389 423544
729968 662909
3012 224274
16751 835713
825378 259052
819840 211428
348883 231787
649225 859229
446567 460849
307891 325866
699158 583857
393005 793936
628198 169644
398338 525555
909259 246888
672753 917279
767689 830558
489192 839696
453246 152003
74307 537516
575303 292309
340928 806012
55866 96631
154303 575860
204876 501258
550704 961446
967914 623825
266275 330491
182740 634404
534541 579620
68326 602402
20736 772105
612976 546298
515531 334556
544229 738330
802951 761969
259795 149969
364896 359707
741149 96205
387170 146782
141871 647516
656468 352781
238280 575906
640185 900049
96130 946981
829365 24640
64153 46724
953283 487325
553295 816477
275863 458780
723293 864461
679548 222533
597699 45013
142794 878577
774060 283377
679157 664528
579546 576492
843180 216593
876362 67957
977127 123084
418057 565295
218177 381535
697467 268250
467086 463250
862221 446616
844027 868494
489597 518008
37788 112581
173865 602833
880741 275732
595146 524342
167598 600486
228577 621196
550433 431773
329833 91851
4304 117635
77710 668334
885748 395144
434391 644472
840539 541687
493357 809061
772741 919863
339886 174379
764604 582995
375402 246338
453250 88230
114367 886591
156140 716162
561387 238788
282295 817233
381370 636016
925058 568550
24850 130805
248807 20579
899499 357849
606865 80841
668367 837223
887734 451366
219601 15946
2002 603567
161296 45432
636607 16914
197761 588583
934183 498649
445412 905855
169255 666011
170709 783657
824847 371020
844556 661310
821472 256547
270820 507799
138911 645538
62324 281874
875058 789146
292225 166795
191768 314018
955705 987567
778196 14402
345609 471689
838903 293728
733739 235656
115603 486468
522370 8861
940687 724074
19270 569890
789474 493579
356356 940847
15403 907591
936331 732356
371462 105494
522726 451453
146252 359343
938168 69810
239414 911078
556996 657201
160247 390042
436961 23945
844305 707149
938611 459621
29754 959638
102260 594274
810284 710837
35247 702857
94011 397621
104656 479587
301360 311233
357093 972066
859970 633587
752581 954277
187394 773552
311738 746364
12531 327045
615893 615068
262575 202175
525618 973419
706942 777847
167787 594597
86792 248853
697061 78253
51988 887649
901014 680116
649046 336817
190586 235336
80495 185639
337422 226373
769547 654354
437077 720299
722697 781515
841480 44108
60035 339266
643690 30229
160736 671391
676924 766195
333300 431889
264882 663635
233759 696489
676280 383706
68172 808082
236434 226757
261991 365288
848163 558069
913611 14136
772311 805950
168556 180690
136356 925298
68296 183517
210150 627417
52621 474715
906445 968000
496237 356807
419469 80453
421838 715718
534479 388681
851700 781159
952934 833043
596595 42870
547854 873712
39171 869174
291031 987764
834293 809086
788359 527934
503211 902443
93986 261817
716404 655152
437833 476085
459703 787545
85908 430521
232726 439388
715500 519708
782586 898237
965950 506329
997898 755892
923610 106832
439896 441687
474479 648179
441544 354325
847904 593156
769641 268396
566815 598862
478634 577904
810695 37634
370256 985927
839971 890458
294966 585627
280286 570478
40469 242994
195806 278271
742752 125129
89253 803036
557512 44065
779500 741645
606229 217067
578307 85560
112278 61192
497793 12444
208415 634581
818328 780393
7749 213871
565679 720812
773645 312937
612139 939086
448942 666894
797442 555164
690131 158435
674110 311931
870929 239766
851489 848552
6118 165938
677643 602312
147247 431082
126072 401072
532353 251495
820302 95625
668829 958898
857860 713995
769298 884159
563816 364996
937001 370539
773151 243562
157877 700538
71455 503794
958554 23987
152908 442207
66161 36623
626318 925130
530091 366779
993079 544562
602975 501742
524479 12388
574870 171673
160981 343922
578027 824067
140250 114803
451421 291944
138505 706405
436951 117877
813687 676147
373268 361349
166292 38998
398587 80871
331673 461645
718553 566583
175988 410223
981511 572366
971454 949778
907266 990586
893274 966610
403098 480876
131445 299672
456777 411841
97625 74393
299132 830876
130774 584974
421576 565042
271259 179687
677580 431051
465664 655964
659731 863922
492322 903782
881036 522093
498709 534962
262718 121159
865983 123482
572632 648928
138212 243648
521972 720714
453681 750490
979273 599565
597854 275353
466466 367284
228980 403931
115876 302743
830848 979140
762972 373992
256154 278339
330365 51526
836820 21298
632387 416425
924587 603436
846659 728326
897382 473354
45650 865133
970157 415495
657237 265726
736500 385401
131098 833644
734034 894194
496471 863759
199142 815830
885027 409922
362376 114792
164762 714866
68758 870739
838677 694538
881628 185342
633092 256023
142596 92522
665436 389569
706324 436620
167930 903929
103372 430762
216292 416239
515061 23589
873775 957174
71323 292983
525937 822517
463021 738831
514895 481743
566294 283904
690316 601618
539472 924521
3261 850706
321816 933083
927071 726769
395942 873795
59407 811388
607773 943306
974120 772573
894347 731076
594106 595183
153821 472315
578535 960307
642152 136865
803218 400914
386434 7812
887506 529496
902349 963914
467118 371270
361343 21929
74043 293571
778826 106580
238893 719408
551362 721372
745023 985055
900073 387078
808297 173543
794312 756151
198064 550957
555625 607538
151633 997856
703525 458677
654859 795505
957701 392554
23000 14632
416407 710634
46064 203795
849598 640806
639201 608630
346458 514492
438807 357761
489155 47333
777693 848600
963383 471485
986690 232414
893506 285901
43388 645082
185077 911416
944501 211408
364088 876738
366914 186536
493661 734530
74795 335275
908961 588123
834661 695482
793258 228180
702772 953628
492052 778516
548313 559760
959503 107225
258979 748423
465991 625809
259571 681387
433204 190888
479306 78343
825496 507174
760218 746360
966455 702997
968163 943964
788705 595290
583691 525431
625145 665447
671763 239023
833025 409060
575485 906446
266430 167412
616346 412852
999358 513009
326242 521588
293297 805906
763613 214877
353658 567466
47682 514636
351999 941336
894319 255515
505929 934891
39093 163955
856555 414775
418877 956957
771801 699769
763737 616283
837804 926511
931537 956981
310365 316937
982101 26178
257221 179618
656434 110859
912302 210571
213698 988261
48658 631596
979626 657441
610299 218894
803027 221713
931273 545904
282704 901803
954548 795803
916670 677436
102611 707286
722069 500629
645483 896589
412370 426499
760831 645941
735210 263329
447373 199894
645850 22684
938974 787256
204515 546851
482357 781439
52313 381537
277777 350397
655663 222561
183109 717178
101741 83572
616084 908136
250193 593009
637002 493242
496546 958329
454366 483306
499623 984810
297441 325414
497114 603916
412822 775054
187780 512688
312529 954075
715538 828628
97681 655496
586119 146313
511969 246200
955937 381222
818657 114992
231100 795222
185040 291358
890011 861243
981775 188131
768786 301074
684949 185194
657137 815831
777776 671538
879139 562102
616829 331264
693736 912855
335462 797935
364935 630421
329488 424707
427985 542306
413597 969182
88201 534519
59337 184665
5960 121978
86968 832994
377832 172350
202184 973567
936748 824753
23268 177400
164930 706375
753847 715732
82243 557509
6583 881035
591735 123102
445726 783838
314222 771933
193650 831018
320570 9642
180728 187199
43830 595625
918527 962846
126217 315561
37811 736797
156559 243389
12518 680274
279705 862841
749664 936648
692550 512563
459770 713568
185851 948306
232212 978360
333780 514082
976571 904251
810965 550177
681696 301693
179803 581193
105198 696759
776699 309698
915689 256867
175281 104089
790652 47627
84182 703169
997234 406189
727822 598782
636895 256245
273165 342082
121607 190154
722401 112343
201717 74504
496703 829634
269419 687459
524811 601149
742668 687547
314399 83638
498652 530964
359022 247382
425644 424083
969282 517537
794516 956368
17688 25861
244939 535346
227317 710843
821052 561984
432610 866699
706738 882206
448878 907553
378118 794439
89239 282867
641521 116276
644479 382450
45206 133110
694650 960810
513569 132258
736299 262253
255440 616901
793502 967282
530770 243851
967207 450586
471000 26097
165122 741486
787582 214783
743134 714783
374250 789835
811416 339517
726104 927920
129307 264524
446236 341199
140865 754060
363398 677429
692378 72492
199443 149771
294116 19948
825822 353111
663280 760081
231493 654578
55011 884618
182713 808348
56994 491951
539455 756094
794027 961284
354405 941777
806903 720415
889312 36715
523407 388203
4468 332606
118853 817904
358663 520369
57198 81569
267970 794633
57129 201438
153515 870573
904952 358889
167452 127636
684742 587583
817642 307251
639555 765120
553040 136596
666217 523279
378869 884009
134534 755124
37256 516783
352073 347491
984848 75321
577243 643007
739456 362902
990405 801513
740607 286245
156990 383800
185212 135986
972551 807894
933132 739299
359919 790274
996586 180688
833204 478345
299490 363042
256166 100136
314202 339830
366582 86834
137566 876562
112019 676836
377823 215991
745339 373002
191838 891817
658652 188469
641208 957644
890430 213771
638487 314817
9253 73833
469039 124030
623502 685368
28135 624777
201419 825345
109832 721235
925257 753777
963504 344412
193167 158151
27374 139496
245527 639684
531060 505658
60962 347989
992574 16170
375068 858140
892110 339182
915418 481972
471057 575844
433143 2777
987457 829945
425280 777720
157856 345020
516083 853693
26823 955327
536257 276846
543214 471289
946723 421543
816684 865084
695881 187909
807597 973743
178027 799382
989240 7156
630455 736865
631252 888300
299370 471707
133362 646267
637107 135720
8135 34991
621733 816018
830541 222501
74531 497188
342065 520528
718103 281538
251629 205335
468929 666962
292610 985587
678106 261519
730194 273830
398197 664678
769726 761071
938698 857657
337305 379640
12533 392719
896313 364709
225635 142712
813816 890072
838400 548086
150252 996949
987067 893974
9438 648017
195337 536896
982335 857234
639444 903061
848514 326325
617312 223028
902601 553818
426874 432882
476759 444489
595111 262949
917127 39450
58577 826270
504831 158825
672130 32947
522430 271216
73674 54356
333032 486394
656915 653649
810557 841649
697384 391600
273046 29083
151278 44226
368312 533817
280351 73579
704183 156647
66307 410939
371040 224394
648832 599104
307326 357579
241873 890540
967025 467700
242141 177543
781909 4815
369323 552165
97530 174599
808617 518369
248024 686446
380311 397985
773202 248500
43065 880232
174450 302480
360913 102836
326247 48736
373070 545221
169201 924472
841635 628718
265178 812759
743739 52898
285425 431710
554239 475026
659289 614299
415781 838107
983901 558684
78735 599500
561682 41359
507247 87464
513668 715968
554764 618880
354259 28562
921999 408248
892716 570670
520494 59039
278815 904788
184775 757820
87957 503010
743310 363097
774016 615932
320058 856138
867180 364072
804354 325733
722404 982069
436713 60227
953040 683130
542145 888188
465056 53226
363398 899074
970506 471940
230088 576978
495799 665148
406244 472813
601271 299461
584772 815108
58967 275793
499063 277828
553257 999594
46809 745485
298209 353053
568788 472401
571757 746952
327022 787666
870492 486355
628498 948972
957984 582534
653669 504485
570567 150409
104555 805803
891654 649573
383014 215583
514462 508711
599343 334660
389744 424957
468568 221642
241921 605185
53871 767389
628415 191508
684944 959197
791478 402541
653811 303433
163959 452575
687992 492456
243316 725722
845282 507298
765550 433847
278965 538081
72882 276876
383613 96192
970257 322035
457698 437284
740902 120252
279579 168744
259276 164541
265862 759750
403980 699693
830484 50477
747831 307864
619766 573560
399871 353235
713164 692509
750736 251385
902310 241290
357309 409775
417791 935891
584445 489723
958940 955549
887524 520857
446975 739119
235448 46080
224591 59022
455237 843151
652255 602474
182770 598861
373077 736464
981519 416632
187810 219692
870434 299418
844844 529644
418827 319401
629903 58092
811695 399720
479189 321484
22019 751858
383249 824667
281680 127782
984517 112112
805164 671082
954269 216499
801126 655241
819112 429236
182427 612415
365010 626550
692406 650189
277003 865252
128609 41878
139706 228748
864119 817510
582658 233022
816923 814536
50820 229478
522630 228059
726439 655405
509486 899355
929751 945675
52675 408764
366206 625940
324645 132489
496105 760467
27766 787548
551754 851093
119740 144333
771021 667421
647788 992441
636483 693474
304056 486762
504255 589466
44979 544708
136480 487517
52255 556136
390642 599897
986622 146091
509653 11470
671411 932704
540084 977622
469967 178425
319188 582822
209214 767812
693308 773171
775053 128222
354927 583437
43375 16538
943356 140468
770339 943899
162139 812517
737870 875880
578529 718950
223629 966853
200527 181098
284479 819730
680443 713730
122340 645558
319728 314523
788089 215207
668809 167653
856688 178898
777216 976194
254869 334017
621222 11138
673044 313685
910812 193935
61555 549040
982960 468710
232544 587326
527555 579719
186470 317
200571 670596
331639 743196
376253 243572
886352 575614
484602 382330
269539 621545
330127 617684
870452 965374
863199 65150
532411 423099
354259 320376
799101 222098
415854 145378
120758 32214
487677 117744
881485 835653
656415 873010
717361 92597
122082 544029
378054 915319
137988 26523
474579 164641
808972 645397
453935 707179
585907 342910
349145 357740
750232 463049
246359 993481
782822 424647
641980 89266
149280 595518
888696 595707
407050 352196
653531 308730
325927 829862
667639 684658
642808 559778
724670 416129
329332 267934
770368 818632
563993 759902
824125 610257
16768 373566
829405 952479
918214 415313
618338 8387
958836 708818
835717 818512
35765 700520
442077 951597
411601 787641
200307 94157
846571 9084
866595 507130
617777 690186
209449 183346
139355 645028
479616 860733
352975 143798
370617 580599
606934 562057
684191 793762
784587 976259
305250 197656
931449 697039
27908 177390
365339 465001
458087 264950
469198 792148
746662 487353
424160 270364
922543 465577
420542 447128
617914 706073
304335 120402
330368 406346
510554 900372
553656 527140
538163 753154
908615 14074
942585 634451
482712 488170
970766 659348
478159 242880
681794 150719
874006 289647
695263 395772
629098 500362
62228 979744
433855 735131
769267 514441
592111 946302
69762 289592
924248 307349
626078 388005
169312 988741
712908 897880
444949 616251
717476 2626
468951 938452
741216 482205
759585 808095
260698 108740
328758 225766
41654 376562
57495 252819
641742 683019
952102 766688
84363 40391
227557 453386
18442 542398
494452 320504
238193 244251
378665 21605
392044 710507
97735 163482
273969 136356
298419 992872
84364 295300
301624 573759
920787 922496
146856 613500
380761 427201
192043 426949
159743 619110
869024 798846
244907 720541
138765 987975
862916 620788
834962 800158
269127 454941
580837 101254
633990 858920
967209 621290
101926 617629
777811 877325
833031 326813
62872 513532
41762 968626
929169 508850
362526 227860
103064 245369
487176 796471
689318 610782
121796 944039
51624 92204
132849 400468
860793 882567
990338 67646
98601 488039
580141 683311
17488 479478
354853 223551
912413 480882
353867 794581
111372 499932
528841 527409
172166 948976
58626 312677
337158 4027
345928 529670
649497 196503
653990 651323
445543 222293
81496 565656
25303 88278
898057 985065
510309 592125
878825 283080
443057 563972
158662 531196
22392 604320
853899 649431
202055 456513
842345 259860
7247 3274
965791 924660
490733 31097
508716 763238
835994 899167
273033 888204
374379 419902
610465 624774
17426 996225
589711 679671
419941 864452
132888 640069
886534 262491
551515 411405
790248 219220
171937 437039
45825 562614
208804 967586
858995 772983
121406 768249
838691 447490
491541 701527
868277 961717
427595 482954
275558 506667
421211 828955
23151 830417
572209 732170
262317 308812
299367 321575
712946 703355
982321 989238
817871 232312
896985 833712
342799 613892
745659 218255
301279 426393
714716 776296
665407 529899
278279 532452
235390 323408
937766 564853
223259 223166
814662 764215
826175 770222
789342 303243
709251 440500
153520 922995
47185 300948
537278 66920
589395 456909
765561 270627
841587 925388
963207 77376
350035 164047
392785 472765
541277 393604
19394 231590
339870 68758
230651 960083
578304 847408
425317 121744
680851 635336
962364 19424
655347 443089
52279 438602
388083 706952
612476 497068
209557 101408
631874 825547
88797 235954
403141 418279
779742 541295
177976 11447
485073 661857
40518 749199
805856 24098
419971 548503
302357 323371
84925 783735
284698 740689
263203 442111
150591 718692
731305 253054
726406 215588
60638 935258
630077 619673
77253 750557
220656 59620
309025 478896
986480 450456
584847 990131
17501 338057
444390 954264
312305 271468
160810 727825
327223 390266
944953 664763
229664 311596
463853 332354
624235 623388
461276 243037
633459 762275
180592 797094
740189 476298
225754 51424
721467 804506
388037 866232
80014 876579
416766 135549
949425 752073
705887 351308
350922 657108
848560 456788
672206 345587
652326 95798
199394 603209
207616 589370
242599 267798
369895 13793
348571 154312
425795 447981
748650 904364
459916 124816
553128 503192
74293 773426
33243 587176
36224 664673
764927 77630
398138 586116
828155 184902
955035 502838
470818 429864
999048 827936
587370 483389
962025 863228
569510 372148
614621 229798
687615 318831
351741 661590
364818 336380
584102 217552
893263 490189
541439 53112
385121 791046
660248 845632
192950 499894
475604 719168
283275 185634
894152 220158
370502 762161
928228 235017
204926 247716
992913 917214
446823 219493
758447 173589
724052 930692
665369 276262
924724 521736
393403 399244
554098 980681
953426 145785
399178 476626
537457 496387
677988 981337
976247 805756
704881 987144
101487 331124
199564 541529
587164 906603
578954 667698
791262 449479
438818 851409
102453 122449
576055 666277
247775 562158
445601 465960
749075 624878
774868 324450
876723 770230
637033 373494
924647 586332
77903 53277
576095 251431
732069 177980
196914 56098
153827 616855
363512 957034
867248 84133
30425 250574
632099 358736
290905 831703
146331 697380
267058 387143
215342 641068
450887 631866
899527 729057
835972 699740
958049 226057
428546 846298
16986 143646
862129 552098
923391 131037
991506 9834
362620 911124
580805 70123
172206 618508
804245 177556
503398 897571
325003 743037
486490 358637
684919 632591
928161 459523
984107 246766
968179 987036
378776 754911
926679 923993
409394 623569
640256 515984
404002 707641
695320 793543
579257 351467
338772 245246
741271 319287
68945 963184
858301 774183
930841 780388
326554 945213
588045 792983
683097 907331
679431 376747
608009 251589
681783 677546
529867 915654
724905 780522
523179 49514
345510 865203
484730 166771
110703 366398
887245 77749
820039 373109
804527 65858
429019 74114
226167 854178
279553 234760
551909 793137
359718 57027
217586 469073
335286 966439
661549 153205
53052 350053
143416 144747
883166 8807
634818 779811
712116 65834
389435 190290
202380 369521
343716 931072
325669 530318
360415 864898
717560 915788
492803 147315
583472 279921
860278 389576
736400 592728
379447 591012
752567 51473
189793 541030
410031 740358
269735 935245
922297 685148
47441 580587
368588 479696
131876 419931
662645 699859
424595 713857
387653 304743
357452 411013
572954 641162
575547 614862
586755 832224
170599 712295
789416 138032
597775 148770
218175 245015
810284 303709
703303 66730
599359 673564
805386 545052
751009 69731
565458 39702
262151 574633
681221 37015
986251 484038
24492 870155
35027 993502
625058 161164
970494 873912
938200 898324
286197 559814
536034 135289
878362 155736
929829 807512
218473 473345
255246 960269
373359 386341
973283 589446
668159 679180
655192 82695
634995 101477
786415 212737
287644 452533
305525 544994
604522 702040
123236 255021
817565 819832
320216 681524
877225 412355
396039 361165
614411 512867
925762 930917
915581 299572
310011 82388
761918 854495
243765 324330
536456 883941
452582 314458
77322 23837
432936 542579
196135 629827
474560 686119
505482 320203
968602 890532
875997 323303
306603 321786
710903 48369
607064 960045
100274 369619
870169 858325
538764 931003
811893 29511
45594 507122
883683 909210
771619 288926
744672 163410
769480 851712
59331 18973
427682 107277
725638 891170
396069 154441
451936 560042
113148 728104
865847 694321
232615 63777
948937 203784
815073 955816
499051 214681
453082 703572
815100 999052
177641 512103
934415 50369
623227 875035
476949 212610
373499 155963
840534 856744
519412 352516
683767 316926
672042 448401
482362 718463
826489 385610
85157 607471
561892 139447
606967 669473
383961 985478
8757 325384
705285 205129
258998 52600
647812 903272
350416 120476
51467 582435
181609 865143
189368 452891
379068 413492
126211 608138
560030 481206
935655 227915
407336 234039
604119 498738
994447 6122
56166 517671
851303 501429
371489 981921
821524 569252
164195 459207
993774 129911
695681 466150
115303 546650
797950 988090
845415 833180
712994 868379
755037 912860
51018 146711
344918 813854
365177 617355
66539 616186
626145 567963
756478 112896
948792 294260
25408 85349
142509 579942
301286 240143
981239 953916
664015 192909
898110 852436
828631 478649
176035 798936
51152 645071
731609 438193
178778 912352
2528 184525
135326 852690
608050 264780
351307 325548
275796 262812
394994 228878
726549 550444
491738 32481
31606 722325
242816 258996
673460 541928
413020 826452
508015 836821
846449 321113
772059 830787
492896 179003
95913 220272
876894 234621
329510 32116
935430 532789
601716 781147
561488 845474
274172 226551
715871 448905
558140 113944
990808 737171
391236 35612
661089 291661
571479 142204
191982 794371
981494 829825
197756 352895
58762 306115
716860 359324
272632 844198
184834 389521
137066 693083
911236 73288
463001 365259
683240 54226
421085 276373
926267 596399
823916 201854
667753 673573
44275 117491
518965 302605
840728 755142
330445 250606
253801 705674
825983 287449
610838 75250
208300 175055
918200 3192
207553 702480
603048 730777
311360 77334
791068 310678
278771 897459
393872 207363
59594 233849
713064 94063
328045 72818
909684 235639
44086 817587
582235 267517
378537 150985
727126 556177
814656 247501
367593 340859
42496 836327
730128 899495
448863 663245
691791 206283
281332 387401
566381 873242
627993 48990
641101 530792
959308 947152
62951 438352
702863 191428
395220 641377
991577 888448
400153 72834
724345 236654
545357 806475
888055 275724
267140 368473
121682 305199
763137 997295
644317 368172
93888 163728
827611 179161
775319 792434
164687 37022
248433 842632
507554 865525
238592 245753
860257 733677
397863 193102
806442 613246
127886 838599
221155 890103
732538 754440
595834 80792
299752 579015
342080 884699
816866 997375
216518 709729
679111 442474
372842 386550
693205 653773
790272 175103
318578 12267
940138 503527
481546 500860
152208 219038
786888 592029
659626 664464
261101 474656
36142 165012
927077 361368
851803 378708
729150 528900
367723 999902
929480 60878
705312 199795
227825 513018
434754 149023
195759 913551
735678 475031
188238 289207
315516 71082
362359 396421
306359 399595
486092 366676
696234 886550
190072 834016
857038 722318
778964 769078
66933 442385
398368 946657
589532 377780
338389 194818
449686 50315
469157 428612
204623 225187
117298 222949
314824 538902
541506 76275
453649 531898
15810 70343
736798 660084
416136 857357
993200 108895
760268 9348
745039 550476
370123 745454
285332 805256
871800 718027
10525 184193
583497 791094
347798 834702
174332 306492
312623 981148
634039 282424
666551 252485
475512 218693
652284 93218
487436 640517
559833 207066
569466 706557
426161 963897
976888 309682
69415 538193
300292 734031
814054 855007
927185 113798
127380 88889
84703 35624
813079 697540
306253 383376
652186 625880
623872 768585
689407 516658
645971 552656
16149 292513
653118 623445
6921 165727
148770 471256
904427 208092
308826 562760
448371 146085
879072 504078
313122 162923
697391 640343
916591 253990
864563 556976
693235 263460
75923 438374
685110 305369
331261 634748
64692 900509
332472 187394
588839 656165
602538 705226
462579 799426
229945 102908
454097 99043
506180 886481
895870 223961
146238 828983
857354 937637
114627 270797
242902 183049
687606 662676
341686 918839
338131 106728
223061 425619
584788 414390
937721 211378
362876 752022
846159 473054
322512 186695
250352 887506
164172 969240
905889 827049
566371 999557
262336 484559
613630 52035
528673 199118
574129 257616
219599 78972
315969 68642
728524 894298
568003 933380
161547 568565
548117 47461
417154 78356
314379 526030
19213 760119
214738 683867
421211 78518
889155 506741
546190 335821
276562 546580
522249 750228
438749 331544
782154 349224
719407 958994
759274 461432
695372 357112
262357 230832
93471 383120
167005 197088
99078 211987
764201 615724
490761 123253
567981 542297
543687 611979
564826 254387
944747 937271
114741 707520
787802 111422
893744 831986
283453 361223
589217 691780
349528 604612
240464 265937
456622 87432
535572 41032
341051 228490
421936 13083
864887 110222
590055 864119
765422 79487
158181 607749
457684 204287
321259 441260
150109 768070
190150 106853
820938 411579
39894 978561
791223 673466
385764 79793
540225 629709
978145 982100
779513 270531
945138 893744
651968 100491
164519 6457
10615 48168
251133 874112
295135 328923
596758 685001
645087 972603
454301 499306
198368 216141
817727 499815
987808 942103
509254 391656
20458 540801
737551 987279
173811 765424
201798 415719
221282 331739
961255 408379
837250 85194
655216 163406
426218 902868
333778 275603
920027 776232
734115 162262
831385 49051
394042 309244
785061 193287
220490 331167
327676 209025
655015 101860
243471 164852
283956 678147
977847 409961
893791 17635
358536 799181
987225 162650
543033 495196
364665 910389
310414 162079
256631 529508
687037 505174
608089 738288
174669 137437
423588 797098
67941 871776
348666 462858
23367 181677
30388 957284
629403 25912
437338 922213
179468 511930
274920 383439
817681 339363
474015 714535
766342 158292
441536 901584
470613 97079
153423 321258
771957 245403
811175 84519
234503 239630
81820 160799
260471 43041
323317 701944
76842 412529
13987 327953
677780 877453
117899 823706
895653 944467
242626 724835
784550 462948
799539 734093
918867 823383
204667 662597
144934 71574
801460 195539
975338 98112
20800 38108
538891 11426
511836 31698
911728 738052
488716 580310
345070 374607
233224 267450
629784 871545
261061 748664
166133 811599
289246 340862
78261 536519
318974 146167
116908 440078
804190 179307
21475 461839
68308 652168
899862 290857
423705 482164
980978 427628
845159 290362
480609 113060
33439 965903
691553 639993
15290 637850
105760 220175
753985 242264
333554 865375
647373 32369
587016 64127
86269 64072
216043 168747
678176 134110
584581 674640
305143 229927
928635 365386
340432 741579
16068 565915
484470 187976
157612 490927
51929 758269
42282 30746
998090 192896
813961 959462
844201 963916
240031 7264
828923 898451
285313 695930
451224 439411
526146 839895
128032 573774
854607 541344
380459 381299
651602 589717
988449 74979
303882 353638
216670 268088
373802 731007
391402 230131
734402 647111
521157 286458
36585 361450
216268 554425
123154 993015
482623 14446
37994 177032
21758 428634
558951 556867
709973 405951
750979 630548
305735 85602
796843 990092
930823 397502
942863 396171
989118 240126
663137 177016
433614 482027
295961 762573
671424 635342
906088 500888
220818 311646
186411 135156
449751 91629
755319 378024
387209 659346
517962 925229
817115 15509
697023 956294
567158 994060
593758 109007
498796 474822
409285 558053
967949 635832
470764 590561
301810 515148
570353 981668
733591 645314
31359 812439
872515 433027
792464 798774
633494 550743
605011 721294
185461 653423
521439 298818
692192 671303
613780 355135
994738 271704
158375 456130
603863 372022
764676 471743
416 575221
581818 338411
829468 53571
823 776029
108539 398036
83933 728556
113837 298790
447166 102356
338393 851316
828468 726346
643422 867961
567274 584437
354320 873271
188636 193095
429446 954871
247687 773247
970901 26827
730241 405090
187207 925882
262347 619919
880635 512094
749238 756214
198821 239318
21572 689008
496575 397162
559530 341832
916609 304382
559663 557635
884539 682832
815459 142167
548701 75557
301575 745074
966947 973665
612376 131905
152202 420024
640944 752702
554825 111797
825996 305894
432864 834973
341429 857570
931556 477484
349065 111944
277774 451452
392717 224682
373934 121035
754674 318165
466373 84462
167279 384263
460607 441767
768575 587218
138785 130835
355319 288042
929858 976130
852099 62713
430843 267941
954761 406807
165189 224396
700350 309030
88028 121516
77266 377030
591354 2435
916983 231465
161883 638355
352976 348066
347545 35835
765037 842522
830912 127528
451143 914930
584732 87315
77470 761960
550198 104812
429955 991033
54034 736465
113817 199451
551871 574268
334535 697798
200616 952455
154310 906587
903684 613660
650584 365824
789794 871142
631426 604782
581624 753072
111998 246954
422280 629506
981749 76200
716774 44746
762249 799893
195929 624407
293494 85772
250246 750924
730063 191976
291366 997496
842683 471812
939224 683753
980616 583813
488582 423365
709430 501395
791484 335627
358189 621449
348176 253722
950234 87111
13896 43207
807256 446297
884580 857013
321171 695454
514318 158672
951754 856073
916187 643710
920685 485163
257688 74933
391192 110714
505006 188123
591579 816570
823581 119829
130215 418949
627755 248470
726046 299494
417238 206720
640470 408868
63493 699992
542634 313623
124607 103191
514877 947558
356177 125174
959935 491230
720865 243849
68612 825846
85048 265244
833948 398948
913114 204682
928411 780959
428420 591703
13558 297591
726778 519110
743138 355948
19688 271289
576796 778933
139336 788513
958917 312212
618543 296527
103654 200055
40935 157310
974171 40106
112334 196111
383754 225930
598456 959661
267623 408195
183587 726077
877918 623436
191847 157801
328867 274732
453758 409860
246925 885683
639825 481727
201866 453742
654907 920526
410364 382141
679892 162383
309322 682206
690174 271984
555564 761705
297650 369440
163991 714095
153989 959702
478112 104177
57714 797409
266053 973135
119237 272239
284192 933842
478219 814953
451311 742701
71174 398392
710561 581905
92434 733116
503070 792680
579885 900174
832951 300361
85640 315823
522552 371864
800576 6157
941097 386533
681719 994547
925871 143444
189957 975075
186865 552456
338265 870077
632260 696861
629727 469579
26058 375577
550223 981809
38351 402971
517214 357788
13113 543442
71126 16095
313642 672528
91059 161620
285035 887941
985251 919658
835597 476351
614828 579647
223535 311507
827015 633220
542785 174137
378078 739524
899551 484624
834161 752499
364649 456494
258616 753136
464804 945261
748020 453044
876175 53478
31591 300663
822771 503411
82648 706799
307025 159958
82263 446341
72250 682270
118114 285058
877835 57451
885308 453545
581083 702789
411475 888679
120226 10530
230349 86216
383038 812054
211111 592607
429408 138258
778168 211312
800987 877849
296267 364908
955934 437902
614439 285738
99606 662321
335021 796778
870219 959646
989724 72699
169582 302915
986048 526021
147179 956389
481161 630573
257273 914191
520523 208182
469757 159666
335432 552032
150495 755822
289621 522677
901820 362254
766705 502030
780590 259874
416297 716561
593285 911180
748514 869299
501401 566775
662186 958975
122280 772334
336097 880163
276592 764972
364361 513442
588340 3182
911407 755182
207913 283416
108613 398010
93489 864093
253899 437408
617481 121495
478951 266582
40184 387472
910207 658575
699426 63109
88986 342985
26489 23004
869552 408993
972712 64889
44502 665536
600685 574794
879685 152972
595821 203362
683463 448594
985814 322021
693108 223810
126982 430369
35580 306177
562366 360077
712477 123824
885903 802484
819031 66245
748615 673907
435668 137000
456068 554209
120668 724095
468680 543621
608871 5420
217379 308809
231219 472775
657529 402458
727467 295931
16513 560790
824175 280280
704136 81170
910251 321418
41780 184026
408926 45065
706186 225302
278067 115025
127562 569454
606832 859828
195675 867941
412152 572541
654549 222405
216638 346859
71510 654966
42016 854469
412687 37295
796741 854264
412166 968382
81019 832818
83788 686761
360873 626407
322242 371647
709220 128366
409904 836404
654341 190991
740166 881124
934635 531313
19477 420436
773364 241896
960617 499353
160425 419297
537746 984361
187945 505094
644093 281778
664249 256571
154233 272564
714177 351145
84213 234647
236076 823021
971451 880776
714302 242960
877449 713805
612900 300579
950736 870605
651389 443602
152691 387960
114594 652763
206227 182668
116206 291666
898311 73525
408828 228599
496966 875130
148925 724996
196092 918264
389235 882279
670647 195739
726316 818356
976402 254670
92830 713239
250490 642272
668164 76451
461375 381656
816886 643233
390734 718184
599207 976845
327904 996199
465195 256774
597667 407301
54723 832071
117552 26808
259432 663499
105479 811051
265794 737237
40074 197194
713311 766117
859063 96200
603516 553702
575619 537794
471865 788098
148073 218148
770751 643990
723555 200297
177898 618424
773698 311486
644125 517597
379351 433145
67327 680531
736017 901889
874229 672377
140078 343685
941241 589468
787726 385428
123693 931448
366319 631285
227282 682556
115895 122773
824902 315110
952285 710421
819142 991977
500722 791038
941487 281647
949697 498006
597207 186969
555443 584025
203142 796838
642785 697637
479533 196984
678272 281693
165485 65196
437034 431374
555388 700090
349586 333103
587246 550797
415949 218393
661949 548883
278464 33449
724367 25528
158149 403366
640219 26073
866284 465543
308227 635205
25220 248113
230662 763449
828132 184224
107085 131662
629453 268425
430410 68569
753424 110993
109427 469933
879950 929307
952951 462664
88807 179038
453176 820612
143004 735169
758778 183244
792073 45772
855432 958010
159854 273503
45894 286897
22886 492907
694250 82069
840080 473358
131459 533346
884209 407684
535325 267196
460694 416988
854441 393094
783066 793646
183749 774986
185242 262880
86013 247021
530945 30352
331580 816787
605272 452947
265424 776277
513653 278203
970426 59512
197860 761116
618171 338885
249290 720187
617721 279233
275640 393658
813282 797072
60717 351584
884447 727659
452883 910547
723300 876133
404814 561060
539335 6721
127931 604928
50279 12063
107276 124026
498867 376305
438392 782448
967825 416568
616107 122069
290230 319669
830280 436959
379909 139073
345996 31781
243576 335091
487227 578764
469903 540748
907435 110198
76338 653682
661874 760013
711301 481049
93215 768062
948270 231940
318783 118942
979609 904709
155425 901274
448404 772509
1788 548423
563254 662509
27724 709480
335926 108448
153647 689859
982151 302875
510389 952965
562943 449241
529396 119690
557064 53512
940165 593886
463867 774641
346647 409662
733302 118284
968673 339211
708167 828563
47300 791857
275892 944059
640752 866142
501410 593803
905772 882729
261215 955431
187275 391331
993406 170598
245702 722871
548815 524542
882321 705964
729055 422648
333760 840806
853187 44060
332712 942022
2053 777385
297299 749235
769196 61120
379187 359636
811478 203334
734539 464753
822261 529178
306089 927232
314727 360303
855708 168285
455666 581969
2043 331033
289563 854341
325564 146417
233156 959659
304178 56671
265137 814901
807559 599473
464734 84485
833569 525327
346978 716003
971058 886047
845823 952084
579476 468370
932412 598756
478465 332787
491613 807548
150200 276355
840744 390232
244408 598244
354503 898581
730424 899391
3440 238099
735686 211696
511651 980310
161319 567012
442151 177141
224594 209601
455210 345487
1615 317208
54275 994711
639291 941512
891677 604075
210910 594964
206121 464529
798916 714835
771010 93143
478452 630826
617045 84780
707579 451616
549604 882675
766261 250729
806249 801200
475144 70202
986000 16418
502754 859931
207472 476132
270107 7878
412817 453864
463688 711175
682599 743757
470915 180183
559601 81825
438114 198352
438319 499754
478164 390141
526063 213932
387342 175853
604096 586633
176313 405985
452741 223926
316820 833540
47261 352710
532648 134519
748564 276997
615505 140398
311549 341930
880356 875206
405605 885563
957280 473925
913786 50377
339063 740186
199860 900660
255358 564725
280399 88251
417797 422439
247753 438719
273195 8906
539437 226104
868754 840889
963390 879324
448128 909831
216032 741843
809957 527914
96048 905266
240620 501353
196116 868828
147333 575603
739143 211983
798255 876300
704390 804399
298821 675869
351971 127785
908986 305931
202004 362555
831431 749703
971738 284995
848036 193868
782563 458641
215669 233597
841307 542855
383187 777668
453272 939830
523769 805778
769112 639995
441376 194737
164307 534194
520804 590742
352944 505166
818389 144380
456867 2707
416247 617904
107922 798759
190680 853750
831452 477895
355776 792872
686696 884836
239111 993256
213201 755045
215749 524268
926451 294614
460680 185885
453093 650524
296749 218443
620361 743105
370789 938416
568816 54293
450514 468062
17234 857531
127855 232080
574353 736389
348820 452175
567578 367590
526916 924101
538640 437152
348126 394521
46561 45986
514856 399437
246958 196070
910993 532188
456064 663804
944265 99746
191447 397392
748567 734453
950036 983448
337762 752522
141111 516585
977071 96120
581436 197689
791603 797354
128860 123792
365983 288532
72073 484162
586034 362678
607148 865764
805409 2729
597093 682024
5368 559741
354622 807200
214915 37823
737311 915990
993117 715538
893478 308112
187994 736442
885498 193394
582492 535505
61797 117885
275942 726825
273231 659103
86034 494491
97464 58571
967725 20646
668904 759176
149411 606703
725139 423347
456421 907647
682796 960397
489524 485147
173666 913838
829325 144424
185237 79634
386513 396397
857669 735964
290400 636929
678008 445730
528763 207803
577285 66778
930692 154658
999844 340057
326034 214910
683573 856822
331055 517085
609929 639945
442284 189026
853802 744742
117578 914523
523585 783459
46151 667898
410792 212877
34720 663249
559920 2039
560491 41949
841320 205313
125469 507894
221170 100581
315166 499027
400937 615877
601215 700454
538357 51821
801151 513387
900756 408760
205586 461646
947491 130220
337976 219343
28691 841039
298780 587190
694930 699830
844747 886603
416178 110894
918043 259193
123653 201761
366527 181030
151617 200422
970502 604758
201656 282383
921004 544768
327042 762770
699426 989422
696604 723452
502860 103344
587222 255707
845293 217949
759869 343358
74032 166778
934237 65843
136464 496710
818083 846714
179879 764009
537008 463056
369327 225120
797002 405129
878218 801679
333771 182301
328601 333632
768339 204217
874554 22409
525485 463678
931736 891698
615691 869656
872727 405540
117982 968770
482449 971019
367571 986615
591325 359361
138058 996201
689341 406449
865036 361977
164378 876219
711002 501755
56029 316894
280822 45189
433767 666668
453311 293975
89756 431479
661454 184366
34556 983066
254624 459099
700644 119017
812177 921708
222349 62868
934146 425610
341257 461197
88359 944564
471419 411862
314606 510599
797202 572302
540589 237870
64653 381002
309078 759068
214392 122080
564981 533651
134579 562757
593801 308058
712568 533575
737384 351514
628451 360713
170840 80213
46150 770684
104797 506419
992874 800817
806904 280670
462337 5095
46741 190432
373148 447415
811449 190157
636679 624986
394173 292564
92779 126120
49836 244582
951119 385568
682985 305446
314828 928110
631231 519843
216716 472238
821078 989452
664756 175418
756546 454371
863080 794632
968706 172124
195689 453137
358596 408186
862944 10254
979894 650329
281532 356599
194505 766457
208889 898232
365885 465123
215550 467024
243092 101292
613217 939740
186785 398875
449902 860645
280140 206623
736458 332180
838354 689462
858362 412257
834008 826935
263043 5302
495801 49607
900671 844969
467405 836591
516574 26424
484688 781556
800782 98973
989129 48634
481486 20378
534501 210792
957264 20477
957898 684505
725457 207838
942084 925348
548557 102657
43384 313958
511208 225091
41008 344718
182239 385955
364294 621780
84868 487746
683878 677704
376675 478535
426169 763611
431950 856510
270860 620798
228102 201024
245611 202948
778307 143428
520506 980994
836878 196150
200217 178594
314472 276365
95263 758717
436799 81367
843914 161229
619929 131906
846706 404211
463371 278503
811356 795716
217213 879883
205224 260220
219704 965017
813583 139226
219472 113863
103574 888732
833904 812717
661976 223640
445938 511430
638137 314305
586211 263830
693605 500454
133839 900861
364027 534850
962068 367532
859080 19259
747943 288782
392062 6090
37620 426772
660484 872916
620619 213830
195377 867845
219871 715326
899189 789714
97948 649981
696592 990582
705236 369501
657855 953156
899532 550320
543043 838465
99341 281883
954528 725006
74242 844653
143361 504286
76122 246639
570741 846863
180854 429116
736860 99732
187308 662715
287349 137304
210356 855252
426411 567363
865381 396870
701226 88422
427490 899684
767171 547170
599869 930274
605682 142647
24313 160959
768803 312383
524153 157884
765745 738630
294160 574296
599766 809075
509413 29108
676930 437279
315806 633000
479744 375636
697684 419991
27282 337246
968137 286461
708743 810453
308153 913836
89596 909345
494368 281660
225595 117016
652078 103985
867525 926956
944763 152024
893590 401950
241776 113334
466429 4502
118746 973556
78046 521528
557840 510492
904784 736983
613531 462006
495190 626660
846429 748672
230690 290505
841259 718215
713689 537606
437654 184832
638884 881719
87046 173752
249661 556169
982705 642495
512265 140619
547745 554761
34702 840498
506574 599583
50232 250229
596706 150474
653562 730036
645742 898257
842520 536150
766616 209948
289540 759324
446992 562874
633460 470311
302988 170031
880194 63899
25685 291279
120269 36860
581212 882300
704632 174645
641624 972579
141400 108735
526076 769559
667630 903768
411331 366866
377052 221132
313687 545011
374388 485393
312206 813210
419212 48496
982726 874632
345440 457908
291358 758687
148915 131717
983149 827375
76566 180155
157550 49655
21997 684202
360150 539296
719050 547488
780434 212596
186271 24473
504199 340273
378307 236805
186797 840608
861860 97489
478246 242948
658038 555058
92355 441348
133747 243144
602135 16060
980456 47970
846912 594791
879567 98453
68471 281360
469813 40380
974635 524141
532615 861064
99951 482158
84647 9430
407407 906434
36381 231579
848346 385634
849384 451236
326328 996302
812057 63287
740925 717997
80429 425775
429002 649858
995062 454670
432591 560575
931118 802605
507922 108585
814671 292347
733279 98755
593971 535621
426781 927738
645494 708522
568261 698990
560735 473904
575225 487109
152248 605323
561468 578733
904511 801345
531325 789186
901102 470474
562484 669301
674352 228696
9006 16843
557156 210355
950418 465324
909794 785152
870952 793313
563795 165919
260223 320319
875640 934927
52574 626702
572121 584971
441324 254622
186383 324853
981938 679463
711007 215417
870157 360455
821102 771760
604324 279415
413073 966463
841648 87705
764648 742747
96430 250052
615871 275303
716937 227577
594799 72107
316301 124416
239257 480315
903034 623313
354621 288342
308824 514760
531853 86867
629918 440844
677675 363905
628929 235540
388583 141388
542497 288222
356334 278602
642328 213636
664604 256470
449013 965221
570510 918947
379127 225534
693321 528344
772844 285753
9526 125409
438372 553909
806729 248624
696782 592841
354803 34750
197625 678076
860715 15411
952350 121161
383744 745394
330624 437776
975085 754173
254969 470769
89521 517819
309874 293788
668742 248573
887695 295373
507883 308579
699050 614477
311911 631429
966545 902661
782759 247067
229026 581964
54058 928379
988253 900493
838667 755056
21863 620202
891898 367169
777667 737116
7281 258228
758564 415365
629892 687648
584219 765705
462247 679072
751963 652106
740266 32355
308467 540362
833911 402521
900175 416252
684982 8416
134897 144808
838 109441
317454 916011
415286 76476
752850 701200
664702 384278
553523 878508
971041 447905
320112 218644
788561 51471
219405 542203
824615 615382
328019 848821
920350 694452
409485 692666
628984 230094
257076 480278
845005 917463
571111 154203
690472 197716
831321 682536
221151 573989
456974 245616
122745 317197
16502 275848
929017 255244
588572 586192
988195 564651
434649 87602
895937 211316
179557 674135
492380 443635
563289 808858
66535 599599
305935 600102
693382 744103
93034 143314
65202 185230
660157 321514
137598 596798
258070 429910
447619 89048
15593 827958
792116 186916
989723 634878
551430 682783
87432 433967
28068 444642
277878 325832
950897 119033
340343 434164
791674 354435
106280 34356
732015 35048
682638 456367
719570 312652
952791 92599
179096 978873
416018 944477
587519 234624
941106 495045
309154 897009
33516 631862
450111 809655
424959 303937
894711 364084
603698 592548
257454 449742
941490 549071
272818 831679
457592 841132
282575 364951
82422 846638
897228 93012
817435 330523
511858 673291
162916 355526
9388 131594
84591 24540
245509 784643
752266 412633
377656 126068
987464 648160
252535 145035
751000 934748
272532 753715
676102 166990
465708 558856
194702 257277
621060 720556
914343 133094
336218 526980
160562 585213
840342 529465
968531 772546
653636 689653
178848 349043
76578 980123
373003 519487
590942 446700
534690 302760
606803 581985
410346 914700
731207 988926
372417 136474
91436 953411
830954 957480
206999 390955
41776 195357
192945 837727
70073 549306
718518 556647
326169 978286
912292 690209
962188 424052
619269 384042
984092 276784
674078 74311
44339 386419
143714 771722
634518 965175
305028 538295
826021 316640
748302 675818
421897 314182
90816 419974
734120 906590
628554 514472
752092 35681
854456 319701
478723 725276
966225 812040
92158 558149
54700 954774
475446 988444
122538 399500
39279 409473
478220 186030
324384 893913
176314 925790
126156 731553
85678 817222
146976 898484
305510 865109
472897 42101
591835 357941
133581 465444
386881 592334
646370 806199
450316 158180
252182 654330
655716 548055
603264 204741
483947 834762
38042 100383
343097 294756
111670 409884
975344 694239
508561 101693
204596 236017
873389 536146
276750 907289
417774 609045
565107 948289
723224 329533
385440 922444
103689 700227
381660 989144
411088 381976
175151 295641
95537 149810
137050 154456
441716 148219
410145 65962
644637 563323
979934 269397
266387 931699
539554 766190
203089 519237
957310 762933
450782 754711
159368 127577
408935 711411
397417 688790
294520 625763
725321 751582
504291 538243
779606 885847
695430 461795
231213 94952
990863 908548
500675 899504
493702 243099
803746 373367
925354 113841
271002 342457
238842 562817
683351 664921
664472 249900
690157 140489
452532 127905
53579 424522
945392 967818
584467 494246
453528 753133
503580 465262
470916 444929
642094 139513
967770 964245
318531 965562
232475 866738
326903 151240
305402 152859
853748 641313
251941 823687
764051 143244
102467 101418
568962 995603
292375 948816
880217 705842
431432 520680
205616 369466
325262 423172
856527 217142
396843 292936
236258 223403
33452 977905
537690 674243
319798 35315
628283 97542
59122 72711
128969 638594
958172 649982
233354 656101
192502 935227
588158 863948
743467 566396
606246 943328
851337 19655
988497 74818
955566 849993
374410 398595
898166 211124
922894 818138
853530 84218
135416 911839
371970 363721
883591 811398
944546 642942
238072 381108
121463 167467
711235 191946
233017 224248
516543 978509
848984 765368
966221 284118
63245 70839
694630 149767
701968 696536
257149 943990
860456 990874
530626 465178
37976 50829
4102 114593
587209 168487
771174 555106
875868 203447
112558 196056
230104 55897
290703 564265
211543 235419
671150 562534
264783 141527
624558 818589
468171 817854
930490 104400
782452 120555
166235 374437
830785 906090
545463 283441
425382 736548
99192 390133
441124 889027
426561 818968
922849 595757
793596 189352
725533 821859
197973 833382
602262 249583
585607 336618
639181 535762
633007 369929
913353 639821
816662 917021
842036 362506
146779 639947
432200 206041
155777 617969
623515 410198
894277 410230
500376 780642
173164 55980
791661 807645
7943 909829
298086 918937
82804 941861
406475 674285
364275 601974
461432 448380
517192 839306
208234 107420
483402 483468
883420 670434
846830 655535
647950 163784
898680 197519
306587 286157
955902 948148
379408 19147
950114 396946
351002 287663
365508 466967
65696 810545
159920 668313
780740 473100
928825 766475
13736 192150
320491 98761
389737 647692
212337 256573
788432 453017
138015 114311
914463 701502
52028 218421
802175 162850
985740 17648
435565 192124
929331 540532
401858 219952
945192 25538
717744 27627
529257 875015
415396 284034
793242 623079
247708 194646
900890 793346
482980 416708
586629 689695
104493 634746
849613 328311
909565 736033
399889 591411
761335 515407
102260 222777
660821 78699
338080 491691
918178 234700
440760 547063
863122 542600
702005 244301
782491 669551
977114 482632
813240 28899
817794 245997
241164 154895
849031 422579
341833 64917
828334 951505
629326 140702
123067 714665
767486 830414
361652 298046
66316 456725
201865 804560
379316 397685
802988 816927
268147 255066
162473 257799
855685 48244
833988 508252
388875 663326
157511 240405
476171 270159
512416 945443
591422 795413
620840 199339
954858 985945
724731 368616
825287 523303
347514 221557
167419 106939
844149 140770
829773 622549
33528 81662
613071 557034
356022 55647
136076 499744
562582 169783
91175 483406
316466 651756
338038 572719
520243 944565
51202 3075
32251 298537
163652 350233
24143 82894
769528 883841
436463 689544
274822 184338
10498 168105
578187 677695
653099 715612
897647 118865
845513 215870
72051 823541
471719 937432
207051 852919
228265 178313
480679 879497
917268 197606
462419 649559
643271 408840
499005 909249
327881 598500
53262 338146
660484 270030
607762 537284
139667 516638
770525 110181
91000 324908
131216 228277
605067 832043
672480 68944
129289 443490
591163 499807
867061 581989
136420 797882
620498 422033
216352 653747
241317 755408
97116 901141
296004 92625
262485 494371
977041 338922
538655 197574
96276 48604
983272 577475
354947 322510
144514 877438
135332 158720
416982 75579
697623 595080
538368 936671
434828 312558
67587 207646
563164 934500
936817 41573
111158 171825
580449 246697
447460 322573
429695 183335
221445 854954
897023 847800
658798 777310
680380 614032
902965 796124
87501 131332
597102 543367
972861 147441
32971 103745
54543 338351
398587 342519
413501 795128
325453 760438
449042 547640
423848 143695
40712 766190
443315 531876
121459 978429
771298 596423
902233 303368
107582 708957
179010 156155
655301 52425
354295 875911
496390 744689
907752 138313
125368 218869
339601 953856
880935 438703
154135 276257
658370 179627
295362 369275
524054 185220
134299 861439
316127 902188
912731 712765
708411 357158
562023 871580
273568 140920
851343 832201
272650 948302
158218 250083
409174 415995
842610 1157
760117 943376
290948 401481
78617 295418
651975 443033
803263 591952
971891 196673
655036 827481
601425 935809
654880 751515
319868 873992
982109 539074
888685 744718
182077 130234
873478 868678
667410 868592
141555 97632
277544 474546
572131 186817
560330 281186
617188 845022
902801 899885
684861 222208
303950 480327
103271 920269
909323 245424
456883 741880
429745 822869
778500 32409
83150 422695
371628 882871
402941 341750
18210 704276
767591 679027
565297 687868
965098 10889
780592 305573
582619 190219
629873 235597
946220 824036
938965 298003
513765 276078
251179 955328
632477 781274
860215 333806
362387 531598
291318 892680
899644 515635
338813 892352
73035 509410
275643 664100
742044 910736
83412 158893
890994 655987
782843 666745
244452 853512
752650 340300
861138 825515
702626 945397
85090 453484
968803 973677
947955 89658
187233 482050
605233 659707
460731 873662
383034 476412
401006 850871
208068 810442
85667 539400
235496 915772
326797 447310
617757 927036
132528 300483
13660 602976
987686 789190
942806 473303
796521 77988
861759 887647
230330 973018
12657 28532
849494 580859
597637 878244
325110 855299
488449 524723
696747 476751
534426 401000
508679 723883
320521 656360
655864 836122
369695 192823
849375 192372
123438 952363
136358 688250
451346 204140
710562 297831
629457 724877
420275 406197
211499 202296
189839 945403
66246 228917
698683 434400
231135 259409
670534 335781
166988 311284
912245 782311
616873 607007
393748 55697
777827 926486
726241 461191
388379 785500
791581 306290
273149 539506
820063 829689
366432 880374
452319 601903
982317 61401
863852 927201
994880 538435
525651 404939
9262 957629
120848 464984
847587 542672
400451 582017
417931 893474
108436 470971
893464 386727
423176 739219
315293 294079
199667 46040
772832 125373
517606 346671
518468 965129
571909 382423
267990 641214
111698 865147
614384 545119
234689 413448
268911 24945
617621 526063
656275 659921
506538 618339
253782 843163
425305 540173
709653 27534
648098 274404
508233 242170
40638 63849
854465 880
231884 958201
6384 220051
67708 44672
311272 672182
501677 536200
513074 168510
761661 238233
559013 55046
476558 11623
599276 300859
60483 920297
428666 663946
747408 977982
15595 320195
515861 29594
896273 707085
359465 43281
357444 380910
113679 867500
302270 81183
45041 278825
691347 959354
444563 826067
887645 480640
968642 874831
370801 664073
443249 969810
910911 53179
740101 24023
148985 300587
759017 231730
133892 246830
569694 723536
172278 321149
426805 851331
550334 593181
773174 176996
589334 694007
217812 997917
252048 226993
212163 30327
997084 55196
527077 489690
182841 265167
502200 10901
336546 439091
15458 773715
453619 7890
915205 307762
194695 720238
893821 919636
676350 785089
778427 133120
622401 277501
204972 86635
446593 893636
928580 32842
91136 80691
524363 672698
784011 443655
447926 73328
345788 786612
903603 88732
613260 570173
561011 7429
645776 91432
606007 656417
92014 331221
369773 657639
934837 225854
400307 278154
306749 406682
784585 378992
230999 29440
891623 429530
462622 621515
390694 5901
203782 65653
227328 512585
812120 113738
242748 413576
310035 715791
564769 710366
797170 690669
310096 930373
722109 342289
159437 339348
867817 491645
725936 666873
464116 983577
785864 774810
427526 375036
4332 826333
532559 667738
463095 945294
889257 713862
767520 22912
633703 617815
599837 269516
189662 141745
72065 84363
572431 633651
431385 273429
437622 452781
36544 622846
155854 72921
881031 427867
441288 14801
5603 746364
540199 595567
180199 607638
387689 212570
37408 866259
475896 694233
430265 390381
251649 419218
388117 440827
111280 823364
240197 92558
234180 890028
729643 564241
595097 941025
794918 805997
845065 662611
876287 308629
772953 116269
601871 947314
649812 118534
886999 400049
47248 762899
992264 295966
92423 241092
148532 986273
685859 545538
893864 9192
978884 328609
862361 288208
905387 710614
144377 7708
814704 841159
938304 152945
752631 397336
724444 199804
503416 279780
700905 975228
777187 119365
612443 834482
895235 894294
782398 228310
621662 810952
373313 49566
889958 262016
780321 226279
630408 282178
731128 439528
386088 400079
406748 750261
644429 70892
40506 415921
114652 574627
54158 839384
833093 261746
437605 416625
790609 535340
956825 177585
238240 681034
519361 22527
945058 680955
760403 490247
950021 82188
720250 360848
834235 554728
768190 839188
862348 282525
790621 408548
468750 707526
152593 311293
778637 346106
935117 856003
252532 935695
843735 874671
755368 173202
88742 298037
511766 943281
355523 728485
762121 98830
756909 794684
348239 723793
731726 692408
940486 593536
916752 159463
940568 643411
163306 452934
357328 209653
961372 136873
924235 520563
910628 856756
133543 808697
649851 92115
726046 32797
222755 659046
946570 169127
750069 797195
329741 139696
763722 666006
381913 622056
268402 842179
941106 900279
622803 596714
401368 46801
210937 718383
344839 5379
839457 800750
726334 836781
281093 614542
540509 82895
313056 376641
182631 62372
870660 153136
795105 354764
371387 666522
215815 470146
897812 266588
984678 299885
568531 651128
782295 8077
54866 54277
26701 814676
489302 907363
875247 288149
366901 588428
806749 628015
588394 327402
711008 553257
250458 836534
157089 198045
6554 361165
682279 845292
238251 727197
324265 776765
310058 112636
665244 936785
503072 829989
660166 329868
190807 496202
880035 563090
470084 610410
89166 257219
700590 735859
768909 157828
88949 438149
165360 301957
993667 657290
992759 856874
959474 926969
21792 544967
835696 296185
100601 838090
46956 119651
526076 322751
350672 383388
802552 772999
89937 621774
686570 519215
972492 622908
777821 293604
468653 517342
922385 687637
532914 908633
717816 894953
601435 550917
668913 660876
77001 395507
309492 898184
376330 917775
215934 631169
550279 485977
899083 45104
598814 173272
607240 574622
819501 128149
224479 687526
94847 621348
747309 321802
331607 479959
711983 215262
931454 577510
254534 433280
369009 954858
381165 693579
239295 126424
862978 876077
106958 728759
102073 546881
223368 263065
132936 953051
28643 966028
808031 316998
190240 691276
647318 713264
20063 694100
876649 345317
959265 413629
745431 295438
216703 906150
100079 389440
612585 751669
642303 539079
134834 60850
246708 620075
547172 678805
73015 721767
948388 449843
372030 307791
473985 944305
740413 549160
517184 924424
296994 380033
849520 458883
335675 702607
144842 533720
968357 804430
150708 903831
660027 146118
250614 372247
799239 613257
668657 755628
756277 885218
394042 660766
820426 33089
507538 442566
413017 410030
625017 995373
550823 364589
167668 943785
39329 188991
593179 925220
649395 384872
677396 986271
161062 336810
725610 158072
114046 83292
478742 89254
729469 891457
762679 174184
830371 433586
503114 853221
494011 885394
73292 286755
219743 614671
870102 675619
589139 694570
701575 326062
862506 116925
318992 919224
840439 645608
133607 509600
529628 312175
621262 939424
106662 725345
270441 766896
631984 518199
51574 534831
451079 485866
467959 405122
295273 813921
692416 566125
653758 567209
221590 8045
672713 712189
338921 782549
36829 278769
148446 397285
386388 710093
840557 151537
511013 123102
260836 308243
278685 25224
639715 493743
568579 135884
536342 506072
754487 719828
887460 876914
879355 916380
197002 369075
706779 299454
269201 513269
765784 661747
888796 917265
954082 295058
962491 793554
572655 645411
701318 92842
507618 801512
78840 639769
551850 241973
927134 377451
454970 393291
802408 302150
746235 547295
976278 974481
36698 82871
656430 425819
513359 806529
994825 114747
187749 719739
328234 95471
788060 74954
235322 898232
769942 99569
689617 625114
246889 714407
799259 532578
864637 570659
177375 841218
720534 597531
975892 540014
43429 922669
782535 521532
171764 543137
426213 899963
668632 155112
807992 92553
561468 130571
88328 163616
789733 94708
945468 297915
377881 723607
761295 351267
760869 60661
348113 955332
841167 500270
681939 612581
2549 947525
695392 922340
396888 469141
759785 126474
809982 378617
342622 825390
148447 892920
144508 903402
343577 954811
93110 353225
594788 237128
832461 413882
659966 832325
286372 721830
514692 280252
642469 152218
661341 508444
123012 819322
705895 26371
981424 869484
320006 623262
761183 872670
178950 168834
227334 931712
206207 793316
455297 110148
682349 14162
14119 131552
865238 843440
205849 270164
815525 573732
569727 625671
7803 375561
667194 460602
799451 232624
183697 784407
962907 247407
725956 441931
904133 631888
137780 684891
690163 12066
403512 743196
195558 52821
372797 168271
494955 504887
387636 492803
415729 976228
872306 757927
248966 67460
154464 476014
892338 705789
194958 226251
48516 403421
493665 749316
316223 142716
661023 804406
857012 680056
170865 502012
251547 618278
764113 405299
201744 805274
692657 753078
476559 534946
549746 13617
376830 159785
412130 35031
502896 978611
265842 869024
320018 962036
177305 579403
293631 8444
418209 835535
649196 469413
147076 998751
763517 159239
597314 511362
645790 745673
80432 62895
306451 938896
757933 167489
985796 338050
408048 158642
267026 678815
916034 137089
607312 659544
883627 323235
708352 134656
715881 145767
682851 153373
971821 893731
320734 944437
981036 620654
931952 684447
2285 249599
22775 791838
825912 177083
527216 909064
118928 865798
406066 770910
136909 864529
745989 431801
888502 822637
912013 105409
638079 144595
70549 975501
722839 546372
597936 495285
126685 926855
885096 626835
873426 885219
428753 895443
434702 853368
717648 717784
9802 93887
521936 295233
366357 559964
150476 496644
481357 11371
267272 717644
337090 766989
203925 153694
638530 562115
114102 952514
996695 605346
195968 665763
41806 771360
889914 899147
489231 689396
898682 543152
160164 466269
939190 613419
420256 460932
324609 474672
778063 24616
760673 906380
392522 390160
219194 208734
185369 145912
303632 763434
706851 63697
584672 665771
703430 686813
327782 604861
964890 851045
952915 292835
686979 639593
580879 678395
6322 88497
674306 232305
512546 856620
886847 433208
521388 720890
829886 627717
116143 740018
309810 713518
148703 732694
306163 462764
7432 678970
765540 941580
468059 142459
993527 927941
205096 158618
939646 382711
741374 29256
455233 694616
703785 366126
813420 30936
607115 153391
738112 306334
751009 466752
129441 70801
357969 66818
559544 88788
130190 138165
144448 546531
359946 36804
97966 902990
806693 582917
80466 238166
794157 611313
723063 671229
2083 667124
579267 702626
4428 751917
195291 391777
201886 340596
789064 669630
702658 185765
757786 935462
67365 841223
922184 727873
699506 958737
25304 115776
725896 781015
345265 84801
414796 378728
931218 508152
152142 957176
23130 524593
346652 278995
511428 668873
419177 877070
625305 112270
671354 253487
730374 408762
583102 308770
652681 782554
3749 605037
965173 865733
178238 750393
366898 547251
294854 381263
151080 94433
61041 106093
697043 802645
226201 900342
924618 559676
933691 561422
257114 218155
809487 129321
130396 821282
318099 319232
197325 720978
809152 965219
114435 386808
215571 401975
235118 857111
768211 109881
576838 640498
129204 638256
797131 574679
402078 157041
995412 119847
381423 417562
59670 312666
442201 602389
425376 447652
135092 934331
298374 255585
946815 293785
356673 740998
87640 341146
470885 885356
479001 70447
374107 299985
940460 535764
238934 289756
793246 129902
575177 562404
331684 138205
392289 141458
970621 423503
732610 398143
491080 788762
255833 203024
553588 995040
485185 25910
82191 395249
111823 847106
120692 198309
30478 654627
737269 788312
360689 858970
337475 957778
994787 642120
11718 162204
481564 927267
133007 907246
993206 683693
118353 712307
351459 574689
489018 714785
915327 499231
158811 162922
229081 891878
282663 944302
494818 27129
518336 992150
462222 983540
281620 846576
324778 865769
51381 982486
286366 732461
989593 365413
909712 429931
609087 651835
9693 177546
745881 330920
275058 434714
638680 691193
793537 994445
648581 323140
572111 641794
451776 76287
491002 974371
245158 648231
356135 917729
141931 217018
399901 207843
484065 67051
57309 531951
166605 179726
909561 801700
894477 178758
823651 400672
903892 815808
548510 898157
441549 959939
189532 498482
14335 613813
184353 868830
799436 31837
610831 335417
246038 890748
573230 516425
248541 503741
874503 659683
449065 94067
152476 418738
641613 359745
90749 222789
878962 135083
340632 809041
683770 42119
907893 599691
97994 196316
842221 60301
507153 143052
625513 982871
164366 705648
537906 2280
630006 447028
292931 788793
932344 112425
229993 948200
245482 931939
272853 49728
447330 154713
284588 310539
693712 168926
940834 842911
896680 938289
76986 824347
174509 176978
448745 193978
661052 180690
18294 591644
617388 821216
753732 842135
686515 993568
981582 774230
783726 923698
548416 164075
563000 61984
837209 370990
905623 237294
579942 258358
737609 43215
580176 384476
514454 117926
587713 584379
510338 218919
673435 339203
943314 641386
927961 747548
241088 891272
41161 510778
88725 152656
597775 8255
683852 40853
902247 286532
385333 43912
562976 590748
549749 162395
781668 501701
450456 80902
24641 208089
949457 931432
780246 39348
792425 454466
75933 378710
372686 562718
820089 521553
42865 667560
499814 674992
788555 523349
552788 772532
753080 866744
149817 936591
274981 268328
224393 433603
510051 71206
569361 731585
225981 855205
401898 327132
490779 790333
657329 437725
143722 76058
546506 121913
719656 442340
987579 101367
937645 190052
922315 316150
858398 912602
992917 378985
825231 439025
42339 673208
37973 881492
900537 472198
129947 870975
255185 694723
300194 39499
404646 427943
37582 331284
357498 362852
791767 78299
486 165782
508378 996970
633629 895499
896889 462537
889968 505397
216659 746075
44012 335944
987836 667758
472560 370699
394673 37572
487141 354830
344006 579262
722674 211365
809820 14171
855164 133555
643526 616836
989436 452127
359449 755965
289912 910516
138880 789956
220932 876976
902538 985890
337705 893734
244349 794092
685667 80846
811163 120760
761252 370166
179089 304514
612825 611097
10497 744763
349215 76284
415734 625540
147417 210483
24102 641153
215224 430378
804478 261343
390474 406895
473878 552991
568612 26881
923367 404242
925357 409807
614284 855082
143835 651145
392388 482101
474475 211348
893027 25611
470199 706329
254458 21106
97172 545647
871037 47209
329071 637563
368330 542405
60263 979783
524551 140508
901065 972496
273764 916668
70655 838620
135184 707
744163 419562
995296 127484
824732 523717
777944 589183
835471 895851
413715 585106
48259 88394
419889 405413
128880 177455
396285 733612
311404 534719
932802 435286
691879 170216
401843 191116
804286 779070
883384 120395
358106 906559
904920 301340
615681 853062
250332 275385
154142 544705
656478 496451
679949 135715
746330 650476
312743 971517
260076 379429
342875 935099
781618 978512
28782 793291
480713 469963
4273 16685
655158 109094
278613 552525
925458 3731
898901 323096
20834 565348
674225 83069
942235 698736
694597 344949
655050 724196
779534 709927
574068 884115
97094 886250
300218 198946
217259 579411
195574 876049
796228 605217
601979 145105
803609 455744
386399 243421
438869 627259
907149 810589
533073 63739
298009 526711
105545 246488
236625 275904
107187 495131
789864 295748
489652 259574
670029 829665
319728 12872
902561 464042
485654 207150
995910 32911
956611 469591
54344 240573
418756 56382
220630 164869
974409 432321
499889 565644
705057 863869
573956 331924
545953 150892
987929 412274
488653 578606
405738 924096
104707 767949
461256 744460
820847 216884
975635 461788
644750 313786
628024 261236
570026 282038
121642 580654
815513 537233
955065 604885
661196 270528
22793 146452
948977 665827
853058 390186
317416 786162
515829 47710
152041 104175
682769 492722
814136 788537
554711 1072
901941 818362
115123 496043
782513 210986
170429 580695
848232 741298
352332 582712
572575 349868
839894 502250
782529 36878
43104 530563
238758 639371
38810 475672
500331 530843
164062 309378
339974 643881
593012 464831
906243 611812
195258 232096
662570 182328
432669 274184
967988 419558
602070 89290
750893 344335
479138 844891
413142 453321
581054 459577
465799 89147
466408 734486
412045 932434
47693 600302
805542 688116
934042 867537
394160 712090
405760 283389
668533 975459
140326 209993
620739 239060
56593 908692
53331 445741
80318 900582
34286 285310
616197 58014
668328 977509
97497 231191
550676 11929
889499 742777
239781 684204
125850 768452
368304 922334
757917 392061
357532 677961
838713 154380
565423 894570
233846 304085
46135 545997
376171 927177
265337 109827
296993 782169
162504 918030
780771 545508
814863 114057
576263 84251
847519 703248
917005 954635
736433 494186
207183 844926
684726 868615
346474 135696
541811 887820
129551 981173
73565 910874
70284 865371
269750 3407
859114 548800
633473 945985
518674 411945
741877 361597
974069 723083
247865 828296
729388 570270
727702 330131
788318 379547
171554 415830
782190 305798
445501 659308
763305 305018
517329 582407
289145 522045
997996 131639
119011 911381
426425 111255
84404 79553
407511 576126
341243 706121
548272 734530
463072 656820
629027 159107
302979 161584
887472 388493
71601 517844
425473 656063
459767 539266
366493 207429
795235 651470
109545 395752
812913 152946
636313 565122
396745 143799
518425 433137
573636 732216
837694 146016
489531 553279
23322 224546
726199 716741
448488 434807
235915 345682
22027 290371
852393 81083
54446 584784
804161 518506
786791 154083
158549 8551
352431 586042
670709 132566
635697 174224
368402 130502
142577 407781
756675 635506
414997 865660
878087 597214
935692 275160
337436 612023
514841 576736
314461 262762
775342 362761
532722 958670
860002 737812
512173 645786
640336 877678
432284 566011
496587 347212
74550 285428
282085 107422
603195 774073
625749 283711
36959 518515
574447 212841
126716 163271
729316 659693
817951 182776
215286 309975
125814 35824
670534 723381
480744 714499
174999 942147
506892 172797
791671 964577
828286 352435
246912 154357
222290 588732
867330 195340
726708 871412
684399 408357
919353 26623
310180 418826
989628 604
92548 692312
688820 396744
152516 457696
182025 28629
387952 328912
7324 118696
464253 467331
51496 957865
515080 84522
404610 774144
300715 742057
23073 323797
571559 120586
614512 547510
707845 944554
418840 934236
913393 903172
964955 613984
560671 686552
112159 189859
792254 396703
560339 414722
471376 754011
507565 566662
559524 267731
490141 873417
82230 636651
732699 387450
992903 694578
555532 552180
911664 684680
806250 535884
599406 202022
11107 245419
262499 110233
390173 80074
564820 985289
758370 865741
491765 729
910446 181287
274665 636283
453831 776162
50609 584667
988094 228180
430663 431089
286472 926680
227295 856849
721941 281235
791306 14735
233030 222541
888096 570538
132590 625941
400983 945979
796772 28631
467565 479442
440260 749020
681912 254485
635261 881857
911534 180808
695497 425927
116561 610350
923451 388697
168235 392994
435484 160680
416786 682196
316739 225681
703703 685000
353870 224619
13088 491246
513250 864217
708340 192049
35931 777924
432707 324350
78731 630036
28850 49857
157257 562498
279844 215294
604297 693001
879889 18447
35809 410039
475899 5802
266426 281649
820697 869909
239712 982967
607011 197527
796083 433275
815890 364655
199818 194766
196782 738363
319703 637072
897196 232885
536640 791716
151650 40778
776741 805085
144637 356376
658498 563706
599157 736903
877269 586763
842622 275311
361334 391391
901668 242136
482909 798202
252673 192115
287155 764596
736335 469337
614862 461750
851267 52725
136194 461641
290289 440482
266596 150654
429082 464949
314855 716964
726688 684177
767077 393375
985785 830246
224256 598234
269541 755994
346287 754092
68031 846954
99515 961880
710137 793820
507759 934498
224559 814813
654094 622613
60429 582284
757619 824294
93029 838758
514528 313574
364967 677332
104173 935473
178055 37872
159138 781068
457181 977830
13446 430540
486939 531859
611971 174541
914171 619606
443044 11363
368 583272
861114 977233
965281 465333
791789 358179
535133 706364
268589 672122
51091 954232
317482 999954
724885 186929
188509 491258
557639 377153
864303 832209
166880 254008
292771 132910
541863 780812
803744 730508
382972 978326
573934 21201
208243 296739
486897 47787
651545 639338
423524 285103
128581 317524
100121 984985
415759 854236
611200 837581
697381 63344
204316 825889
40532 9344
898779 403466
819722 660531
935631 69415
362047 67135
9527 108532
324939 518484
803013 720895
213448 959316
972883 901007
798321 713723
954997 989000
474173 979016
15093 483489
755145 710789
338860 48189
25594 217717
87162 649408
133602 182945
418329 470687
110085 629774
582165 624691
612431 525874
274387 667928
583955 285906
757997 742887
696849 531449
825631 634834
731562 393559
825785 103696
414089 833492
315066 662833
52178 750432
528710 318926
309265 895211
167499 232602
628283 873326
271263 936343
630588 626493
641962 450551
260071 536390
410218 876324
402820 154056
62548 302648
663317 587305
658578 385470
323071 998450
129996 735645
547903 430965
961908 929276
765552 940470
452377 107125
308564 678104
888198 684267
90622 601582
46840 843864
694677 659020
224540 697420
482516 317109
359446 489895
982369 694192
894955 236404
162319 669251
580744 372341
110776 29656
620199 580776
626918 929470
346289 124842
604227 293242
944747 962118
37825 305983
878223 83959
503798 192414
1106 106524
273531 575698
662483 185508
973945 923616
9252 677586
337843 840926
965813 288595
435313 803660
705373 844958
776959 868249
640473 287838
728694 905535
908984 293646
864829 939388
487047 732221
791852 765024
364954 80578
432839 429954
308114 614257
629704 835756
430464 555133
888438 931702
504473 859619
577035 965186
653019 48749
706782 787846
829955 929539
864937 434635
725175 298614
135041 4611
157521 704484
906960 721192
393265 755504
313297 914116
697969 535984
715506 64787
924954 647547
834353 201588
470824 966283
812193 865569
5518 203995
354854 623493
657039 860828
965743 652982
76045 996875
237957 674143
285505 407791
710220 126252
173074 473858
715477 91520
723987 965813
134048 575014
140201 797953
877698 287702
802531 763684
181387 929571
699717 120932
240379 183222
692357 209104
153272 319636
373236 720119
284813 787361
710943 52143
544552 151658
778213 531103
72688 147142
317396 986704
248638 844007
404278 273456
491319 88435
722416 349115
629814 310905
857159 594475
38139 601962
44099 347243
352093 37047
608900 114653
27781 405654
654093 140594
837380 22488
943382 401304
442715 448353
671608 343571
887653 313945
72873 847508
187501 743082
393334 238437
11041 915366
831277 680526
818791 905436
254428 384771
809655 523493
619403 112707
978134 495895
484932 771168
778461 50084
1665 962561
154934 479210
36414 27383
376938 379228
30642 299002
523709 435552
983647 63189
755079 102901
264655 398213
690793 851340
457406 484818
309598 310477
523248 221459
820714 603113
676398 67675
213383 82510
316317 62011
866559 271327
901819 258321
184025 457916
547571 540469
511720 62881
354400 707390
371556 263161
86615 540034
404916 54853
69246 517469
105444 532024
15430 879711
248623 663518
280549 633878
679403 728381
743708 696566
936912 889102
762127 517780
330974 582551
637737 730896
583232 140264
643039 602061
730268 490130
780985 317759
114616 885874
109893 46666
9413 18282
702749 215722
796923 584392
316652 952557
437596 606870
687579 597341
102471 135232
157164 94463
891156 110307
223838 381252
429521 563493
720009 855163
889284 346545
743918 255078
405014 141357
929982 761441
520218 728131
623265 408494
431295 156019
437824 704886
237988 373877
342877 413950
365818 912398
860205 225444
251807 442349
520530 241953
722942 951672
976702 179208
143057 405149
627482 583994
399055 364043
111586 216993
290214 328685
259733 835826
762448 581010
408280 981878
356453 652433
874619 745438
752701 732068
629133 831924
428026 438829
612701 193911
213450 631717
394607 98460
826708 158111
627110 130797
665242 118727
978504 438181
820976 149456
488023 190419
350508 340545
529744 201309
389876 668151
49793 889683
953327 411723
37964 494875
870584 681754
3713 344741
998881 102474
908495 947717
173970 816000
586546 630726
460942 418315
859697 473233
211102 719949
193393 986252
107249 789653
950964 65531
742151 653072
619164 95834
386680 668555
151840 643714
917744 787185
992637 389778
195764 73574
287207 995901
159076 557746
575594 206369
407772 904669
37731 339472
945796 864677
413766 613714
177328 640913
919896 765494
993582 377693
960235 61852
46018 734395
130224 244391
136879 164468
835387 237071
972996 509331
136975 232691
478969 859121
392986 971158
271685 688690
818238 882057
743642 128504
846385 281450
564177 228582
768134 59663
961557 897394
564866 345964
481102 323423
906624 271608
776062 71152
822773 773503
856851 724889
281398 702298
600634 483730
229894 429517
490176 999521
247408 99427
4713 416907
765360 76956
210558 543527
167727 591319
493196 998781
38816 738004
859427 827118
496289 350634
675677 149697
557861 446890
335548 386153
233457 889366
226093 817272
647442 843601
688507 91778
287834 777811
139920 165830
128507 749525
345593 84038
377123 928565
350209 597052
308474 118528
468549 981045
684521 374933
87821 16088
838829 70485
187295 915609
40560 6661
772361 545018
867552 942774
706891 597710
816766 674963
841675 591011
138870 959699
29223 675709
150339 372979
673506 603793
552196 937602
946272 610874
158953 845525
687092 787847
223901 794186
562481 396111
383131 486401
111877 386112
431627 360928
997153 296456
289797 949793
635721 831974
906570 676049
401224 643997
52388 364457
353878 75151
868958 111275
381988 252277
629935 985140
173944 782805
555924 208122
632518 514913
204836 200475
108442 583721
624407 634378
344051 842593
353632 508477
359358 25358
869754 910838
860182 383955
128557 299685
104172 663961
784634 688576
822380 349640
35316 87703
88552 223946
802135 267478
193502 231339
382961 823438
288741 328230
239427 691775
452954 213693
697144 696680
534448 450168
187721 20555
546772 983600
892249 497408
441091 174260
669555 244658
532080 968707
323950 996696
50110 461423
436508 670575
218418 71486
202081 93541
136795 343574
971134 412442
839220 40937
442288 902161
693349 801018
686485 170303
685158 622046
86800 435127
275395 784083
104315 335276
277290 98737
357242 926188
13587 524793
931321 290861
163488 839930
312490 397990
225986 928102
845996 970314
172256 932044
224102 430523
801128 642086
654982 52798
719092 398092
174530 248749
878017 57117
769896 906380
354466 180259
120003 482590
778600 503372
438313 38823
652536 132461
426225 81849
110250 218893
710232 87533
559754 382404
482591 486813
445790 186608
585526 445959
936847 32948
227448 755265
150267 548404
767487 6910
749368 118124
336513 251762
615095 6284
441764 282077
44759 658937
674835 891549
957401 57963
425642 166253
714572 531964
892466 693701
762581 254989
537194 827083
420556 6707
243031 366755
265607 986977
202450 445176
192661 999335
111115 113112
80978 500395
104347 856820
50002 630757
810955 35457
670121 669170
38359 671499
393993 618826
190852 728774
621145 662340
869733 981476
499881 661400
570903 900290
108061 123971
432520 650078
900038 599464
211689 457905
96674 93330
482917 715208
610440 613351
694199 354882
201013 914577
684598 877185
469090 385474
21997 208352
835264 898471
164131 416796
423433 899075
96485 523388
378318 302673
346264 686763
898162 782860
796793 908746
593961 531789
27999 255240
139156 183143
577182 168848
371311 225629
71089 473919
420025 980231
571741 440608
912716 509500
532621 947250
225890 53929
194999 520618
818056 617818
594745 821844
668617 97234
975511 692934
780968 202867
847291 964644
816588 153078
560275 352783
399200 773910
160118 576032
413288 655009
369674 755821
910154 563563
222997 578382
110731 199477
407119 260245
872215 509666
905087 848855
949911 20163
21831 640035
345939 325323
821073 806206
481609 324794
83270 676336
821900 98421
557795 164907
459028 401016
938581 196761
823210 105400
781878 745623
989395 232624
145141 903092
922223 136084
700174 711410
844552 858978
519824 494450
846348 126604
741134 271787
256400 652410
286118 858440
231843 988708
753990 86573
368574 442143
568052 908222
889645 136891
278579 367740
248012 927428
252235 330399
343912 407209
192765 396418
222024 473287
543889 941966
443496 146933
994765 245895
825337 215425
595507 898993
947899 141346
975140 348812
682003 991858
366347 140437
480981 252344
845878 427537
85510 178629
360486 920928
90613 803642
883746 895311
218072 360794
725487 300548
795450 253837
813817 138038
748811 1493
838797 22043
60657 912136
750979 204662
870199 309416
194289 650551
987069 998434
566699 195769
399729 727092
895896 285074
281089 528463
112761 17483
582050 136123
504375 628228
44404 619712
551438 581708
833043 31995
151793 727926
674155 834963
473563 35517
157816 693715
381284 970093
199332 59801
671948 460114
324349 62778
498951 554633
337480 529925
931764 147592
357250 182631
190895 645025
476141 402342
454698 70173
649126 564262
807706 239659
395648 285006
1123 883926
315114 116423
668123 917780
25382 914657
183205 249520
210782 472710
804176 805742
975652 196616
340196 183556
106026 609260
435565 710278
524466 700952
712892 372462
294952 191910
300343 653914
462834 468793
823376 300596
346627 901571
247303 169007
82180 514948
435740 320633
139329 375355
625289 269244
470200 432269
619929 841893
81092 750781
734914 856305
44499 988913
590950 293214
925738 776165
59226 611579
392917 204571
354648 160127
710515 551153
515856 570544
60804 554039
363813 966247
241502 254958
663708 226263
567808 673919
338595 348289
423305 206579
79881 629340
551199 275092
235510 218938
861767 540704
239720 475211
116588 686146
87024 44401
594138 532422
197246 576137
645036 128031
489369 290115
213789 895691
709762 639923
788429 901992
203811 151747
770268 395385
607135 321275
973621 463762
859377 821083
326922 889516
156072 875114
302828 826344
212814 471257
618459 210467
364165 836812
752770 755608
639034 746848
418104 296640
82081 341291
164406 120475
365353 684289
403146 534427
61413 655930
211674 845888
813827 262233
264149 226812
403649 259010
274759 652665
536095 84081
244534 797910
552788 748809
450048 628203
62200 324435
922251 545848
810596 854640
245557 273594
791157 948963
416643 872260
308055 64133
903957 400393
596073 790518
797113 881575
226796 921159
95194 272089
609272 466922
756419 555059
144793 615431
820515 500640
223956 350769
295967 301656
450166 702250
124091 479349
400505 1930
231026 21265
558478 968962
559364 919942
961077 18442
184110 631806
705447 176749
467317 235318
396281 251459
86997 906419
153025 373495
388169 955379
988707 789948
122284 77487
499536 608103
603213 298744
646126 522202
85804 656299
732419 548095
751124 45464
466922 658832
6917 878655
564781 566524
861125 981322
95462 457403
14330 991919
342057 784363
66104 531928
274652 812065
960765 564151
906321 739222
968193 484429
726353 912370
21130 825591
870556 739773
183528 331801
419838 586812
158025 410296
988578 262433
587170 156850
238579 306814
490570 900531
999359 941223
847847 445479
178258 252395
549758 521771
198828 815767
457937 706468
560819 252547
461086 690565
736867 586307
153783 173856
187798 75145
783272 140397
719004 527104
221407 146119
656822 272740
529300 130703
606286 206679
515983 716618
223485 398864
404593 399905
218111 589257
302728 7877
287108 161951
983171 724297
678211 398928
688947 181158
174160 124051
669302 120563
932889 156749
110544 261433
732777 202341
674992 674511
654517 732151
826546 171481
20486 286931
970016 667445
376030 980975
613508 906742
100964 264582
872222 974642
498704 298951
52258 878843
675303 680113
625189 516074
367188 698532
313185 663160
757804 242360
275772 185172
301269 105900
515748 691485
545510 940922
560529 668707
119451 116876
52606 589912
609623 130825
601050 238911
933684 443773
414018 85879
138469 301399
135139 628474
296541 292006
918891 737192
676585 992010
413141 730899
492638 360274
513015 656172
969927 750701
162890 851123
350987 633218
251541 606633
858367 145270
846302 211697
628523 90272
554801 664231
266064 953771
189568 693481
674286 317856
609199 364069
629698 833625
714458 698990
214532 827082
617327 58584
965518 237138
835793 657603
423677 953484
709091 624928
850572 421377
327103 397149
472810 939127
678906 321913
38765 167789
591726 510645
369154 555611
301624 770557
275831 723481
603433 551817
488743 228326
54812 317703
413420 274572
425701 862127
482676 937684
902485 350948
556908 812184
717554 729444
792638 572486
471087 413495
211940 881327
13515 163890
394851 901642
950541 404332
612239 593315
20940 533497
953429 379295
221738 334668
320459 740955
815672 649588
369099 673977
714617 892382
916505 831811
461237 417507
586965 169091
360573 48749
410273 954486
585336 165503
623281 286558
720356 296437
628456 525378
103123 166136
50928 655410
505948 588612
808416 229089
484010 90578
284619 16269
147416 341134
246832 345855
393403 693629
940931 531451
944300 338093
113969 520385
655533 709352
735344 578693
376764 208765
872248 72864
76132 629411
954056 727252
16044 656031
537861 229185
973601 33460
627444 753672
971305 392593
437123 14770
735773 589350
456850 958838
92060 286932
538391 566976
237014 927871
698236 485594
729646 652541
410723 647783
945338 366440
633319 276400
955794 316758
711823 662285
477658 877586
704752 361542
346817 719209
502778 883589
747025 587847
628581 684514
6774 611397
222924 630430
706 408571
213953 206355
280752 602856
152488 455737
927689 805671
822535 430482
611344 643495
723052 423126
789967 121708
338571 613781
795257 879439
961043 269557
287001 160715
728050 82504
966412 499574
133172 471518
198189 31719
458902 79947
949609 549499
633200 870186
58542 318385
85854 83525
381064 354630
148738 992640
634249 130449
228853 216677
470292 781892
520404 884045
50928 824790
911824 537861
223189 93622
351058 977044
36874 161713
872486 593155
142142 278878
704375 380520
525442 934080
139525 603053
213727 786236
360632 797388
205690 751898
596406 488084
840224 796749
260829 253050
956311 547531
607041 509581
661028 575652
415582 572073
185540 199573
473895 465089
600914 464724
109695 126362
489627 270427
727449 49865
70068 119068
179098 282972
630295 697847
971394 826814
721256 504544
1098 223255
79950 738382
409771 798995
610613 224183
679147 31069
226528 176210
547558 541999
803792 62788
147743 640995
932339 750785
606291 685934
861076 903074
275618 832248
22222 423026
99253 539418
775770 429028
943931 160210
601551 711213
192742 610619
308568 726304
442420 25846
534888 608447
87011 263204
26766 34437
758817 166839
975921 23899
97654 929421
346423 169991
545727 549308
446109 398
977810 420030
432245 820394
150686 846096
42216 430124
422580 226962
671441 877633
360432 901554
634909 428434
77011 145311
797891 704663
314151 945491
572503 343505
460783 765530
469881 382178
223962 74295
938041 361030
720304 666394
443459 844806
810118 826036
598464 125460
60445 929255
924263 454924
592074 402232
674203 144520
245424 793572
715315 500110
86211 476273
256312 463407
549937 226148
747923 556475
118204 404092
136393 590408
71847 165555
739365 161264
762490 617774
863981 571561
336789 290409
813986 162010
977532 257271
897034 890715
429829 961424
269414 635984
117196 643654
452595 902822
178968 969039
624145 321265
322258 351316
494892 648840
551148 236647
98015 729104
218096 794828
147210 618514
424542 64259
881301 829114
246355 654914
790236 646216
623155 248559
849695 635639
953103 841005
84183 270867
888976 466675
366488 375028
639664 840150
898734 420634
280991 129316
433014 991469
453679 751237
625246 785415
966142 486281
314611 18042
522412 703347
274875 210128
655277 222994
627349 311908
126757 905123
307250 194968
319687 157653
430878 908628
346162 926450
510143 99796
564784 431378
319841 128212
387850 954482
251141 794136
774896 530150
649759 944786
389180 565245
974717 137492
82900 614541
229817 375874
21000 310935
984053 707937
993619 199775
335152 318904
378606 129380
364806 546873
809360 619817
569254 854854
796756 906146
364668 652893
694766 560077
31586 849273
6403 211762
250540 431804
611571 128314
853101 947879
550231 727041
267827 513396
481153 671763
500671 398500
742543 698738
583948 539484
304829 58683
984181 68616
329421 862291
579231 5129
817725 131813
330424 124446
54809 698487
811752 949737
506745 250488
993417 729450
742181 597554
343602 493048
857048 866665
744775 645738
997661 501294
191064 499617
298986 192518
98162 107018
151250 243437
90239 525537
917575 883576
364119 686821
679688 400137
141058 157000
752686 273921
198796 347435
775742 609211
802731 344158
392056 576002
15055 966310
817820 430168
246820 137405
346781 470321
228168 460638
318324 66893
118379 808135
239178 543587
362484 635063
662349 771433
909066 288685
245753 529387
820199 634542
657109 103292
194480 417221
808528 342955
227394 125522
515333 494258
148196 825839
980161 129408
159329 185432
467525 560670
680029 741246
520172 170481
209114 258116
636808 257354
459771 679734
80314 933242
431628 987657
555722 582396
351437 954248
31131 598932
14536 458856
657493 681238
237732 920933
64029 681303
324368 399338
829380 782314
449844 72176
499207 711745
274404 302098
33761 727478
848787 633013
753071 968562
15635 385624
721764 82003
671880 732433
959539 670473
34520 998127
328391 438838
575056 47088
496417 27027
527988 756315
335746 525801
248469 451109
52178 155166
170945 593491
775585 207490
356697 463421
16217 11127
440451 171288
451684 285175
662112 293743
492360 388671
609266 112145
901349 499192
697388 39031
557998 860652
822228 46517
267922 624467
232245 287623
17602 720974
227965 753932
326646 124155
642570 150606
828658 583310
211161 199727
500144 631855
42449 200945
639253 420815
644591 601970
87734 428374
159912 408175
473649 256026
429818 193366
867028 769728
770785 249789
543904 730306
295875 77892
358459 470181
961637 731066
651876 372959
960050 856687
866259 476396
365647 855405
775560 354309
507199 582379
972773 674921
82569 925565
394098 303378
377164 51251
930971 276640
782215 104059
32507 721169
132209 928089
610278 7732
426778 30687
400843 163418
402239 411965
752112 217951
55985 203495
916223 408628
343903 374685
224261 699049
334221 676052
971100 588600
447366 432320
915734 836859
606425 813514
953749 606059
825443 814055
140405 131565
247967 408091
263031 631490
991772 23674
189450 268089
913405 698498
283301 518763
612029 832863
145626 6417
909878 478470
728164 763148
170087 688938
508993 422972
869872 925500
98849 46346
821382 115914
123051 430150
121564 370720
984598 61979
994347 774708
222206 265194
961308 296579
97481 456263
110179 776980
705343 841175
626159 577868
975608 499089
66332 10508
68354 548848
401653 974740
786555 472325
886266 452015
269306 831966
9862 283772
789400 625553
975060 557444
181595 484458
159867 145344
997752 384054
265459 284839
940419 154001
602428 529958
663988 568116
336339 239094
350873 497376
161220 852925
195035 471373
484193 11088
871427 154454
201790 652937
388775 40533
483150 372162
294656 878278
160767 187089
86512 429026
989823 662051
711629 558522
405518 242836
76358 216432
193481 521051
758351 763411
810349 738442
846825 242754
772048 294888
384853 966361
748394 915185
490130 408541
400972 530620
108954 744168
101611 91765
797327 983842
95863 280441
933536 423350
93041 597329
546694 338089
616036 950371
273232 342469
621721 644323
70099 879457
162057 783294
96850 658890
396471 560957
92138 289607
89904 369148
979866 176215
115740 106011
544709 715316
827759 785336
264321 86180
608606 199096
917703 944498
832688 534594
383765 434977
257843 39253
11817 884951
90609 344712
290957 80412
140733 324852
202879 130282
747812 351638
620751 65052
841627 202625
406106 591918
528976 230807
966734 88698
187032 836876
184635 810344
331927 126790
207620 163791
142958 280332
341799 404906
58287 136453
45366 275034
774840 170338
968150 761728
708881 919582
633129 265482
138683 522675
621537 906875
544231 54244
957164 504785
21419 969933
243422 42552
374232 238693
609195 201148
198855 870911
15976 285691
752020 983726
39920 615682
508833 16829
681770 645569
569632 605421
977572 250584
393811 210231
862832 479392
42076 308303
512175 286658
224910 300769
154080 421541
832764 728048
76308 448729
18458 771307
327442 500226
891290 351307
753058 970092
307707 385531
515107 15608
232663 703704
479215 816373
7033 846348
534763 753617
491834 421737
580240 170381
55135 38178
999128 52133
170617 433941
501212 69219
542601 430693
972231 231909
44258 489317
949138 543435
883985 65461
567462 333600
907765 827512
292676 483980
841073 396262
820830 1834
134084 21147
349412 581313
457550 798872
101956 518006
836865 594524
236250 350595
796935 496333
529914 414893
386323 952380
681831 347369
95884 340897
577933 205830
725668 197905
356118 931267
225811 842791
381714 741228
577735 524721
570688 30279
958335 365800
239322 374525
647614 1372
261472 245611
337967 620418
90328 163322
384033 433237
376770 440931
952423 888772
975768 289814
962549 397310
698015 480110
856067 258458
979391 378373
928748 670935
206212 149460
354081 631505
801534 912536
289743 23187
494677 266140
193494 358031
475030 433079
895786 482573
217971 930931
458203 416232
991054 763145
681872 948206
468081 246870
302806 577223
568015 95831
8137 175436
34225 151181
678520 820879
120439 430378
847406 763877
328498 780635
753417 231446
348796 291604
167619 372553
882473 535308
842586 556839
234058 161377
823618 153365
585731 354712
517575 789576
925593 856981
597510 179155
815762 906212
979499 890754
11708 108678
752967 541490
445827 920440
265666 949048
493623 973430
995048 793663
130885 895195
942285 529395
61756 174416
109482 933801
357927 923900
133285 297292
13774 428153
674153 812987
126626 316753
208845 981454
536308 737836
659212 907536
84863 940623
973654 662406
528262 152820
847700 740443
36913 519376
231881 940340
65620 79055
181304 994160
598385 129024
845279 398700
500787 401324
223592 464680
626963 906483
825063 865366
863142 343859
564331 608424
324935 169133
34677 536938
971206 94608
676268 13589
177573 878991
479400 111505
79842 903021
827960 216755
821418 671272
318 61030
690411 157833
984753 881766
615827 198159
967104 46140
920045 34383
380031 744790
625734 636563
726692 108569
943373 314214
368116 715225
955367 728492
58841 873917
134031 968709
219120 767541
6933 523259
152131 318048
643363 630480
660538 931116
717173 297435
368605 973351
47359 657341
361751 572808
679200 128152
57627 489070
92017 200447
449708 701869
489642 976690
585052 800974
715048 295118
146110 905151
69213 348544
135923 153936
749022 357738
530104 261843
609261 971473
547986 319523
35397 128891
702716 243595
698799 490936
506821 368901
310706 6320
879060 825690
224731 865483
5530 106422
894729 681943
924230 233734
783007 57592
275570 59873
192270 633163
215860 347094
741873 263703
90032 668225
622757 360004
469109 946427
476660 464112
885413 658645
52239 547248
60667 550914
492540 486848
507991 392326
984015 131050
381678 893202
511908 387782
731069 670507
261025 677546
899793 381861
437697 813017
322065 770429
793665 200130
544527 279126
730549 308860
720397 452537
38365 739104
269068 942249
632706 830300
391765 759706
316375 509149
776950 614434
582944 458090
139995 92737
659775 28816
265518 897689
462776 428013
813980 984410
519805 477122
825836 564509
193712 894381
530155 976091
204693 180886
614294 387529
94816 356160
971049 803506
728818 8007
48703 312870
572342 729846
261880 492945
39301 767412
542821 276191
870641 742482
824040 858412
165981 258559
983098 934233
885518 617607
511286 144512
434895 741402
29321 691274
464799 626049
955438 187309
480330 717845
141183 669105
130440 452335
606419 691073
213044 579164
816334 48608
920623 721234
63944 389798
928748 355221
689703 689005
303922 238819
327732 850013
920287 334960
795274 52238
307849 56319
516829 922131
796152 809461
964855 479303
447042 8004
525180 724696
60870 218387
78761 104757
47894 748297
571578 503322
964995 766986
969915 176073
355348 393934
766874 243202
650535 680548
247753 913175
934847 654802
320029 150338
291645 806512
954651 403990
469972 620748
558079 513656
538007 638455
409368 536215
235440 190406
800200 448800
167380 736244
17959 184568
709976 593962
44921 297293
763614 949384
141545 807575
149738 537815
623642 341123
846576 479502
546090 606551
812957 943095
226173 905826
988999 912471
967253 637009
495223 212050
1259 791415
266588 819670
515228 32975
15125 687872
88963 889003
793835 507553
867476 350582
735739 508148
723878 831075
630091 265024
794223 171578
338476 436059
722246 87014
499108 539035
770394 86504
823185 707324
395866 652923
901343 945900
289001 621115
933914 758992
466799 979171
603398 302062
841833 765025
823157 61082
461739 824455
445987 723157
921841 217007
940437 338288
519587 117595
495304 30146
898557 518265
151322 358702
769661 92701
757090 917381
316818 897513
128552 285996
663276 654297
449182 464543
652703 390410
90751 638591
331513 213244
332766 138166
123199 811879
910828 770671
800127 955369
452565 225537
320427 60992
716503 981909
130728 446351
192520 672299
456458 765714
912944 488507
982052 288314
540595 721670
365502 701367
748899 21709
747323 906228
363455 739104
280029 54374
929943 976768
137941 761191
610782 424748
753288 538069
684861 143202
523025 978890
753825 75940
426190 100455
796945 482261
685621 639541
532393 892932
608964 308270
485035 470176
536271 484279
700681 841034
36028 435351
917729 259223
119723 274309
413442 475393
603919 35556
686483 234099
946427 179974
810730 232730
971558 121114
394716 688980
318293 573294
753063 631489
798642 978893
923162 179505
68585 557717
94457 998250
546004 731568
696341 84491
377077 500792
209648 403381
254037 904055
374154 511698
949133 191756
545933 250152
559166 845591
252406 32268
202922 601349
544610 839969
984920 22923
49062 305633
884300 151823
93692 301031
837243 670412
546475 335376
889892 91922
504748 117937
124382 639724
815833 723140
927259 974381
673606 896539
803179 1093
955454 815456
746990 398517
511732 474302
972420 789443
114347 711264
601914 982981
337687 910440
450725 45775
650294 121421
784053 996449
84941 129582
863996 11397
275797 161557
536589 428043
824259 202956
917728 693919
917690 91738
803108 627278
194869 155367
739684 259248
376784 938231
876840 753876
254453 518451
751380 654079
193415 898507
958591 203003
374893 680614
843733 107931
335728 279735
302024 9387
890748 157858
97104 210168
353081 229239
36173 267586
608389 189317
330568 168015
583388 969145
661516 948472
564675 559912
640119 420414
36755 468650
330278 395767
972750 154788
199410 142336
832197 455932
680634 153402
980126 698958
321668 724929
344880 314402
334552 409226
411716 117113
6823 539293
983666 630461
941113 90845
427332 772023
439313 329293
723757 676618
167201 22176
459102 180969
445122 717912
804257 763499
95815 919066
901686 258167
97891 796512
188373 149993
756002 278896
604738 867910
918053 535811
52763 880337
65637 335909
421690 12903
264659 780655
436884 36006
929724 243270
56860 805267
280623 6796
277160 389407
45869 303569
140263 503798
171939 215594
405401 445527
373271 484010
62036 264458
320964 102808
906969 264927
309601 462680
781981 992504
558057 264535
893208 263029
799046 17537
905500 504775
725950 30424
648785 419774
447261 651805
956393 33306
633932 408264
747057 556699
389665 162054
970798 417193
254554 568427
266807 378646
105559 49457
511392 38797
985342 42737
378497 201724
320229 18254
241844 853100
47063 53966
699743 603913
345944 28617
134003 753672
109072 80810
496301 48373
445881 788338
74922 339210
762206 960077
95774 648922
106592 223804
985960 922447
760337 595864
387257 500266
688128 344432
321371 408646
784196 650090
213695 849320
652246 226995
84964 481012
316362 162228
731155 452952
942154 484203
301592 611496
134256 844853
550530 783770
919035 579361
833375 290563
413902 280977
599810 180011
551505 560173
625260 891690
206555 519041
631525 471292
242512 428450
953951 847026
578387 892491
774262 36949
243167 747700
52258 969487
59789 279285
429333 382355
427889 149979
167465 359066
422967 551430
563867 925967
290850 434486
990273 395705
548081 960563
321560 894617
392077 946353
632357 902201
256904 912454
241262 123514
712488 591001
833710 494075
138989 448344
561295 121001
824771 895266
948298 237594
702902 922389
499213 264767
923256 568654
402675 983061
43783 990409
622926 480886
238183 151492
277317 794646
285311 905790
547238 324479
597586 319574
237810 376912
483893 111397
227931 61007
915219 200105
267938 80663
34239 282126
505642 76744
604723 166696
173105 482540
978430 266526
622642 962757
753328 964804
875404 590659
6033 450671
776661 475858
178178 563933
469682 646060
868815 482981
815026 72495
800932 844739
546459 985334
542103 782879
152788 834203
278552 60285
461510 43250
212619 688500
148204 323225
541906 124573
869389 515405
474827 353252
495885 122635
173365 599195
42898 493530
340033 148953
402404 268321
593732 47540
207548 24626
307776 582916
491616 553123
232050 836413
952261 913904
249929 536972
438114 639394
787177 95159
566552 7440
414781 261142
940474 82581
640438 492781
813369 97791
96014 656808
515593 634543
608889 31735
936697 287505
488804 351994
551778 166388
716373 694540
729582 229296
353907 272634
374137 445730
64321 890952
276768 352901
81722 480383
541195 707336
991323 918727
843077 204119
776735 893151
717207 56334
610515 273468
91471 310497
94919 331879
784496 614401
188449 201485
475484 195135
508737 325568
91211 179279
244409 486798
814922 893362
838368 787170
192712 509342
32786 462140
575377 656067
421695 330221
522593 109968
189576 62521
798041 365374
635073 316283
909963 10471
412311 639127
780430 948840
689766 741850
495454 779607
102023 551807
166126 99184
759799 908291
775095 639889
84543 862087
498877 630647
986855 599481
527897 700157
874300 644706
775948 266627
741840 826187
907733 289688
19296 289172
898722 132501
445655 87720
546222 767845
252134 322997
658269 353597
808259 629716
338768 716647
220922 31479
400645 366048
508740 437498
786709 864929
633974 19142
283575 853843
767447 460489
966411 434697
103221 376875
461672 924403
856474 163757
499227 10953
705888 309584
830758 23220
270776 440169
62465 867987
69106 216754
115776 754938
988943 465710
514588 951621
932261 645381
970821 627431
164808 198245
22251 860735
133424 38022
189952 904572
948829 787189
685120 623791
175559 407779
134738 490899
23676 658464
327510 909976
386257 329659
545696 411603
737377 77247
86739 736845
542551 286444
535090 152189
312829 936374
330229 744352
355766 774030
889609 551190
786016 364782
839876 37287
920415 824339
725463 929470
565863 531947
175542 757683
340661 137255
290350 509137
561557 920509
209023 15174
681472 404300
113741 632199
926963 859171
664187 499408
271417 846331
58835 777540
810563 676201
602649 975267
843213 938033
521136 125167
810173 259061
273378 806482
499958 74548
429584 823504
284136 293031
32969 957211
822559 61137
51736 870735
402023 482396
444625 247041
468440 745295
262174 853323
508529 36524
997733 526685
916949 44109
458353 308779
754927 254122
72449 807112
374363 639509
266408 866203
952023 478938
179862 121126
666122 927738
621324 309580
770296 433152
380327 439933
775927 564552
383249 434766
185022 622654
25550 697106
477404 261011
441801 117691
557885 950146
105274 133957
791642 209083
439289 81596
216367 287540
233397 22908
69743 158167
943047 58901
442065 861886
190069 848445
158075 271891
581960 665120
114542 696045
392596 260757
626574 329057
486913 186645
194623 904677
989775 785146
686232 351908
257675 441517
856838 17286
166895 564197
870068 837484
654425 619236
661655 88347
235010 761279
783775 936149
390505 788521
325032 737133
145719 8563
542977 873236
929814 968708
121683 736254
70361 325819
252184 278338
671346 767509
376664 753905
197731 260519
844458 844844
128605 906375
141678 117770
207441 994348
844727 304325
350030 116944
122742 928963
513621 862636
315544 837594
957176 1708
971757 177318
887591 638089
753884 24625
94171 752623
40558 152888
184803 33512
123592 200257
64899 529233
218212 644552
206698 614348
25069 204864
253128 35421
853885 657377
166849 136101
878115 594031
137860 991572
87 275253
198120 427122
237234 790596
348285 643519
45113 330687
599076 887371
565981 861553
499769 787676
443296 913786
18264 433637
941328 917158
159928 499317
102069 860217
49312 590314
42433 616496
822429 254667
804484 25049
688976 775662
243322 5958
963806 251423
941692 576283
162261 613138
838004 861578
875069 605274
249313 961268
331038 706269
255552 565082
744440 666172
300898 318935
472790 724651
665144 346906
986444 70744
785676 142262
768997 978352
281308 251000
565364 676170
249388 324252
979018 482483
284150 483007
10565 438530
729817 25664
286429 772451
534352 188895
894382 76431
314997 95845
428148 517201
958956 284169
682477 660566
891178 149514
649936 230967
279662 349877
614518 94213
625326 478926
675226 92536
731624 913067
205693 102700
321671 220534
828825 548998
419028 899548
503695 999599
867125 201585
968723 930945
470055 745514
695738 730796
757999 387277
74831 159671
94916 746170
435135 599706
810169 537036
676376 281102
350787 587532
776719 566832
672450 502185
346172 118243
598371 969891
154393 230952
817997 642485
408545 927146
539902 817913
162 804869
405870 523954
289818 782338
878829 381244
86629 770190
522587 845565
475810 454466
899610 809178
272824 934145
84199 592044
881565 30631
211712 811406
420063 555941
20832 521543
42551 545833
32447 199790
518982 899666
847957 49381
291197 888522
436705 32195
848435 737601
835072 869449
949888 376149
261414 98854
210741 994130
50477 872659
952446 845929
226610 521824
196523 19942
344239 921949
329119 425541
691161 194558
124064 18117
184653 30793
440692 877196
121927 239825
841978 915368
236388 296840
751075 522625
199807 983148
511311 405498
624126 59069
392000 60019
214387 334731
842118 870557
70670 916526
173620 542025
658093 497794
217212 373110
998604 361610
163518 726098
225546 764181
223124 795979
887964 576053
73205 458368
915924 745141
246386 643621
939091 61592
595338 145736
862130 579866
510765 78347
81632 348587
575377 716722
863635 824384
333550 284865
927522 561431
632593 799608
410983 186036
220985 71646
281779 564888
932814 289820
13427 675807
799226 255105
751202 629196
230202 835431
877368 175168
617345 62707
701051 953647
61625 231099
121817 418650
588483 777133
581213 129319
847719 676194
250416 326761
962121 372170
194205 56174
177224 412086
627517 510999
942640 440274
230810 52963
549654 582010
421092 746491
572052 553041
829029 779381
517573 338466
625600 308260
270019 233977
336422 675879
391611 561776
477184 532805
446096 481526
500055 572379
425299 397080
847061 407805
887934 584355
621876 825146
883978 546596
875539 648243
801563 459470
475617 885664
897854 501274
899122 50475
491895 587802
86968 314663
446322 636572
484452 615235
582533 291513
210225 138452
493154 806846
290531 550080
386752 964161
865616 457364
802147 398993
813869 264990
796129 564862
458130 330783
952347 580774
226626 30285
354416 464644
964504 324040
40512 80686
365787 559907
156492 937749
436606 154100
643137 346557
229026 781833
106600 891424
297745 559070
116451 788321
842145 74606
765426 227522
951590 418957
441855 669552
515593 346424
345217 314727
851393 174425
744038 570998
555986 636132
283776 222536
44287 206932
980962 90441
627790 731331
918270 884620
727538 706678
883300 476501
554821 982290
224300 877318
426586 728609
413090 448980
308631 136167
394235 180051
345095 519425
139802 70631
273315 576637
247458 117047
202137 110044
532705 839083
636419 869460
977970 85250
676091 180535
335420 346923
77259 362287
684943 501848
638785 65850
490591 163511
635597 55730
815928 855093
712117 424149
71601 367492
366371 514586
408066 136294
337068 11799
663462 275007
350093 481131
209564 160
559301 187006
570898 943738
799344 403339
876889 828783
617264 313833
151756 172988
589631 685009
13096 932172
434252 370848
946809 395060
732413 941684
159027 485140
479332 480194
219962 640930
79256 397251
522189 841789
547189 202626
783772 955897
563732 219998
470198 557844
910484 253906
102430 83662
426347 297488
989661 459542
827683 240183
683685 857268
637892 666174
995929 277703
798855 738178
876113 39809
635468 47493
979648 938445
248645 635751
49689 257246
606059 726232
7153 605558
209285 47288
939624 220893
24028 939582
57323 475882
71605 189852
873974 934735
965968 184370
199371 948557
670113 800734
423061 603620
164987 129586
205311 366442
166506 54816
684365 846610
705237 794560
85100 599278
856999 743688
827262 405786
320779 983999
920045 308116
161330 219079
865553 420622
774908 145635
605165 28219
780829 719860
711279 967439
580969 654520
524495 55730
924476 999007
759139 104914
39062 492139
903412 685492
706615 347255
380879 57104
386220 574405
312720 739180
789197 779779
887797 303895
262681 550618
288580 594885
448110 699573
272090 195821
885416 732966
633746 660425
935015 728388
483541 658828
737572 234072
248894 476792
46066 311096
708831 593191
566499 778856
534979 722866
267982 793253
281912 498391
697029 258306
911268 174588
523759 20073
338697 161814
934547 324406
523868 823941
929176 708483
260885 763984
127971 964919
495743 506953
796808 547504
818187 414124
980341 25291
978092 407366
344746 640073
51079 952094
299291 981517
150235 27037
814797 366601
218706 698324
684434 474253
738501 521954
949458 325285
705380 477243
421782 439461
591389 496111
706315 439404
563221 677120
34573 733227
683414 523446
587531 466974
627135 848605
32585 302153
533030 476057
89942 480823
360360 605771
584758 239426
269557 327681
972204 462583
966989 41542
147028 670166
128529 109765
676743 759759
619593 548657
402970 373955
462844 351815
42398 377202
616230 179816
334118 895591
650799 425690
647261 279685
551048 430942
363216 361102
523957 207344
812501 125056
858917 92434
757286 418365
590645 362076
80582 866922
99659 8197
601175 209462
231957 756655
885118 45336
440454 209894
453848 278654
148043 909112
544153 281604
769820 146025
987944 761019
430912 807511
629623 788302
693139 185369
86204 145369
221129 975647
43359 99595
437941 942290
6256 717140
999310 133283
955407 865484
243305 335657
143752 864369
151885 70606
410974 210149
229599 754522
788618 584084
158947 448497
820924 594454
710986 246729
713945 20716
511776 397846
112925 775632
961434 936287
301796 567969
631480 917771
509565 102550
752905 207819
308838 425184
184546 786853
570008 110336
575368 558963
2295 768067
739637 419625
128501 599166
500659 780267
424678 986674
317865 594153
449285 307637
830101 615967
935898 840808
788360 134958
707217 63760
484324 496229
698108 686497
162927 29962
752950 496267
622415 988472
563322 133007
871438 957997
787993 881464
993594 739920
436207 372119
509499 823731
997043 160744
198996 609447
623796 682909
193476 489781
893066 322973
60404 310067
696728 541677
328712 394113
86669 600535
768019 724018
938687 878145
854320 318320
108890 369086
22657 420835
351104 218126
106705 159427
869180 617536
65855 862568
983406 776671
968979 816895
651764 780318
509299 144223
315847 871177
884429 769212
582343 244340
778348 889245
987758 280824
64324 995085
980799 195729
26206 659772
366849 497691
526541 609484
742657 650721
362860 841575
892137 382418
110361 779394
952390 922641
757623 878760
286765 530452
864364 399667
858810 843082
558546 477246
853444 116290
851412 868503
506164 320883
89445 490227
229799 507801
775411 608893
588075 741253
960478 177389
952458 193093
728773 788874
506289 471775
938425 49595
262140 561614
945929 665555
58285 513215
460685 148433
158142 53558
502780 240183
712727 548843
274690 95961
532754 831236
513018 200847
351402 763794
810583 545151
977378 276521
775239 640477
535084 812652
767943 299082
959590 527630
886690 289617
847421 935799
29811 484538
963550 257102
436091 353462
107339 921719
676317 207505
641362 109845
289124 241391
514209 326709
920671 657170
239815 821866
499565 384749
301864 71204
812905 899928
829253 390372
34589 647869
438633 652417
655401 438563
868576 683558
184150 122621
675472 580204
460299 497547
852128 599810
608291 676750
214274 772499
126656 744028
105472 686459
775395 937995
155256 497915
655593 782122
920125 926316
702919 420739
370954 449299
346907 592198
172387 945353
507072 952012
140014 246885
601180 698231
766790 346997
618787 451324
202365 578433
128878 371482
87541 998963
105133 944511
5180 545505
381807 90347
288605 970238
357565 371306
42883 43003
48435 131928
788503 102189
938659 33751
65924 571518
64144 107415
911702 642401
421019 986770
394655 143798
490657 845763
109973 642090
982588 933259
683933 786802
269061 63202
59842 77111
580966 305612
333878 259702
62675 555876
623031 484223
122149 580131
973864 5539
357750 839389
374127 636125
478146 282519
759271 148239
84098 680782
305326 833453
896571 41476
319119 92946
347814 615949
346200 757272
125660 496386
140779 219908
445910 545456
239032 395111
664381 773582
429972 14250
256334 474603
932293 506632
838962 9807
527820 191139
665750 500065
302031 463225
35865 935359
613579 149556
484260 124395
653027 585691
976317 157622
938049 490614
746016 642616
894186 908888
497085 647876
963494 740672
539513 195165
953416 310209
818926 393455
443088 958807
296633 216066
718869 20234
505995 139669
729823 324428
596666 899208
204740 690232
43673 164415
652302 885887
626017 678315
228433 150794
818994 916718
314115 599016
749751 654416
981432 506938
836517 263165
684706 167921
790275 907416
538107 689528
725327 542206
564194 817253
205675 309938
727224 406734
344459 448662
497169 313599
567869 967060
180950 438578
473150 647688
439494 742410
706204 152906
345544 984014
848046 867007
604242 259529
625418 778001
418075 212847
289337 44051
549251 684461
555868 478384
484702 619063
492042 755926
45939 747203
345263 966362
623416 237395
450754 418634
957681 603880
531559 216455
892061 903916
851644 727047
443033 281414
383387 714629
931452 40898
105870 759227
140140 862246
553825 120261
99202 101558
868230 546533
176110 510371
36999 99027
194340 747257
360442 137222
476642 704764
120113 378983
743724 753847
672981 916084
994843 555894
807318 917735
709786 927800
435894 84110
636921 123485
751806 760919
717922 328221
205279 464511
486876 937907
953221 294939
381578 101883
259482 262499
366062 412044
106513 444371
151815 742640
849919 353284
595738 261008
934828 789720
893267 666142
439077 141196
796275 432755
150791 343364
546871 355502
441012 875549
652929 544509
824177 213236
408994 469471
926708 597733
655007 764340
930568 231403
307133 723750
176958 158427
519949 639023
963957 953788
660947 711964
50153 877924
127211 606794
754149 211513
637140 593534
639571 222940
130147 916161
542240 309384
584579 579924
333148 359841
535788 404377
498701 110763
421941 320387
294373 610509
276032 331723
401476 661911
894207 412457
845010 370247
250713 957134
780554 195522
977238 62078
548838 48870
50324 11175
630322 350735
973769 608743
65401 868083
316577 612349
841677 117339
183198 137013
419854 330627
552277 696667
176743 112270
620713 672701
548884 664520
967116 803087
693451 790189
759470 71141
449488 760408
818203 985041
658956 640929
236701 136864
627492 960500
142856 894317
41206 364680
604837 228081
440095 40215
961431 72026
454007 622221
56390 679960
516713 354030
932590 423093
897700 632320
438761 901030
53881 816220
400754 630163
131226 279055
487558 589189
968873 748681
737847 740683
559882 826014
640980 21388
607158 919020
774471 237146
29103 306400
56122 68083
184683 735996
403462 578472
456552 271978
329717 412901
213926 582332
633577 82367
831432 906848
161288 763872
293033 630506
307350 658488
356133 681675
112807 184201
735357 713806
669210 908114
626057 5339
940660 638264
994543 85160
296856 278887
878684 502063
428613 271801
521687 797501
655679 677310
62718 818330
124849 182123
651992 371911
491294 634076
32036 175945
509575 619394
211007 50544
707091 900579
812684 342199
523603 984880
291789 610532
962027 827350
412470 607449
834027 608639
287661 90721
220153 616837
627980 950632
118482 711707
522141 887949
95537 322708
852687 308836
887625 268558
644589 777739
863165 978806
230918 305143
473171 579621
825879 201885
215241 653548
456182 78235
593021 421867
370877 529228
764751 957161
603269 216036
235134 482864
828809 428991
402702 550270
377465 271648
626289 491169
201207 347086
740042 581407
860315 668033
677166 639762
209308 603229
825286 899822
822818 989388
365392 512213
139349 972820
909764 299700
135309 71416
616662 735502
468429 442179
848053 229077
261174 77936
334945 974374
714876 18608
231702 499912
348549 257390
824150 745561
733606 772861
791400 684967
243976 921925
860454 647812
703133 538339
489718 3158
77781 227039
121928 90770
188406 854029
796409 313396
462695 489014
797409 402019
66217 17995
994808 841790
783070 929919
96373 978817
482269 34779
72358 79930
324453 101666
686727 559400
554713 351170
316250 671816
209300 88032
443626 749162
84609 714843
482828 9825
54739 902561
624085 554518
644224 652198
614309 167479
861154 243155
139658 899216
461807 783472
98687 810507
21504 862793
816299 270508
513755 893129
531489 699581
874236 864890
54759 321132
829297 748192
213024 454208
83359 829204
185995 646442
544918 867620
395368 791177
914730 392212
346799 617676
555478 792653
426300 966182
295381 827229
102519 33289
459509 802698
175233 938888
681561 748647
444337 582948
28493 575532
475000 699011
61463 36210
892963 567775
421386 55051
781291 898672
846290 519100
910487 958177
456859 490758
552107 4662
145679 417590
998726 466723
451152 867594
428147 591038
384546 716915
542963 417917
256960 573417
136985 632597
190763 94507
948095 834163
371865 999525
110895 998076
202466 37515
424112 784307
244775 715949
795066 699021
979023 671725
863629 532386
334241 933363
580589 725629
24955 652296
727908 125991
907080 237605
29064 664459
77855 775156
185518 491736
632689 320188
155592 967797
721933 792239
315602 579887
201702 504791
800458 1779
806766 220881
310779 99659
332394 626885
973530 809320
434525 434562
191117 347814
755517 629552
493223 953944
359004 689527
487999 892528
358242 329401
29919 154307
176075 279290
96819 176429
479655 56906
721121 160558
656522 58512
532145 835145
962965 739597
69055 933264
732160 644191
689138 93662
434838 38285
580204 992162
567266 938416
931746 297693
146977 79799
410355 141951
183732 659147
150593 873439
712955 715227
828938 610126
954619 621298
286846 180385
882645 313192
180047 34570
391939 147889
194882 280466
687329 129571
547525 795442
992752 739402
452753 170051
790178 922867
328541 953892
793134 223525
23074 957969
965198 982279
791484 9629
737344 180608
459779 423342
51030 774958
7584 354944
697975 154303
670699 390559
138765 210567
392015 488447
945360 381924
240032 371221
718318 490986
737249 662502
799903 947357
371566 885035
895223 224650
452798 241903
454635 300898
763672 435078
933251 707719
942186 247013
793780 35525
731690 585805
6682 285174
806795 326096
140006 49880
822600 452591
214357 409777
135868 706255
348553 766284
989936 425099
730604 632660
243608 286039
488883 608454
557306 245364
875119 478954
542166 21114
491329 835668
184731 418674
99899 721021
99201 752580
555782 881506
770604 648441
628829 388708
262738 512135
785652 573709
692930 654979
878226 623846
989502 482383
75782 976996
712484 327922
344994 528303
954827 196160
861094 964427
82843 130144
843641 72221
356627 537618
554960 175554
837880 888806
188918 651046
358799 165533
435408 650835
683592 923844
681382 792459
338193 962425
904990 69848
854180 396545
587402 283538
808669 192017
426991 621893
355286 326106
996557 603411
515681 760143
57024 541233
218873 721419
784015 130819
293396 171219
337823 709474
681445 961649
665106 425763
321480 608411
867665 867936
149400 420702
877348 781798
491614 250918
68774 535818
211539 630832
975517 69633
860288 853208
71279 690
82075 349174
276848 93358
758162 654933
748263 240366
292083 117837
152815 292457
220066 645364
247401 140020
635346 44932
955949 677922
560056 575910
236028 836891
277998 826642
577464 649345
440846 449194
653018 585227
337735 877042
609637 383350
38881 150815
295052 892315
892395 512312
735821 498545
724048 856021
929303 551158
518407 79293
397873 819972
668554 129984
55810 537127
756527 321468
138136 402840
935787 906686
950212 973863
522666 306890
587384 328609
731537 763647
996822 407164
305626 871181
504172 861814
410816 134669
344425 387488
453799 327535
239330 95680
901308 89834
775339 52139
463885 535613
854354 958033
913447 858373
218017 773545
525313 489496
426998 38122
386412 531134
481462 671576
685561 350445
458027 511412
77981 110111
985449 956577
766652 298116
487497 461056
427528 193948
840358 910350
119383 362454
230064 146369
444324 292664
959816 277942
228852 57908
21982 34306
203777 984366
697189 341792
935558 843451
272664 680602
646244 173434
409657 197087
944681 384896
913955 561514
361192 201095
289233 541491
991926 439324
265107 273259
707061 540402
817533 889536
924094 244668
24524 115988
611283 999102
604867 160748
224597 931630
570403 526009
948566 434546
711521 61474
55902 516023
422135 307982
51154 730773
701631 329533
791621 3417
271605 147832
951158 519192
74543 375268
146623 405655
280052 784567
30467 443779
482747 548300
821814 229704
597046 172771
999149 558857
129255 434081
715925 538802
285568 170623
136138 529963
218908 753454
194459 48941
62249 718844
354514 674529
547437 384471
643404 657880
959707 930126
352830 284145
730789 315122
354285 78214
273311 385351
616476 318033
898451 468402
92743 326341
875086 411218
311057 713651
381286 872706
288894 76024
849116 149754
122264 440466
507271 203036
56423 944848
259263 729547
345312 736016
910429 477125
45907 672020
793599 428004
600261 670094
400094 796797
936294 542649
796887 721210
853856 996399
112143 452987
45305 260945
585974 436242
500294 512994
598287 835261
705141 997999
868147 139737
110624 550980
714222 110531
266034 722347
880661 321250
812023 901455
451915 303735
364678 612850
856396 826340
84431 456907
549805 690640
618182 649444
982128 436539
980408 695485
572517 898712
948328 12519
685089 478643
148110 392522
128335 317344
499893 655418
262588 26123
259149 517717
596060 777215
27255 112045
996433 957491
794539 422612
769835 573829
286632 873430
727554 534101
591575 435429
1211 186796
583752 193994
658625 242143
502971 93156
635164 812483
861086 636691
202862 235588
803524 452858
409512 341452
769675 749690
77621 952490
889336 812257
635694 716945
853893 179163
39415 686658
500375 844642
73975 67764
508483 695554
113211 677273
689745 26920
490090 154527
589691 345832
148804 703257
308764 36756
517070 39539
935911 813931
418143 78742
438274 571311
709153 2974
928833 748008
246895 96102
932083 531394
968667 118183
76492 201603
700830 83452
273339 418923
104824 914709
845038 488551
156783 69936
988170 930721
140864 244446
371159 890539
913286 369896
820093 994192
593885 891974
598055 764179
431630 392768
655683 31033
968626 899627
629508 816941
412894 463579
603855 95104
285503 650388
143945 261313
144841 468343
266992 284647
512659 177502
969618 35666
268286 786413
96369 367287
139333 874912
454063 920254
225066 492580
899604 464415
762555 190951
219862 607261
367664 413970
168524 213462
634032 232820
492255 324409
523825 5277
622322 234619
210217 412925
618241 304691
514247 489795
796547 328363
609777 520004
494863 376909
248936 366452
476538 813073
897079 237924
650698 82453
332347 847917
650834 964418
869301 635850
99288 798594
156554 520213
8650 232827
57889 647313
918472 978483
938900 697408
725069 388642
178500 241630
553358 298810
93201 612947
722206 694463
568661 202216
619939 870395
66583 646384
408622 664752
157530 512615
751230 390482
375989 334816
49068 184830
974019 718225
757701 592816
419545 190476
653086 432271
476273 971888
329518 446124
95031 96471
183560 496681
621370 772484
938277 205672
847070 64637
905778 643957
956793 846927
821102 866953
946404 183991
402685 808676
854738 626623
857538 477610
277662 494527
682988 214759
595325 22084
836870 86541
804956 994708
306570 312050
982435 382440
765663 505166
495732 980568
845799 738748
152204 81641
770565 544629
359795 532184
501079 520152
455131 927360
152110 532449
851258 682211
270534 958627
213289 379271
724478 961274
255057 833170
696400 245984
624882 949020
626953 804387
870350 126232
514277 256007
357654 307224
601461 138698
729458 74382
38267 911500
127701 403129
950398 520979
970708 963594
952735 175307
590088 18211
673013 688138
917236 232449
314765 785214
633434 64672
355579 163431
274850 794772
425769 617226
796654 698078
892367 497591
774225 817930
701129 575258
182078 131531
279008 432463
279132 288120
398953 259651
6919 269880
886489 713935
534361 183987
85270 609391
94281 744032
527740 416228
486032 547164
990887 312093
792085 687321
744428 775830
460494 401291
354871 458302
590336 358298
6374 150422
174818 371465
574858 736706
59951 882333
670670 969630
276676 799891
851650 270055
747084 202591
685586 894948
377832 374967
617185 81596
120674 274046
903681 131764
124870 57096
726220 917712
659914 421449
776579 963435
633068 906367
465845 56319
418565 882553
729516 966934
918735 780058
159631 473954
743020 923613
611504 501318
37098 545917
575559 996564
505411 993334
175373 315091
658746 305686
305487 69119
394618 90734
16953 677088
471902 53116
890143 7027
351233 965392
868946 59443
33982 520561
874443 880174
63771 453645
814391 555044
600374 905474
150547 306629
781814 944385
715370 117795
841194 951758
312525 422405
981338 378760
576466 338100
550403 577488
410324 767091
159859 733907
380588 557292
151351 154199
478711 781222
847537 550846
377082 471907
304407 258443
61851 743840
357933 391774
89863 705585
327412 431593
13706 44781
421517 442158
480273 637859
578556 590235
470259 578106
799351 562115
627384 255016
834635 268784
992061 979608
293313 813847
326264 795649
767987 555797
796475 862700
482336 956607
887457 592086
984573 76350
845175 200039
3682 627196
605241 424467
224748 216999
95224 354608
297815 591027
31913 825707
97149 429124
559120 178623
747039 742015
603674 753780
193496 373564
329725 910017
16136 909784
88467 566263
645595 989480
698828 335180
778362 302490
502242 946653
906563 817154
762480 542149
91112 215952
949975 638135
79021 988036
807513 185763
955154 83751
162489 743037
381960 163192
268168 884494
319166 273900
466639 590432
503310 561194
804058 355326
471665 87084
826 159891
990201 397555
434989 376096
280946 162671
455438 347040
591228 671175
246835 863466
498460 122055
392922 46986
371373 800473
504394 601535
796394 617501
106290 317647
548893 196524
340378 636526
375318 690017
853306 601073
384976 124943
857944 811016
620912 60992
482096 512874
273623 441851
382980 603018
383185 203447
190617 209657
263330 841943
980473 278176
85432 854651
660739 625037
700262 391866
598498 510738
706365 903385
981693 847566
232476 37322
231502 888272
999778 280312
305863 314010
169346 334339
890167 987757
904605 139083
853680 456540
949484 414263
885309 555177
897214 161343
948281 352914
103415 336282
354689 616431
83567 622693
916377 49941
646157 925927
981230 326626
9160 195245
378159 953787
533021 550364
583432 785765
916867 156348
635333 764162
560659 784218
995444 907411
857182 180405
899053 385900
836076 88433
982917 542268
696372 642940
952824 209936
800507 223613
374784 212258
63839 405989
62970 643141
225054 42333
640734 673965
653271 387342
780903 394783
867314 646699
912387 117317
564828 33796
132134 512393
26842 221895
87734 981836
602489 39155
120040 24589
819489 820311
34580 554013
536753 144034
648411 641596
981758 819211
74725 513825
306774 277590
573489 332526
195307 261004
825349 877626
606390 309647
483241 677383
950692 10557
705737 872562
323114 801511
943971 830866
934516 936014
361786 864544
61320 61266
583269 354318
469284 676021
104380 815061
369873 906634
676833 876399
188442 203699
561177 674187
511054 106574
230996 518949
770244 527075
663835 699512
30537 701576
961181 507116
963182 59364
535902 122807
636389 247958
752383 348886
931810 143306
845921 26003
552974 630043
329088 101999
739510 767659
406531 110085
704815 990125
361573 268873
546145 708883
394415 752507
569097 553791
80009 937254
859688 545916
445832 239829
878270 590141
812519 514885
889911 792089
86366 842579
156713 367225
727426 387947
33870 130037
167279 850599
795753 195059
641958 745306
318798 98938
134864 646460
556577 345030
979985 948107
102498 913125
140496 477913
811402 317974
387060 927639
557069 9971
825722 54869
687379 922975
957090 835858
261716 489428
562404 812906
110785 297087
729152 560390
388047 122552
43634 229390
210923 777470
561833 291597
4648 337214
934258 462218
323347 773055
557350 196326
964792 316879
947410 836274
915792 851668
105391 654962
687346 697590
863179 969236
7364 840493
49418 782409
349961 414083
345143 56623
553417 910536
28212 527037
447307 788534
167154 505980
805580 513119
489602 957083
242806 989644
243045 547394
906191 439768
351223 126568
254821 922501
680000 89605
802478 999542
618436 208165
257455 680574
39775 647481
725091 187977
748356 194265
550458 176322
638555 810162
776051 437166
495174 385936
589856 579504
199844 439322
884843 580029
856887 529987
844691 901213
582866 563963
248749 337587
81335 747933
972661 330666
818619 663787
607905 407021
246127 480140
149947 88087
6205 846274
672556 432278
415475 315278
668083 682701
137715 761639
737655 513562
66874 249102
580176 233000
351653 132880
533208 337379
707236 901694
237806 796402
764042 640459
273508 796488
239933 322069
756527 983562
637842 712904
853875 691924
796654 612576
560049 372259
872847 670496
836776 232273
146226 435643
335137 678792
171508 646049
796004 676211
301905 306040
244204 463731
89474 648384
422714 741425
706072 273049
739620 145221
285084 399642
803866 406394
778037 997510
549543 942180
62970 360164
529903 315518
974549 279732
621206 714808
87186 864545
639656 730094
891210 677324
578515 596749
155298 538374
241077 468647
854648 25920
14137 996784
325208 140849
395274 773171
57353 815584
764891 941392
645479 956167
571113 555442
840628 657800
571272 476818
959575 749304
895465 671331
550442 303130
642127 508577
749368 489444
149601 992189
905564 11628
613142 78130
478211 695153
858521 838078
557153 152991
877368 331786
832314 554299
174675 435847
577428 656786
375874 477822
972694 333459
383431 662750
235506 474190
788208 110710
773290 581359
770602 62812
674492 318227
677610 266578
797934 840665
912627 632166
544960 550291
789620 287785
656635 817542
602651 762659
384740 907981
58909 822066
97766 534824
504434 823759
553641 536860
278572 31017
669225 132624
18308 209223
228793 123432
499999 733146
366245 469644
890102 324883
931562 972422
98414 104904
787114 149738
931588 153752
318451 682781
561958 733803
542963 768939
620911 504432
522501 641336
704476 617603
386151 164035
903659 997541
693067 710869
293165 494937
756770 10349
178091 508852
775080 162891
127454 461537
922925 28937
860070 942113
832818 771769
783682 513613
530435 391184
269696 322523
971980 404377
401114 562621
672156 786090
40382 487347
33398 560063
79265 858232
952313 568617
505282 440649
898489 746209
845240 135022
982911 999437
728696 97121
90029 719086
358582 740059
93913 302550
821504 299940
768450 780728
857845 885298
440469 752096
777765 478771
720420 145298
361273 525353
21708 63957
886894 213623
282822 459143
860042 683648
548822 721874
514131 656528
57749 887028
904586 223360
846132 790854
352674 132961
221250 624712
102021 639680
403177 162722
417448 729694
832898 916783
765982 587370
280772 547024
755199 385584
922855 734208
275434 727675
968110 379368
943257 303500
472440 814106
135152 335577
223277 521320
780631 280778
680426 124382
193363 78432
245831 496701
432413 584085
857646 201175
681686 459621
531805 390480
975250 856074
14124 346411
282397 67782
260295 202624
41118 538337
352521 108186
312742 638673
416926 735472
370577 536645
529371 61051
506946 176161
506242 344710
917906 794020
625238 783407
947471 881206
391368 866629
797715 593031
701233 662446
836435 338295
419109 992324
949616 668949
71431 679235
524241 298817
430871 442705
985221 8143
844396 570204
658443 636573
483532 667431
676467 314307
423797 290233
318325 87895
878472 496543
522202 216805
33588 532695
774596 795697
702799 144322
868621 947066
151483 311444
148061 280860
479344 641698
299228 779590
1964 346412
530686 313232
763484 836944
446697 695453
681724 151229
20367 834541
52710 677277
600355 229300
147849 488241
92270 191470
316940 401771
910343 152440
251210 506334
889507 914665
852095 663668
849045 370705
48030 597025
132113 132475
160649 500049
243803 992538
57025 622890
420906 420343
394349 495287
186093 51408
284622 684325
734735 203392
598996 904617
522232 211074
511001 902837
757925 95489
188173 210284
915363 549197
631850 91039
944396 908814
284303 58496
515544 426918
186869 875013
106071 620727
933970 229153
887457 369671
275496 584049
657828 340448
37232 77784
214557 931043
859688 235521
801513 177631
170281 122124
55873 444045
85680 188
330101 6180
990522 796974
297963 420648
877825 195674
882747 654562
779833 92061
235194 673426
104062 76162
835988 856232
984667 787886
99895 85091
445444 37321
25287 801192
742404 788451
665519 254811
208682 530479
554184 24597
896361 394214
1179 694294
502615 298772
118346 153346
916323 179295
990795 907134
838213 32910
789452 418887
262794 728861
390501 299332
513809 182218
820023 918807
20828 7777
67779 27462
387853 983574
63565 900082
62938 172915
40917 492301
239493 972811
78503 246972
428620 234726
684462 890960
496226 848503
80616 611258
39174 206590
876751 327775
780473 921281
909617 786320
296840 632836
852596 857188
697796 849071
615761 891152
347478 54476
611697 679772
846286 821975
812073 413329
605067 27040
432389 709509
274832 229297
833032 618207
147231 846456
972873 859566
769195 985105
900736 592398
521795 660373
609818 887288
225836 117986
716943 926256
346495 533018
496018 632376
948571 485344
594994 218471
37745 508619
981483 377804
646918 964170
224638 718127
365497 560372
60497 792258
139557 99250
908294 294653
338745 831460
164189 857938
453845 559780
127210 6359
41049 417387
614500 818835
711418 249046
828839 195973
394758 105631
525851 839079
625651 609207
317153 749503
818274 97208
337713 967535
120754 598631
489386 842801
796099 358555
831842 741081
435675 499340
872535 40329
601718 282898
442267 575685
345905 271362
184541 638468
138393 687201
542875 828729
319785 455611
372213 347664
318168 268678
82943 367231
222541 957318
918541 562428
555034 393925
91691 370020
100012 290789
72893 230864
968431 242198
475249 581002
112511 492306
619037 839588
304972 991646
558665 295907
471183 632694
830556 579636
102831 770057
761035 513310
193493 922781
366609 66220
948553 8119
213387 973415
164134 111500
528971 3863
333751 207197
983314 830565
700233 429737
329678 501599
75579 712456
657010 824158
960377 332101
690349 888335
566759 602157
376800 983020
148831 990914
801190 20309
553265 271140
561935 302867
121905 207884
914575 266048
62175 762298
2553 385803
166294 144405
723172 96834
615818 806400
884983 265503
374692 305655
927379 527726
415607 544763
291077 424874
828219 514932
601281 541895
253786 866693
392818 175000
502902 751331
566317 700184
869466 284947
145153 471454
90251 759511
378717 22198
475533 38653
8154 560189
133044 558147
850759 831076
725134 90249
369233 340686
342998 882050
990547 787568
679281 610152
592417 346697
947060 784621
240550 435035
200536 829093
120372 275944
158407 555036
491265 665274
875448 167553
920159 919538
17002 978605
828634 862781
817232 949815
657378 655041
575504 12024
981719 967117
939580 761114
192585 453412
99530 791347
953562 502383
934159 285813
689554 944266
392587 714544
623667 660963
882612 647265
408692 997683
950731 984315
881159 397021
421672 903480
902732 554542
822606 388425
281194 356424
194519 814471
213424 282038
416527 638901
307776 913286
250033 891304
382864 436903
283046 946660
231701 367884
325265 44689
724744 127537
12012 159745
646905 275918
824654 921227
943778 272525
373471 500207
233020 624390
382520 640816
655972 567400
851971 401383
552341 188187
814238 965399
41254 948147
494372 835783
676817 320138
235382 982140
919576 636140
85291 272733
751535 719411
216077 368011
261155 229134
892498 669319
350946 507784
791967 298414
510192 852670
679715 550474
41177 124446
933499 330960
307073 811470
156951 774596
28303 576699
357360 562087
87743 871004
734698 127729
376900 340970
799348 853972
323150 375720
831637 894160
943384 978866
678756 8299
40132 357390
555586 650560
664646 77678
478784 613860
986367 3122
82381 376448
229570 203893
989314 108412
801583 235382
259798 226184
481051 925659
742297 582797
916615 344569
1923 29322
768236 710574
377851 324874
884829 857920
50037 294667
350327 401207
717513 54066
683895 838418
507657 124491
506725 934823
241243 683818
49848 457851
714870 549287
836386 198268
569979 996731
143747 564778
317004 813785
611852 78992
420773 351144
780234 779403
337206 357459
387647 693960
660489 436996
806594 208767
324305 140181
609417 36655
537440 459461
1104 317331
136869 445330
813676 336099
852945 481481
195597 34022
866936 784836
708845 64520
980486 685575
236792 134938
189435 567999
755803 5149
211772 748980
942711 581306
781120 124656
940443 374780
832064 492440
941167 596260
89098 508793
274380 974718
737657 36465
740954 480934
788143 272367
574879 490692
618044 973237
679504 787694
112500 449661
123894 806834
971108 332124
21220 158327
900758 154932
416554 877988
574086 59835
108190 21859
529751 842931
888064 267891
242841 381091
103481 440495
739292 608355
284938 322189
565254 651524
269434 902132
392283 867718
403490 303273
75694 75165
956298 428074
866625 54591
778232 56301
583999 889271
337614 595279
899241 437068
431446 577261
632567 172594
461334 931348
840166 254095
156966 955585
307093 125064
554455 508448
154432 201462
959546 113173
247490 103033
291700 942581
700295 797322
967228 472486
234082 284246
686426 316280
866485 232027
579999 505600
292291 861132
881968 557537
271637 655937
525174 276704
278877 793722
875829 560829
126502 586278
406356 19508
427494 261204
631840 471289
65962 434400
9583 920794
47088 637255
412742 265579
126480 249761
410944 98681
272641 769621
931809 933219
809036 780076
183875 838602
893583 98641
492136 369021
408353 673908
21447 124545
339762 476194
687563 795265
472341 716260
186374 965154
229739 315615
241398 176660
766806 488603
7971 345294
643050 869192
805511 326965
384753 868165
645057 449188
448270 937867
373563 19210
539371 99438
283482 579358
216283 619069
782916 651536
553872 124038
820684 800323
165486 616614
344461 312719
705416 321844
633714 147271
731991 756685
708560 678135
967996 313518
631888 72483
378550 114594
167169 96075
864177 266095
931787 985833
446627 271524
831287 813288
240192 550077
421063 439783
915170 854713
157701 864763
170010 905240
751820 335831
76383 183480
575436 331019
308377 991747
526387 996536
640542 419426
727448 958694
194648 532611
887228 429547
560610 472240
714354 225649
685157 594101
679404 596106
262218 239508
887103 162810
764016 931815
941346 921374
318621 508181
660020 590321
936136 431268
969697 682474
950029 897235
392303 618606
444565 637266
645419 321191
184964 749453
343248 169749
270674 548585
53975 233287
839073 332383
507535 447658
860689 931075
669528 608280
425899 639699
598452 527879
348114 293672
892882 401489
403105 141526
976407 707184
12897 364810
569049 794001
620942 713337
994393 46456
758725 168415
775772 804473
436385 553620
687681 378399
551890 670779
472347 653041
20535 380012
851790 578390
875491 447141
750456 972435
750411 406475
645243 156347
965176 31645
911555 447306
125143 745565
632131 275770
308353 385762
156351 992401
128941 126871
678389 826921
35635 733737
850073 33830
270743 653432
111350 235208
391163 289693
381436 67935
102481 902086
577180 172936
957964 241252
547462 767537
631111 573079
101002 113755
343077 378506
613188 756913
923514 458499
351871 913421
6643 809095
957349 260934
40831 897994
551479 255462
683026 981001
243593 553889
517712 498316
410033 785610
340147 365832
780664 957666
563906 458506
781039 988182
561039 674553
613669 786514
426074 543992
20591 193628
589517 814510
618033 608789
332007 352434
229605 7694
630724 743542
655740 896087
21255 972235
342835 395090
669545 286918
756490 688648
860033 111371
612325 319393
839 627622
215756 638576
796161 597117
507260 447470
601762 384889
598831 871938
111080 281623
730865 862169
953216 759901
887178 743744
43988 10635
46402 804878
930931 733560
456291 734052
907300 412619
341727 821004
260817 746790
152608 344324
204387 630909
108843 327523
367162 290592
99227 71000
456247 718063
754468 150485
346756 60837
150474 27630
421936 14800
63160 671286
310157 483768
783058 738426
558208 251501
566374 394234
741106 623244
55724 238382
134549 380527
943295 223966
129615 475941
744933 301421
750438 550546
905848 773678
240419 525809
533454 164931
867715 744594
716591 866606
558435 474849
434617 993568
817521 756897
716381 851095
608552 14183
668217 874954
104444 105411
31105 545085
378380 959771
78014 369587
399943 674188
505085 529762
110739 454743
421577 154839
723626 210005
532233 356412
475858 162845
830589 758752
237175 868882
17209 316369
665083 198298
143234 331241
576536 593149
666378 391320
160905 773329
496086 279197
361817 833723
675634 727377
807201 203627
588821 735150
509614 719781
626146 477939
769733 277011
448140 539025
129669 234791
222508 219421
953077 950719
310299 413987
513274 992228
623316 828804
219451 374086
691479 148836
747504 634205
518247 467285
277250 894594
695798 830037
124624 118425
879390 290870
548981 766184
743012 521420
391839 410729
316650 58157
97700 742900
782445 830455
703412 130852
408432 526081
480650 972027
694056 228
992190 433082
279648 847882
217490 765634
622096 583341
338582 287770
442909 201041
804293 665237
439926 915908
338462 921479
470686 192489
961427 466939
86960 704180
783069 288981
908159 858222
498195 390772
984853 419557
112931 882563
148773 876894
495322 644014
897388 978930
55732 621901
647484 446766
630420 661809
295114 256152
824658 487935
249532 557946
974873 554873
115508 427485
274449 467842
632930 758452
864028 906562
644499 503211
976984 314179
573559 471314
572763 300701
524663 96309
507095 622497
82275 171591
214782 948649
9098 924123
701405 405469
422364 872184
419854 931035
962210 412295
613189 518838
144216 66697
979378 526737
2867 123541
20120 713878
609599 973095
470357 648507
495794 518657
992924 502453
728284 878345
924353 528459
322014 743892
535619 959391
610724 917632
408746 984944
17362 560665
405192 889936
85812 96955
893886 387013
734423 402398
2971 112642
454921 229364
313871 176305
929698 108793
864666 536036
963715 904128
127286 198189
474832 162430
503485 604201
681738 64817
793718 472589
177834 223637
340181 32286
526600 981838
976487 92871
103746 129434
229456 322256
145751 112434
146172 781323
536654 693896
233319 854871
60823 553370
201737 304490
96537 890929
653676 473906
284735 351410
980681 280101
774419 640517
673253 159966
455321 34918
750039 124459
912441 20700
557901 269876
659125 804562
171934 388242
878838 364751
733107 71131
54131 489855
371868 131753
255530 493138
496984 82817
550430 17745
169250 611965
737010 572889
67038 968695
594598 992480
37751 563192
389763 575857
376100 837286
967227 644764
35625 675339
312490 809220
935967 310209
864248 102051
742674 360879
987950 4593
202769 447374
853948 214074
384358 710299
708887 652175
369033 169318
395783 923877
920299 24579
238972 314628
401348 182493
216962 982182
446753 919122
450229 543818
55046 716784
540615 763425
516355 380999
278362 687884
839737 446055
975528 797188
787560 360289
972609 525247
831414 351564
249727 485590
633376 543617
624574 410658
940087 451466
808980 861160
819754 92878
762595 379261
476548 567342
946210 234098
183055 520534
309181 140291
101023 784040
647634 504498
31678 580053
244745 415303
654509 896952
704020 262382
560633 898804
514193 889364
129076 578728
191796 238188
955975 328659
329090 69139
704464 782951
755541 158425
100629 393064
164312 930518
559663 421492
455082 892363
169839 895100
695018 773342
273358 804907
489180 187956
883074 129799
267548 128642
29608 730709
184494 338005
247176 852106
74885 827523
515255 281576
954822 721954
628656 508515
601357 258999
782735 298127
246041 673702
889898 375176
261619 158406
946481 451659
494897 429246
626708 749128
431771 503978
92169 769674
317011 511637
322551 409839
439050 712931
313660 469038
874440 937978
446899 984313
169348 266171
7679 532489
434611 571370
209583 915259
650917 917910
66436 967319
777707 890118
416525 747749
1753 103087
604512 534147
674415 515178
238624 838236
179245 256599
500771 914962
109971 989810
706332 169860
637448 133197
250158 827494
601019 231083
498542 960976
746644 570533
132433 323254
909123 708378
420162 974966
873326 876043
967495 759909
325356 302287
921988 374670
458697 898731
173592 320222
720764 552161
899478 716336
234348 407581
424494 188478
443250 982422
584963 697623
344393 85018
416778 458043
864879 796018
848283 520073
339509 791194
327078 260221
497212 754770
328928 126384
367698 345320
513808 141241
429479 470769
294979 718439
822536 200620
581712 920299
622593 959196
668694 293109
177283 146746
672462 714830
677638 863533
650500 121345
240201 855887
74956 568370
864571 867755
581112 662024
319172 111116
821148 687021
873332 727999
960774 366286
870612 209757
784164 346943
168885 662977
969565 618851
455856 382827
85436 441334
80591 670088
228136 62652
571478 759396
775835 769422
89537 123867
15909 4628
823304 388302
722250 709505
437816 996139
18804 476003
924057 94464
582235 724246
617136 208036
70501 68700
661703 10751
789025 159190
256741 118254
886654 322082
9202 454601
879312 411129
140108 253753
10057 602264
795532 587636
522846 626535
911509 116527
921797 616890
878340 539667
93161 105352
580099 686727
701862 199188
357470 74398
48872 439748
737748 617313
196584 540277
248791 534664
881788 926050
864455 396117
645640 181872
299863 641390
678705 701086
353484 491749
651811 633650
232166 925509
712930 381678
318318 516495
71115 176921
28605 440012
172402 949342
724894 600017
883953 665227
645924 822612
75966 584390
112034 821070
886786 916798
142145 962444
361413 329066
693189 182244
738581 986023
905300 172917
130314 592106
744028 23488
631196 887900
67753 263628
517311 137919
212543 10629
508359 732973
108236 927429
788997 995918
831178 972935
123068 307210
65959 5716
90739 46829
195492 884705
28734 112060
223014 220765
826556 793302
769943 589478
327293 320087
871032 646960
764903 952544
665643 469703
442120 585278
303347 449966
172147 734673
863048 57886
410108 482482
23599 201711
474859 731887
528212 88931
690709 279509
787743 911373
764624 859427
754825 450788
242383 410022
436495 725994
125149 823007
515632 536508
893871 873083
154779 262579
703679 464544
459273 311919
198037 876293
327664 905559
86335 865687
947794 457648
132992 718544
119811 891862
34403 429499
973895 548832
536528 729314
995505 145893
653929 942580
788341 852557
750982 739053
630985 825770
3744 906885
704411 908460
453541 713224
666568 800029
489301 691364
355245 475529
421981 613050
410129 95630
195977 38671
597175 635936
995246 372136
625068 582492
235124 762279
884713 634668
817719 265201
95237 123990
408898 583213
576240 7231
667888 343557
9696 723075
955167 36222
670385 610340
361962 746141
826422 384546
577254 836451
905964 580204
554191 915906
505071 179920
884301 944414
781082 814736
282520 767241
957890 647136
767487 750134
476526 623474
377209 930677
377956 267379
23186 417038
12576 641194
164012 469028
963053 518817
533993 593153
662760 201906
95356 779944
508529 149621
99241 362758
783182 471149
51742 416938
648090 591628
799479 786328
198690 77281
454613 294751
493971 368785
412859 300273
572940 225346
34979 212113
793133 392555
790744 295291
331649 65490
170356 488803
833636 317101
552112 896094
968077 454364
632511 670050
375715 74277
630196 868946
908144 207556
910873 259342
322643 265124
503288 609206
908551 159301
726651 551430
988306 922765
173685 88461
556242 998609
998160 731369
204644 59533
955541 932639
805917 301906
528982 927862
943317 764547
495119 398148
32291 15869
188085 991969
211719 612394
979326 275904
561938 802220
311137 921391
643843 268759
416392 438054
99111 71694
768606 673605
258942 555645
193918 79465
737786 22426
712940 536039
628930 705828
68558 827447
569917 16299
240396 470388
243034 866285
791214 75842
371122 653709
551333 525606
438117 211664
937842 851699
179100 981074
770208 185972
321483 758043
100314 902061
419007 464524
495984 422921
684416 185936
297311 459059
238871 840567
529167 842160
496945 676907
299958 366985
46215 607580
380823 703735
680500 633173
461042 378567
422089 504694
296308 274693
17359 29075
582369 867929
357749 198451
185913 515530
10425 638512
671766 487866
872576 978032
283725 150947
353533 334320
900257 400060
194246 633465
66411 454876
671471 443352
436712 982588
215829 130830
348126 882186
511383 676257
931171 274256
185982 699290
425565 365868
241183 132897
557279 367490
137583 467804
59291 664031
611226 342931
123106 29931
117119 882002
680543 919797
878155 358079
734123 444176
847709 218881
130555 650983
372021 227644
46689 361790
237972 805438
750833 759230
242826 127539
503302 599813
21372 586362
225949 960040
516843 985478
50384 904197
908029 653014
488687 469276
939533 117342
15669 930768
100173 601496
462547 500651
806354 846611
33833 261009
825006 25252
156757 162069
273544 159420
867022 82010
647567 602468
994302 452169
588046 367270
65745 851361
202148 612706
664329 892945
214785 73434
835016 843432
880591 476754
914593 152879
895003 120752
506433 451618
843919 147677
448032 181545
579758 243929
912922 173589
359498 428532
700197 792895
584915 892011
21669 136375
247879 680959
817617 46442
270346 822811
113412 973673
921084 665112
722633 97069
798746 378547
60155 276600
482879 100535
548133 842594
399981 346715
71369 783982
618169 279977
279798 745801
945410 520584
45448 901324
852407 273183
962216 759952
934 532381
938417 565918
174979 8670
256771 872474
171450 419786
700086 639699
11076 584741
757856 569898
231077 422370
179838 487546
526896 696509
144868 737419
508554 19852
880356 999441
955613 426937
893032 336610
513115 303458
378269 950338
588724 320250
820133 18264
496863 409352
664594 922268
291814 954542
913358 793078
540910 662636
522125 965510
865204 350915
823383 467939
3185 747126
66457 942003
330251 912259
892604 322108
270038 126977
383766 436951
671162 919889
931769 96608
924090 551508
299075 335695
968848 359442
533786 251371
845136 719765
353039 40052
650347 708293
10148 149782
818877 195844
365869 631111
532722 624552
912651 920720
200214 532907
530960 568005
214256 227853
992181 229554
130155 932555
43284 157178
836954 60358
754395 697734
443430 284663
337427 462831
75917 939741
322331 215567
867734 991187
153970 295613
174885 942948
517442 634698
159138 156760
407841 131950
49979 722347
122604 532162
537236 837053
875727 679436
282835 155962
682442 416223
572324 344119
92570 539270
717468 750878
247901 765342
437294 37672
499835 609496
201024 236097
529561 890774
461892 31549
320359 491460
885909 573903
195785 162125
888561 946968
141737 540588
202035 242630
923157 2348
188577 165497
403700 93621
470394 414899
660917 863675
10623 235566
416813 939864
350266 620578
230358 225217
140786 728312
697122 875069
583945 635990
84289 271753
989538 496541
29965 9413
190910 142498
218742 987662
342301 874310
438031 861455
728625 770699
876357 186716
319552 290694
774038 126701
530332 565047
84402 76605
923701 148781
755344 971774
540919 193109
543434 789889
7560 460663
244245 57802
150743 295455
340485 930930
6766 263009
221056 175746
209534 380959
600263 36202
39183 678032
747586 410347
983502 286467
937838 193130
445648 960557
29739 231683
415933 6118
2377 815371
960107 459823
593878 547808
700551 393622
82371 297575
422828 794513
826534 562762
376008 978753
385469 694718
664768 575347
769669 596760
690250 395446
985508 252766
5176 643462
85490 851910
556674 285704
919693 277508
581198 797708
233939 318639
230097 131351
672868 619779
559268 400539
379318 978672
376571 322355
335688 368083
9118 43937
865859 634680
737873 228129
226179 344751
677162 976321
183223 260232
437221 589116
881353 355304
727343 719233
643374 169450
466079 305818
917607 806429
925171 547924
417057 722487
291725 566320
312904 919741
502240 512177
263635 714643
253376 163107
339323 972739
303799 490790
920374 535791
15880 22117
708485 970395
111932 956404
639697 708694
568737 565550
906125 742183
143503 829278
679276 844402
242412 228295
197606 701198
739813 914069
159404 562302
410111 638110
652580 401885
394866 492507
440087 733808
211126 570802
473175 719589
868286 502558
466455 887075
814378 586970
599599 659528
990137 877670
81002 203020
255201 658882
532500 990038
213954 655137
11029 3872
197572 261261
48285 611825
941417 711561
841355 540570
104697 580174
837850 20989
131200 292129
416503 450735
622274 691155
124382 222905
957774 791416
311667 71898
225599 766071
712143 720616
926458 392288
189678 42178
681286 862326
717867 965688
980731 731320
1984 353306
413654 81728
652164 455318
664088 851525
250310 790410
601570 418823
576724 427367
456231 427822
504455 676102
574472 470402
462052 51809
392978 412887
872474 441935
167212 120604
103552 385406
942347 195914
43733 485124
960680 641125
54523 514546
396079 449140
476849 578179
579224 189985
204321 442911
590195 254978
984515 30605
119986 785371
197145 689722
991881 45669
264649 492722
239252 793124
754397 963277
776392 997349
609979 545592
125546 889659
757718 923857
723727 253892
228168 622575
405483 440389
417820 698651
472137 960957
665413 590561
506051 188909
947091 553577
645925 871032
785227 124534
953215 84425
282471 212736
881259 732018
683753 588144
461071 246534
513015 193177
91814 827182
913945 259372
17562 123558
707825 621946
503010 737991
490907 892112
273762 395389
655335 875497
315200 908028
866242 861254
262615 221605
531489 409391
772247 319749
403251 209465
57985 574521
839964 971231
65674 523045
970181 143914
982146 134462
872819 871778
913373 52126
349654 760580
505266 601641
645804 71615
151110 442972
936278 461021
841854 520905
399545 572055
597373 951637
303902 882381
824556 293846
11350 963519
330404 228401
582304 78926
816403 553994
851742 475738
742988 95099
48368 852582
58060 67829
857444 747223
12543 693414
801205 65248
342111 805038
445529 642416
7242 95562
642725 708745
368310 673278
349159 786818
669474 232242
882662 918143
601903 463986
646244 811721
693116 152901
184220 508764
75543 970314
285853 221319
1668 681935
847181 807103
441050 994260
103886 900680
355467 374616
384987 732458
520052 815058
925856 770799
91938 615918
952312 870272
392648 363309
363071 337034
710399 91100
124794 806058
289235 571857
908551 202052
892810 597743
438995 996482
364038 501777
74168 346553
228272 350028
274809 138745
515192 224359
142071 767473
591948 552964
407584 774172
810044 332131
484572 493184
82145 869296
328546 186155
814660 470577
52609 888949
650403 321863
842605 531146
328876 9446
665181 610977
961190 391412
286405 825458
661519 82771
580333 883107
17194 464303
189619 94763
115668 728151
16135 346458
817944 919470
269346 983344
643993 988231
644606 882940
120728 120792
435989 503952
257219 532834
588743 604722
131038 687457
916406 594751
901857 94555
611245 512412
797855 410276
27276 331243
785973 441765
157599 554736
528348 553754
34565 602289
158477 946228
520344 785928
271649 453564
110069 250690
26448 195203
830684 705315
875024 374326
766963 130727
319372 798244
673789 444052
226282 231720
640771 608113
481863 896547
825392 45741
593939 795180
254753 624901
519217 995468
312673 346865
12933 869881
21927 510460
291649 296108
14128 124396
848728 140203
495878 197589
884116 229569
489091 555990
476573 887182
982246 401861
45657 911666
446955 181511
756009 275235
80307 979154
450804 497586
572128 108031
418091 461961
148304 257183
258829 147867
915595 840393
831536 603011
131641 621939
471363 898627
876397 24004
212287 319760
967068 938090
547503 349023
321495 654204
675 610396
780628 758202
343223 81121
761657 566225
110512 776374
970357 882872
766398 559731
185605 771033
115150 456078
395334 1342
446597 35228
229747 602224
730333 777259
744217 980937
626391 927648
746211 193444
14683 899943
966814 11567
736143 86045
2795 952670
527766 350389
46127 810279
820082 220638
982934 768456
986423 756176
801328 378054
976921 830899
505250 848936
10450 316140
899034 361899
927796 43438
476865 139582
100805 401737
265041 199805
212306 229987
766051 830161
362739 499834
263943 742471
199 823072
128042 748787
770753 323511
612604 923721
859489 656344
512727 611338
466665 696274
735830 359118
744239 867221
450950 382613
109621 475609
248887 389132
661869 767476
547353 456653
893997 54938
533149 440959
878801 216078
126418 688449
115848 5222
510476 979774
996919 388465
481319 553046
144046 287119
261326 394945
396945 255189
31489 697645
141157 112437
116140 503760
641144 226845
491267 664704
82203 873414
474922 398079
173312 694715
765646 459673
396432 380887
404638 560277
853233 356258
768841 822349
54640 620179
872462 415627
750079 304202
263064 45106
534664 755606
782243 520943
610254 423076
670065 419884
948527 587594
628544 298956
844479 894339
177230 391618
627837 972170
531733 293119
538903 736760
51230 413786
393644 909978
128057 919408
64698 775781
896882 899527
168652 746092
401794 581505
102490 976414
944519 448407
733056 473998
25029 263139
588108 365606
728524 393601
152739 177739
32560 465336
64709 373512
126068 348323
536890 120865
674215 629181
676269 452087
803514 299621
202599 995688
775036 459545
309986 981445
641551 457549
537374 536983
997736 566822
238360 46648
483795 230581
479694 87124
20933 173551
226671 254737
769020 187643
940591 412607
241055 487347
508031 558090
100519 78228
566016 479610
837773 178707
319463 22605
861908 532405
903814 869593
154093 584519
170288 322204
50142 23240
288808 771637
503556 309833
606772 956438
416770 469567
984417 225100
22891 732436
698118 529516
61896 688886
962651 491511
637859 222839
753673 592122
468045 640017
16942 556291
507292 211134
438114 501127
427546 610841
147770 194672
644165 481514
28156 848794
224441 766383
429883 159015
829298 47476
712010 922309
308023 746060
857704 668611
557567 128493
601530 103207
72532 763852
605371 541102
204440 367456
902604 305482
844569 451344
570795 841567
566202 97572
892578 50311
485537 325286
727829 676074
3541 703770
521826 991712
36583 673362
904803 895326
356133 653403
335828 640256
462272 125718
364091 98163
490003 903772
643744 905247
437317 103877
82358 830021
17295 928850
872060 31210
154149 60822
985942 69530
911717 713041
960760 327693
116304 453835
82939 989161
581316 702698
224993 57733
755706 619738
309776 727332
421436 101443
427108 560894
271899 971975
729448 288323
935102 649897
774770 121154
784696 593343
401839 772366
867925 273564
788998 56923
911324 79025
982347 747076
292081 395565
581254 6367
604139 533727
834372 426852
778527 518311
369358 616937
329332 310008
445091 64447
706452 41490
405689 978796
255951 261561
545760 63666
631503 276237
548747 179996
786888 43532
449195 131966
110778 735471
354717 312367
831156 680793
36222 217758
749778 534538
410013 721579
808647 308304
112163 420201
459612 145188
360527 184806
729840 487890
90107 690148
676083 168513
971948 912822
87301 135610
211630 368205
706603 328213
946088 924744
221660 518653
534671 917453
230236 109236
680540 581934
196525 974997
609722 280082
45210 367324
311813 697848
190995 53439
371069 555179
281496 319395
428726 295997
951076 263629
715490 295355
693022 669860
915418 914124
62460 702145
457620 905193
417589 975423
923728 177184
372004 499759
998546 642633
490123 328771
947755 605824
757382 633546
744439 913761
753583 114623
526819 600292
329555 377878
717561 760467
199717 735861
237923 217249
85520 125908
211718 328890
793241 561804
408027 937196
786441 991050
63719 800556
817798 920076
527982 745347
921436 66270
201257 166014
564127 537137
527930 182725
5660 655116
526311 182699
907615 414063
87562 203952
265028 561424
962159 521724
448225 693210
932982 262801
506803 138168
581252 275528
126515 311962
100309 497170
474085 214452
275710 217679
441553 844525
305978 815787
80572 249066
755873 470205
969608 380878
785592 992799
741462 975962
307752 850979
889652 479256
580948 577877
802590 870111
651683 916900
903405 117787
512688 640828
841469 225586
413238 666878
476088 226200
750817 390160
31910 527077
788270 370871
854272 832440
767497 511169
836585 394903
716668 34293
896443 984072
643958 966657
674873 836915
596811 700330
332802 155395
774880 6356
242169 789154
360030 679574
797552 467337
862 162911
495884 241024
843896 755027
148754 993461
213222 668897
506331 644182
152169 4607
502917 860350
167351 190080
263034 414944
463501 307565
587707 509061
557011 652030
377432 901230
861819 364974
237324 219848
398434 346963
532943 821245
993196 82524
490783 486241
745237 846649
176944 22787
736569 952389
238775 550522
303788 445304
606906 98404
959110 898918
379727 52281
353977 184905
697185 247146
85394 842364
423522 138392
560222 148599
830219 307379
399826 690989
983575 427876
945874 438895
987306 386427
366243 964822
795472 916259
6914 723704
943589 166848
249348 12831
759670 340950
772656 160575
170382 483619
802965 590732
192264 979536
896872 34409
709058 600983
492459 920793
563268 819071
692526 140308
67333 766040
854167 673162
159998 391436
974644 493939
704509 719784
610593 589556
376591 471211
708070 234092
754414 936707
742070 246206
915494 267444
3845 261260
467825 12823
939627 615393
682776 186556
576366 972760
673026 4393
496343 488424
137785 759235
56646 32246
549921 142126
586828 994608
635561 84323
27904 868989
168027 199643
355500 321449
980470 668027
61241 374278
245098 934103
674044 452232
723322 193622
53452 674115
331116 36743
23045 452162
686723 897406
451013 901524
876764 618329
125038 370231
410935 789853
13107 861043
336451 250678
589857 319060
100386 409975
557546 165447
168900 178801
567504 211445
398301 340043
619528 384586
826896 26513
677059 277937
341345 760819
839477 968364
202308 326496
617938 606443
61204 675307
832843 374856
274404 559551
314392 22626
116321 262580
82646 235891
712956 710612
751351 607218
23226 373242
66776 329730
950624 218433
862397 80544
277773 451872
669107 705608
482314 804803
31265 815085
137025 932880
961611 47092
390070 720950
206108 809514
375351 560362
118444 906409
321144 406673
918193 298844
429108 780444
32839 549532
913067 189683
877920 810243
503419 36763
507143 875594
213393 441112
300690 144435
919558 317834
668849 588476
47761 59662
717109 264038
316590 204908
228167 100876
713773 996340
489456 922204
833978 389376
262080 836264
418476 411754
979225 4960
776172 478703
160225 168069
465442 832542
20617 416178
140113 462346
787702 476491
944408 440868
262061 844730
572019 432686
601977 754650
429203 401186
869865 989493
697475 379483
637460 948551
774459 873972
785807 44275
29241 824188
64995 64916
784286 863463
502875 78291
113469 783267
675798 99466
734727 753576
920539 928882
219852 776827
323227 837345
493274 394729
449025 92364
569658 55258
529878 713201
914776 326647
477598 32103
5328 828700
855605 755949
490084 971431
923399 308421
812385 246560
351036 127515
982142 587012
825718 667909
805052 199251
683278 99927
487449 297156
242158 146601
610015 839979
928774 503907
27895 825597
26911 981039
169701 934646
594880 912395
197384 113453
672097 841423
837223 981803
206100 764255
519107 483834
359333 578619
834466 688779
778326 355930
120949 75365
452894 565185
172786 856534
422864 114694
287464 243684
816359 7589
67929 20667
881013 902749
325001 216886
778537 556681
700986 183495
530678 502703
227667 150950
154214 74041
831500 366708
744269 764934
60760 70537
712985 725183
196092 958267
709288 816314
730549 962387
797687 826926
838317 189944
224097 506624
916907 539385
892393 697095
29578 511370
91411 622933
534185 25909
176410 666838
469690 687124
440215 37527
234771 835997
344131 176192
941310 198260
810591 196761
64383 401716
414238 40872
948117 843558
159086 635942
890900 298898
262322 658190
370870 67677
541382 936194
199939 456554
793080 408662
666 110859
985542 507043
790160 817316
916419 716332
56094 243394
750850 597464
546371 570491
242950 712804
298857 926828
981251 378869
420244 825472
738752 631609
459942 770234
933619 114517
716912 311170
793630 443629
510517 995713
28902 181451
585329 207273
933117 656574
604354 792192
642018 280447
982113 435298
608692 676111
703012 787439
22566 292884
31924 653920
753708 364403
331309 161078
822048 735532
273020 548226
975887 409033
699828 38597
241484 789818
465219 122013
843469 867004
144892 390350
329593 592282
182012 930001
622151 842114
314987 697063
820053 125384
406651 265192
839621 471326
418730 199833
610932 891909
753039 161647
858063 765227
57181 650370
873209 728159
480014 655896
986616 88854
652129 784142
142374 801733
10637 120966
326400 149676
276884 111711
997189 725685
82408 619230
625663 447284
801658 700595
320321 833589
561533 713762
272657 28342
887323 326239
532269 372694
876568 405464
598530 622676
544209 322007
805137 288139
180250 552368
926847 424819
507667 25594
821550 350990
794165 752712
205064 120544
830559 475333
848257 714165
794244 699724
849950 89180
844716 429936
157064 673517
200847 257240
69547 489927
193518 855291
848424 982128
803571 85492
137928 675148
699513 503896
79049 809300
387451 895166
629581 476181
681026 336335
478066 292999
888241 722505
804581 646761
78302 590837
895897 88126
409190 914265
319327 241475
906969 64381
765623 182784
164259 541798
187837 186493
794183 865029
928114 133359
858348 120999
178487 498989
867301 841509
766095 713078
783612 133559
433503 943125
943014 472157
788010 701794
537711 218669
815587 867577
723038 594956
952072 976930
40246 198347
71307 912005
951925 456607
38121 609154
577088 678687
118831 588665
404802 644924
41229 22403
839838 695130
112548 908300
852494 704726
38427 973741
935530 278016
714597 513991
367721 947530
875390 587967
193741 366451
644444 477044
390832 601571
889881 204001
689926 124000
104636 636931
772100 501793
980420 499378
796926 739166
117822 976875
126322 885892
18916 863279
113701 70268
590640 573103
98959 418766
647767 415278
319336 643925
825327 990895
685921 295258
457963 343319
35247 444550
985569 893911
89488 852069
874894 632259
150585 774468
578427 778796
472670 978796
792456 195681
713454 429542
937092 371184
844825 104334
722207 428970
840195 958678
205642 893574
338226 46171
360879 888739
681338 667922
525094 653269
745607 825867
619190 656697
685824 655465
972834 188583
583000 55380
988137 294960
681136 687926
362542 107818
926773 322209
320961 409728
576544 428848
460318 725559
522290 780469
39890 251540
140717 799611
872904 81299
253730 208748
619089 445908
154231 917324
247700 507498
570917 440164
378615 176383
238843 746610
874767 419034
994571 811585
174758 350783
893248 463924
942970 543564
502144 501414
603624 915054
591688 517209
658689 985027
117958 299382
340720 844090
170579 212094
201691 807579
4835 866776
777431 282999
893105 783542
356484 288941
980320 4161
645959 725717
463791 14016
220590 839062
789041 564422
659263 397838
168324 165028
313104 564388
431904 890608
421066 990724
936159 217921
710964 121666
282779 294953
397802 52384
377859 492567
695946 315402
433866 848985
570221 689457
313987 580845
447341 369309
244397 545815
393732 794228
459854 904835
128574 45151
576704 297539
430623 369585
605878 728540
535884 33359
388560 297828
64577 317425
373772 185670
161121 74218
133014 990534
239831 813620
501061 78735
76027 578004
515388 854043
526638 446752
74266 406940
579914 477544
573634 794565
660225 810593
748529 610016
378635 612588
927595 236774
65018 959794
850781 816248
537909 546632
676442 926692
478496 585983
991562 444687
452189 831064
917546 736057
431937 217005
917014 68966
907472 703692
42177 844320
233664 372787
165386 347144
300600 444698
605630 677519
717166 239941
779682 426451
318472 418009
16459 684648
443895 487872
295898 173316
968932 702862
614393 650113
68716 594426
345420 741204
994026 535332
428096 141363
537070 844974
397393 540304
594032 771532
713797 436640
67046 73932
884993 279026
299589 273750
38304 231531
71776 270838
537539 712124
569716 18926
776644 464372
518952 215885
438023 517439
347976 729708
863955 929214
170149 324791
24282 828173
903300 149311
380254 123325
785705 62494
699469 633387
209039 366163
796585 665201
29101 554139
542015 193337
59216 449328
667678 880061
580005 38
853873 428952
6129 636810
238880 907098
421392 791162
310603 523992
134526 692461
576645 901192
617873 21181
522205 982448
169049 144738
661057 92097
954790 904401
693998 640663
768787 10734
66105 826840
152419 350120
923012 227250
630096 524435
972676 119006
670998 594746
971599 114954
382427 995781
722669 562053
534709 561615
80028 43509
582766 662472
77296 896573
647580 575321
864550 760946
63933 996038
613788 615450
638204 380489
580433 718708
271379 644959
544826 217023
100801 314711
69969 666182
401547 351263
834926 124937
979424 212733
855008 705213
498793 506655
281983 130336
746034 530394
494338 735553
564365 384603
410341 498671
821432 549906
82624 495587
326280 983431
693578 957915
870513 359080
11681 291282
120996 649145
850858 565138
602701 588353
519753 638966
17273 518646
967913 490850
475667 649579
519934 861821
43725 695424
366772 923323
919793 507205
216885 5474
403832 420193
970116 998070
500539 768299
425783 828624
843439 832378
191029 819104
923907 630551
616357 154439
219900 995740
710602 479875
730276 334843
93251 630744
256005 762958
742704 170165
50255 563196
623623 552976
846069 668610
993117 270624
111168 724154
222368 451693
620474 103490
102199 49769
990437 783804
216740 21940
886746 880411
627817 546833
15593 324190
163001 269215
524174 327742
898220 776694
838833 140284
630728 318233
315634 576334
248329 209425
729337 603534
567432 407699
434191 194999
490806 695532
404520 8256
336282 350317
995212 186227
360276 146267
585654 925554
434114 354934
548756 895859
955206 812235
207086 381956
440543 238881
424332 68723
45516 128078
890074 152420
167651 956646
115420 497913
750409 666476
650629 797765
912032 24650
439035 531765
698495 512609
237941 785795
375755 286987
197703 384419
398890 431969
370570 333671
173979 695154
373954 890274
651087 659432
90940 483567
141132 351701
762616 382310
712878 909430
27493 553153
461496 213810
272361 542082
791645 856394
481561 575018
485357 281445
23320 674225
619304 116820
198717 288950
288108 73211
310324 909203
351518 791642
551091 801267
33865 305526
909982 658103
878495 245857
425366 267590
73585 937973
495582 150924
698558 461778
578192 118394
633230 861384
838457 526467
732621 179410
180283 155746
237967 31121
494765 705153
891589 226071
594799 4509
227058 963287
698147 917708
102627 849569
119042 711450
394398 495830
148733 426759
336786 975092
272538 791831
247339 810544
783201 71658
214195 563662
579920 66551
561364 332179
189079 474358
559519 956409
112186 742859
979938 810581
157621 301806
742305 56190
899440 917127
852843 384709
746022 38020
501594 833572
622017 248645
983078 800210
575066 37388
273343 149015
936475 950624
210813 207305
613080 239390
788386 30563
385997 802544
202196 378992
674789 224404
115659 392352
903343 629215
359003 698691
6827 200840
475103 37036
686025 92433
830353 896653
446891 65860
889196 467937
135703 684984
629083 177141
534489 666153
608621 151944
883325 985873
447206 750643
351198 922219
526355 468726
711963 537291
851812 770197
51736 641824
657906 882553
705346 567992
120770 997867
495576 439983
427369 484703
326152 330761
660652 589838
696598 892325
451490 465159
716072 962308
170500 586531
736409 490733
177254 766621
382733 548329
737851 875332
213746 244783
550024 330246
764551 952425
215824 62128
188872 277339
169272 582481
307877 635193
273592 863250
356760 726180
426450 77626
974923 89023
649307 495980
964845 435791
63246 451253
904715 813154
565593 507069
328924 72188
933497 321339
419142 901225
96069 14969
118922 470394
315011 362579
11977 780113
242758 372263
852949 464061
592086 266603
4177 587426
302824 243356
406392 523048
44772 484956
763036 263980
896370 55918
311656 76376
1481 193323
91385 388568
527300 904980
628992 55009
275266 408991
982973 384249
117885 199007
300570 599927
359508 756645
37904 345170
259548 660827
377963 319731
43588 973745
838697 161679
796603 732373
896283 159079
90783 353508
605374 600767
544039 86554
676297 275152
978587 169444
671707 540628
643333 219215
988691 737539
195201 889338
914416 926406
679137 362072
114189 31588
270217 511122
280116 661793
963423 763701
522889 190817
635230 457303
557846 542289
261003 164706
818496 361172
654271 585544
692525 554706
899810 257704
855233 795736
609636 238290
548802 329097
999327 45881
142770 728467
814812 676790
279650 402898
796996 312677
596412 879793
317849 108238
431574 875838
604044 931243
429524 185457
200489 324982
166321 265253
835806 384411
704976 791068
242133 938557
268119 289362
6550 489965
705378 920426
247141 248351
789686 47149
893641 968917
475604 376036
817598 389796
802189 237335
172119 784979
448258 317833
460563 146726
962254 485244
561825 178293
479604 540133
455816 36275
355021 720952
156791 937425
836144 530389
806470 579127
103831 498144
810866 707390
323840 381209
425467 109630
301821 672607
881630 411559
653790 351525
663476 717117
736130 375694
42186 669585
406413 397074
351676 78899
851903 896794
871691 88681
878090 576966
91051 934896
807091 205005
178448 653484
706709 488695
19604 348613
363204 166184
615544 18193
197589 385313
832600 669872
70156 682462
425865 334104
224893 855684
464713 537488
311696 956145
300840 117342
479934 911244
541685 392322
105695 170471
898135 248888
955883 302640
359751 622619
78340 127544
367763 85306
249481 872917
407391 357616
402038 585773
805724 321604
57710 570138
296193 386710
655611 222415
711883 432103
853190 738764
438250 563163
722966 977547
902295 760774
123165 804094
810703 594728
90264 7044
281235 757122
754639 606039
373635 632424
304304 793612
344844 925676
533408 582611
383208 371111
271087 684873
974783 939784
822440 220293
992863 268790
132313 56581
992056 367458
552636 890693
404477 524927
503638 829469
75073 432330
889577 293095
173914 326665
787744 274383
886695 983751
643361 262801
821840 163241
724856 501104
727072 209681
634408 71530
186010 916451
465787 746448
524977 657131
696815 890966
590125 52694
895853 92112
886809 928114
767181 97428
370765 307137
696139 408624
670271 667424
676880 804865
742429 497869
946821 877920
568123 439779
936192 648494
245960 833237
672440 10781
905728 591476
7837 726301
896621 57025
161873 957950
548955 863136
261868 723236
558635 553949
222233 567507
695642 674211
234331 379315
593186 236149
54127 113002
773855 496704
896905 505432
143664 289660
120243 455168
823806 927198
725885 532058
305338 847176
942819 291932
141509 740382
408707 962346
856289 15136
873426 840844
487481 64068
596030 316610
698343 988611
139721 15964
612799 388547
459901 96927
179546 208582
803333 537106
114961 373447
599160 468362
752634 571815
880177 316039
863444 812492
445948 460426
171289 283331
525294 125288
751875 201278
585882 174869
810949 224805
404263 732108
478860 580527
381320 627233
393232 478801
630811 549153
907498 995287
120754 30283
893022 543962
919044 158311
657640 692297
885824 818810
827478 993347
266288 518993
418431 143874
390673 918797
41166 7937
193246 786962
526529 26466
332721 633215
100015 839336
404173 232510
493362 87323
477946 783352
596076 588805
330772 451256
648759 575757
632944 562722
62516 404735
932156 617020
343749 192265
454789 808993
818950 716193
842085 84767
886879 751958
59077 769523
692975 81871
887809 563163
226464 330774
668636 487506
584224 780518
6842 48658
90219 236520
167267 596827
556888 672165
10770 983176
904295 860191
195781 102610
549464 524730
704901 892256
151469 311500
698228 341624
221561 949953
114511 221974
561821 800670
934289 328584
940489 583479
236934 23583
399989 517479
579984 919877
854913 521849
702200 782544
15750 94660
428745 153459
239099 796714
529675 297185
212854 321484
554829 588901
937748 720003
125641 850878
604769 823380
574136 276054
255793 676401
64707 695885
255314 44968
498452 908416
473630 355136
967847 813470
293924 385699
870 140072
107824 247636
676718 933903
779750 743349
585564 471278
640859 644963
47454 743295
946577 922492
850540 115659
256209 473886
838746 713383
935271 153144
898625 446886
96869 208258
306724 101051
894547 562237
774478 277860
445944 765372
427545 566616
239706 176510
142350 782447
92303 906591
746696 726797
147214 674781
729766 916373
542171 67717
606311 470683
827208 846982
715768 437108
949949 255989
39118 978903
159777 788562
813126 680572
482688 713305
866268 647457
936964 704805
853668 326742
11037 425323
675890 917049
745461 817729
635388 107667
922080 225990
117264 30451
559126 702780
524338 263484
949499 678360
806708 867312
967355 359713
769251 322641
201698 913913
579409 434746
939526 469454
877967 980913
1555 30860
342368 241822
466389 50422
994720 495222
64596 821471
91782 426178
561458 171884
29061 415346
762416 54824
738461 884805
385153 410624
77012 170508
359181 915053
452894 182997
670733 594872
834399 519782
786932 529012
31533 908808
873920 390494
663352 739203
997811 431273
248906 155003
281729 716825
477641 437643
583906 467682
244868 666153
923658 177017
26929 727802
47763 132009
368944 12932
754633 654372
902040 66060
935236 582803
442573 717003
167459 202534
845326 673546
37971 545103
960812 544612
56672 815878
714539 888406
441271 294359
792530 119313
391329 92917
11210 923328
835218 908523
159913 498399
581745 374272
641935 892232
167491 724255
470766 580924
414735 860194
138154 539504
910507 92824
683243 489406
891322 257880
329795 652054
72791 69742
947133 138838
344763 993213
915886 501695
90360 837289
86870 418514
964741 951759
181281 588748
591847 966930
537594 441335
226598 927491
518065 438130
88824 278243
830760 763843
181322 733533
733234 616350
227322 575981
797981 106944
27395 840270
680397 295825
327916 122842
792929 967945
363239 792308
704550 436112
290360 209517
996029 681422
737525 943893
978366 622083
383608 231231
813350 668786
785964 153182
771698 557148
630985 849763
582664 329492
47198 883046
483057 178360
358681 189073
921659 245706
255988 205400
384114 868468
280579 105621
940462 40763
153586 590091
124592 68089
734457 350975
616247 171420
302406 260011
88105 94799
266292 446830
372450 448985
292778 214074
858314 216890
929643 47588
190607 504228
199850 866839
881324 303571
264521 355135
103963 423407
522248 445125
879806 72752
830141 921392
758914 783586
649454 740592
254161 498564
83561 574886
335378 110790
724077 234699
296647 824308
993262 810275
493777 263898
753373 821954
425389 719855
107966 892360
261203 106039
917895 875933
498789 309103
11487 497560
20425 325877
84351 992754
197101 243652
118669 485367
327758 345079
241676 321161
386192 187010
522458 717142
859349 876708
300675 998661
548697 947674
474992 101560
348652 813989
29342 39172
365079 325039
848786 108836
458437 47242
984360 631832
157762 815626
890852 375547
940983 792068
818151 214660
276011 647906
958710 985409
377866 741894
407767 564805
123262 513609
315249 120795
340430 491816
512360 607230
799024 157047
738643 632837
49067 359002
793857 45740
26918 394874
994765 294465
51453 568782
773545 39
910683 224254
590237 156723
630811 189741
457506 20308
540153 409321
492351 313396
474603 368463
562857 111887
450599 788702
43942 314448
513085 18822
462492 659697
30836 186616
558992 928116
330264 911583
428343 498057
224329 191323
887168 360972
660673 646599
727565 577963
129930 87754
669998 363307
567205 312604
580778 283663
766458 299383
282216 151844
932410 760493
444273 423922
79589 754433
462082 73403
363693 858763
565488 658903
704836 725437
729289 819074
38009 477030
917879 928824
198100 114205
331166 373595
14033 810885
535363 824378
718072 115291
6383 70526
533250 33259
904658 899030
131787 655964
52380 806686
626081 737183
119464 452482
829879 187088
257843 463245
912705 724715
50010 858782
212620 453673
886426 985194
945379 631265
39870 428859
725555 266154
422703 224731
281178 759890
678224 507517
740398 114913
242607 86540
171731 368393
913088 698478
674875 122163
284336 21286
276656 491846
238215 691887
576781 242727
695398 787151
36940 792824
94662 572885
179381 154751
598880 589681
714944 821870
39895 964525
463409 42674
104954 15741
331851 776718
783755 174800
392366 66078
510371 363944
487196 587039
199054 345381
289295 59875
268135 78406
169885 299920
963496 304972
880527 872314
995612 839035
47633 107735
488364 22711
987852 705781
433623 832482
650661 390248
231020 547572
541943 253625
518377 889173
332740 117056
792048 46434
231676 457473
404075 98613
569360 715632
94896 380988
173168 216153
860045 658081
315638 499706
641616 841194
520553 488446
764315 36614
630903 915556
463702 125367
964407 877797
876554 673164
110504 699325
60079 540915
703066 904400
26412 934230
372956 625205
297051 779521
997952 354699
332321 587758
469894 260462
668062 896925
525588 405306
424600 335251
558535 480423
705605 808262
821152 486605
328874 861465
994459 924059
149407 662409
450430 563737
658980 252056
658905 131192
558212 455549
388263 650905
502294 647219
363284 179197
394080 441394
951067 807613
517512 183362
230997 461215
508947 381759
852583 890831
895294 164189
691806 81842
664302 488403
551555 348258
646282 566555
133349 344398
540373 122464
514247 906344
895071 592374
453846 576410
782437 281074
61656 836848
337670 995864
331852 130661
844702 938309
293940 957386
110434 848563
6782 442224
240584 642189
198142 542941
238195 780186
35893 378807
312683 494637
832639 692023
135319 184920
779410 814944
141983 811753
737456 901502
925360 791098
469862 117681
27155 197438
961323 275398
573533 456023
301569 325947
572860 294087
399827 918980
779888 121653
191594 331516
486757 959026
930243 966103
339448 119883
931139 54894
791570 593568
407807 801862
942439 202405
994884 215085
838553 248664
549403 218920
94799 636665
492594 644666
659701 143563
132583 383287
576930 695829
66006 872934
624565 129341
536528 654273
103898 409011
513840 922309
353845 609717
582430 455862
835191 488648
763339 62293
984126 97462
945274 228513
385859 91206
388505 151298
878222 51996
631580 206769
55261 203483
600942 900012
634637 701259
772930 449709
701272 876877
120406 69974
427737 950355
431330 728661
160425 536682
863611 634771
725663 169383
853292 119460
866653 721485
834246 477603
790410 520263
371349 489727
865355 356732
23301 515205
868913 124925
49849 999578
96182 651388
898180 641596
189017 614966
747807 215338
888607 299076
958406 62595
498758 179111
897360 301522
983503 946433
989179 121497
792794 66125
438514 582892
247937 510555
505949 318924
311459 463569
730347 549469
612783 62321
838304 835133
763675 209965
982564 55935
738660 669940
545973 914719
72639 611988
438931 412787
990104 556769
793619 898393
549109 270896
922898 109582
58738 886290
441135 908719
49621 673328
809445 591860
743078 475958
208776 578027
774550 663163
293235 709983
552692 406499
868770 264795
39936 699611
246768 802694
315941 325083
5790 467405
349873 819076
864364 631773
61296 114627
350480 31616
484984 861635
299134 400902
592232 793165
342649 964589
116419 187771
772155 41149
445914 273924
811923 645964
642173 29295
540964 867847
220748 844466
498401 809409
833708 630788
361691 532952
135799 889527
522144 481371
523150 580869
85116 793379
997608 361637
530181 515802
226889 666175
782701 905136
5516 456106
945613 646087
310342 827917
661540 191527
691311 867584
56336 803495
801394 28193
62224 618401
389208 186370
226225 216137
192665 18670
793784 225957
18508 176257
79087 928865
666219 427193
392152 151865
721204 494614
580597 866581
411046 58540
378163 882301
494829 172326
793767 389524
826451 410078
134120 484737
222141 253099
219449 359323
267733 248398
783856 155731
412518 736165
416473 695068
415093 700100
968566 780588
968807 185168
88561 922082
63753 996395
30529 69618
653235 124475
788527 378251
646188 226423
121285 315482
947306 283250
597703 316752
993439 556026
408477 26567
943102 754875
122528 128024
678690 721090
714582 749998
250659 189894
700585 233558
95867 533329
257429 184738
287437 84780
493824 104468
768980 629230
881323 848023
706963 178864
251777 435995
343646 214652
106694 61676
232519 213597
393213 176695
320013 99823
382857 554785
12684 31411
51634 193530
656613 46749
569309 505329
432248 980987
11813 661105
458291 703769
526348 646139
263489 272636
996251 926712
347353 21199
516814 44594
998025 172681
745596 645955
590891 473552
703536 872142
808029 627193
680502 471113
160195 754003
371985 144618
900900 166604
192908 893211
740283 427653
244859 935134
842018 72742
266851 683701
773034 980457
638714 550250
93320 297620
178373 847887
542968 714083
721593 884756
753443 148203
304524 532009
21725 766225
581004 725111
299901 498183
288299 572414
506351 613197
161611 532917
588504 761424
230304 331348
337453 896118
368020 555504
99488 815061
87073 547858
841729 133265
483678 176089
255511 727267
877124 133468
620142 553108
479341 682868
25291 864048
22181 524109
210440 953127
105836 436405
14942 542699
618386 571379
546506 615397
244435 379655
131243 487162
165453 362864
534058 609797
362213 928213
626925 447388
787241 858341
630676 506725
508937 805707
907632 930941
634663 771116
666572 460222
481513 980590
483697 376506
156483 164479
860221 912299
333902 815046
851925 378521
390390 160792
665525 752674
140512 43781
377362 719421
558669 611251
315798 565018
146943 394494
137667 685365
331130 769043
511071 891866
170853 678498
69437 285263
514249 720114
678929 169845
621551 35926
836705 857334
798295 931985
325027 179142
262883 988383
396568 957953
22191 543274
858919 336555
537412 961717
955440 571498
215222 422288
752147 843805
385456 953701
753824 386755
830546 159932
96961 150399
202505 723654
7276 16898
159561 807498
97042 319610
403267 157521
125998 721277
600038 249755
324935 792764
592581 582320
110090 527025
464520 968509
489918 756530
4087 544203
883175 540134
291 296399
85753 657180
907188 675445
375478 274107
869700 249575
930749 732093
976568 120797
339236 266286
283439 60721
19844 627661
527420 314292
526909 293940
823991 43436
686725 235596
985873 989530
261073 309583
15444 859273
852457 677633
558800 763451
874331 21960
5883 553429
56530 554112
579409 554432
531940 705424
111898 900372
132142 712823
659317 413017
339184 18254
780473 233747
908606 676651
571033 615793
635788 320703
879295 77340
957114 561706
44188 104891
747340 198036
294886 961338
435558 426767
552549 340911
174590 452166
283690 937947
992803 751283
985244 16711
106973 76557
277008 307575
883853 972712
468499 99391
580179 580554
43045 811559
262196 679899
174825 949184
597233 788512
182429 789115
392268 900484
955495 19179
615691 13742
292315 196902
264113 292514
58202 420239
377060 680369
726018 148630
542538 735636
971931 881038
462585 461797
275018 726626
528099 301983
515974 75119
938985 50192
478561 861704
230406 767557
122922 74763
871138 27963
12848 932292
351381 184060
467352 725976
547266 679407
842378 275685
555207 611254
306064 736592
60845 316043
908573 669216
109114 51777
490600 637347
196141 16217
563642 632057
334057 534675
899179 798914
649608 586500
902926 693613
742188 10088
244945 601234
904119 473202
542804 560214
185594 788773
269706 766127
617257 670640
970312 170255
215558 781321
408024 221340
887602 868288
690219 605838
458246 223935
185783 939772
586072 553089
492679 129044
368703 134396
644641 213055
47788 686526
633550 705513
360552 701121
269528 923209
947158 122759
321960 183464
671848 627438
768998 402464
941229 428911
959431 714979
764385 136846
127044 914569
568046 318268
618238 131066
186325 549416
184153 309955
961625 930098
609948 569200
104394 888869
548463 357114
381296 693626
143591 765116
359183 479530
130283 751857
635980 329520
67561 84577
579005 489224
460951 220627
644010 835479
950124 788285
156733 103727
802481 511927
274463 47042
699395 911695
422023 493966
598163 286574
859391 659537
785506 498327
292635 728242
452180 43408
858788 284243
793570 356473
843363 405371
857262 640456
906426 86908
328342 361183
366139 106722
737960 201049
529143 48714
625230 900315
90265 419248
61707 169585
438838 260466
117925 912237
463319 979330
56190 878465
460201 242933
171526 924582
804272 183860
75786 455724
82996 527093
909401 974543
47119 961474
855829 9329
152243 949922
466865 184126
630503 354246
504995 971633
613475 644872
480408 185409
589104 331218
281743 601548
379439 330604
685941 166686
435616 121844
70184 607986
441713 792545
908600 11032
492087 938304
302173 224387
178891 289694
242395 275517
353815 528822
669000 116819
464033 681041
156288 48104
597676 149458
584863 608941
430796 506554
540101 476326
498105 630026
588941 18010
987836 947487
133838 43743
284892 538429
828596 428356
849766 165895
75929 100975
642062 686514
535272 577918
969328 57106
629217 767185
12503 133877
154591 140742
321568 136174
931951 915079
946513 65648
763583 720858
711952 393541
15119 266174
152439 472505
629903 193381
413341 497980
377175 86953
295164 158781
385926 892224
507491 67562
301607 263193
402117 560203
883425 141976
113671 598525
329581 260721
689081 41594
976440 236291
347006 810730
56407 402026
504899 766143
953090 388784
411994 116134
343387 935056
94048 955754
131196 817596
330835 773546
880880 292850
975569 811326
224408 992855
765585 26964
270725 554647
526509 256550
944872 491450
167218 131749
337884 220295
912610 686831
536239 953668
834139 464552
595353 889024
281801 362599
727557 973746
106191 606631
999275 652816
969245 641920
477690 247477
494641 500452
339327 375656
351755 860226
704343 13023
425262 156732
691700 842031
474822 29668
82084 959560
998750 493452
688203 141369
639536 471581
148305 622941
259712 417175
678565 959475
529975 760976
76013 809719
172131 143281
882568 741125
839848 34204
562380 757812
157242 187012
396206 935151
646838 547140
659312 731145
579090 240122
544414 351070
410564 699166
729951 314911
706726 181219
644801 215141
85091 492390
488324 109935
591247 380409
405930 948923
517753 286614
800262 980393
763112 392407
558460 161814
998897 863423
631226 589085
82054 818280
919268 811606
761258 4942
971325 184785
205619 534431
291255 651874
535019 260897
964898 432716
320119 761055
963494 116364
490173 832932
506302 85663
938238 910111
852000 137672
774542 275896
75013 681186
188069 456267
441033 691314
723955 489498
130419 82931
756441 223393
337360 767790
74761 333579
111975 870584
623670 104210
587498 139307
28824 768723
519391 248632
865422 171282
280496 981979
390149 667192
420045 685297
749159 566228
178837 961549
401132 106820
227074 773846
837478 672999
84268 264062
856101 589400
431095 74171
287749 502316
485433 633141
705945 448278
241526 277762
375450 645769
695001 352604
835661 610530
673354 285930
146032 964578
398378 450239
668960 337708
410314 185220
154951 983326
392608 136890
320980 895693
198751 329795
60983 516223
866289 269172
15405 477440
577767 48836
369484 299219
363431 92669
10383 589486
663866 865666
336270 544030
564741 984211
162450 770133
550702 330942
400891 296829
457296 445516
87736 494278
835858 915243
566718 936793
612858 561625
735763 777174
844591 97132
623180 981023
942593 213144
91931 570332
242838 88820
373629 508359
788486 981655
947752 697188
968321 856423
330677 139192
741426 636930
320070 737643
525633 194681
581673 927960
712660 670036
385285 297831
578493 809052
705356 199827
215028 129440
403215 651536
154634 690368
319734 82871
467345 149027
955840 720454
876602 833993
82023 584612
437507 891026
207520 14454
787421 207705
170518 248292
953567 504257
951472 822384
163610 940525
463888 967722
627093 777480
464060 710121
780737 892940
363533 391111
107635 192600
649734 628017
50642 75895
448677 950267
631281 321814
532344 448329
691825 557523
182173 892611
830335 701228
564879 805628
472008 570262
51192 260891
682591 443169
264214 502356
306118 690169
538794 206895
485232 9119
78648 100536
732603 41799
954592 501397
941536 361019
873240 483083
75766 632596
571924 950565
280979 66076
393326 919445
373498 848196
315994 85030
767544 150476
452769 211499
605136 813779
283546 405766
232078 865790
639412 988598
857150 509186
558675 29254
638892 884674
873041 247038
736304 862141
476624 507538
159319 958331
531855 703662
238710 841972
465752 195635
603466 160160
515656 933110
537978 510287
191705 407600
297966 217634
487763 513722
378855 259310
539451 410584
637785 548593
605427 229713
444857 485702
552692 623002
578377 674050
167815 891618
735750 823079
77935 444767
738842 451386
39034 397235
481688 277802
124488 327374
486457 769822
676194 160719
709599 831160
131426 482483
248342 964151
114865 201641
527457 897772
147947 655552
329066 580946
908547 78364
351071 476211
676419 917447
208130 762779
548414 981556
475785 997359
846771 491024
278151 419212
835418 127014
894506 916578
881452 981088
704178 321675
884652 862699
692493 631676
2383 21243
194813 783917
938161 978455
241787 270616
441331 59035
115894 990298
222061 59338
191011 40498
416307 785690
331114 159247
99749 702115
855146 26380
972644 594214
348060 525308
741920 595956
35283 252396
911321 721457
946154 755724
496378 461428
881402 935550
402525 351662
173971 407775
970423 196822
33327 702008
224106 513354
711356 170080
126375 367234
706738 749581
812829 322215
763634 803178
602952 805963
595930 446148
692626 380466
627378 329550
268996 418232
846227 358300
669615 55156
235454 564418
941933 757094
590066 256755
493036 459336
723229 72237
923849 602803
73756 963623
105750 316054
833519 46106
134675 126982
696389 738627
537000 948036
807689 449818
981844 336406
109 666159
995958 8350
781121 894201
816237 934089
14307 252889
575935 230317
831639 564344
495421 190115
85509 763084
122981 162339
814682 99231
776515 157055
306875 801345
742779 386138
96166 27706
192252 634266
929357 220134
526092 458268
920364 818954
260718 706705
768294 681362
91942 602016
142209 824337
561025 938058
324446 824828
602578 198612
975041 939801
174310 982737
508118 517978
936688 173174
801412 658841
716784 166994
167435 190368
910670 17848
78765 199403
898058 749384
420720 561885
51017 791821
33000 65781
900203 571488
697254 376840
65853 442748
549680 551886
560530 129304
789664 507338
475439 139563
828595 126678
144718 336232
822933 772341
376634 476982
360206 213344
657072 47657
178339 995273
219074 136381
20422 645059
273419 189192
903788 302557
122242 539849
775843 887421
570839 868070
735249 97519
823090 988402
916124 745682
348987 759194
129634 702829
311396 122158
211939 248602
574967 195548
682811 696742
261892 117267
176658 937880
791423 611281
691755 873070
353607 581109
929711 99643
433855 552312
648342 307037
411606 907307
275386 413923
395052 99331
46392 932817
824034 954191
816803 201983
305617 464089
688707 370247
456578 406008
426001 155414
836260 633101
102210 196767
377356 341598
375650 600988
89006 684944
624132 76803
117238 778452
552348 801714
871822 912905
367915 57289
827509 905119
988888 228359
91019 711662
462874 594377
799805 422028
548012 515509
497342 617200
61862 519111
167157 76356
421597 333237
458997 621599
92495 888667
993583 682796
519178 320644
998031 162227
90717 936152
730346 401661
760245 95619
668145 165277
895068 505021
921897 821510
195417 358837
526271 494139
815222 741412
558250 848847
964683 173574
504684 590609
451678 890895
158403 728981
853879 148283
363359 174202
169652 306954
797281 770178
975200 134463
978646 989106
893909 928298
894530 203601
701106 470997
906007 295462
769299 332941
294093 766012
982085 692416
893747 49716
276759 981617
785113 400869
823846 181035
200791 825135
342437 198618
247564 496426
191322 788377
830460 606752
316346 210654
386087 584712
667297 949873
674935 516466
561936 620055
896672 607482
499507 284084
797830 353708
331828 765672
434607 191176
154537 450437
184207 363867
350175 715719
111691 953810
799719 101361
701784 496447
9565 462327
252720 532258
130680 483944
318452 856706
923590 300608
345424 462729
435967 635572
675735 525719
101954 423737
960780 767509
21624 925132
636445 458688
477253 392107
102289 437394
978126 284504
740332 282809
864190 267490
338549 989915
967122 334457
877588 613631
90618 229508
801947 271646
651529 871123
718451 443340
544569 547049
137765 701877
412914 973971
356403 629941
384562 729821
337760 97171
167357 591126
594024 754961
392731 213488
891620 387676
942938 574265
645150 980803
461379 57359
878817 18747
851122 308563
803936 393799
932205 311810
559177 70471
316551 731577
741180 664345
972679 151523
337317 129821
958658 373270
468650 509172
991383 325885
734744 36547
670019 547728
2075 968745
377634 900847
498425 919339
652881 444335
778245 338465
842523 294257
160200 470236
728550 441452
908916 994422
961639 60189
92906 616503
841044 627236
293624 180485
5688 823260
760860 166851
835150 301705
550367 567702
77360 632014
943850 689441
454774 818536
739337 618698
195997 997495
441794 959862
574714 992124
451303 849918
720559 640837
292666 222788
68467 688265
379077 3496
485761 83111
510539 405470
837139 678740
85590 566617
717884 271112
447233 103420
329943 622336
484396 285589
696198 105175
446164 389995
995129 254241
112839 583488
405924 756583
937609 513030
37477 397169
821535 847698
507960 860348
73759 805431
752870 508548
346520 723158
594839 735143
994174 881753
369918 554401
500889 638664
815700 530560
107300 925685
120248 821503
403766 652939
834836 711518
817680 129006
161242 317248
625720 4421
812892 671923
944923 372007
987381 128351
482403 432574
152922 535720
599314 95373
485730 512400
898946 147456
173957 578835
185226 475544
578300 337837
251742 641708
859270 983408
934073 889928
131697 812964
841670 333578
375574 64402
930786 875354
255201 361926
603230 185995
271697 361582
181711 922235
170282 48287
146636 494946
708841 759190
480672 582277
987120 395344
386862 192371
27895 939371
136208 133963
344164 186521
764352 65331
885643 394555
912884 844464
18426 121510
23547 796561
85510 504534
558171 69414
130538 477414
110619 831676
660159 651637
921456 174269
425775 405779
501887 665308
752232 406742
295826 886547
437107 492600
103296 702427
815683 19855
260200 932634
808508 845325
182106 564695
873776 313511
305626 934407
455843 609250
173156 410813
196898 924276
197565 278131
859533 1309
44389 700371
838123 850473
242848 763136
874511 534885
891644 937201
672231 89866
685160 146396
199618 560310
948294 597022
152038 642077
967484 568266
753983 245405
152883 412787
43993 655075
28880 418601
58471 950836
481136 773551
279328 778236
500168 202979
144600 261238
993718 149216
334980 866341
170554 291992
270739 82259
244864 760092
678872 308309
362330 684802
670867 534991
909040 933957
155018 855637
214267 827478
239662 614772
141546 616446
337796 714308
557557 592444
460279 77352
388156 137427
135155 928052
399919 311270
449660 610762
537540 946381
5543 62818
927934 919868
988428 18541
124307 201429
358 542331
503402 157402
296199 171391
411039 201092
178157 190157
998485 281040
730714 901497
125519 120510
500471 851440
844668 586445
960814 517394
745208 246503
384200 241900
637767 22
429290 344617
385344 529940
37535 714753
793375 800233
911163 272763
713244 711841
744290 890417
251963 277226
418986 270766
207749 738252
129075 285617
909164 860553
304762 818070
955075 933945
766227 291014
260826 553474
558140 603910
205826 953002
20117 649248
37854 639162
716949 165812
653530 542610
304028 699682
184413 23407
219458 891597
400530 233197
237246 417989
183140 492400
146630 869684
106345 766452
53061 147900
366997 317298
511299 150425
461540 800895
351310 731686
21752 123874
368735 747708
905538 187816
308449 22457
124462 422932
142079 944003
585016 97481
164719 992612
630843 437375
628897 186328
830996 45062
96214 537486
689405 622435
642450 64044
517713 731449
774867 469580
4986 977300
992816 638727
946334 976158
529954 714499
149382 104467
815576 442027
354044 589756
79999 308167
644242 559327
412627 335345
753634 821928
474948 175445
182063 574527
714519 196549
67023 669467
645779 101496
555304 954591
533337 512425
439661 514318
164668 348086
538475 566587
360508 213924
5270 585303
947561 848087
995689 581336
621519 749559
963977 275272
473078 64640
986188 528603
44727 703794
871982 339877
14279 789059
514479 443762
503728 950897
23340 326849
104448 900530
925915 5209
817529 107179
736544 242201
526524 350913
303998 70914
976484 570295
282896 86173
281397 810049
526785 875754
684116 80110
445406 52452
737238 166283
160521 618968
621821 449758
529010 63393
601026 8348
754773 926045
683780 722701
48289 459979
623075 198384
53078 199389
346276 115734
119213 45694
53750 562738
680649 810241
300155 404501
73682 801982
768570 958381
649186 379402
891834 916776
531218 177944
165799 109811
141771 341561
602315 788562
593375 937092
19662 809460
748179 951512
317571 754854
757673 719287
61 30874
846434 477167
106748 619856
405245 342059
745684 971101
240176 412666
833076 67795
813851 611889
940900 263015
134167 766026
251567 122351
301643 207952
671922 754718
26060 241435
353605 634121
415230 735692
418015 325914
831122 200176
533205 180981
647306 608667
677450 570692
603753 575017
426476 131473
611079 588108
712433 807631
802634 682536
622190 602794
118344 757749
973396 134544
55142 934359
900471 160319
217688 40478
299241 983695
730534 718172
50873 14772
878882 451086
821288 123025
948293 119698
401600 29403
877792 812224
135129 402997
619631 220060
865555 784606
483823 816668
643295 846569
50511 807704
427513 870550
976244 221401
854745 89798
339667 767286
68975 200697
986700 88465
775623 70195
449408 901442
228552 800159
427719 83229
953065 494830
327847 724557
599692 367112
900028 313602
368727 526803
487551 811924
228995 783612
800711 588515
644026 172936
927028 15029
974242 694597
785168 997455
361032 20615
327728 807632
426022 784072
78357 556349
556462 790218
281911 6681
464218 919266
492444 573172
724708 433735
955092 636483
736225 470215
533075 954944
179536 718979
958024 654406
835461 282367
691148 944454
679109 29920
437811 362160
477037 734377
41453 4351
987247 301245
112408 255116
60137 103274
161492 810135
346932 126740
322895 361951
186519 898994
933363 142118
919208 682823
515291 728209
835447 930454
110040 605992
472410 691230
970159 526721
41779 588733
747994 241132
586312 685803
546262 765946
644682 365637
664289 695121
284712 709467
574934 567053
205425 824264
929203 619094
303426 992421
994820 804102
817583 906032
534172 577883
789065 517734
263467 719793
111254 488341
987672 543431
815903 336654
725902 294981
441388 885533
287208 22222
824065 128058
200788 804256
796032 277631
198850 776415
682667 97817
756088 762854
37350 861464
838084 165458
763383 374114
962529 803717
879698 438207
551843 286761
358964 527458
501278 558545
611738 204621
559552 39208
800751 93539
243696 927399
842444 916810
122184 420010
410018 204082
187613 548531
940262 746961
251498 767317
429626 594925
560932 452389
452218 939704
117021 631760
621160 141909
336553 118946
543569 364357
295862 628242
712354 52368
883784 300694
977610 24269
877149 834142
659006 348831
797595 568301
995078 46739
904507 194187
809608 43012
545224 80908
411031 297171
379042 760007
994718 969925
700807 711724
855483 975033
744513 594003
781808 675787
684054 471405
603397 831274
490444 170179
410558 230345
6049 438407
313335 23220
536026 712267
716788 96955
51628 705681
69584 362473
329199 885769
518556 787277
539381 980336
572330 962115
712724 331613
952798 900707
722037 741160
610328 785980
923021 251884
183973 602980
83279 890325
412104 402198
9643 416879
157674 24144
390068 683141
970766 954680
632316 261861
236068 981233
841666 88133
370398 878767
851722 361920
458513 64643
383259 213435
544974 174220
470107 55825
899404 836995
584530 976225
598116 640231
656391 399973
834766 207229
687093 655926
898808 87844
842421 565110
393930 117819
183137 550257
105262 782421
668260 44693
350753 376006
674247 439291
292210 744186
520752 90222
285140 997879
419332 593181
879151 811179
899436 907036
84026 524390
718505 488685
510703 880642
37725 268442
216826 112125
272895 896637
711643 94024
538500 881555
103911 59207
703923 620018
49420 490795
110563 882594
17117 425546
357877 557683
82977 768342
273219 67518
770035 57663
232836 721934
588348 280047
815076 194468
857426 62916
655203 666987
149132 292118
388921 896695
632737 511006
102363 958093
608901 833734
142811 675184
498792 523585
970920 547830
440355 108884
384412 970169
969471 859245
646434 85911
850815 549176
269389 888364
627329 246930
827933 379384
75349 19297
478877 89608
453307 835222
833342 508291
507166 837893
516403 179668
953783 969561
762130 868135
960329 755577
964470 431246
60190 193591
165310 347740
84289 603300
910805 576713
874188 504692
702112 897940
527556 325811
2414 988798
550367 181319
290463 364723
16019 530241
10763 233776
693142 789929
478670 76125
39430 379482
159282 853949
469576 552999
548167 844883
291541 265396
999658 634522
67888 906194
49917 891767
606941 154109
613435 189865
29239 677654
833011 271349
437435 391679
491397 765559
232641 269870
695196 297121
573053 979557
388356 682863
774270 255283
635070 386672
663976 107085
301719 43118
534525 153413
725231 712908
525883 624072
75326 118777
688800 205137
613975 545374
986040 545789
354094 787717
311777 247790
456475 415810
707021 842151
715378 437641
306548 711137
542736 15852
613123 29012
887312 867629
6878 616778
158393 841410
193616 766273
391935 436378
614095 9252
506405 336832
731257 240006
271552 218505
267175 370519
556874 118312
22450 853536
821900 347984
423799 357584
433009 488314
952826 434529
46092 534053
507681 373812
789228 592610
563030 146127
784512 280157
52747 454630
877603 871555
312016 967530
298637 547396
658452 953875
742322 252035
541489 658285
862058 966152
74418 959033
118738 415962
686624 75271
215044 57521
357130 38662
988236 836419
488503 390674
395851 32069
952898 27768
696927 952244
642571 104010
15861 110589
469428 826691
370841 755743
919117 131964
518560 773875
400692 359541
125886 639524
245727 13669
376923 571860
831489 560271
796943 266058
526077 373065
78228 859954
286886 345472
991360 943519
56155 828849
141721 410390
504533 172615
290808 476958
711023 581239
563553 907146
760168 590973
80814 434329
683568 955376
163856 651285
909429 845001
769105 442663
809566 760526
835613 69814
949978 724541
359999 758372
314780 953441
721317 671733
611525 727459
473941 180804
152419 45
326385 764446
807980 186608
228185 350637
790001 534904
605073 381140
279670 964878
414007 497215
3113 213418
270216 174406
3514 29283
630240 181444
894336 230662
153527 744812
64710 989103
236137 445315
529011 689675
63685 251217
638192 878601
397949 412841
131142 536397
456928 173144
544194 175879
277879 650910
623938 653808
735181 478116
842659 491759
877288 310560
304112 978845
665516 90793
493660 286341
955445 135401
581175 525514
474377 426672
254194 424515
161631 160194
995503 5178
481902 456057
168839 891749
544641 95913
847328 288693
225485 167411
563731 418747
937232 332462
14952 182424
127271 321776
264051 369219
287030 614881
82911 651960
275930 302726
344813 718749
476673 713269
46691 178631
235681 61322
771453 939006
499602 452292
681101 258600
628580 7237
290579 919969
749161 199303
771944 541818
677847 576689
403899 468203
445375 337385
946522 965547
96038 349242
985271 199515
585268 626283
102978 516990
240728 600433
214425 96331
109632 837309
233925 195761
153977 902374
921541 115199
553354 78305
434269 801777
65682 310174
538005 124796
649140 40556
453839 761213
77176 210103
114469 432972
860636 726891
616900 625396
665607 271009
168739 300746
924314 493099
970034 740706
546351 527966
661148 940319
612692 311916
640423 451183
965203 393666
804152 367243
993197 205308
600215 962769
418277 338146
398336 516788
365492 28852
843152 155603
955199 619545
472383 996445
629436 390688
994579 633075
339053 334014
332199 315159
794679 622492
693841 31006
519209 140064
647817 888003
496599 125404
64417 318857
613524 101290
337483 925602
753362 136557
86055 57945
940027 698605
425552 979621
883124 354231
164817 935437
320245 22770
950600 4743
762375 943099
753471 502454
541527 171269
514539 724791
827092 305529
854072 293270
284249 534053
507004 882376
472377 768027
254548 570044
739735 1414
592798 940873
370131 514679
610081 821935
178526 522941
527599 504387
430674 346428
50462 256000
288845 449779
973902 417241
848659 718695
638317 783355
718467 725014
888519 602110
308266 474267
209923 875454
148532 359217
274060 554674
572316 477577
495567 924166
131615 54403
284451 428817
96773 970208
161356 486681
365210 183978
91479 342224
812954 374250
445756 94768
75468 554388
790538 678055
532615 892854
153985 231234
388868 853324
79922 541696
155061 119538
154823 902376
718084 147418
999826 193972
101087 884535
117478 8930
490448 80112
605149 87606
31533 632504
66537 662932
955797 853897
835068 323623
677900 440989
541076 192667
889670 649334
868462 814506
227825 692589
38159 302656
600298 59170
355797 235339
13124 37267
20799 982922
518702 696027
863553 102808
974390 501442
579019 80739
138766 788456
964933 753317
573792 922903
995872 828968
932871 655801
393199 261483
771549 193066
386103 578090
927553 912568
837081 969954
93371 373674
429859 393841
218209 814829
775402 46307
144987 118016
51773 326909
775555 140574
677386 201606
404778 102842
630653 82555
915160 503554
492045 874445
232343 316397
135232 474772
145620 288033
803619 925642
877145 1498
47067 948296
401455 598884
707373 376704
261000 668424
843115 326078
261565 303093
24463 627443
760765 135463
872772 987780
723818 881686
651154 250213
139833 340691
342208 417413
497843 461769
901332 410948
431929 393037
666148 608464
849257 907818
748272 70596
696978 240606
318820 537237
479615 839054
585093 138539
263010 115252
359747 136001
293201 309549
993450 613150
325506 561689
454570 416379
28854 352616
630987 928876
61780 337288
292343 514398
698583 567863
750727 505533
242387 367578
89878 468401
765271 447238
978749 504401
371680 68947
540246 906575
908989 914186
207900 906506
87566 131519
459512 715175
92741 970924
588587 675860
874710 713346
3017 859200
809489 45550
755029 503724
184050 905509
410670 454737
824857 572504
942546 827002
532021 234547
434066 218005
216644 140824
588446 280102
59817 844897
807422 440677
629463 581705
706187 335054
404351 466183
87930 316188
316546 183100
531731 48051
507806 725197
90329 533452
6135 599885
918510 813770
598796 283693
411953 103890
441187 755265
944225 279508
230329 123967
684524 542646
416273 873421
908108 421309
874332 976488
780432 924277
801248 25104
707430 283562
228817 319134
411025 823385
422994 268668
621612 298901
400139 950903
415549 959535
357430 456454
651363 708217
879150 461608
976061 40867
961222 403192
66376 724669
482930 168106
774065 84935
548018 678630
49536 862275
955456 359688
550746 540034
778984 746753
438304 682372
417857 822384
732582 452821
697509 946049
85058 637378
956530 515529
63964 98612
295100 959752
116969 169796
434671 675306
48819 593529
696374 716057
551961 535330
878899 621814
297071 598007
611917 366174
443156 880038
498967 355585
863911 105328
416103 916520
761343 855728
353126 683279
719036 390926
115632 781768
971217 366881
287326 356970
684107 148244
722542 783281
236647 310593
397049 773082
838511 137359
840803 317495
359553 81078
206712 179516
798264 898810
811740 672742
119909 397840
176144 941471
62929 314236
39021 933876
360999 934121
509380 360110
208077 721979
21683 265519
479866 260051
990867 630250
762638 891455
180745 833277
373085 802645
719185 753707
953146 801808
216826 217602
235664 781599
539493 857578
976992 670103
833657 794106
295033 458938
444773 111346
729509 167393
281857 953446
83457 450496
298931 980691
605466 266020
564161 957099
105360 208986
780822 406090
520928 834676
277957 196763
997339 106574
802539 57329
740785 456785
223047 641231
77238 416198
244417 557081
414272 460064
94598 776966
293899 921826
120750 563016
306049 67168
369931 44554
138461 899299
854987 313887
424565 960854
629716 342963
1491 742904
370845 964933
309527 378828
698867 516697
904600 925171
203845 700409
458438 636362
428938 861652
187832 948858
324963 354004
349451 743302
565600 188641
55308 223894
979489 528634
233927 821123
668832 722824
311401 764974
419304 77263
314524 466136
362351 936737
281765 752905
656074 548181
838915 258257
637939 197973
658683 291490
418430 345017
63769 54977
173966 831880
328159 728792
526650 201898
252537 2326
131966 651385
531275 752038
169137 60778
46888 342953
839240 17665
46335 673937
149438 522186
576666 490617
970866 619600
556904 757988
767000 705463
697972 332470
654030 957695
35883 633282
22343 325849
825116 277809
54353 333752
312847 764267
435743 653354
768791 768244
330571 714491
559998 142658
620243 795010
57179 369587
746416 80545
647049 729810
143546 499714
857202 870638
14541 225730
594844 159562
473637 364737
338443 323864
669356 832467
443108 990101
6775 539954
3396 559246
168552 62998
474596 486168
956120 304927
347481 408526
854482 465993
610853 983953
144529 658835
340408 939066
50523 428508
771462 319534
710063 784332
824816 395075
402961 219944
306791 258056
609630 507998
79447 494468
922087 899849
765396 938691
234616 606334
28248 487983
794620 386188
949955 603323
575471 459017
491850 390945
441554 335111
435090 311258
496592 490101
297600 934948
49357 223518
564094 244331
681151 530332
649602 165749
217373 745326
658009 850475
43679 19712
618967 322037
279358 635769
453550 581510
765011 54695
381450 859266
257334 50891
484284 182237
969029 808044
183697 89930
798240 987125
786349 553531
624864 304216
401899 770502
893000 533443
544477 678325
391184 31094
568644 592893
576864 27286
549861 212442
478807 588067
168826 507126
445342 585956
842849 803328
753452 521881
807195 973085
767406 704304
481608 522419
962958 607385
439917 182911
325312 281426
476523 790056
816130 782147
543687 202550
449980 32700
237529 958044
410436 928704
122906 163639
909327 620476
976114 216509
477336 174418
782060 175547
930738 358985
783495 973860
522439 366019
226525 30950
419775 921567
796602 272723
477041 720475
231350 958416
155624 875994
73783 259263
952316 210786
495386 943878
232007 21267
922462 161524
714044 958072
779427 288124
271954 348040
608558 572024
517845 81921
913996 183003
855276 699902
248808 321133
500848 827590
373410 49094
676471 441513
758944 649602
112037 939089
401776 60852
30582 368194
311989 185442
514108 641964
398840 698273
119268 835560
152572 481819
233027 475249
607973 965769
300971 482620
377826 831959
829487 644066
818475 93727
973654 797695
613555 251080
745686 505912
793705 926299
750911 7897
291431 18835
498394 145241
195338 18145
774435 324177
296979 860961
734061 812518
133617 335662
436493 475107
34095 988047
827382 145198
701225 893398
848061 696974
35434 393232
436997 715623
971051 20209
76129 699623
371694 448508
982401 370553
287501 583243
778622 108210
403321 776033
889272 810473
301338 838573
932224 260770
59497 378584
682514 113992
902251 179061
491910 878463
129724 786325
326986 910775
933112 604329
282143 741844
195243 30632
81915 932840
407570 609043
239179 965628
151382 501194
973859 811655
397517 224957
532864 525105
519007 119295
734263 832017
944808 390008
446403 675459
315714 565677
782984 259801
85803 948086
790001 799800
204421 252041
662536 52109
377671 233640
149760 244705
697524 534166
212145 821870
164630 185947
913570 363605
70299 186698
779194 864223
557548 822869
497324 932393
33108 67544
129905 200566
380426 746985
114259 410195
928411 65830
658219 254940
322896 517295
780934 701098
550973 426246
577882 716298
73156 550000
689723 978022
54230 9215
134963 864669
589205 268274
515684 865400
348401 227630
166161 744836
866993 42769
616117 28314
657223 242382
318674 224700
247826 910228
280113 441492
460386 406387
859257 864128
46385 810296
688305 983082
14542 17644
274445 356416
610684 153084
141069 107200
268208 30730
901129 988166
902726 612619
936277 499727
240024 374802
847725 919175
411346 281835
469148 538674
641465 43760
703736 957831
86551 601029
442674 880846
731696 856027
780405 716626
432575 876915
307392 101610
745535 330985
947446 81144
725580 127995
117777 817450
258524 70749
116203 203366
599038 366767
258408 151803
708712 261341
69418 716867
257222 888601
29801 952007
615707 952731
266498 499196
520872 133980
338069 421358
714332 198850
809922 934974
924310 780411
226397 727501
155665 324085
180816 662197
80803 251076
198236 458811
589836 817978
381683 341521
630778 1018
710262 741595
270324 477050
687795 316673
856218 47002
38753 923531
26248 391637
419502 766085
547756 877228
646989 805945
579129 400217
117816 320770
720763 612289
850484 739567
73932 628040
669809 429581
391395 511397
473584 482356
105463 259839
941742 729869
452767 721386
327918 181303
666511 899260
340976 499058
253501 335275
709769 27017
188467 210573
443163 526479
197931 412089
497597 418745
195432 742713
495950 818246
967766 499496
182138 359972
427787 803467
515511 311382
160593 307046
458339 505456
323763 224160
348192 364215
776820 32503
458590 798554
871104 811295
341855 814558
68375 190861
445584 73140
415607 707377
386025 598868
435890 713930
410323 487689
351811 282140
750277 99948
897803 234511
112084 161940
858949 905792
407100 247882
83849 46053
853733 984474
931912 601791
528390 66191
195130 457439
254328 509074
812257 149153
355822 67191
249299 524977
4958 602397
633926 406633
702465 609343
617291 643741
655280 294067
174983 887667
225139 156515
123994 284293
877664 539441
337707 711022
821615 93047
884508 828874
749180 522331
964164 735342
692360 787870
855330 183718
537716 513211
21460 910207
951513 163874
720528 614928
761721 400430
117774 382270
788287 89242
712675 147711
350163 498879
979028 686538
408224 901972
672497 517777
7590 290101
273376 784099
421120 706646
427553 681544
23510 242300
8775 155078
405934 274551
983057 199324
438534 232945
706997 40992
765411 417583
726353 943306
763706 882458
943496 585716
275505 71771
512978 602161
212546 113815
961419 107590
489320 435906
361782 31546
292984 877309
341027 489610
172669 788603
483632 980329
377923 29139
282502 800404
484956 453318
627450 634670
656159 119415
895813 459065
667835 275786
146060 714726
95665 277029
771141 911725
761048 179463
549205 749849
88694 688599
111801 377194
58282 115644
620792 223046
786184 869126
731557 677149
132845 431504
483022 799852
541880 128987
952758 665274
677973 321073
802323 154731
770203 294540
499085 721269
466529 182381
494444 257841
293935 628660
644465 695295
929401 617634
173188 665213
679217 865551
779157 95760
521402 649718
913421 200693
801680 613350
326724 672079
886994 431505
462220 161110
135833 557428
706818 398894
917016 472453
748673 883620
271383 843011
3089 274939
211589 138241
567937 86890
333463 539502
869450 823609
290991 970405
183092 201247
805611 984619
810646 163897
983708 888870
674942 79976
954666 320853
96716 874712
529010 321523
889446 620347
330537 347741
105791 551160
24353 761269
650066 747424
761300 542133
599108 378749
59772 913206
37244 999739
772620 222405
875130 172648
544381 950986
5881 517744
235009 393127
609536 305279
82850 774014
32874 875452
38930 233435
736115 931163
146920 851315
442912 464093
989842 585217
37894 799961
601307 498155
858153 99640
438000 232660
701176 271795
869954 529514
795769 287648
709116 242848
403224 753105
134766 442217
697226 699932
665038 708773
792907 845630
294532 695176
981363 881366
641570 847551
386552 956854
452087 566536
804502 92221
39805 864249
308443 166129
509964 402862
334406 782776
774906 404605
446365 602070
57000 509092
653766 789738
898337 168999
140150 930428
524330 900117
887037 779815
969106 735058
413156 391933
97511 587799
604395 297513
337096 264768
222540 67640
354423 724078
960639 662118
645095 493535
499056 357654
72994 468801
656951 164362
470664 489794
688742 795878
577110 409747
108008 579673
552562 167700
693740 401097
379361 884639
127231 565618
82415 535439
732961 213522
982159 974013
99229 794719
950193 897504
835327 519341
100635 722994
612651 387922
433000 509002
591192 171923
853914 937698
38749 566613
178324 638638
862188 772299
502984 271290
369657 225858
804401 5313
418176 400413
156606 452438
571947 823344
303202 49029
728726 238671
929046 68645
57050 238916
438910 299296
558859 714884
388418 786406
123930 531125
158341 869182
310266 758074
86720 784367
248823 740494
137991 513968
784362 112700
344725 747373
553798 333801
209807 298786
346201 520821
605122 373293
156269 779912
271086 659406
653958 578034
428527 620357
701494 791120
480381 492248
507141 463894
622526 108931
315803 706637
267630 42374
363058 750064
471987 140827
707912 717477
97222 198266
470391 732103
434828 7982
483225 936139
582524 977459
985308 607619
404098 356244
542880 473169
302263 552981
499753 564940
343013 308177
454971 732848
380982 339293
318677 593229
396144 715170
705931 605452
161723 255258
976470 22531
114068 931290
181521 171248
236726 26623
943148 313742
547185 897973
291747 653097
622290 272533
760061 710640
944966 164430
540623 976117
184676 604638
602135 3975
280985 907164
213993 4587
620758 682451
849016 138684
126358 368510
238419 342837
722319 575927
77687 994331
150079 748954
789653 621895
747188 622897
944466 584877
26828 326034
737436 416280
430935 420859
923352 423976
526920 516696
957962 565249
451821 249244
497009 823671
729369 639214
986810 953515
782623 614665
558076 986708
579585 181501
715245 253898
152187 749476
362684 121291
298262 981499
798192 446409
62973 992142
355184 98010
834654 273704
461710 867468
745688 220564
710174 744925
328455 939695
65916 412392
675443 585608
129656 422481
92538 772858
518657 489656
544752 719370
281622 719877
446877 93834
543592 289224
821256 686036
256928 728446
769512 913009
316389 256105
506884 448217
167729 930633
615402 446709
425929 789639
523510 921402
725314 921105
641190 138411
630492 16446
675717 295256
132035 844305
463405 616211
573988 266769
383316 376799
26098 168220
742151 28140
137539 315172
321941 702641
101809 716684
71099 330647
309931 565023
802344 489097
532274 443020
294582 795373
328624 179493
512808 760574
553329 854158
928080 447377
94224 347562
501302 300403
135343 331512
461603 216400
26707 301224
636257 856359
705855 857859
18814 293675
744881 729785
316336 160646
934545 920419
11253 735226
314791 607132
919832 667570
549822 126534
969201 179393
283788 132676
662414 508848
618655 283441
272282 314987
329084 947645
731083 224267
309832 31184
133716 737460
537348 182255
907001 409425
148781 723231
66348 225708
426760 802702
33848 544904
40481 721659
230319 770737
180551 724195
912402 285991
748621 683928
82654 128320
423527 684745
839497 71044
38283 684357
729881 809945
51997 907641
557784 193608
725709 8302
790619 95882
348410 534834
166935 384705
590721 262269
489991 173473
388557 424677
459333 902573
734771 716623
709683 907613
258015 665838
522852 236641
117036 290046
863574 257156
553499 453218
791756 957325
215854 432089
616945 801601
705487 174080
428916 701458
245599 127893
798683 81958
62576 850179
461956 822419
93186 510194
793392 554682
564310 635094
787969 264341
691411 63190
855087 160272
454500 547036
208340 5577
983654 773356
593481 331981
562213 90434
894223 408583
467725 961573
803646 234044
430971 870240
166436 744754
366385 437595
431644 402226
295256 374155
391592 563976
474860 203622
646925 151988
666708 264805
12655 52148
454335 829394
305908 219730
945447 816892
170138 530492
351931 852172
208494 576451
411046 758836
602787 449627
678138 571702
361820 870435
143150 784434
133626 509878
618523 118629
39697 213601
865852 727715
544427 198064
472044 197860
882103 134306
310135 409076
689496 526440
933306 643242
627499 360449
673314 436557
553826 278353
56076 48646
876627 137730
953766 464945
250875 333488
631108 652805
708380 722544
474617 65632
23463 456389
522423 159563
110557 604482
828767 375270
438544 980948
600261 687051
392198 776436
216809 489270
91611 535724
97070 329012
492673 439879
806747 77371
630107 194052
999109 26915
735478 253022
660237 665897
984673 208460
932720 141667
122925 991112
738451 48552
280759 526955
674413 840799
401743 105005
916773 453879
474443 239925
105859 294798
554792 799286
624654 45231
405504 91916
135138 200937
782725 168613
342160 82832
982876 213540
846714 426194
596140 159561
661071 563249
548755 435762
956407 846913
169432 934965
793199 437290
412610 18690
415472 484878
228998 830515
433050 366309
960217 760273
709801 272350
93309 791033
521440 423403
880406 308251
597854 999142
82243 932077
369897 675233
141817 54528
307714 178899
419278 268107
735386 804542
109257 355967
938659 829063
296253 635356
314014 626829
488390 811715
600164 199681
320841 591310
898820 501659
666503 8725
681406 977700
808508 180567
716803 741709
155833 754065
672326 365675
977727 630099
97382 131130
676044 591776
360509 419462
84561 42179
131192 179949
478805 497223
146636 109240
929733 776044
861071 215206
119192 855361
135763 823551
824325 41826
607073 771871
557974 135751
290727 899265
162739 393896
301013 378099
868255 640980
745084 799775
707811 66916
351840 866360
198750 485116
354069 927677
211838 815491
790163 741108
102449 312674
439337 812074
707971 723299
413735 139466
10178 805468
304560 559199
442703 924012
288455 284450
201680 128271
968640 663270
592011 962650
23024 553019
697200 37287
532908 933743
98250 515188
46282 314259
985540 407632
345554 108
799027 572022
182903 580934
879761 58307
57398 500106
875127 67568
73026 639947
497997 183796
156486 848045
517259 860845
501649 63210
450981 761491
598316 31120
435207 63745
678850 831724
412152 119237
786198 78130
572280 449887
403175 341239
38985 908757
294691 120820
884486 315711
332844 968213
718610 611031
495647 744753
659973 90312
843769 166557
654343 919529
951241 517329
972485 205825
402531 880014
236114 451226
171967 685690
106371 582197
606752 176685
504142 874134
907956 131718
728794 547409
21976 351730
616374 327238
566706 782502
940430 241291
798378 61800
575341 126826
569875 299444
69695 346789
652223 185283
752775 108234
260763 546721
506153 939208
990309 407615
811219 273136
827084 504784
234824 678875
928472 247675
994201 636870
301189 651168
896918 872381
879061 109194
894463 579583
643088 971446
419425 612284
504354 185584
897954 575570
846699 386220
523087 724145
757192 736725
371664 806031
299888 507926
330037 240927
55375 469556
637603 877496
367768 954639
27607 939859
341542 895475
319176 869480
429778 266881
512192 518488
722190 829338
806882 411166
293507 638058
557148 649066
429213 922225
612811 354200
951447 419166
725430 373985
473070 478504
58252 387041
173676 816658
826070 605302
458261 251824
559365 234382
857032 305762
894608 342773
322120 330707
140581 202517
49396 956603
114614 77923
385992 259886
569057 69742
420912 309054
673808 465575
531638 315797
527559 549807
151587 442954
651833 453283
251159 687556
98630 772148
521337 986667
604003 625968
123363 55892
676252 40686
702829 617419
628905 860444
694174 789227
4260 549401
9160 394791
95662 383403
380385 795750
294043 507989
435647 459772
987855 761251
488378 29598
84988 795630
905206 395584
897839 222698
555837 235972
760503 387450
897117 741571
966167 328917
326536 911278
729988 863176
903482 848273
146638 293206
939333 250373
316441 352391
87514 106079
485645 272213
575548 601680
603105 409994
121070 646194
677933 180333
945278 697727
82984 886491
787729 624934
826232 471892
799721 109004
658205 870914
836362 379975
291533 621676
843633 644504
238795 531715
952214 406775
173884 746290
985909 799270
205120 73551
998910 555693
496032 532609
920088 464593
545318 606877
182367 829835
282218 307715
501406 66235
549609 178841
747247 562068
422707 316806
105258 507704
59630 948480
711893 585517
396478 976239
355940 542777
11409 282754
896877 11790
959684 806160
722196 839806
33425 445557
955540 336846
957218 72833
23929 769350
639884 221206
480293 114337
830543 649441
975582 764297
403718 285298
647119 196220
916960 248961
832896 866389
643402 166590
519639 72012
42386 366497
691976 225704
641332 917654
869321 710342
71499 728219
69991 184841
26448 162643
345701 863386
414101 581695
846034 107606
390430 52916
940243 1565
417150 519091
327342 332715
533143 163117
449986 833515
978608 957791
309918 633881
907771 498773
611557 576802
978986 314085
805563 92204
715530 870995
503929 881796
501548 531658
290224 348704
252376 395110
908952 620626
929316 422322
978829 859599
332216 819775
822287 157139
23062 133778
775299 332413
233390 532315
638446 16755
626283 762594
413772 73521
899257 55024
16930 53549
496997 213058
66596 394614
242757 671670
565623 183230
83766 136666
838335 816667
836995 200948
610938 341525
793792 855021
448978 772196
323878 611893
390586 941952
696540 416999
160982 661110
352794 223665
241535 132839
187076 883354
951427 86274
705264 681001
728699 29750
941657 918816
115131 489214
135586 729026
720366 551633
4730 34620
894476 447676
406012 589692
500853 891827
971932 464246
424046 608571
245620 192274
484742 751413
779399 652613
538073 543029
653308 838874
257328 487908
582488 985077
740358 11605
646825 310298
593031 625745
158576 56482
503632 346939
876587 629958
475284 81851
461025 124638
880537 489940
943872 619600
549191 679736
523534 334961
361525 21595
958631 230053
35856 584050
947421 829672
693383 214214
436634 937662
169571 707485
539764 662785
991507 836786
646481 427178
798039 628446
854310 636114
193381 723736
625946 955726
794942 279534
915427 973119
696455 783039
823827 138006
429384 972368
989666 850724
814374 564387
883057 9265
276641 792079
932005 531967
451027 886135
593253 846635
457583 578396
646233 332459
45838 804151
714990 20108
4054 623571
677295 320377
165983 810327
528731 911152
600221 504330
283590 365972
235603 956241
471022 930285
265462 644301
994907 598128
41284 773213
385931 664740
168424 961219
858163 12151
444507 989135
578787 138764
707896 47079
852170 380068
550685 439496
490476 935467
505670 131645
706394 640351
695330 735773
801481 545238
470753 957522
225182 595792
866758 990842
421259 653418
872627 178768
664776 281346
626394 382356
234636 407863
166462 519819
108587 248200
167951 883932
528106 334807
518188 915267
500502 522809
701901 272657
11208 558844
454889 328703
736604 61036
740435 608519
393755 425480
513011 988359
322623 994011
996055 286660
461588 762178
121679 187357
584522 228599
678931 168244
664120 674220
237136 132102
853259 385935
6055 523469
851928 751422
159927 863074
870113 170391
306136 613255
986388 504120
404222 845546
565406 319108
115828 554538
916191 987242
145417 845723
256228 428665
399023 844893
28583 46535
864833 114841
713271 395165
817827 304073
283869 900401
254814 721921
14317 85270
214171 125433
873353 226603
76553 957469
661763 913194
316959 89353
121076 311136
749090 57324
970663 1914
207305 629360
223705 451174
2848 540489
521185 971933
859816 547453
91177 595079
796918 501481
527753 996702
173051 873542
888543 581216
86525 862896
806674 325863
202376 937062
932771 16051
726734 413601
793166 854564
223377 5222
663076 729921
341887 445774
88700 129825
66513 510251
970465 994037
484178 444393
297176 622943
385094 855858
454158 170092
490850 534251
220496 702317
106574 220035
406824 473007
896960 434012
698027 252483
785977 984843
583481 344912
374252 669225
753007 542339
200834 108064
146120 597641
89058 974280
370872 56739
730586 545960
841885 964540
191864 884062
118250 208827
329977 939839
221051 723232
289467 245741
281704 884473
570052 524793
214568 745547
558016 761285
552800 106841
124823 900135
186315 849483
845591 592113
127697 569631
994295 911882
343287 996226
568139 609980
437394 619838
938211 125275
221365 603609
124143 713225
849330 343612
659494 867131
713157 858784
370115 797782
977230 478513
646986 644228
130656 225286
698937 170391
843318 71517
954580 178226
18293 516576
906261 522189
27449 453733
331016 170830
458569 149421
359848 670571
575952 502327
985347 402306
131176 152210
622078 532179
212533 710611
94903 832932
299990 57232
733367 771998
941079 369055
627999 102886
41592 928347
380260 511786
229457 320212
94248 846446
649809 634514
431111 881119
210512 760121
103819 635220
403277 157835
247725 188644
75240 519328
948618 497595
799379 560556
604665 240137
885269 395055
20645 145851
51888 588013
61879 848081
633022 311639
430475 8601
878014 697425
803529 704826
785601 196774
986865 934360
176532 27687
839682 79057
190248 874302
191779 365323
812777 215645
562315 164930
963151 543042
210382 41547
878594 760075
619940 10313
504494 477909
801581 308692
194454 671645
370164 212219
99095 748893
517257 840940
25735 172579
68214 564170
779886 675185
272355 347848
676853 146388
591976 682676
521689 227282
342349 349052
330924 46777
845178 877339
504853 225627
867418 109756
853779 853559
180866 58580
926385 260393
855029 200299
821164 409060
558351 577967
395080 447493
463903 113673
334329 522998
97321 402859
484301 989128
798097 28638
797345 410926
84451 769147
448084 307143
127851 689949
915795 898071
66316 7616
618358 698620
557971 548648
78132 373288
526485 522989
567795 632521
128133 926525
842908 860645
478562 820427
806152 660387
723359 110043
942638 627181
938388 275990
690179 398270
942907 698655
114156 434206
355429 103575
943418 699032
702976 408727
49870 295295
553778 499535
250235 533310
164613 176709
945389 702695
527895 262486
773003 354140
214189 528617
706181 585057
580433 539637
339388 916466
525466 174064
568663 748665
777029 481763
439116 608438
980123 410882
393013 314775
733440 251990
940845 621607
76152 52000
107737 551197
517512 816507
462288 910483
329367 270427
817823 674816
1527 184395
199302 666887
371792 273811
857219 324113
789949 153747
794644 60041
652416 919947
883352 643903
18102 522765
598109 520958
554535 482635
292118 432619
830178 663614
525095 330639
401315 293297
425072 760785
70564 381653
73165 215669
373165 124659
762453 727824
156639 2020
207921 970387
102211 859481
791156 414949
597230 13625
616763 440899
595794 961204
719655 139985
791095 987559
860066 69289
80804 61841
404589 571726
166904 862064
17477 448825
619668 71954
879349 738603
402900 213568
712530 767426
512276 595711
796081 105546
721741 148746
60445 630675
736233 865819
261834 161989
499580 747026
382332 850619
134641 611557
17344 656430
484350 508772
606843 32620
240296 8762
741236 278685
752438 625740
487665 892160
506384 740995
223733 649754
792206 156368
620128 602858
842970 940558
948350 117377
573925 170996
689250 897987
878067 703240
817857 483732
908291 731220
370031 678308
408594 64779
182970 935591
777699 497262
50225 169335
39790 382109
299186 775386
514893 598658
494920 984240
261399 476199
150808 915578
147369 51278
311343 540928
709426 26955
128976 434440
465267 379752
355341 217931
264740 685970
381126 932899
435938 65738
193282 383270
458467 59592
557576 341535
424410 422420
444627 861265
534795 409503
98868 583806
368539 890560
215592 318398
551784 230298
461665 404768
217249 869194
752676 177821
124062 807056
77277 754510
405646 563065
996197 901842
166731 388729
444858 680456
856233 674352
538591 465558
653901 879966
92065 135436
374608 665726
497059 368012
944344 428446
666972 202550
966010 181308
187747 495916
997245 361531
295512 862137
758347 615823
112850 970305
557228 829388
258955 466542
698505 126093
476861 426447
744905 345461
696134 944025
50733 875047
209049 579285
14489 444981
194348 70444
282829 726374
331291 864548
114839 4031
806752 140754
400818 916995
515403 196022
641616 900402
7402 89258
110340 470645
27999 465477
692896 242283
799491 797980
890268 499604
710799 427247
528318 838860
62033 121769
219265 735649
367515 576109
753426 612744
990206 200144
951683 974118
421621 652227
669060 752295
521596 912170
555200 638815
469902 755600
538762 688599
230040 530870
884548 400996
766679 12783
519158 580717
69081 609118
667460 919949
503165 374689
715574 440446
99338 774910
626557 544035
790238 178456
150600 508919
816147 474494
832509 177367
248816 153084
105854 682918
573650 27492
958037 620586
817941 75538
692052 580648
357830 745478
267509 281013
938842 167693
664841 440545
909835 407318
372825 608971
831600 737690
861581 753362
262686 654358
19388 518932
870408 46972
258509 69154
588090 916923
367078 360203
807383 731138
78306 127649
682265 44540
349524 434155
551391 435115
310689 543508
766640 869145
266446 681869
654218 56309
270023 631898
330874 213193
295538 527530
252936 503131
681941 124169
408107 131404
910789 836593
609719 315163
951781 993378
865864 2139
905179 797439
821581 884592
479534 863393
705502 451886
824899 939461
336642 379508
223767 267191
216116 300465
192803 84278
5299 438437
460204 250780
767489 236552
623961 159108
40057 975555
380854 441932
196027 387661
379491 517534
167410 940073
557676 813352
607384 214404
473169 592453
654970 44894
216448 454680
79489 628642
105908 863959
356978 624836
809043 898672
277942 439089
128001 81122
256615 316556
19676 971164
465149 372533
951744 131293
170894 327405
996336 635806
31981 573540
912432 472770
356721 557071
334722 645533
884720 305956
439767 920168
819344 409944
314634 769834
512147 715050
450489 560045
785753 273017
803 231953
767309 661348
37500 496111
225416 801863
191852 551554
341642 852209
604513 179457
201 565819
968762 736000
214684 637575
687753 760361
425795 785617
489409 442940
286658 493501
29900 638176
758594 381623
63563 4912
808446 732445
979081 776678
592020 547866
3156 304868
591045 654348
214248 493489
935317 124011
464212 691795
368527 220739
549617 956633
978059 514422
847569 939765
513745 418589
659989 376451
232098 411313
419380 102284
368515 998850
787946 475170
499564 752794
777912 195715
741214 643765
389018 7519
925623 366156
636185 655946
334159 948785
640376 7727
453092 393491
808861 887868
944854 313659
801452 168007
542147 577723
215259 605676
111704 12258
941798 795119
411168 461963
94292 945189
772500 876996
936673 998004
66226 901167
730685 247962
905883 529502
782993 492371
926871 983858
910347 945081
543096 489187
709392 117434
68429 841486
114284 961194
399609 36927
749355 529530
322988 32780
810230 971015
904446 108982
770797 942656
21475 530114
648987 613795
749202 645593
800195 300685
495300 980822
756989 816764
704252 991456
472166 551766
121145 859273
846368 858141
100396 780932
925 540037
626341 177942
270129 667552
759808 894546
784032 53108
490521 329799
513917 712680
482433 696111
850902 706809
227926 252506
399055 519037
67795 923523
859502 347844
946584 462009
664350 393850
113466 766530
838733 802039
334774 63445
464976 990966
867310 322018
730760 156465
489956 935803
957471 618535
376950 236156
41899 166155
465777 911319
524282 133384
780667 921638
890011 364241
663588 529332
593986 659473
89745 187071
62768 735792
264400 872202
417304 778800
195819 163144
677758 347656
44498 823378
315359 770373
318362 210951
647481 187909
246068 780164
520159 936387
505292 781347
607081 864430
537971 80349
685995 276704
792159 96224
197416 707914
922595 416476
174216 61995
380197 157706
426949 337690
447402 753948
815402 927485
995355 99569
977059 880997
647046 975128
120210 184908
117209 804061
247682 760058
685066 925950
779968 767364
105511 160914
366081 218095
382801 703113
581409 179747
615654 625113
916169 317784
849151 849795
515531 235345
737327 203483
880671 561290
791328 591478
273787 791164
258445 382637
190686 423229
800994 782597
620026 408769
604788 862484
303881 790905
40721 822437
714851 984139
96879 904173
696817 672269
312160 564238
934754 915605
692479 824335
106397 844657
54241 466201
401594 351876
919397 369287
91646 922299
664873 383280
161825 252049
704547 390833
400428 216785
551468 40773
300057 486076
211454 771979
842714 60604
646620 764975
927117 474367
940994 934194
912437 449974
787325 354184
641408 875077
350422 81927
472337 704045
487383 410986
429060 716932
333574 746317
298413 214780
303489 200167
203048 791771
829043 954024
278178 108855
123973 272854
38940 153389
577692 779744
656216 175948
914943 450754
979216 867583
277184 831154
545844 348648
656210 650667
550298 85716
630587 98975
890295 699458
604358 732614
483275 151504
902316 423439
772630 978975
674457 238029
772951 644237
420456 138046
316096 919030
64298 453073
208407 124880
161586 886995
18408 553464
404726 60622
484704 35312
40503 877158
216294 128227
465933 812940
167817 631117
58950 756521
745900 349102
639734 689018
417383 66550
100320 566056
239193 873304
957969 572549
39515 174078
176228 15269
766572 644962
254863 55905
432872 960862
753711 220597
428096 596291
180534 257958
429734 900317
607672 884763
552630 628684
864067 762081
149892 201404
306543 753908
742583 978369
749262 415588
512102 537221
151849 871912
137593 925617
850566 281302
586505 590117
842250 918577
588317 52291
816432 356934
879509 740012
948767 702581
742721 379719
166888 230222
137387 671311
294932 805129
665518 725669
681902 510677
26841 274133
624113 869890
148520 233698
533672 203425
293195 936598
619417 441720
262663 38032
967674 497200
32184 151993
889280 760216
480463 477096
723242 849509
449559 730166
427989 171063
508172 776401
758534 486893
130234 801862
314613 359657
911167 736835
358201 516933
240748 161559
487272 72307
285052 656630
605754 366637
700377 666856
695781 519471
605954 756132
615959 819346
281891 937508
880550 871545
404824 833213
424066 495602
716152 833089
700087 244506
861748 276207
42913 598354
623517 116867
456606 834030
452248 529916
443635 44188
446399 437904
725165 998866
481120 772283
604445 196717
44469 723575
297835 478058
986092 466522
312494 922217
641469 802217
251879 313693
573883 548126
392774 203333
715838 454856
719413 426014
888041 177516
261376 362601
21372 567334
362822 152268
670124 523917
212761 213361
287547 884033
523069 648229
647572 820752
781709 621993
341509 398928
470050 265489
403343 967840
65517 5156
208788 232338
887159 422287
535024 736457
212914 522330
934418 216458
692919 463659
158245 616746
198878 417338
228251 560734
869274 577281
687354 790242
782689 173483
251104 858187
351169 860525
294236 141318
312795 250392
566105 487268
194934 575444
157651 524840
965171 868104
566618 204952
123169 221220
488304 315172
796667 123828
899065 268799
357763 430324
501857 350953
620738 678805
483568 423959
13644 159865
711638 785773
858043 913057
854534 953397
815000 766514
756335 416057
557969 968785
91895 227782
461748 254000
978474 967978
421815 506427
875196 710721
176009 969982
210644 115558
475094 447125
749635 393462
211963 128997
217738 474470
258814 49132
935250 330883
759853 394355
755048 35458
94410 149113
107981 472264
638624 138278
370314 623597
465892 200788
10745 644485
857860 260014
893158 939386
94875 159542
692583 528388
7730 321548
526124 276591
802324 263306
733637 420060
249691 56861
512179 299320
19811 414361
132980 588476
421829 235209
86167 428941
145356 495268
945319 673986
646306 278871
293965 409351
111105 176524
582336 721957
776664 482404
850420 140623
879869 571458
571307 30702
578584 924688
413186 349447
288744 594030
787435 240386
441709 921168
78971 194455
61573 253636
763139 644256
532030 249667
314556 892664
129358 939539
668917 225783
787620 4155
599860 800340
425411 70851
525264 315555
77307 83251
503160 17368
137587 693451
770391 465394
686869 929714
350110 732166
389993 228212
498226 844014
873719 911452
131110 785318
507814 622852
249930 613487
587979 831772
978392 740780
262901 262814
543152 719622
788825 768925
910210 389264
143842 955308
486192 434976
247479 539893
570864 253561
234023 107920
376691 582262
941827 933748
585895 946322
793055 561477
31147 912219
592498 887635
209164 608053
186448 607163
228041 885877
782144 435182
877300 709812
309446 804383
184456 899478
418026 805853
486189 349424
310665 461766
811231 187
48398 931583
436842 470450
585449 245712
597503 198149
557184 473192
855633 928912
441762 895994
291572 18072
420718 891378
163941 47143
164119 930511
250181 939145
136656 260836
432978 500107
475385 960646
975441 739536
66874 623847
763512 402556
824786 753775
399651 582955
559089 810529
550447 108383
124418 619521
173545 236855
150081 327463
276665 166405
679112 307628
348915 159866
175660 826234
193987 34907
503383 351081
776729 244936
726275 401555
735636 175672
883385 414183
648527 84692
380716 604058
565779 33033
467312 227271
162614 657128
39490 503893
267677 233342
826684 553573
695812 536366
618573 599744
786648 255397
783674 184253
391694 227919
357949 756472
679560 408707
263674 406778
232872 594453
904509 264733
382661 631486
672233 377862
735144 612336
534259 720183
14258 687299
626308 991967
885344 17470
364413 269344
582105 493837
528147 421008
88658 382304
945477 997498
561884 829522
546901 446765
371993 310687
453257 839024
188754 468135
131225 432752
521884 731934
926439 348312
167300 721200
248762 843520
31808 762569
115407 165825
766544 790784
33545 237504
451420 364157
788982 870442
909454 928540
317811 816899
540868 33000
882015 11954
895873 953349
666933 502255
328705 979778
73838 815576
926267 448618
790898 313650
567435 888201
96671 992445
296406 926151
925569 360044
559155 163535
370105 200131
143068 973931
71900 688347
669625 874952
502805 893588
449196 242842
340761 930198
801536 419482
314547 125660
192487 564206
265252 773500
380544 347253
5934 236064
934303 389807
748194 468013
406946 147946
524701 984985
110236 18903
871482 293541
69428 342613
15635 45417
954921 290154
377402 262501
884593 464905
441005 873568
453778 501579
487128 946307
605300 455406
707527 908022
980602 279293
454387 212622
471007 852609
138905 860410
727339 260126
714210 979193
982042 64054
390544 269295
647089 749417
485792 827397
329205 618362
254460 691113
796481 381538
871092 596172
407465 591997
880629 94768
433933 237056
297306 178903
515371 40656
629824 118616
425039 782839
912483 497506
19632 121037
957491 854517
856763 979853
560203 669400
35293 181687
89910 82213
697582 363492
140942 942992
434220 464275
370072 713098
967329 773826
727001 845557
883585 707038
783291 955608
512282 922663
970082 660539
74282 672604
182731 21177
510667 774893
415379 652289
854503 276709
569224 714751
880124 449938
131132 927608
690619 995967
899589 268000
810908 155654
765410 504359
679225 725420
488392 227964
148625 320913
7549 972334
19490 864590
694551 402447
289602 315587
113080 442142
824978 214272
197508 433052
437355 204684
773887 221989
671964 989050
784107 724956
430867 159151
194640 824895
832230 115593
296122 356527
515764 299657
181719 861964
488253 374137
870939 8421
866640 571092
383960 449393
351027 638616
447789 583308
924289 253442
394126 300018
242957 392305
670571 250401
461039 103930
208483 869048
450600 903096
67333 230659
507393 865390
313279 929875
653374 803103
600380 950803
128622 768509
84630 174621
474110 925317
995750 734139
749573 11044
512483 388673
35529 5407
851607 736262
153676 391964
944256 247240
405905 413080
959877 134736
194960 499914
191631 8711
189779 598223
92377 90154
308126 162591
108130 801131
975577 199040
538540 64723
308429 29095
379703 204946
867603 173052
967284 790047
420946 329778
817568 474533
105701 368630
538236 813163
929664 396840
590112 804214
226011 372624
11597 206169
148831 754113
642446 801642
520433 49822
898935 9525
397221 381856
13278 333554
839081 801904
540555 31663
834371 135365
271008 409385
106128 569389
300622 974318
859009 302489
374409 208213
215844 573467
708744 280387
831731 816473
270914 742131
853167 256063
849060 460696
785937 279149
162609 317264
641374 161677
637130 973107
269701 431675
30844 986330
497701 991297
48062 510541
356153 481403
139533 55617
254643 906955
53799 538704
996093 738489
517068 85161
678217 256296
493929 929088
393705 112798
920965 427601
256174 247447
762967 872191
254526 78980
884024 900775
46878 482030
664490 910891
476366 577513
70048 718578
69689 428859
344814 202839
570745 101198
943485 600208
396188 328049
475288 861730
562004 649834
242920 310376
808961 336639
316232 667600
50607 79168
402028 19058
197785 390242
555564 943847
927139 259993
36266 960961
372282 790594
212212 852246
639996 745125
254455 305750
869747 848025
399069 955151
57500 135684
558077 300471
984104 151970
601160 656383
192777 375010
757205 628541
953973 179171
468933 399625
666698 758422
995264 81520
301018 481162
107627 248176
859152 355045
601794 895472
775771 590368
934678 161069
385914 712139
661008 680554
710401 420723
753591 958389
71761 445066
907544 100403
581150 129239
683500 10745
993529 290301
138898 44589
589793 254373
665751 317596
819312 867748
420035 161333
307379 681179
127380 925328
222431 393419
125655 860336
244342 166502
997102 456756
101145 579435
298738 384294
834520 214669
225604 793823
784020 923217
645267 564857
972379 917944
141996 493062
490137 547789
133279 207588
94427 134898
532665 45993
348581 296411
700561 121150
673770 242511
221611 950939
654870 468901
994426 513014
148952 667397
809020 412130
560305 81709
181355 230080
582360 220341
253757 391375
761009 103923
57150 437270
116473 284704
86399 540796
653516 94681
374387 498075
624442 326653
83562 11937
522581 638069
982344 861663
167344 431843
386283 741294
373084 100605
993121 63172
979894 931005
710134 497854
164477 421873
319566 726485
428704 805433
250426 104483
554749 455525
75362 260334
830002 716990
213187 583150
817603 382510
302512 637089
810741 703925
867834 442976
130989 945898
69997 523608
656738 223435
75991 131371
634763 161896
561607 832922
203213 491062
876137 248950
777896 395887
802129 428284
907483 82619
778854 298301
777810 300383
27437 530154
997840 610759
55144 265606
788028 97712
388197 376728
127186 165197
771029 979647
974403 284356
344664 623435
297297 817403
651684 516388
849181 927349
455575 744615
516753 444753
641134 117036
941949 198457
846483 965468
957370 401480
205843 147900
411195 922195
967316 66046
792476 815745
713615 854970
203367 778459
936964 598828
219485 16640
798008 559109
149417 450592
483769 519189
785073 583379
225187 536241
11182 940397
927656 9690
957568 61530
507035 589907
521216 617008
871580 225498
586218 923126
39342 790617
557146 753219
166932 164904
242745 330095
211538 465797
371340 455579
638091 390654
747515 771282
467172 488408
701564 554986
338126 470678
326624 372213
652333 325690
316187 395702
997233 362734
250707 673473
291782 505915
102079 304091
454124 524290
866801 70207
42617 476201
450442 569123
711044 324264
493168 700813
622534 179214
915153 789692
40213 32170
980598 162548
559951 241703
922231 128578
45458 912599
86259 521434
100239 259348
109749 531619
577167 4139
76836 340052
846279 682050
588330 419510
311364 327828
908899 226857
928482 456779
230930 270026
50121 809007
215061 902198
636564 207087
556505 718107
740468 328065
503881 546268
219257 815218
155853 725744
647365 923260
346816 305381
463546 686064
191196 986732
538986 121550
495604 179347
348906 905967
721269 880777
14356 172895
405697 95171
478493 220702
877117 209869
285984 76833
390466 486194
502681 34913
207381 974967
603191 766823
642551 828025
732348 432857
374869 556798
729954 993158
975221 247861
470378 538636
966991 883677
131025 83937
417791 313977
224814 5405
540158 142781
600555 741229
18304 505332
303098 319682
841105 603893
188521 233819
848672 890240
398257 313186
294084 117570
50282 193131
237562 640158
742946 368730
720633 325097
785713 414223
158370 917844
591943 960112
773216 326503
506499 369047
218279 167642
259541 17988
869269 584067
515617 965348
758888 668230
743547 538782
148797 497712
927288 417586
916342 652405
482582 574422
165610 768280
109875 103729
692239 954716
573380 434589
850094 169681
995850 956216
730168 751346
643993 826741
137004 552515
999508 282175
884271 679753
979403 800078
167457 249727
270888 518904
294782 807729
371161 284512
81100 145938
367763 20279
702675 965061
334017 412609
716158 882613
479359 228368
503930 70731
745132 759611
39442 145589
933325 230219
168096 956663
507293 580410
716052 975566
221652 985729
213605 177948
54810 422980
254838 877173
542086 198403
516444 105910
852251 115233
141749 294287
941568 428312
10277 918970
321721 173981
307254 510135
344280 714619
824214 34017
860190 474890
849794 942868
627810 578359
68749 107753
366628 949476
894278 91525
681393 102341
63242 361926
443094 693971
58621 373175
960058 522683
919284 327957
333778 584821
885143 612792
232342 735490
440320 913558
871231 77555
768364 320493
244618 130285
124408 250958
936228 223827
720972 740100
167759 414014
996375 856826
290505 705116
288758 923220
891986 674234
331149 336669
337149 146879
179632 463952
826867 464246
757841 220883
529283 525752
184430 777263
261678 569139
725251 42782
424055 20712
690093 898032
9627 525960
221840 650067
926168 840061
82055 358560
378195 504003
358120 191051
249513 854031
204321 351320
922032 187595
100618 9765
290063 62844
269453 723786
161450 988750
980786 586390
983987 71954
478810 381212
650317 570261
448186 521707
151545 469146
871915 459676
777993 479647
818597 698767
245603 601979
788441 716076
625749 196585
929528 640827
801439 602366
917058 20782
341309 233826
678702 657431
238665 284079
111586 456042
140003 750843
781820 745200
456449 117542
740676 656935
97390 241186
683568 335086
579338 435676
878630 495274
343794 462539
733050 256718
98641 598737
919136 653237
504562 145382
336714 249905
509796 105153
806195 397567
646364 605199
24596 189272
555495 96453
634042 69573
268063 633218
827956 437646
667741 722576
278284 705684
73736 345006
544327 267624
32176 896050
383386 65124
320822 984628
520013 297175
161222 611182
105474 544874
260060 14554
416803 856619
922305 797505
805161 909457
767277 751080
847333 200954
506145 172377
871622 236145
532825 396353
903729 888306
550064 227242
815549 523796
656411 893855
174767 805498
167505 840637
479140 702359
646836 61669
762848 663722
479642 349803
278032 931244
794782 998573
528304 702773
182743 392064
832215 280484
812762 232631
285066 126835
916042 429787
399386 718547
843557 688975
775989 96552
194529 223714
778583 545952
213768 785041
64136 202671
589781 253682
86298 192510
709594 448722
870820 469312
90157 836021
888337 516942
575007 412453
51515 734197
92004 905968
579834 882297
904128 771299
602092 445335
280846 981721
382242 900695
38777 360136
474055 446523
516330 194107
213414 122535
53747 459375
891214 60266
996020 690202
12795 915839
76320 157699
176675 374898
729788 984799
996219 929588
809290 516067
279705 650710
661276 941086
827088 574313
918722 413786
432023 971271
277030 591327
368305 501847
105948 925640
373947 681981
423505 411631
615778 789364
568821 191093
854072 175531
285634 616574
606831 322796
254268 229315
74903 279808
66971 152167
405893 989928
798783 662593
665352 873251
910080 883498
14794 908929
360194 534186
137732 173717
846129 996262
948798 176475
753474 948095
452475 541226
679356 907609
505824 273562
752 171232
249167 309971
287497 878945
121026 138969
207720 700728
295898 272527
775834 237709
536673 850792
537183 636564
952882 309747
476730 248900
624580 864916
361594 709893
433835 484316
227524 484954
533748 545784
638808 198476
483154 319527
783216 899948
294770 46587
312911 6724
878648 255299
600530 542699
349795 842248
62410 794697
179223 44140
202639 643798
967819 671443
84822 518003
189284 792717
75115 826435
956953 29624
652294 587016
617589 528846
695052 862434
937310 67847
244702 235780
458925 71111
124172 33142
793029 542668
966545 732334
609559 829607
250853 79225
934141 287186
678939 485019
431976 755186
130785 521642
798889 804047
392094 972995
204905 585821
774397 835186
223418 524929
324174 440608
427799 407137
530981 405369
174493 717534
612878 145704
397046 931544
467279 96225
582972 486520
576175 182867
703596 846471
133210 532822
241079 431145
438848 476159
361913 912584
579949 596882
911531 998439
641490 658162
462980 568075
863078 873938
299694 816340
735202 456495
8633 610742
307554 862900
460601 678561
141487 159944
754520 780528
531753 741409
443479 367730
358047 544750
508663 330643
710663 257933
674994 426772
168624 123250
952013 458149
272623 468989
362916 939385
335521 964924
337658 852264
12014 439851
282262 606681
349389 538831
694412 333241
889655 437409
847096 176568
957790 900285
879493 232228
282310 58377
430686 769757
547931 103501
741504 282264
776261 392969
770441 820650
625052 161427
944197 862978
292626 689129
992770 462495
86934 994589
683583 945656
423447 373422
632466 726451
209735 867891
547132 125264
822733 996016
61892 497777
151691 584208
740871 270666
318166 446248
937156 78083
604581 6796
267823 52395
533694 545084
857128 847618
193389 135797
675395 717270
526675 151542
62831 789584
706903 881201
271348 635153
694527 682095
199342 957386
193365 154797
362488 875866
286771 392015
470543 185932
934074 879764
753688 170725
921745 420623
59859 254105
696263 130709
903072 585406
590609 152921
366490 193940
475690 407814
485558 598997
564313 814038
988081 86624
645975 489914
220395 225508
388287 251071
812373 344310
147536 444423
638002 419928
496556 630167
352324 32561
983517 479364
612430 23296
868964 291300
350782 611275
113439 721577
445517 943553
649692 613352
639213 456044
684328 494112
182986 344571
369155 255757
493040 524670
605930 285166
88034 762111
413106 564345
427850 920392
486525 808168
444858 282935
620836 218113
57594 870713
203950 666637
899827 434021
479094 820335
870600 255512
984300 881365
464043 295649
982554 532325
453277 51960
340618 773789
386495 115970
314753 291893
873366 178127
333478 872914
78365 341584
105991 834678
822105 603657
23147 782894
25776 191089
126281 94076
835279 947012
659600 787887
445448 543644
681342 743810
788019 514297
3200 785299
544375 216999
923096 586273
719935 301820
860311 839677
289584 537211
1006 354708
669744 959310
972199 107386
835529 504749
107596 926351
105774 972857
604363 607089
797216 208639
739233 196498
402469 887497
633292 699677
948725 147986
26924 163045
853999 336574
415433 432114
789004 804619
468693 936364
518323 407981
161773 560320
429777 115825
142134 498015
776065 266106
764018 107214
44883 460028
172208 310968
220576 250348
49189 7293
419732 837830
554025 552600
120456 592716
753501 194895
797037 414888
908015 858258
963586 374989
333412 492490
825892 398100
45537 406484
199169 237506
876736 6448
271029 544112
727536 512251
432989 646428
854515 717942
826121 10102
693051 383603
481084 472577
412674 700565
432122 897166
277495 275581
995687 741772
663606 589061
142451 172307
523181 373225
974837 934488
207788 372396
632228 735722
946895 235505
432536 906228
345821 739211
983539 949276
674840 589608
278650 239234
818220 46814
258924 419751
166500 469827
645104 455620
109051 489261
213134 756105
638020 447097
43685 301072
841190 426084
974657 138586
110523 778162
833989 805735
292726 454654
71141 4751
798120 125956
942466 580029
380360 997312
887015 554417
143692 630879
890451 485411
120301 141001
427589 941747
566642 745910
430046 801146
926531 146367
643493 552441
215360 974437
841138 842987
757016 542662
123926 76067
515357 42836
626518 873229
940418 140442
644699 933656
979943 352562
299324 810558
687952 179411
765208 315480
945805 721825
63709 679432
999958 373170
816045 712287
909842 74234
857301 850245
293290 253534
303030 703027
223133 735881
24119 622119
922779 30990
557444 597467
575193 623380
681183 745676
579192 641200
818816 950866
501376 761394
607855 338437
616525 72084
176232 813136
507488 733717
84799 510382
694031 754575
19950 309992
325854 995423
933674 71962
626475 502727
449747 820660
335623 277075
909494 381246
502431 739094
600748 837699
804935 377542
669370 328466
443804 119925
359605 718741
530448 327552
613299 418749
902748 38656
245182 659804
712570 372285
867486 819803
218696 465727
23846 359983
548314 8542
689780 508241
304063 553947
102940 431963
378453 962466
146862 87963
344598 235391
873379 890102
552847 424708
587701 757940
629394 365562
626086 141127
813415 234343
970400 237771
764190 533576
830626 581604
559394 702434
506499 660091
148079 404992
658683 643959
221119 653030
914217 320935
28529 303965
371573 892335
999270 149484
132017 433501
491838 306646
31725 537468
67147 53916
621468 480902
642291 450315
196979 73512
284229 436015
51783 89568
394374 180712
888475 768263
784923 619039
87227 362153
256482 954596
277488 973219
497018 949317
685283 413026
814374 594376
341956 114274
786181 483463
254760 857
987108 115101
966153 285952
434656 258016
766346 735284
851626 651038
910253 589439
461313 373983
300742 72465
198011 870016
58443 425904
914536 449762
445886 421640
608900 763985
820227 741708
114679 543499
332577 716775
482567 380401
903672 94545
200108 412605
597519 453529
572018 36439
470781 471546
771514 4413
760690 168376
201429 399096
304587 579212
489675 891680
550997 605398
745058 959683
902450 348455
25806 956000
763667 821304
417461 999503
116063 513250
184126 509693
658133 425456
734898 849988
740608 193203
48251 251571
38603 227605
281044 326287
78804 156027
228648 402493
315712 995058
710599 850468
447432 289271
700882 254372
13675 680882
509769 814155
340383 67888
502084 323614
35631 725540
99551 109933
402732 413215
142550 308085
920989 849550
462073 391901
275493 92409
63201 870407
162113 411520
171215 434333
490772 66010
764786 723353
647041 278693
541368 788699
628967 386541
564988 671775
763187 396156
576470 338407
886298 366208
501135 981392
813329 115116
376323 584747
250577 449560
754186 310076
155815 437153
119118 709053
15574 176808
48877 375055
313651 60322
283862 177702
621031 792611
905619 234593
554338 591723
618466 900783
849340 299551
839949 986770
866040 107952
458140 289793
830300 378826
232424 483360
644949 188795
258734 271650
213095 124709
497326 625623
396741 233189
316045 775378
239922 745990
508409 461527
791017 435347
907638 490406
259404 763145
864107 855
650989 451264
706280 467847
258342 877803
669979 671030
400214 206786
325647 582078
170195 664137
133691 892523
258874 703459
3212 994426
598786 240805
944089 965568
921994 101444
134644 11876
219696 210448
730742 273
497048 516753
959836 538771
115396 916421
630707 510088
383347 98809
980470 519569
20434 169223
836550 356602
666710 282409
222020 357219
140889 771545
202950 731384
993754 342861
979353 936682
978940 686620
948835 310846
791005 203767
136205 229699
176322 306738
129360 544519
821420 637465
197948 608111
992374 51614
127698 529978
345154 106127
815354 494547
501297 8702
715089 693515
439681 111159
533211 443760
102312 948013
187898 663847
620697 674004
900085 819921
979153 941283
928507 561240
661058 388456
271295 852160
121177 44628
317059 744936
675946 295088
521537 982066
654436 751348
894787 494635
679609 392293
234210 802490
488168 938599
631235 38658
304143 204800
552672 251554
676896 940382
312121 933435
404987 811626
762833 15720
341564 731295
415677 34666
971997 655235
761521 898962
688030 237276
338748 88193
618367 45734
455638 830197
529643 719181
799399 817283
629525 352670
486747 463157
929067 249641
638025 949575
53102 300929
595761 368964
340682 206278
357163 743645
795967 339130
426213 682690
528076 169357
523411 435456
307719 205974
999719 670210
629612 184982
315875 186956
636979 999850
554766 226338
109686 917515
951591 473196
694720 516740
567770 120755
29686 280257
687678 403966
268721 892947
344862 984728
74084 294947
508414 765136
90720 838792
639428 496382
523607 153390
870710 122863
257849 495042
268924 636085
254975 757948
371701 412557
732522 307581
130852 598464
53844 506380
621502 966838
533851 852643
125268 924052
733948 62232
305549 719181
539552 330590
456462 540451
961755 23510
441669 389903
209336 813894
314115 172860
554680 210517
123708 321320
215977 637794
30226 157438
33022 154005
131974 333984
420007 316169
88034 841524
442285 714920
346709 710773
385308 255258
105223 708775
194500 668536
21685 281229
670936 628700
34268 263283
121236 377302
82228 302833
819058 196784
871011 257081
129413 300094
478308 423196
38427 746777
785212 996664
341782 678468
932529 827000
246096 55586
312612 965921
571711 101406
374491 666747
146295 512125
192373 360766
85688 858663
176102 627102
359771 261711
941628 360744
997110 954142
662890 58247
8798 714267
325469 7251
41460 175212
437213 351931
962698 800271
675604 325896
84629 81649
3555 662087
392846 244557
846481 135418
189197 644868
65853 533892
121933 92551
266206 98245
938346 153047
378018 399110
752963 121116
734353 146225
299650 422535
701536 862745
203967 25773
644613 149671
920563 392905
100474 683449
461859 339151
883513 71048
966297 974751
410350 118748
69449 729244
133605 160449
882643 410579
90485 18347
214771 458249
913320 902778
679009 997521
828582 380519
665253 673800
464691 616666
70644 90767
758775 684214
454233 382047
71939 852137
372810 425141
250838 268339
941580 343324
921037 543366
607010 723398
987661 8656
295206 967581
864834 350275
828301 664695
662526 687064
417409 425743
751787 429501
439661 90733
995681 641107
632134 998569
854495 659137
743651 574829
34601 614199
937968 775154
509515 396095
630749 669733
406184 596164
763745 435972
890611 749322
59454 655706
328667 745846
591199 413130
755582 294497
820936 465091
196827 556103
676915 549728
656525 167194
193770 467024
609270 862212
363451 294737
989635 857552
621140 475669
799985 701723
643941 267814
834658 754556
278749 760488
599610 716152
235752 987652
207291 761864
73546 205565
436498 634183
818300 40706
234820 259178
708434 273958
336415 418839
85185 585260
900933 48087
906546 871142
745970 145028
311048 84237
796257 664840
479428 644380
636573 227703
645560 650028
918403 257271
305963 334147
742729 283463
145981 768661
218103 776604
320384 111681
705110 974838
699661 946010
34365 35701
242414 117376
148959 683264
819130 272639
841307 91352
109971 310166
603595 195368
205194 658423
865033 320570
740604 872040
660032 528556
994867 385418
957424 257740
411538 923974
708727 370537
490474 582121
573841 224420
836251 638633
859960 114942
699344 951132
478107 145647
333840 24646
476337 309861
965895 969721
894863 609977
299400 990750
518174 794013
199495 562541
822204 714765
350599 36114
345642 881787
588387 820529
295396 232704
445056 902088
926508 639943
234918 695080
674361 663883
265075 160644
861428 321282
685859 656834
916590 684845
534083 119492
589637 746348
732304 905480
454183 909499
747404 746016
573124 786648
811337 312822
292504 657349
941121 673463
561860 708454
279228 960623
402273 585882
740593 289372
404655 122977
780344 648148
957636 998771
450502 240854
383373 494164
307190 545783
303893 656
11064 781025
353469 621155
500987 147483
743060 447165
402887 638413
414054 806599
473143 251257
702444 405301
708367 495039
261701 472407
877787 39531
654174 133982
140024 265280
818710 988806
41664 923572
310871 575911
472586 55620
907450 674145
804483 556562
604136 250023
526936 430391
429504 709656
439938 66274
969228 387544
323875 706005
963984 793460
673565 949499
267807 104516
802056 773686
20105 774916
938583 232946
799792 175172
136930 581083
10113 841943
272464 491653
790993 300840
441269 746109
523952 347525
224115 462000
606302 527179
500783 480076
760479 43113
608909 70919
61466 230217
66884 916922
529665 635631
419232 752615
392820 532041
48161 271751
390647 163530
76687 581604
460360 231907
863363 660862
153222 940980
467060 783294
65237 941231
22753 179787
454066 621547
305157 997265
504568 124290
421102 776294
481264 183924
428592 154031
892383 834278
320180 468174
878289 217391
916351 712847
38962 548667
480396 258312
978873 49663
847182 461927
440223 932434
31913 771048
51541 101010
882210 720524
818685 279565
96737 675821
874481 872433
95033 798591
788295 131430
387774 62179
256359 622762
779551 655939
590578 281236
360805 501612
453936 655888
816852 923067
366514 834109
589469 38940
329712 147224
879606 284789
911838 844452
612054 132498
155685 140770
715999 513252
880604 907199
877549 387562
203086 883741
854974 258957
75894 988580
951468 149606
284160 85353
800985 890234
545801 648493
262567 187135
40152 242974
587380 398024
415059 313552
220283 288465
885849 741129
111764 704871
131540 315280
106254 455412
853421 708577
94678 120849
985913 108348
410221 172113
409727 291323
44490 701507
367899 553970
721784 450610
271389 545115
92327 164979
90323 745399
455963 57795
960177 490926
165176 892985
207921 233836
779174 353384
709090 244961
736397 317414
641699 638515
82276 371394
147331 214190
56312 794223
711508 159197
32882 270786
8154 772767
317342 113133
894442 821225
463776 466849
664527 540463
720596 815211
133897 896142
844805 659739
463767 894842
487565 289342
462474 148735
968690 873993
14696 843577
292759 791835
859192 488519
476497 152081
270709 230222
16400 155176
323682 645343
696209 816950
27829 143075
793000 726966
231518 494050
946278 839792
205255 607662
810762 522168
541784 865236
56495 760232
826934 972326
928732 963375
426726 801860
581026 35927
60771 128338
121450 577156
15790 411900
191697 85683
477942 630122
174995 405335
236877 216383
851337 444687
596222 158795
326839 675230
221273 902371
765143 55269
260327 1596
208559 125135
516593 463142
389343 12295
915179 996462
277908 926005
46808 978418
25339 754662
522162 656591
379185 807691
929470 334704
96785 372208
45502 457203
274937 299732
134827 299188
999709 943
757738 372647
299717 310002
436517 856199
608483 538963
532372 600817
341638 780963
238695 883482
776548 222574
668297 122604
747541 143144
402739 517155
27415 514493
571105 140580
369569 885556
241794 246980
802802 410649
722173 335953
167287 841469
365924 127539
495682 461074
553908 64332
46110 321496
197232 305708
447777 768277
251380 740393
671466 900017
795784 840134
653722 423351
813839 910632
377288 419243
585970 101547
457513 239469
456700 662004
265509 80814
376068 447690
822775 381231
371813 765202
566160 613323
595777 139750
588192 301314
408911 131720
872850 692822
338272 562964
143519 412873
668289 318341
851238 807265
15826 458618
630863 960029
417291 237329
486025 920521
69646 156214
161820 784202
51136 544685
672984 581476
132918 388877
359627 702289
568110 515226
532525 541714
692941 943085
410395 586944
290100 337876
356324 341691
808647 901769
874793 985216
682258 164046
821569 787615
275660 723802
470989 861425
447007 976916
882060 274785
371770 825321
831292 410782
255314 79152
758548 19054
806183 610808
750434 152448
575021 861006
413441 870586
753247 344090
401426 689290
553987 485477
17609 886246
529853 287707
95949 382211
864095 671595
908254 148417
756782 117194
728102 319398
537231 137600
691244 986883
148636 585296
203980 180538
232471 591574
622363 528309
971968 310471
894738 585090
290558 399536
832292 273295
536329 18990
814413 137606
184735 781141
248245 629704
645047 894912
212552 930733
866791 394767
954389 89753
860833 769549
212888 809991
472473 244502
333773 671790
173534 31326
284102 453002
79960 461808
655839 997951
918502 972929
752688 442908
147802 377903
184682 158107
830544 313602
828120 214646
573877 955154
515726 417517
977627 967033
859786 177492
663104 70817
260703 426235
406714 930437
717397 608899
930267 225438
450399 90343
319641 108820
274850 922848
104224 897160
225670 229760
426265 887024
97559 449101
620560 641837
820884 220077
299502 25473
178928 268217
495906 132450
236976 200185
414930 994473
160127 266548
19814 916462
168318 930614
541884 544989
43013 25796
381572 77476
646476 544813
553118 436134
207487 353492
248212 269300
709025 597743
831737 878759
757446 183650
952851 949273
418877 566379
183707 394143
496540 892795
933961 988016
140326 881871
553367 104370
911387 28964
237194 656175
706258 918699
986775 536274
264485 138537
71154 174672
782947 870725
130100 509544
713171 788829
464156 506682
997690 352481
109908 583819
220675 4208
704479 889669
90026 62761
797984 267891
44919 438701
942574 981114
956947 759402
878571 155564
991809 978027
44019 810704
14375 189453
995260 564413
385566 649371
838595 981976
524441 380665
580946 161628
254129 748879
481328 535876
782735 271209
968287 247106
233273 887699
108666 921656
367913 269990
225495 711173
783234 688068
992110 778981
279690 974520
659434 377989
766227 138861
606589 251577
195405 48428
310288 107353
305745 646498
344825 614410
705620 996464
23133 369649
511292 41613
800395 755654
53598 84239
111047 715354
862322 403200
612509 848905
723163 979255
410906 543123
274023 856380
651497 202475
404157 339967
298768 444537
626063 477231
362060 193181
724496 447066
575433 13901
688147 461148
968807 397299
176949 433997
412862 418292
571577 369400
923416 617863
743709 248931
611663 238658
991908 294093
384324 151446
855894 206814
557464 347855
944854 48586
865729 405395
236230 284670
730787 18736
734613 568310
259938 613255
630848 3933
417796 142183
95541 778390
411603 553611
188998 894771
476587 348997
722846 904694
65934 834781
191420 127192
919659 155679
95888 317481
94443 756009
212509 800050
656858 73643
807749 807636
732799 722624
75006 270953
553275 933641
606528 339947
363667 419303
57031 469027
354228 719676
212256 375428
759485 870442
897639 988604
328365 439150
796741 934624
208669 70815
563278 777758
235440 404931
94650 805924
577527 86272
669079 188066
658927 674698
106197 381745
505812 361891
547025 376609
555610 326891
970031 355220
405929 259738
438462 829738
100278 648531
279996 476520
33343 285780
549494 362651
243233 438519
432697 491522
344585 691849
808915 819346
378531 718326
678477 842442
504256 187153
395620 193850
768333 955147
377779 608931
35939 423768
518906 8217
197339 53863
43486 12262
474415 780290
845600 546578
566247 233774
612405 535700
685812 959350
461390 818651
453922 109748
906784 36893
654621 141996
644715 472960
940899 110835
660410 901984
302638 715091
485102 782405
119442 410350
704947 333384
610217 163970
927465 714051
427513 933776
444268 968837
133438 882295
192140 820427
296388 151293
606903 994094
918704 680732
512192 699776
523868 544035
931523 660081
931262 573658
782061 40878
759539 24012
189001 835790
930609 76338
158127 782425
994565 1433
580314 322508
718928 475612
985572 229880
752823 815082
356142 487235
930993 600218
250345 675518
806807 624597
992893 671218
622209 646770
657075 595080
922273 636997
741201 621125
765795 725814
936775 119353
679350 827919
931278 809333
925979 479502
703385 312956
105047 724949
500502 997712
459463 445271
970021 534977
42668 887497
752978 292091
668342 381917
430030 293632
19609 169876
586628 304909
273189 74019
723571 264021
889856 370879
351388 634650
94949 449706
804128 209066
282947 571833
984104 469401
315942 161549
963038 387345
732290 350003
207103 994797
277026 287121
972190 758471
342727 546427
345051 427948
999453 28544
960034 744300
21378 594582
761447 790940
689621 963504
419453 84774
895033 167463
676120 680023
882524 699612
788849 856756
685111 232979
344409 579000
669138 400377
823893 196127
190795 88206
632263 910166
909957 777858
752579 780148
186220 236538
32 994974
788370 732786
877754 460053
982461 174285
163594 403699
105856 203073
885271 147046
775217 869237
922185 28604
637230 320189
231253 773498
738455 752173
446919 179345
561784 123975
902681 598174
163534 78441
839884 658784
271297 334883
655182 483420
542073 328186
823346 793815
997661 786342
240885 538212
531375 101691
156773 655874
705882 726396
902985 276297
469271 287380
56612 674833
432726 62803
265776 727649
400981 440710
122585 576936
364696 178825
604194 734146
635386 411189
40927 6574
671511 562263
525373 104767
942231 235841
728843 765495
368354 864196
208289 121179
35044 521841
472051 450705
387332 588840
547020 329506
285567 266736
426022 340605
218432 865742
55768 762688
357737 865766
589283 267201
361910 188661
446461 479938
321427 571983
962153 565592
415898 937151
485731 641627
467914 349457
675618 839029
413804 82823
559951 993317
219077 677892
281239 720090
736078 6352
171693 854285
156908 96270
919397 415286
291678 22383
375175 866726
526435 780726
410430 198735
988590 378792
810568 371282
682266 254127
714995 254942
51664 123896
174566 868957
965715 220495
5419 949031
36046 852691
804698 586616
822726 445268
376422 770989
409149 215664
62613 177653
724748 265881
279306 191709
26489 562757
837545 114105
598201 296560
313706 76975
712980 486424
623173 87320
127821 65876
664124 908434
370652 869140
47038 307116
640825 300042
877984 453916
795151 191789
290419 706522
54419 974377
208410 147883
154518 18184
840284 322823
830314 744948
443177 172830
257729 683390
418481 504
268262 706649
72470 34107
155370 482958
590902 351282
353535 145342
838009 348900
487517 302265
518050 110037
268452 125819
841577 824239
259465 806453
564570 230754
955330 926292
374862 116846
879443 516883
402699 51187
947768 709501
152191 850888
523776 897633
438153 705597
942220 895563
296641 128200
784003 118990
265443 373538
158586 371156
642643 124706
785488 707959
904250 276004
479793 354850
47001 402010
20161 911282
263282 856136
138412 757471
410722 157874
307662 187820
525529 827494
990150 896792
910817 279594
212913 133526
121939 509107
150562 524550
683159 748372
635805 626897
776746 542293
958128 779473
363344 212964
117989 221615
987678 941906
604456 423398
187396 99657
630774 693564
763921 428095
247490 688108
968289 947279
244209 203957
24959 851472
773517 543829
20672 905163
784356 206762
797274 646086
156215 760361
479007 392487
407819 138565
3891 597358
543361 23402
2882 276165
615124 942296
685137 174760
559596 309579
536716 972408
653286 596873
596207 671159
109017 27225
960981 967676
720399 930888
951151 764203
715312 755389
832172 124777
376076 421333
641307 666359
173499 171919
313407 537900
985493 672092
196806 518370
992722 155509
341157 489807
77467 756861
316694 421473
484700 322854
692392 137733
955617 180929
880443 502777
889558 323837
708104 692787
33181 379010
551606 712431
645087 829517
893894 558224
338948 581364
901583 406413
558564 859278
892971 973123
735411 423409
429233 155906
826075 512337
289891 667241
857205 283719
924153 237405
782385 549749
715087 793296
556181 940145
384375 165898
414469 274041
341995 119145
7848 956500
349309 638238
525948 945615
694180 650020
663137 242813
927722 482736
526037 656317
122071 242714
559068 451493
201667 220445
161551 778702
189498 762536
160861 492090
587509 362740
654231 91034
592717 54409
952641 533847
27535 771559
875272 785259
223440 324264
377677 393243
908546 284649
559982 602584
228338 460237
539391 329424
366963 640653
84187 405516
542840 885444
275532 200239
280704 357202
340087 245616
957113 100255
546164 22220
576873 650434
495376 70193
866350 456836
411344 682767
283409 210038
290605 623741
788690 235584
529307 999289
254792 87771
81846 43549
292478 548166
251568 45766
513594 630222
937002 206651
57649 896433
210545 336174
405284 649435
197043 403865
265514 8501
813232 939588
871670 355170
105509 187185
910221 319259
149740 195060
132044 719357
389129 129779
273239 100206
343411 892833
258984 467404
185015 551274
142021 332627
804564 278965
487940 163510
520526 540903
582866 552555
40714 997279
756646 466211
289935 959441
877907 981060
778207 726270
866787 771
485246 923061
524749 522006
703829 483450
703328 521766
781175 163585
750208 545045
973244 658439
175249 201034
7323 570796
350234 791117
416251 591917
598348 95665
726138 354648
17665 66040
28500 757708
193488 830356
904323 706479
2472 785834
237363 611872
354300 696497
712025 566563
740814 885657
75267 52800
118114 194914
164763 883419
466343 689924
92010 412898
89141 756414
714268 903181
243794 414619
880593 288723
103316 569930
268027 944111
727294 377859
481606 100174
18165 287398
102809 568736
911403 914741
604507 40059
751039 559285
162785 23932
700178 896377
260516 925808
710982 522456
425898 291845
873350 706421
945412 792123
258389 812765
775359 72742
821437 713624
763936 113299
251305 713598
325507 769028
128996 517322
523519 353341
463863 11135
169496 839609
675323 608948
494556 734991
953469 627136
816665 945343
223511 375599
794472 333975
574944 365697
679475 651813
300232 77580
815918 497615
315090 701647
505053 681366
373018 306026
848186 217239
587350 858183
393343 931254
884116 762379
326134 110489
371909 731143
705342 22113
756925 196991
51927 483035
215911 538816
637304 415356
582889 813611
868129 700298
663030 253755
311585 274104
779276 503775
13789 808511
850424 415610
248034 819031
981690 667268
533139 614043
144125 360937
482304 641875
298237 690077
537799 980662
528886 880114
601600 843620
386780 138748
76054 166989
558303 55332
283860 225665
477542 214469
319132 445956
213101 235835
969509 88212
929633 873522
525432 190272
531105 478976
926306 991671
813655 605159
106448 828620
482503 519632
291406 329122
571655 130402
507199 362535
806133 435893
846605 167221
25822 824550
379341 557836
926557 331038
320563 960091
98289 124839
299101 432970
778952 221691
872184 945221
933008 940956
708652 999486
607845 295372
328639 558404
250341 469846
209805 99217
843722 700555
485697 390098
45389 804234
235476 798029
517013 46232
868452 86031
352749 279442
159623 991671
2740 365598
663967 914695
600726 800386
397132 464249
462382 334847
87739 906682
254034 126420
446029 18498
278225 461760
191111 449859
562206 923091
721312 563028
132218 188577
555575 320380
974107 352412
35727 476779
124261 269888
230682 914606
467063 119440
548594 763249
427052 240585
238929 297812
723872 306648
93257 592195
676875 400921
48478 716008
806300 827237
578129 885801
18271 275252
736576 989585
862208 804363
644075 171678
294533 713607
715372 832854
489564 419522
943129 783902
655120 590791
237589 428335
830614 248919
962764 454105
374337 210240
439127 880711
591181 237910
899547 67675
976582 923766
97650 29179
161594 608327
608477 17284
357997 72972
615077 317375
551326 84530
260 375467
846163 810997
399166 30344
651552 470492
778061 485433
585925 979054
212270 679948
793680 81185
136062 637390
980944 914367
943944 812300
326282 345344
531470 800815
858792 178843
254817 502804
459962 115888
661045 265158
918785 142257
745117 856280
550907 925782
60245 753422
416316 307056
927290 228878
613629 268958
514670 89299
294035 649744
985172 596277
748615 553097
739555 57461
219333 790722
216404 920537
331522 206088
316256 951282
896875 739304
979419 426508
719491 885688
921335 220805
119126 485898
479062 660951
393986 843455
985622 700127
327162 819290
459615 870558
932753 195101
784876 171565
110294 215354
328523 116755
290121 578350
700036 837228
24034 183510
985577 899167
142032 27268
574103 677048
565892 483792
340026 786436
649562 890490
189631 282915
713153 625694
823945 420666
786255 401360
785893 472897
924809 205483
483533 927982
474116 850013
614087 491838
255058 683615
887767 759505
799724 862916
250592 92867
419653 981462
293625 183136
426796 504394
505395 686990
244714 36925
837228 766581
902879 690429
631633 512465
697693 790421
979727 724551
454205 814811
435090 8753
783253 46727
366811 492847
608041 182239
717949 381471
745023 107312
518571 359968
509964 194249
39426 992345
940580 722161
272713 611246
769445 802096
224498 186430
760689 355310
728527 184268
31306 279956
416140 940095
963915 344534
383189 683529
60354 526177
960550 905147
741284 133044
637653 303098
757653 976112
37238 423994
647211 567588
705310 477523
656264 226928
818827 553739
782730 200383
878859 432057
601647 744575
568439 805180
87775 623977
218460 130796
830670 696127
994986 698917
599167 828808
150806 121513
718074 565724
814940 818749
552511 669955
291562 600939
440932 524993
73147 358734
576076 95212
435994 680432
129438 608203
454917 717222
114212 442996
156734 355618
238201 335956
530851 757641
556031 573642
630264 970518
144832 593561
100803 438792
584931 706495
202662 745935
313716 297310
821369 568177
773743 321059
124235 100050
615542 792746
607840 866311
468422 510367
247876 600549
416618 958508
929832 288284
640488 422151
316016 553318
87547 964432
474472 212745
210916 449814
560523 857608
757683 620390
314886 963394
915709 62414
261964 282549
520934 751752
757555 486998
464441 115659
22926 108550
825210 228040
2465 857540
430594 188475
540880 349228
157955 705784
132699 559239
169142 889931
168586 100502
274085 99407
887647 98559
681133 635881
161682 339831
191463 16025
341840 527592
639049 816041
519107 260565
338798 910462
899485 831237
714985 911226
704725 709331
835878 254131
983216 312179
523982 727177
145597 765506
230751 780851
770559 742274
756818 863084
288193 917501
657085 783802
313003 345032
994248 216792
94149 491594
516310 12014
348260 614099
539298 465492
517991 864489
94361 961963
471473 16665
119649 673927
993953 624228
27411 6723
992665 304611
859022 902491
79616 767503
861751 406811
928788 824707
46405 215481
237619 784317
24568 179600
706554 146382
698123 351049
44855 978971
359113 393414
840627 327850
605598 619563
917141 832582
808565 651848
239322 320636
32955 766111
741264 736249
658027 545827
910006 942732
492087 374204
82510 829599
364513 188146
418412 697912
572166 435532
500403 983921
920618 790476
412929 735840
26938 177375
269852 518529
2348 969233
670271 589812
242836 814710
134604 859998
914151 80849
974004 156579
296105 275496
173496 955636
758839 327210
254529 220222
546985 890936
637753 913629
879815 811838
662783 536202
735596 59425
760321 804926
205627 753889
786857 134415
149541 758876
464152 318144
729167 698451
680656 249246
383342 412565
82804 327744
521958 32789
390574 658514
333815 838878
515088 104434
182709 827069
584226 994650
811716 3354
461827 270911
979152 683303
673295 762454
905798 288098
449089 810671
21096 298028
400183 618348
291001 767925
69796 668874
173836 115430
33108 63849
122 103724
426239 769004
742408 734369
715341 383130
877753 649111
439733 653306
663475 153791
465607 728901
665937 663449
351578 533772
734273 142996
470389 70933
401117 775479
372829 567651
588682 323666
988154 737974
499480 743846
801053 881134
675695 777274
514923 833423
260860 186244
231747 942584
671033 434355
648218 645784
957120 375199
95665 446586
513392 752685
98872 249818
420708 486830
71393 730351
91423 934966
8928 197757
73870 708440
28420 721065
535080 944616
395347 312278
637161 409299
226950 167929
436389 269503
889687 63306
995231 233628
752902 929080
717195 43558
815238 7576
832481 817620
286895 740209
347819 626567
605951 604876
608197 516512
624301 430645
432962 947271
376220 168216
516504 800687
336176 239529
735158 475637
883221 443810
241242 512964
385714 53106
248971 575757
707485 299268
374258 159645
849767 963535
392327 828871
174339 345582
470704 655058
617479 317916
376269 893495
862245 692689
92657 956157
551771 570588
81842 819526
840138 531865
563908 405671
631895 727491
499930 590420
918991 743890
51272 166626
903223 820988
362455 492239
202778 248739
387290 108109
43627 624076
903005 498570
990853 105209
554014 124833
398128 117665
776147 320176
811769 922667
801009 590558
430106 348642
48852 807599
521763 18373
297390 542798
381490 140521
165055 712057
79540 123816
482002 927197
344024 883235
748600 34972
391420 879307
64322 578336
760924 649357
470672 659735
674551 456851
933841 652121
875256 627466
756748 27155
296826 588247
701956 418864
862524 774491
734953 410766
758938 620730
454652 31708
994296 674577
994938 180924
352348 172033
682032 838496
327597 951941
217202 604455
983453 639070
785676 442643
552162 727877
922582 643753
89747 723683
211432 409845
493269 964814
244644 352118
335912 671657
156153 677200
975346 41766
380433 218227
347390 726759
936328 3738
281716 525075
208077 874402
435455 235129
97771 661610
563191 702202
755326 704286
525285 582053
506953 919242
502377 682788
522489 690516
274860 581154
863973 412258
611713 876891
625242 736268
644596 676491
790592 340265
229372 12927
385727 48328
439379 5726
654529 955934
606512 589366
142134 357677
61764 437302
779032 779506
731368 287725
882622 640813
703138 173442
135184 588353
446836 677533
974240 635366
996990 973287
226593 848775
530363 4257
163645 109203
458850 101453
426745 191185
422415 138947
206892 819570
111509 94305
293057 585619
506689 140863
610097 157498
137135 813263
701955 786139
907623 806149
506560 689513
70289 333665
19071 892626
281132 752361
733264 674699
484217 902121
291284 197184
945780 854665
980092 721162
680442 137642
144557 541108
2330 409701
382009 407479
36855 629125
617962 657342
213550 747047
310070 435807
72134 781228
953698 307236
224836 508731
431715 759584
218798 479745
503562 859284
886712 603088
547590 418583
405277 156094
403287 117469
557963 405125
182310 713771
924847 665432
865519 143569
937863 685098
250019 706200
181548 794417
539737 854903
32923 348327
733048 44480
312062 96816
674328 927964
714768 601066
850778 699676
461657 295929
736584 261808
868770 162243
776001 818638
216403 552031
484533 308149
678852 525131
595807 660240
895389 342411
919878 299407
27769 805232
156143 616731
599446 505376
479453 360064
557389 200927
910571 638556
786789 111225
777846 455879
38749 725302
747963 442010
385663 253086
45333 573299
484629 721398
290053 879441
750913 897655
734220 317752
885941 295940
453324 75619
753038 456182
761751 645563
384912 680369
671452 42535
990426 423551
154087 108662
859570 519085
110832 837276
961594 134494
202707 857967
634601 468381
755806 538186
473333 664338
135706 737029
829943 945128
269799 972337
587742 550433
304467 82327
388417 731990
534690 792226
666760 889029
137695 425676
19991 142165
469588 596441
293779 16282
851948 758139
222873 739859
319389 99296
519072 918812
808177 730640
247226 91371
34084 920108
829598 954557
98719 209440
19321 638501
722243 980133
916265 67576
435123 116399
878549 995870
720990 582202
902918 157671
815481 490592
939915 761832
682649 621039
954038 560869
341960 516244
66813 384688
475329 839883
143621 494989
392309 403911
632278 550725
729318 820613
15955 702709
891269 627133
833842 92486
885362 53029
997583 984213
266056 499583
889892 304053
593136 113499
989844 577974
356881 506569
197440 951416
628788 767219
768654 13328
826077 794067
184008 266713
769923 364364
536445 97625
134371 733283
524541 117148
967742 67086
19175 827068
670325 456086
793332 419810
15204 899957
669572 136604
113909 755209
660755 413227
519433 509612
625335 413686
759213 632056
162079 283195
134512 846564
315697 200275
882331 194036
738764 296288
73749 141806
604578 627899
618307 151358
678706 410569
398265 758037
740395 994823
372947 114353
717090 964056
935966 965780
993041 226075
522636 474881
532169 865392
509777 251209
311580 585966
379668 375528
872160 362959
382357 691715
284668 835440
911516 402432
583423 338493
961327 871741
698142 63031
566409 693059
769193 865042
850596 182356
136995 107814
70052 734488
898463 79869
583327 263150
850420 207367
624948 40378
364783 79005
282100 286787
623225 570082
434861 767031
241990 49469
963493 468306
801928 670013
385377 880830
783817 608036
9007 879603
359873 138462
404541 226007
203437 941240
893340 544779
777939 209909
728229 820742
440564 817491
180217 527976
472824 881164
565611 395617
843672 475353
157479 490450
114403 563436
220956 743432
675199 581517
762797 969002
902398 856949
959975 427459
660967 656402
928752 475484
377547 381408
883834 218656
788575 139488
27640 343691
935159 72161
975263 303653
305559 936091
310399 983214
908015 674992
746751 608161
974686 885243
833922 961966
491228 492077
197067 719837
353583 359206
596376 293592
153872 680140
121906 399390
184243 747274
762776 660430
314382 775143
334652 480451
661795 774445
185100 471729
967735 304030
908942 213007
139270 943470
53218 660147
404808 813541
318341 41093
998653 149845
701395 214176
489197 427229
215424 234121
35682 92284
124440 626168
114660 244641
55652 321216
733892 349628
486212 694681
546677 38484
693138 885315
156269 100768
356116 593701
606883 689567
98677 307695
373025 479365
901076 745196
573257 347977
934653 848672
668595 120129
913738 747086
206716 332246
547931 173493
520456 804955
345703 851001
164567 298110
23048 842020
448364 579327
452469 265862
337112 485964
977278 3896
637018 11040
507804 431559
833116 168532
867196 134858
51864 904416
774152 853791
513596 897566
865099 79757
641235 131704
609934 936111
423270 500365
470260 260348
231339 352025
597215 715521
255290 393484
116151 712984
120553 681795
642159 347282
477327 858917
118405 751363
376750 167517
694994 464313
832592 121168
919836 705309
663333 596016
652178 59095
894102 451871
127203 987921
4855 819958
382115 191592
668275 98376
898390 737290
599028 319060
589768 73070
748881 301864
630662 135461
729663 126044
875733 233852
278568 933800
792977 878264
701430 533060
544597 544366
11347 843429
460744 256214
127663 158236
839281 821296
653555 579650
981288 32341
303881 709775
329622 627151
592243 90462
696813 798144
636425 119030
146159 923868
550816 323105
319878 908313
27557 741721
289742 580494
583892 323528
130929 909560
320004 6467
152391 471542
874520 337104
252797 7092
79134 1594
459816 404436
846978 368811
358481 643907
42079 586188
276007 976075
846584 82095
794716 818965
95697 190545
995181 260653
739932 735031
43692 664266
85468 604413
686988 695340
181001 705518
596563 427934
511844 113889
390527 70202
454814 954488
216964 836225
310199 98341
449359 648765
373824 11564
933838 87564
802843 114392
514702 389968
252274 358816
48589 259782
451880 440133
109139 175766
422563 472336
681919 623591
362656 143232
683333 405146
243443 882310
24178 606289
258224 45429
59465 573616
118741 328439
604132 107307
122070 984734
303856 169060
962760 636440
339345 737213
605770 15936
243985 365502
686211 351930
202490 261489
112117 902138
90962 103061
348048 482990
583654 268126
961327 120034
461783 737715
998509 728960
447043 4336
214917 189999
692877 124890
144266 8829
189285 923568
935549 813498
846597 236506
709824 477446
951395 430658
857765 186645
195570 672001
457986 348546
840791 121130
12402 998576
126868 698907
431097 43612
35605 103168
47009 420298
539500 695498
158810 645688
581750 121171
465188 578220
993277 551939
138335 777922
582182 254312
620996 662042
179709 98475
687788 151901
709391 454720
654629 768135
892704 548557
871852 764619
777693 128776
720571 187600
571483 785170
432555 436245
57908 938104
960748 863507
470971 496443
822744 392077
643401 823108
415756 664247
902101 118705
5417 841230
505399 475166
492221 830083
546224 42632
498948 771856
357187 562885
841737 698749
289727 757523
891860 722507
740108 377703
719876 75030
789812 815880
543735 828768
505674 203068
408587 311684
842034 768487
106401 525502
168340 831908
281101 661102
836827 411056
998022 237928
447441 752376
61180 675049
261283 968253
541419 598233
505992 276532
469380 738602
24380 21778
985565 546954
527214 546027
177337 179329
447689 590766
120096 47765
103167 798720
174848 36311
61178 236878
488572 252547
78128 757563
898705 357493
610134 908557
85267 963704
310769 35672
163086 885364
41414 695351
277128 599772
215440 712593
734676 431977
751518 820522
986945 430896
194197 941246
877067 346296
761092 622015
629009 588667
994449 64083
741981 23846
443861 621872
348812 203175
708987 823111
97428 302990
397872 159652
944463 418195
862562 52621
822489 752876
845244 105787
439464 242572
4541 188290
585632 708223
843349 244937
242655 221075
814134 761866
251516 335186
228425 439153
238687 715789
965431 281445
800821 84639
11294 338541
289912 990376
747616 983602
318012 719256
482562 26151
23183 25963
724076 823349
343986 587701
56697 153799
330025 395730
103545 476140
482352 580289
593385 83063
244233 471182
66890 957109
455572 107318
819282 780357
438859 714748
384289 54114
139109 713123
460067 9146
49144 154068
395056 79256
19935 312769
418960 606320
480484 319155
639737 802665
311154 313264
726340 718049
725482 9077
287075 889620
921904 773027
150157 111988
42129 867257
634041 163115
531863 190587
359744 448687
930876 398445
664558 852597
464212 901802
526741 522452
641917 329182
602174 336791
233649 139533
530697 832227
971280 935663
204306 588327
664151 280239
212524 860676
851798 585540
946330 558762
576465 842695
704162 625253
37313 704047
988957 471743
783913 865614
172563 210532
121108 564589
980438 14035
472502 664984
99952 523042
535678 681466
801137 555517
609293 715339
90262 51489
860691 457496
653369 561596
665002 451225
672721 711002
415576 199569
391064 71214
589273 509684
795259 138716
138138 632128
653983 680601
807654 286012
279515 41508
364406 125224
73518 978036
895078 157508
621689 29564
854111 494992
436464 190144
265088 992482
9586 484404
352177 165765
575035 264560
918163 724465
990899 987733
1664 356130
561855 2682
363374 52239
155546 885227
401719 222539
919332 346824
332236 888948
405955 204860
594329 390090
75941 786899
472330 335709
674584 242464
297610 441331
550395 194146
717411 592563
395785 501886
735897 627596
302070 380346
234169 595926
833848 918741
644099 368734
221137 921195
421287 732489
889593 966741
452839 198634
483416 460366
521657 171627
808873 527253
56020 527344
203769 140600
152247 497018
357569 120926
409075 311830
162461 898550
654051 640388
891303 466215
19527 636031
488682 961656
877948 610939
358332 269041
21447 908989
397479 535150
639437 241464
236228 450602
497792 115500
661955 595836
31652 764038
931519 718805
262194 494039
630577 538433
498710 342209
675663 28943
411915 911762
357383 930921
144476 44545
165145 933997
274783 772109
545008 785161
342624 576027
920147 498957
881992 243382
250409 337365
133855 895186
391607 965756
203967 975579
159737 527605
354542 828818
792385 284684
10960 801261
255680 617844
38847 227408
939899 481782
597459 351040
171520 251520
406609 930618
626839 385391
264856 270351
745356 498408
475378 67213
920204 259981
410590 324379
84465 409179
776511 362613
419854 658072
611860 30859
13719 199869
344414 417490
644201 186454
17223 44651
688287 491378
211049 753867
739583 473668
789291 175778
446030 103850
93688 257526
239279 275955
343107 479106
881181 704226
965974 519796
372628 663223
292318 502382
280782 725378
644731 997524
263085 842967
846262 252745
728217 773105
893755 607757
764091 470945
306130 422092
569094 956174
851199 157111
771540 13438
876017 793015
247662 122090
925477 52672
153425 258909
949426 97179
68530 27782
879190 367941
880424 640766
643941 518054
708451 231378
560960 156268
189938 998697
253730 876254
930498 413878
746608 783839
483629 997329
705044 315632
36881 314046
647092 777562
47245 948779
53847 106568
876396 254
89735 2721
293257 441450
273770 530292
553237 733623
108097 896779
270365 158424
676517 733143
470048 52804
520854 906495
642488 744337
737753 94851
859757 165669
580822 864752
965428 290232
861923 702526
9992 413076
536839 457665
391470 734043
407263 429766
149075 366409
410705 329924
624806 241607
107766 152197
138067 805956
792371 860801
719390 887977
245454 946437
339207 897622
777249 616597
611704 971943
663779 893693
284277 308278
180073 214776
24630 882197
483275 20503
525027 623163
546129 934402
533475 560629
563162 704088
631275 907736
250912 499295
566276 906837
366582 359620
151541 882640
788438 789983
173170 14683
333719 816977
922930 632250
935149 261879
897652 378369
479832 939300
220339 138836
393403 341160
654595 223438
93852 72135
775759 48300
612119 545809
262724 631107
497284 777590
28729 933956
575682 360334
56046 734114
441464 518082
734810 312888
339310 633885
492653 839843
496188 793642
497262 937305
887849 579075
955280 561615
186452 773602
935939 570075
995409 104287
707208 862126
869479 517324
650702 387159
399876 532786
282881 446291
469825 567792
571639 745322
71503 250645
373986 898536
637650 353512
397568 313096
483821 728218
310814 326598
563234 409570
555807 986144
20754 658582
289407 121330
656956 505080
212944 7866
550570 54064
714631 426937
282163 485966
925390 105723
844538 513331
94583 506103
545219 350789
759860 182758
427073 189475
617418 736926
546130 270264
498619 500930
665064 288394
679290 972599
707075 339176
291103 130447
462883 227986
669678 151876
180491 27794
653364 892986
767229 555890
279343 313318
356760 360772
580126 420245
260275 751263
439044 228954
192789 256962
511568 985868
393160 833297
140430 680763
124030 218768
43133 753570
158457 889140
636147 395366
333301 787456
68236 212206
6963 534485
138001 667829
907207 393246
440636 295239
7129 232179
229502 256191
605136 585368
694490 231063
394331 289401
379723 919079
622498 659487
736720 679154
268851 757948
587527 630728
824926 127230
530730 27716
29452 989631
281237 702486
10360 184928
1492 912134
259866 584616
387443 405670
482463 616193
264519 32278
302447 529978
546824 237451
455172 598720
796031 636246
914726 96396
520372 401911
987342 25663
800715 935972
877714 420471
526117 570619
248766 556208
775445 775774
989740 369706
246876 552553
565434 781991
893607 872882
680702 962483
848276 954262
680230 21189
430821 737821
546321 873050
122767 153464
176207 484105
649457 695497
2789 43484
462795 678978
872578 827110
915025 715331
856595 926242
510789 436893
515838 370247
886159 454974
815382 712155
637429 432353
177104 786001
260458 711453
10866 251392
844937 438575
641356 861722
559673 296124
104416 925005
760710 528416
894875 276103
835592 255673
137712 48261
441740 868071
312638 999023
662820 231655
870796 413541
128825 925448
247161 99574
741362 792264
872097 259650
946414 861148
689186 239835
680802 529493
373330 650822
698384 594590
80439 428483
756791 478787
14949 619668
649993 969122
333039 368189
592238 35469
12143 602812
315216 562146
126979 500311
210036 359720
757200 228522
785331 251579
412608 67153
943397 331876
544043 144538
663441 688330
359559 511343
49299 531689
80332 547380
189994 116035
715302 691672
422399 18263
699130 669794
160696 57872
476138 346779
460430 97055
882680 2272
461189 532212
991880 918513
533998 118854
303795 47870
552365 748673
655656 778237
711379 343563
750449 633141
145540 358398
943580 417571
251883 193637
793222 300378
908718 222399
146285 625678
119456 338678
117068 481220
394222 934642
372751 478350
117505 552593
341120 981815
960299 175202
646282 472486
378615 799744
520859 640632
758481 489021
106037 540202
692434 901888
250071 139892
107411 717075
554386 308585
574999 186676
340895 519472
848601 794353
703815 649368
382316 810295
907029 564214
65143 48584
819083 471749
294361 168329
768164 51808
508796 573687
775033 596408
49543 395619
69265 580119
318199 910058
964924 948434
763395 823737
789114 659385
371357 984095
305106 55553
87404 692032
80447 770105
931378 158216
482666 981745
205677 231309
404025 79369
113176 753786
939568 672173
402002 574363
697647 917818
453718 62631
25074 848450
891442 440582
233791 876702
94803 280308
740956 603391
44345 43971
471658 938676
267882 829753
169294 929512
835857 293833
396692 532757
377035 481839
57509 485546
301850 210651
310049 804932
476703 871776
394165 991476
214664 506800
411174 750266
963818 199849
681599 251170
656107 469490
536231 278512
780477 476174
275435 82295
520493 976081
153061 986937
164939 343502
417128 650711
262211 325600
46354 982132
279728 429920
83826 804525
44506 998014
773779 378468
915991 120273
446189 267346
243569 933248
422121 100102
314130 801604
434105 263826
9335 16107
822650 838690
439250 438708
470776 526402
670832 624089
529748 145156
85028 484690
669013 977022
812330 680463
944163 818084
749924 882206
152869 745607
42286 415582
466596 222771
314611 646045
701535 162422
676176 379949
391463 382164
431507 815743
429314 934769
350622 398005
755072 388362
805034 755440
614465 389009
306042 206972
807466 207426
251330 700944
672952 904761
583975 774969
897222 884392
736623 377798
776788 451928
502698 41080
994417 957464
292680 487128
962587 105968
118194 679812
62514 182890
532677 418858
85286 337780
332029 543471
974901 625877
897825 188570
845908 153392
170167 440033
446166 361330
244927 791515
317568 196116
745217 513257
485364 904663
90666 400975
550552 404388
713297 70572
657217 536760
919675 129529
337956 47264
508338 161629
851046 668571
553970 527380
301628 831966
633223 565788
167069 509267
45047 668910
910212 2134
227325 502167
190073 64848
955323 820728
231237 125376
357697 279165
666251 758028
629312 341304
217212 538972
127425 589375
547155 818472
725198 825336
992753 671384
87120 527996
657041 676492
767896 683228
403256 281862
830669 276210
136262 526635
60819 837934
95641 662654
315064 863626
570715 274685
613188 394253
439649 429749
511657 882730
915362 463168
808598 494775
71645 774236
927319 457704
76932 825771
839356 36322
932142 575949
986517 475425
134300 990219
305538 61118
236171 921060
739395 887619
518561 820671
334840 114623
579084 956191
296107 510103
280235 95102
958451 564028
728534 430170
372879 583877
922872 505521
497525 293643
991231 238234
512771 398646
270906 115992
121531 180466
401754 290559
668654 536004
744676 844755
554993 158912
324017 430859
916740 826955
680313 770440
437842 208905
136478 535887
157020 627132
857215 757312
544682 608677
861123 848767
97597 257417
943551 419457
127832 397087
518849 701267
968041 209994
10490 302510
748508 530802
630646 690049
703419 537067
94757 418436
415193 964928
631673 567203
551006 696953
380389 882506
729580 373899
991236 976066
758547 240172
593377 22971
326059 592511
284073 248399
591103 568676
320302 282097
204753 963466
697086 706364
769463 940114
698443 6270
626533 487817
249349 224812
331203 523299
784908 777487
627978 996431
197163 529430
37331 944117
55423 231063
778590 146124
953165 73748
732350 186565
327714 324895
804000 537045
51855 378908
468636 644247
867308 817196
636130 747841
81661 687085
802646 680479
355537 99249
353628 869706
403629 905466
132706 883200
40669 227078
461364 355698
37959 922405
598568 642853
679700 943829
722377 557322
747506 301641
191472 49903
809569 342310
659665 230240
244062 670779
892414 28620
6030 255217
164002 233360
121320 726134
490891 359481
716927 152722
252879 809351
569836 937232
269059 210553
543277 925527
323457 407123
949210 312820
767977 208156
924227 593866
59452 139923
121912 39985
520083 934589
599272 578387
883924 351846
101274 125031
929655 644492
895149 822960
406648 128145
977857 519500
167221 332522
339086 344697
311638 932946
715833 231930
551252 691137
100638 529671
232351 1567
533695 775823
15900 170026
313543 851840
293828 694615
230333 565493
189299 818482
518523 910843
938398 216596
137290 323332
686905 947890
252762 911207
801087 401254
827351 806593
292118 423282
493166 151439
766610 563857
745135 314747
861628 514426
342307 51410
224344 216464
414644 510598
540846 575850
526865 386946
427336 904101
67093 11142
681418 884229
210067 984997
991241 5942
760598 169328
568995 244888
25693 945690
145237 172755
301603 124172
610681 727741
195611 63008
8344 360870
396415 293090
235089 441001
623251 155969
477111 244115
76456 256344
243258 947444
745525 216804
293262 201204
227443 966292
652291 100248
315595 897638
983882 552587
929883 486002
415898 256206
459273 415502
626158 308480
512361 876348
502736 628428
47069 652487
877213 545413
39981 664986
605628 445483
636511 837395
47806 290880
442641 762292
583426 475363
3069 931856
26600 724520
317447 873403
463797 681082
738274 409902
587588 917957
184164 134473
4754 284888
427950 573674
291199 690207
4739 468860
383221 123266
630531 546060
467072 328610
421669 610262
921909 670548
792047 607166
174786 460343
40527 265693
109399 254896
769902 242576
442319 987778
382557 649328
884735 12989
244672 764130
137379 534731
46413 296225
277680 223116
42087 812912
753951 659011
653387 348269
923604 806621
690921 421579
855512 405976
951403 833705
905241 969443
630946 674065
516383 497502
589297 640266
736319 28744
789394 329537
27282 59318
901994 290190
129558 978459
316458 490329
682788 465352
558337 985828
801333 944882
41708 454467
24965 944694
486272 558568
676943 444316
929797 52415
804537 776429
28314 39411
744435 63983
813165 842738
410760 994785
742671 42814
84043 489430
598142 693578
137486 473918
512713 416220
436901 741115
925806 675744
796845 824337
500193 676096
938572 90820
221859 456211
625616 874805
327415 952275
816261 151620
726423 161600
77148 848732
410141 235035
230971 207499
820249 403276
479965 920603
296074 884179
312580 475897
577145 167102
969829 555295
485490 293060
409346 58006
510149 839779
43901 45251
1668 452670
430314 940191
855669 903567
747306 935869
95275 652307
311076 52782
737799 837307
868994 235875
14733 784491
432279 76295
710783 805012
261128 724881
750952 984156
854753 927568
4630 929658
480211 206424
557050 453483
931791 472451
748119 89519
205600 285444
164167 861305
373884 381020
288354 87870
332438 257491
165940 621737
755670 724496
517058 354385
536592 257589
919180 879286
874759 91298
114590 433382
134641 731420
946133 267758
157685 117700
258238 565098
304042 76265
352230 68621
77174 513355
957428 545843
643360 896273
906361 317433
805184 433285
263866 631151
363421 26381
58173 746052
35537 496527
257485 381312
958166 159062
465180 809765
99477 111760
988311 438098
313522 838330
100434 480430
904114 602922
997354 25061
688043 96355
99699 727693
919791 938980
834209 957703
793793 173156
474716 156358
988563 784488
379110 288089
582874 66898
110916 972083
747221 742805
75608 566537
936977 211415
295577 141876
462013 568964
716251 88823
449844 108161
354438 499156
917991 710280
166108 716475
712483 250960
99219 776501
69038 498640
483504 632235
929359 448922
572874 807043
392627 544796
929586 763414
13370 914336
691071 131037
738925 505483
389952 291186
824008 776463
787036 944946
152841 185044
776852 571451
319316 353284
816259 919084
490707 333914
443740 610501
962682 417762
749639 950926
603865 161892
392774 918962
157453 733112
795254 825323
405513 673437
985487 339591
722383 324046
168002 450399
606873 656016
484178 197901
612317 108679
747675 972467
126068 164464
709128 152895
598191 279019
440340 478609
669387 424153
27980 858025
883140 944946
137508 451700
65922 678919
835736 403865
801249 28025
888073 632409
228522 201703
13728 784908
988171 277628
614995 597693
210461 237529
294910 203893
890780 309299
583587 137685
851248 333800
967337 596940
150056 613850
710519 504961
980305 834040
23428 182234
564692 140870
483055 427223
431920 157896
282643 319419
777528 144937
811423 279219
740908 691625
267416 409868
683032 89556
689692 763205
99221 521049
21246 646273
238469 98809
354268 451934
238132 78956
302886 453823
157559 60850
860825 988239
188668 136153
16475 849384
41537 451947
106902 333316
237983 843481
229231 620864
184264 793074
681618 48831
846354 167915
770740 103396
142901 40533
105834 162742
871827 937409
922272 722472
770352 667959
80979 505117
880125 882440
877094 149483
763418 163352
817897 820770
965319 47716
612295 922014
139951 767977
637737 489546
466894 616193
941092 437517
114879 109317
817691 452774
697250 17975
107777 371258
142255 714574
603280 896468
858675 46292
17033 109721
530107 902388
340605 689640
9874 131540
283667 872242
81694 955898
70505 910265
852455 614030
633050 841943
477475 596363
744231 29451
302340 220241
182032 469882
162184 540467
505701 365220
764995 268576
916949 569653
796701 179236
457982 329888
649558 325136
383102 631196
244564 155286
609976 707125
451812 10585
836449 813142
626504 620527
166212 336827
360280 279292
980758 75614
471528 717104
844491 129760
560757 423591
204183 581221
201049 885807
136247 971578
90129 920511
217290 887527
474368 332369
772757 356708
460067 827681
427444 64013
347364 624519
894078 526654
447250 318200
411959 878911
8211 171985
189886 341236
635918 343946
112042 483641
569563 822877
927612 592662
775931 138026
516284 979089
593526 859208
966044 924520
539916 818034
786370 119463
70351 905168
478990 674116
549416 823294
421225 93295
400918 731767
311326 408486
839070 408591
321505 851316
961093 362395
228760 482445
558535 70724
831224 435215
858764 661301
431430 372699
534894 682548
513479 694169
504199 471774
910657 462221
314830 471488
90823 452798
736334 230385
706424 470736
975432 930281
635258 110988
810690 462863
315338 361466
819745 234376
97074 196194
521105 734474
381542 714104
709309 904095
900954 336954
139999 344678
216344 321993
896514 230581
640684 923312
409865 393239
962628 234827
431663 933513
109706 574688
910682 45957
607386 176225
49580 242194
694516 652212
895106 382289
317003 877608
176288 199065
698191 516878
397400 179979
982068 569134
56734 84522
304722 959453
449017 511547
513912 279247
997 234381
586020 67402
486805 391194
993352 480470
928363 842275
890090 531004
51954 960994
511988 215812
578144 765816
419322 389303
575099 283925
160555 33611
810708 110468
478355 889698
878487 184995
559890 812419
650419 764173
866346 224423
872963 106149
917017 441367
5595 497187
345233 675730
827660 264352
242466 568202
886948 993625
553698 362411
682562 594730
191476 530432
775216 701901
51459 828990
202467 602465
953395 699809
9007 185126
195206 361827
948581 337607
924168 613568
157459 630390
497129 731286
869194 272224
636190 795764
859711 436245
554733 403563
727836 115256
906750 87192
453999 239649
310779 598285
392988 70746
536313 397609
375034 715836
621288 641479
464271 716915
791349 121071
191293 853989
845847 982778
705845 506700
353158 303357
807214 140942
183395 783234
520135 508619
239436 329849
883559 133236
440512 619330
310735 305992
949126 597403
350140 268489
618301 889026
803257 114294
66038 716781
404692 489007
924451 132294
771432 673362
414120 308510
913165 591131
307863 905464
811650 676819
824013 46335
922553 764471
730299 470894
939709 732242
586288 222727
916611 327535
585803 18390
526919 289882
324499 97110
899510 251412
661622 973758
492411 145170
215796 975437
33167 538255
342826 1707
812311 721219
823154 496879
62076 578450
50043 981261
886199 688606
264311 971822
618047 427445
496515 576973
362747 450524
694039 365558
870970 566370
287326 855096
589640 650612
383793 785263
605528 913958
295274 503106
771707 23001
353742 899071
704706 923932
197830 588223
304677 283321
424822 945688
281450 724043
961071 313497
792900 337133
103807 105914
787978 483879
65684 489945
262761 560790
765144 613453
478682 658196
682042 928777
342374 701629
188318 948180
91754 266924
84364 656836
681790 242587
758197 109159
464460 837832
225656 27022
225056 464401
249152 102241
550975 279342
190357 910953
508886 500388
239279 518075
890394 579677
256183 333860
346130 804821
662537 385577
136753 812379
223330 417233
635467 378960
505891 74403
299716 712138
749501 315346
537226 381864
202393 181154
465897 577137
451859 199252
33526 31091
154116 244543
155485 374813
418808 146495
101259 248618
718874 851281
162341 833640
807821 715288
460069 349637
850553 827634
475578 25680
348082 129739
975027 200381
702606 500709
887137 659707
767701 147733
16103 1737
769825 912452
829385 196272
488596 683063
222796 837692
13014 395756
310222 290675
600185 830733
252647 392473
897757 506888
681130 377524
932391 883326
318040 282567
594102 498913
44897 202519
341410 955056
210825 312526
904331 781227
162554 58584
604482 12033
592105 205372
339674 207508
679021 828332
330745 647569
975019 609280
58877 744312
3665 743193
13543 638858
388454 360792
347971 969777
90260 601503
631691 268697
812329 976799
959339 342487
388689 548362
300872 710002
618944 809524
51291 320004
413679 397550
223378 476457
110375 367838
932707 328410
741984 76338
740631 432930
262343 561258
885702 782065
543683 105833
245146 203480
822183 900894
297868 27547
682553 321210
779384 92414
515215 119060
872191 344900
703931 331836
966102 67082
382298 405987
486855 362191
558459 622388
884134 863235
265645 400927
384404 44326
946106 834621
382437 315150
817938 803295
168155 306564
540454 785659
394849 702666
542636 785208
210112 869388
154019 95163
497637 995332
773663 422860
645480 590339
448399 417135
533953 636272
600771 712872
514 722057
33102 543117
593071 44090
263078 459975
307908 690144
496112 806053
737240 85353
570773 706043
210678 499712
533668 577686
320614 425723
595041 642492
471181 51884
76995 965919
958341 346509
918845 577687
930116 232653
233629 652094
166585 475784
319489 36002
114807 570737
728817 362697
722917 262229
325851 832082
226441 111969
335966 922013
226997 480384
87564 469402
658477 14461
902592 447877
825523 783693
320497 573671
449484 498953
588247 287978
862777 335433
881805 296147
237719 409004
717224 984265
531222 847381
71863 135210
180236 369065
837019 459106
559039 86347
972532 497805
268194 895143
209606 683601
900855 776467
469505 317805
303610 936181
549119 834186
160589 95462
861867 897030
115124 69560
734212 578516
536444 867917
139785 478442
558719 121231
450655 835548
571501 182035
534012 62515
449260 390283
261608 519278
566714 557546
808783 565014
348806 377690
897552 600259
514223 314745
491055 830958
787730 129229
429928 893231
752996 886931
804046 34810
971368 95270
576162 833105
355829 280356
285867 611611
127716 169370
242152 482106
118415 522412
81610 251619
101168 159546
99695 861188
899148 444883
567644 629452
290674 507890
851614 306268
97799 200304
179879 333928
816628 648535
911054 837644
909769 652326
757038 354936
704711 378070
376657 508503
11219 381738
722905 382078
166623 118822
581935 610353
14229 807247
835911 162678
973272 391130
209018 623045
927457 611885
834616 809290
35345 462186
171052 458761
937624 950525
345927 288824
722764 269067
135002 219761
922516 845833
971426 47977
227156 770686
813537 939771
728454 318893
71118 94040
326867 37101
597015 9095
296340 677321
144959 901625
442500 522829
648463 565077
302617 582342
795204 375321
221160 96572
580009 934818
971548 884676
605681 319797
118489 390885
558816 678093
113197 634578
557400 525018
781618 872712
730974 374900
190735 809571
998608 400743
623910 223215
682850 850341
283901 463072
934925 31545
47089 321568
199400 883622
662515 225206
858145 616056
773999 455718
344137 635322
655450 295520
83042 176334
991715 192304
725503 397332
663805 273361
237609 356493
208545 667338
724462 590580
785381 447646
109738 554001
112477 879241
816346 625537
511067 763983
344270 34984
451142 125587
931215 627381
891806 74860
345746 392060
740317 792779
956659 257923
49925 159795
812306 506360
405995 272537
491277 645990
340803 16656
103405 206091
959372 708710
868315 668928
409036 272952
17073 690233
150000 436804
574331 663591
273553 692964
102182 68449
126485 399770
101319 790525
693117 962896
959624 45179
12262 65663
673233 424411
147590 895502
589199 878366
149547 714331
488690 757352
868188 11143
627109 993180
493880 872762
798111 565764
705440 318354
499987 74963
303831 205614
254722 147312
895034 813897
589252 574233
615466 957757
597965 359327
692302 244716
80053 461113
986966 988084
397246 231165
912971 226043
5287 470660
38484 234692
448443 538154
37291 223944
729018 184694
868108 152947
984760 901151
902992 263799
279242 827942
216057 456133
383892 473503
103085 687336
658543 523762
85827 497788
855669 690759
167482 623456
921583 921928
677592 708223
188875 883970
400055 341370
692382 553968
932414 977573
249310 289610
553449 39524
797673 701300
916091 332336
565630 178622
308364 296052
291333 623883
103491 157562
406333 197547
838785 351452
963733 973871
20552 540049
491336 423848
164170 826224
467313 754966
250656 783579
618254 997138
199075 808677
557632 180498
723929 682143
146416 581757
814381 795133
827661 493967
297539 47041
520651 349287
398454 734514
598717 842343
414477 989377
535732 416916
794366 735699
186443 400194
709156 280359
504898 528638
483390 291121
1091 734556
183301 17039
219807 811806
120764 461625
18806 777708
932272 969919
937778 421011
803567 513819
600028 291245
118396 419852
971962 231905
907538 964430
702236 68187
60187 397875
657735 31332
130062 566302
487582 356664
846511 566888
370668 355502
644306 781986
561456 36665
581952 186085
408135 708154
737378 83863
880812 182534
496443 114288
993291 789538
91076 628034
587725 648973
49251 408292
370076 342855
404732 914972
167692 3251
614091 196406
672189 320569
854891 680887
69884 627165
570765 987459
466715 148170
454831 872405
792870 581112
223876 847790
786060 662624
584160 666314
62414 618358
610547 199569
686396 225371
608254 63958
625773 106376
936624 823616
136978 903225
669212 165944
364414 474559
842710 900931
249650 339679
4601 987150
169092 206199
522987 467030
688690 677223
159967 114340
318935 726548
391852 863450
660253 638030
28468 377179
626513 927638
743826 717047
235536 858537
182301 361338
154990 501979
588191 873007
464146 915474
139417 89725
879796 396635
734124 734446
344722 191883
58862 181542
954723 582304
281043 43637
236883 134136
822371 535420
371554 476362
639662 771228
584441 617222
541965 779050
970559 992161
650617 521040
284731 839715
876932 589863
179676 939241
728029 36704
47570 594820
601200 78746
762101 925127
977796 330212
28875 858486
245461 236807
561565 808920
454772 359036
353303 509660
673421 440094
75496 505706
980441 203170
353790 691651
560635 747205
137704 136897
323908 862168
709892 230244
998824 89139
151434 561765
975146 833466
327016 4432
553802 401029
110803 448137
153539 989247
966563 999822
108840 440663
287334 949872
439324 65061
400695 852305
824212 469487
607297 40314
193942 673812
987908 412473
769843 290289
584068 14770
516876 673681
686033 802627
488275 687878
330643 642565
13629 88725
500483 19710
751215 500360
690624 132090
811711 658618
771078 89862
184656 550298
80397 242044
217071 548125
291142 887202
740931 918050
255178 442825
562289 53176
247514 662072
210733 862068
421841 935519
882455 320855
613800 5188
970151 802141
417837 554789
535110 335406
281682 804732
847482 98616
502666 575049
578771 445767
230805 833909
331298 319333
27280 249743
402980 234701
301219 566878
689316 784157
691165 616556
94298 577394
538652 20347
578084 787385
748810 254047
7275 916213
94401 300802
123636 9934
672947 586496
558717 977445
64777 186965
99084 17320
641516 187235
708090 289556
863498 58560
292435 449273
612022 990071
187528 191999
997836 794988
38447 729001
597824 542055
63092 13774
544321 989512
327473 845774
464053 488389
838106 386984
638992 6093
607996 42789
480602 842311
768782 63519
94400 618383
355273 328313
296418 920169
133607 485877
710243 557281
17292 327268
753932 486512
856644 187933
883843 204234
789723 752209
125388 502921
374116 625770
708451 423981
114807 435271
307149 372726
385527 807291
48251 58291
476967 631751
855603 643776
854571 180213
348505 298131
71596 123321
981749 502086
152310 820932
364803 623081
623330 23475
669658 286174
839635 780311
497304 600271
443891 467413
25883 216902
28598 182972
382329 456473
148643 115299
344403 54843
891839 395261
961715 271547
61230 78105
478280 460470
156842 365001
122995 432498
252406 791272
242981 860700
172412 570716
378441 859493
63009 749617
459685 411779
685895 923803
770650 447357
762456 431095
168240 42483
46970 988594
114973 461711
381954 30560
846287 653215
803938 227367
493786 789906
730303 456638
973209 902885
908563 902185
869076 597946
500741 816933
868062 779417
615255 209810
214865 453979
873697 617863
121879 802515
726701 410808
228354 855601
595776 421700
120995 99351
718544 952502
324303 913287
580930 624302
708330 42737
354327 286429
522264 752416
577789 819129
731412 615056
930744 433356
969498 72538
255042 133080
55151 552635
37000 695590
957635 552830
505844 244471
544842 152317
461554 520163
372541 46020
309563 160203
442775 960718
282862 393248
353617 885999
635800 322164
889697 295279
223534 929469
841817 184771
291177 416916
960998 295469
507061 940533
266620 544778
470265 624882
216164 917346
395132 742471
934225 508942
751975 112013
671187 868409
154717 40297
496223 420943
265471 580862
674029 814421
782773 779498
664510 58623
745049 567247
328893 250967
172223 918790
218579 559463
928591 447754
683044 322083
712096 8476
745703 132015
8862 857336
625097 182638
27868 59519
983515 587035
627204 471106
13681 39354
494622 483217
741975 589563
136452 639428
650429 196139
908062 876598
987463 175478
366498 613767
178895 794893
794751 858213
912979 410640
233004 525712
495870 684870
589027 39827
370146 226084
519852 79590
758978 417838
207312 267734
688020 997143
936283 622168
980729 401697
373187 200975
631128 208519
653171 556967
975748 320029
5805 776147
972079 630299
511994 212978
94710 523477
113513 980898
270352 827013
700441 657949
161194 284672
152678 290779
271178 59316
462469 18254
296503 898708
858824 214523
674195 48620
808394 19201
211962 72687
93850 315502
124080 759861
224235 489031
62653 728446
128924 363001
291368 320353
127846 848888
914648 891427
921603 541492
6339 224864
69971 188585
404213 157955
141361 577997
114669 892636
891545 777430
695503 707287
338784 714397
102397 891514
825208 589646
504462 911720
328062 793937
130546 179541
501186 628719
327307 480251
209751 398628
602025 431509
65683 269397
785165 959119
634756 178496
613320 554693
51015 117442
196119 332550
637731 768768
670926 701803
545388 264089
914493 181312
547736 524985
428657 771760
9558 593064
112778 334315
256587 848531
673376 662627
797872 194798
536184 397939
444817 734863
759599 671126
850125 681007
784219 205354
124274 211398
142806 1025
816950 472566
105363 485247
769541 826798
754619 669314
89641 278330
908117 839092
526034 97579
109615 36684
44371 325282
445899 144253
605355 79587
497550 491049
72394 541396
267008 79603
159111 70503
287204 604149
862787 939403
447338 16560
925333 494874
555020 682100
389177 147792
927533 712124
116589 970597
40433 226712
311449 552005
491164 261205
298572 349911
769584 72295
264333 387575
822616 123489
130823 653115
957106 101522
864533 33061
15790 276881
865939 655136
318773 227083
578636 224715
512516 958907
277037 745284
401671 471316
882681 58582
68724 207533
126614 207784
245013 960706
995 713779
178489 904777
975051 90644
691514 450586
474425 879992
110604 924150
886780 393495
709010 649537
246869 402437
660515 583788
610138 892584
920494 89636
912942 95481
581562 496836
72678 850142
25934 899360
86349 643309
144416 680585
19194 707306
10409 759501
615381 395590
118544 2981
649368 603961
572070 822830
111212 975997
766620 464283
52171 930416
106320 791191
405087 669326
61290 166208
912758 519023
408235 60555
87473 307590
930593 356693
679170 294019
72238 815651
97095 122308
847533 403258
679583 703770
14810 845077
65111 915494
187938 551506
334683 216847
582187 368513
308868 458186
363296 573037
587711 125379
795718 535021
52391 368109
148644 865139
865634 522235
402780 418373
182777 169991
420899 388373
219946 347348
855857 93095
641820 685017
495826 768362
518985 980253
585331 29026
554762 628871
914084 950585
200300 262056
724710 340543
329498 691041
252759 724143
274469 202720
932872 97370
716638 360526
831310 281156
767452 883107
367092 240908
760712 477475
764026 468187
417636 997011
981478 31444
181056 514412
42159 638434
427294 240458
19615 322306
302585 920460
791838 530850
782461 659595
609960 134491
574924 833883
374091 463995
809769 641161
190761 267205
26028 706182
106309 692586
424262 573178
641014 482384
668827 946883
796573 442188
680084 712754
60716 554975
732235 67330
591291 455252
889214 544800
12647 69168
298791 515738
745737 529878
542020 397412
216978 751791
15060 788520
292215 37104
467865 347790
125632 620109
358836 431675
764824 283283
266878 605627
600450 773200
981780 547253
941908 208489
808577 647220
430232 80171
316856 744115
573323 436587
826377 494659
205911 973615
420057 140062
627912 412089
89615 742637
867096 500427
773942 938438
137939 439958
68026 316381
649494 793436
89179 468674
324717 907370
72309 160424
649752 661952
425052 5702
744645 9325
647721 405355
201020 449545
57167 366325
140879 702186
69595 209537
512510 253462
214413 25471
414852 297821
115361 629234
206181 882378
43173 176787
555592 131466
88019 94988
505094 362063
353951 405645
153786 914559
493368 796370
730840 824005
688610 67320
281259 696995
160147 669839
550833 781275
51544 783452
951902 309148
983628 683701
922116 937196
262198 576423
444895 507003
791882 604746
982068 787261
25101 762486
304231 614501
799657 331436
628061 128910
413074 990036
627825 513033
515408 33565
365708 701915
637332 299576
354963 119090
49726 39148
840901 673891
356788 544426
884394 490685
3393 328307
372076 458229
642977 342847
932963 190907
380196 540314
205392 80278
144247 32628
76172 139077
450833 46768
449047 173999
310523 417857
368580 192817
399759 151619
946417 845095
645742 421553
489823 686763
980416 81305
352001 550511
848019 705532
255623 103135
858733 768964
303858 603890
278438 522373
178198 527899
366469 476532
867402 821816
353962 448383
104795 723315
159351 612500
940616 304667
306907 942502
124926 816916
272448 694573
698014 713990
834168 128278
496165 200769
989045 2754
882072 450175
745642 265207
697953 586304
872380 132969
293250 422335
229787 132365
12622 797898
488871 217685
61173 239792
367030 439100
693442 68507
14842 995394
447895 483089
199654 812039
492170 424606
819998 626708
752646 225179
225462 123305
541833 684407
336948 305177
679878 964964
496656 141487
667584 333440
686782 390893
715995 472995
316513 50160
933794 941021
884985 95053
987804 637127
682190 39074
616888 696498
460241 829034
423144 8615
635338 928557
733407 202428
745052 429707
581547 36295
436279 520444
345318 657964
682660 89840
160605 37522
49901 361384
224798 114933
700234 811775
314876 950048
327187 986030
74090 268213
869220 876192
257890 612409
977496 950122
902899 818810
218503 677351
614985 964411
193818 728958
922339 735121
306312 670998
984647 551904
620082 341394
410787 534076
972124 47177
176776 323269
748604 296604
957751 468081
299905 89654
120275 340589
607242 107539
354735 189007
499161 318510
550336 2487
674332 147615
545889 203674
276021 569661
395422 478057
198196 735390
745911 201485
211588 938615
971763 229413
692947 875224
863802 436749
910917 984464
849344 665266
505815 949224
671499 660013
321873 938028
598091 68757
399681 727753
431979 213859
508528 500616
160025 731628
582504 111757
128099 360136
248038 63529
219542 384692
48803 456565
687944 387140
628863 344405
343339 613237
286341 681535
17727 215175
846291 849
374001 850260
15926 551318
9282 168764
193930 93865
791823 73380
843560 491957
782259 97002
857390 545260
831440 868229
943974 16483
538749 241197
274980 832901
295950 175033
639767 390930
43969 407201
701468 654165
201616 745746
570969 416587
30456 706564
883424 479262
699871 41527
108001 364437
161324 769286
4778 835537
260942 449197
334013 216181
33008 93406
756554 384232
351267 449527
165371 301351
167590 218591
974402 340019
251291 456971
25992 111144
760381 661100
257641 916255
653014 997774
970581 739138
925061 247474
301134 997945
898967 168909
357482 793913
528309 998439
492315 278263
63494 209783
871248 992224
826750 11609
382329 470005
286852 665809
442254 902266
7851 243899
786528 731541
829158 215898
995451 392862
236311 331624
313051 963360
151668 768336
971654 819318
632578 305883
373669 79627
978174 779898
755112 544612
248151 782379
633620 2813
971272 168832
601972 416857
385757 887103
289169 244198
167038 133907
349760 834883
238675 99680
577740 263230
307900 672303
589036 581261
19933 347700
808676 419161
181325 785755
270469 276048
885683 87987
297910 839595
195334 349385
876160 99276
566744 141939
591793 186751
930343 646356
481027 810587
870956 779057
80942 336562
582498 999777
828105 205338
967512 425245
913264 74506
215727 367322
501738 527420
710366 839921
856828 356409
381062 795826
16289 572753
857274 215761
721757 860948
220685 26975
26875 593937
627317 893093
438002 629434
806953 542184
499016 397078
397575 366572
607922 644847
139739 207464
453149 794510
276540 792744
997364 988890
283125 834818
29782 486424
839499 976905
645365 270704
166662 909314
540522 884337
754061 301969
802702 450220
307053 929134
642677 80903
537503 234201
790118 486490
892571 109308
547012 826301
663865 480880
988613 983303
438699 919921
142741 921332
985848 374181
734505 231128
159164 431805
226215 987412
481882 892953
964482 863642
135136 401907
121284 100930
866042 847628
117715 598593
421316 972630
621418 571507
770095 270771
131918 898361
899489 303376
110944 226853
417787 695858
390972 961994
37812 523392
963970 74692
323748 60305
881528 654494
783291 238585
691080 133125
636267 571125
106347 345138
876448 67768
738325 691498
436556 92282
840816 197403
62413 688770
665889 203186
847865 883524
278971 38338
210774 151740
235123 202794
742637 242788
451087 411709
491324 913393
559270 584682
725293 828359
754992 665362
308465 985669
105797 905260
387987 16638
789241 15342
931381 137344
722093 706699
574060 566570
381936 712431
249867 860669
23215 257087
999273 52801
532535 845073
47077 156546
326726 23478
708671 20239
482252 802949
575078 551361
155298 112041
709631 649390
73873 150833
905495 520898
923931 717705
383469 681303
112237 310950
317465 916852
511594 531128
199425 441564
781016 346916
163081 762003
836552 762390
774460 531544
147439 611080
831702 517978
363698 196056
937520 264199
900353 884425
688098 870388
793763 27057
678105 17748
104627 826052
565371 203872
639615 612997
942173 31000
185761 898317
985282 499883
636930 621898
959546 652156
784534 231645
276840 709162
237438 304549
236555 10394
66854 292849
277994 645994
723568 614139
305147 140537
131015 539498
190499 727805
345353 250404
182984 305908
789649 708714
518724 228218
143016 464698
583016 87314
129708 298339
954605 650843
624498 921018
232870 210171
746457 784288
439578 783825
744886 17061
539867 2881
487092 721142
150075 270996
850090 515577
306777 125394
584235 723775
875061 654854
578752 5894
231790 325401
773054 685076
720222 632799
181220 214123
365643 414286
519039 211258
458009 974656
841780 214461
787332 228589
833518 546860
643634 919834
830114 522939
915176 33167
443239 820768
988842 229397
84828 814519
324829 199630
256248 123363
558890 358065
381887 528029
975818 33701
378674 616158
225541 974531
233712 547325
127842 674652
215283 848054
230551 3079
533432 386071
599724 976729
547495 191521
191554 917459
606612 853517
797452 343794
819380 156958
978424 211506
118452 721633
329572 39789
451574 587204
310792 112962
102252 396415
203893 772988
735180 284039
30554 757260
225304 311181
394109 518921
587944 238385
710744 572854
554104 920710
821460 614414
797195 149130
862160 365876
849595 441480
76737 377579
896009 525596
83710 512135
377400 138066
696881 157523
310141 67252
449725 628176
667942 765541
693814 678999
971413 532800
846478 19877
760778 461732
796680 72781
613553 930971
306629 241114
692715 25694
412553 454964
913332 630006
236698 799678
953651 377916
326685 522352
814790 557900
581191 251248
772826 373482
159040 967350
126773 256289
758738 863933
674451 801768
50385 609662
487988 289031
160956 955630
141290 802966
505257 163113
932702 581688
738753 765708
837896 811068
82876 247481
465052 800608
315393 805399
31280 346919
476097 36902
621171 796370
966017 723989
638568 712169
39536 14690
653985 558721
646882 487194
212364 653902
44824 359867
341426 673754
438811 332721
746905 812450
392904 987704
918818 330710
732826 467280
81919 495623
188015 523842
756385 818436
283530 660504
399088 202421
502668 365189
482757 560699
643012 837877
221520 32548
397994 163337
555508 38640
37602 956490
926180 778473
960808 204421
805326 285091
307731 101011
796381 534976
504782 118279
905790 239914
894011 213801
464500 973700
306421 645193
264679 516033
924593 800064
167513 799894
331652 261121
603037 623012
813545 844369
535358 549541
866762 197284
449210 755298
662147 130874
566055 442230
564695 30571
348502 172576
814729 627512
645861 965711
411667 636025
563039 575995
652038 542054
14849 640888
895888 71382
269940 970897
18630 496072
481193 319196
685665 293547
692796 926814
71951 829875
80180 888186
429641 507593
386479 700724
567430 699636
524981 259917
280960 223447
167233 188503
583019 743639
173953 770507
3599 31045
503428 239844
560726 747850
725731 997669
888238 74247
478632 685128
245912 958726
336752 165729
786217 685582
382036 747224
65158 203872
863331 729442
169754 144202
611555 126546
506804 941220
709353 144977
333081 52307
425228 425428
218980 285361
395565 656118
77952 965663
267118 648821
340540 654499
940066 756241
158179 844350
495077 140593
642626 202594
408385 441090
651207 962267
683260 987256
91649 17272
851914 89291
270875 837772
878476 53153
602646 73844
977343 979236
92697 68032
53616 282505
262325 896572
486063 764552
971980 53532
857185 523317
209691 983173
531124 331119
825786 126499
285670 682320
425477 4914
556689 298083
223556 969477
520222 344626
681994 666843
29305 828720
245457 571919
96742 572572
85422 791111
70988 410234
946367 329796
638695 752766
239448 974553
866915 228825
184999 516592
637991 700617
656661 8979
590649 945564
558418 240271
574878 836368
290285 460203
136656 503633
988054 401176
158617 382409
931680 552985
635526 322503
121704 220025
124210 147565
19629 84502
826350 172818
453389 363071
534956 652789
735654 584175
104756 138188
978224 75176
775497 82660
339511 530423
374390 525950
910007 296675
36681 654066
467731 204554
480929 672765
421645 36744
613696 732340
409250 983340
890678 492256
278937 814727
892478 883393
221964 338238
142055 798765
402048 813374
412808 87399
884208 572072
405888 39465
793205 400365
92240 925362
592876 977409
330348 894060
739711 429113
811444 138589
805904 375136
255628 351231
285017 152086
127457 637463
1043 554876
685030 215691
402358 205956
783142 511250
867759 631560
907291 864242
44637 548775
758193 535862
667800 185220
740203 479937
289017 87502
933437 957879
944605 99674
216874 588668
277276 242379
139230 353174
516756 570485
234376 504556
200888 424301
591581 890
505931 861227
431687 451425
121340 716571
53169 57125
677565 410782
747174 828818
427154 291088
728937 9664
123742 412036
138689 685796
173731 668303
954178 894821
824400 452110
862453 383449
222729 103325
699594 172410
348194 971173
860833 496316
103003 760842
617833 563103
857185 312633
560041 880962
130594 133735
109235 775706
620847 22603
894768 567451
888522 520583
105753 188705
250996 35818
388497 493369
576199 710970
880053 192738
781816 825076
580682 55897
725426 181752
591117 727632
674813 590840
964492 32836
507678 393383
626080 132376
268792 761016
544822 158632
865403 768748
635937 861878
124658 541728
913853 146904
948581 83495
100570 148193
998010 567160
14142 922400
407702 804614
877965 232170
764503 361245
248037 210960
98001 177322
584446 493321
631019 621247
195459 195555
625761 229066
79368 31342
215378 865286
138788 348065
677211 966943
740575 582559
754789 961227
859224 779851
581371 348978
575641 610592
547132 63662
129822 517289
687535 168321
160876 330571
349260 566402
376988 312293
146719 851371
469429 204804
314377 317217
86529 687327
668947 574145
326482 983725
821620 312778
110653 375696
967575 811208
709319 98459
15266 460322
197344 245499
312674 906850
826423 686901
290091 466612
983543 700967
912055 686568
958880 520796
710314 944982
72483 288583
221544 368495
600161 790025
781477 8764
410296 727023
120118 546042
882069 201332
706091 212588
506066 341803
301630 449708
492986 435127
34899 495556
272453 864610
594344 63886
388074 472081
504859 875736
392998 700957
855458 260473
411043 980701
519601 47640
105698 222693
919017 392233
614244 298293
343327 355270
246279 120306
563526 888757
488309 892014
689902 60069
485495 439821
582201 696079
638306 623325
381106 41850
500584 278299
561622 499005
437094 932778
538164 452530
669082 675334
632335 247399
202546 794252
84867 621645
424128 919824
814467 667868
253232 632727
173733 247666
269001 615187
503958 134792
880146 370083
880748 959782
408101 636966
349207 268773
485558 235890
984538 742217
969646 487681
873453 67169
562884 752960
513038 64832
493985 450213
246541 218217
799433 706059
628672 93141
754556 800505
545893 80870
649254 693282
36932 673701
509661 985113
489943 217832
341770 384339
217214 103002
708904 115164
817828 501221
277119 796960
759713 925207
610475 777334
732903 25138
759767 661334
611493 274367
101930 18475
471097 934981
50796 805458
445708 255472
164062 920247
190618 231606
790747 998562
343250 622306
9405 507010
330045 919331
142910 511705
217134 93954
819686 456518
273707 902979
640844 185599
606611 639235
959370 575885
110915 801229
83087 338060
126062 76654
808076 796062
99856 304790
684386 967721
275221 587556
12331 374751
404369 803070
271589 248793
205171 252511
187081 249689
531387 295662
814215 860461
241041 311580
160080 427779
599342 753253
23418 954956
292647 908504
118685 322127
889398 816182
446551 808802
401824 998589
317941 960682
193840 367480
476029 674182
490422 18375
554366 453344
158501 811290
429771 870273
438767 806021
317655 965649
718584 49044
92804 914274
352528 701415
404836 776767
354987 331656
46049 333024
362399 262928
227044 440817
31960 404359
271393 751557
636631 783212
396196 181152
357242 218679
382125 139141
279042 174051
372541 341529
800095 70895
436453 513407
254977 42249
291902 265302
596623 489473
824965 12915
315044 689923
275249 326566
777471 528946
953384 457795
616383 614467
453382 662741
221333 361024
581760 761396
129134 753757
579648 892068
268911 691057
65796 466398
990678 803625
808357 760272
289384 742212
12240 351153
944259 280257
743638 373295
332115 979359
852811 691214
508644 336184
165372 758523
983908 663571
214571 274119
258845 486948
151259 852199
553381 140569
975986 906971
393734 118532
183755 691615
568930 510044
858541 204207
70091 488402
390892 365300
445921 90422
440905 452215
515215 999374
279777 108930
470000 412377
835515 385119
548996 751145
614060 878006
289059 883863
40124 491702
786394 211312
310074 379154
95872 172627
187739 808268
995858 583209
805968 519152
322580 994829
834825 190952
442981 110941
222608 12094
704728 193351
291766 773061
819952 314957
412427 387923
834743 848763
647911 578480
381178 768484
218417 858328
467698 169201
914781 831873
333121 176944
634333 78649
340612 744740
392735 833231
984222 699796
833267 656695
143393 446844
508090 232365
979412 939256
745227 574049
196303 490835
970127 155976
907726 241261
524203 586734
156797 813874
79757 468160
596045 563843
567151 97109
261466 907968
811376 919548
846489 739365
937048 974631
965053 365600
43107 20579
574625 840703
525946 195248
198368 711696
697176 265263
697676 326485
279961 924437
9469 270816
826454 353398
854691 797638
869988 386000
69468 853903
287525 149995
775907 271163
495369 734324
115374 354241
408698 43189
265181 337906
107026 833079
184867 561517
287732 749584
514206 315521
867675 999074
312041 280281
172353 406475
768177 782634
254917 41542
724390 268503
406114 766824
746931 506615
819533 360450
662526 142616
976805 773509
401753 47235
138997 647650
606424 952201
589770 87656
352605 826944
187612 924466
830937 490296
473360 537070
821074 241633
893699 583364
953554 356612
347292 422805
598661 882300
659310 982402
342038 570507
450083 836561
42176 342419
319677 313010
756796 980995
748478 984518
149394 65925
22278 725931
44209 190871
806257 412183
809811 326580
947472 392444
642367 438581
964790 242315
909535 617529
372468 679895
842254 836577
17557 420087
58520 782769
952496 292506
557068 669560
419337 809164
400009 395443
956686 199877
566943 610590
805155 137538
719109 230060
322208 341586
712095 90880
77356 500436
987484 432732
882292 197232
268099 333786
195804 219810
385523 193814
111516 96286
8561 628549
843738 924145
930144 687916
872669 502974
892713 271186
383804 824930
342686 560654
108342 115329
811681 271523
14526 210603
928522 322609
660179 510750
771406 538208
214137 722428
288027 179981
581906 669469
961870 75731
673478 639266
75476 395406
489374 894198
719817 308310
414945 195260
732993 715538
736683 273121
321044 856120
713829 673136
306290 51004
106317 995475
897512 352918
590710 129210
489535 298974
864205 639104
756029 765152
47343 812868
721859 858239
620176 820417
214767 982092
568892 956880
549632 136175
334464 685789
579732 628907
239584 800058
279479 528224
161862 223806
130777 956158
992840 222613
755745 494108
825568 341586
191016 796911
912947 391917
322083 959535
944306 728178
332834 563165
438295 385452
521419 162901
847092 154662
732684 50520
990580 455119
709396 432101
421608 456959
122441 983923
858362 907458
40707 325314
126809 494393
741245 881358
396088 782368
563557 558502
86782 793164
352313 154831
849871 206164
582450 785236
61949 976501
992927 255241
733325 740376
21193 285918
66782 183757
814926 652943
973857 502954
166495 300467
756563 422575
863375 937587
780523 125915
29163 208843
67703 514599
532665 928878
782251 797361
418013 819291
657710 631132
813876 779753
142721 20592
557085 807498
498258 684790
472701 592705
666118 59432
5546 655063
192697 952391
43801 91942
570226 88175
558908 256804
94164 651931
189566 483898
310653 152211
423059 305610
286555 834620
320308 131305
351926 941212
367908 306765
29010 991288
268973 357846
323661 444819
97046 873379
181739 93574
346847 704141
126826 741556
488222 604504
457775 255573
973719 483522
975034 596135
948220 520967
544038 9092
759108 614563
707619 369264
722489 530527
957903 490705
458719 303346
446014 827318
801906 192658
487897 222412
258799 202438
423833 491321
281415 250342
802190 381541
834387 914488
512702 166316
629650 35279
374076 950742
754267 301840
199699 411236
90110 317161
269218 336170
335985 393769
219559 30323
282148 620514
310381 609749
774551 753834
497241 871300
943030 640911
850474 296140
765030 737135
23662 27769
852448 883034
852739 644671
505811 773718
869771 615000
88940 348218
305142 647843
70873 578534
372634 119959
316749 238080
524901 293173
978344 84396
411933 612079
939503 985129
30017 609737
676543 385774
257377 482455
148796 161673
142122 101927
891389 378630
430112 659044
962650 32091
130496 58015
540602 453613
913137 366850
283963 482560
391005 75406
133914 397510
322187 624262
17022 104238
53045 882683
860090 333089
752487 221996
387627 36017
270449 287735
253579 84192
594081 630883
617972 290978
902943 39040
528743 799870
665512 636912
529879 685633
965106 145345
98937 604275
197295 643424
352755 455949
851362 145538
455108 362582
84497 766485
195515 935577
877913 621655
114047 913585
703283 435081
54788 499764
807724 166586
971689 837144
897024 872997
220088 987700
302770 851538
517548 47491
461117 885584
914153 690201
264079 981954
968850 649562
513944 411160
952939 928986
852289 124095
8718 351803
866238 56028
83491 156453
693506 30111
692770 564373
386611 429012
103746 744675
701319 323674
605903 899922
531113 512420
842614 595106
678664 188822
11103 356815
681231 646304
423974 602708
54276 880694
73626 683020
531885 874254
285655 311976
594007 714964
18349 871069
199327 823343
365578 174727
955448 567510
353914 344961
24990 278420
816914 27557
999851 61809
192493 159656
745224 36587
738019 296068
791404 695735
504229 99095
679848 505629
786460 19693
869106 443310
841437 938949
264622 933456
895701 512778
735192 513318
535438 948760
612173 512418
207468 130976
786615 862256
26294 637091
110552 177492
806867 155366
518636 110238
349973 422664
339223 316886
473041 355478
376404 248619
138968 46380
709981 295039
488164 774908
285796 983091
448959 842764
841746 20339
772874 123758
428367 787381
310532 783145
785210 589929
466708 961122
443710 418580
302414 554426
78452 714866
946324 915866
974076 69820
171453 452126
546383 283063
75084 637235
839624 232774
269347 773541
641674 624021
61551 567991
422071 728836
634814 574816
606550 340952
64847 495403
158304 157626
527126 116528
152629 198822
493103 991940
449459 396116
933232 954610
513233 755321
320994 953221
393026 601134
276808 178958
102797 60852
332587 410119
330223 214699
369902 995299
762210 496119
934840 512483
406577 794957
969610 211875
837442 217622
961205 744529
849883 951703
147821 200734
116699 504777
617602 7861
884124 450474
907078 931882
556027 126027
305997 719925
60063 682733
588590 263963
430133 89603
925982 935427
718669 663299
591749 345461
88283 215375
759352 323269
344817 421693
151397 565161
142185 153325
644183 26067
739471 103619
867639 847326
6016 80397
583375 571260
183543 72071
717515 589554
245213 152549
733722 373075
76741 386546
77480 25993
108423 217442
594614 453048
977317 971388
656573 185384
700792 454300
305499 145798
633002 420913
346513 270944
708482 226351
349329 405406
67691 975102
236190 50538
610444 333929
852463 986911
885252 144374
996613 701221
475418 342649
284321 97750
278497 238629
308654 858740
839667 179598
167871 643048
195937 555976
437303 125085
909473 392406
895746 748014
441899 158196
218589 577681
809746 846618
34867 209189
399725 282548
785480 712894
532882 821542
286703 591147
868412 82881
847546 506258
582956 604261
485917 520467
173598 978044
324596 386828
788012 943344
291753 508748
745352 975752
259504 79738
178993 812529
463881 423063
761115 509096
704037 698630
68049 179469
661955 480792
819992 609474
698822 931886
272680 275335
83757 319968
571649 211702
768841 287238
467401 480120
764560 316496
105595 839669
437251 569853
220557 174936
612821 687955
12736 386774
688008 931602
630046 964584
204335 243486
658900 656309
317985 682786
114900 987631
348952 344701
457602 371685
215261 133544
501577 858925
129480 863864
342640 77722
250759 684757
211508 979938
903796 84544
154251 14185
540071 558315
955511 132690
80624 255478
382966 105395
123729 288561
449804 84182
390973 274133
183571 708799
978255 530489
19033 886335
440247 431765
759977 148230
525530 218869
828713 341063
920910 319950
286173 556131
594226 299557
446360 578867
426364 95542
636778 76748
68025 864351
401697 822296
784482 253421
513511 502208
765470 419387
61691 737882
370825 597357
874204 633713
204058 225964
433790 440059
332257 850370
579825 344204
227727 995809
937706 672101
221440 72247
554914 749759
628829 230913
368566 794905
618619 196720
513063 506606
813480 573790
348682 733217
98795 672432
208319 604560
899664 415605
336627 366182
668933 590658
713692 598988
975526 981347
132679 954685
238700 34438
234247 898982
652173 470438
544578 9831
163024 589125
682041 364504
304527 586625
248669 787485
784050 648895
393549 450903
135008 668877
808208 114067
693515 952286
405872 54300
282615 589923
685775 394628
943944 597098
540396 671369
329446 658658
631589 130568
543476 445766
401282 523964
561971 150716
367710 969465
831143 419998
755030 600037
111638 482159
121659 510656
607243 422926
18014 944538
773059 184036
936231 427525
904655 384844
880625 173020
299406 906702
894073 240679
663793 727598
785267 644391
131168 124678
705240 11790
406992 794532
667716 350117
729952 304300
749160 495909
546655 250287
571782 605275
228688 658901
816702 541408
215434 819510
833998 564349
143556 302376
796074 328458
801885 559035
530007 684329
308479 95962
294679 568291
121216 828354
448365 243665
125029 607922
946675 845289
333987 559355
444482 625420
789246 48413
908154 221849
266719 803937
73917 434019
407871 239493
481628 820273
895217 981169
104101 861689
562429 515381
744784 769583
358440 598333
707594 471615
508559 42108
743668 461133
892848 469015
954122 370178
178156 625207
952849 849185
966482 432320
241732 457704
530913 185558
784129 988910
137596 820367
828668 240846
539961 621972
729485 330249
476659 145977
859675 274483
387554 374653
72143 204777
606206 353302
74410 81353
73235 611910
31252 459504
245654 59721
386919 98552
987923 789583
912241 839141
929510 107319
599111 760487
494907 702523
98785 597931
22796 92520
515654 123712
375339 830156
286417 201841
191632 361977
242937 561234
169368 672980
332106 602433
832620 680014
986997 988376
574158 845854
132894 610764
704903 636627
767302 567422
13789 118729
158368 102450
32972 597579
217528 887593
590573 993283
645838 858879
593159 63036
585594 858873
552472 465715
688767 73644
938423 331695
828151 689217
592419 324028
593190 520650
95679 248108
349421 622227
512095 540205
668491 443817
296612 655360
238765 525184
438955 4116
118232 650472
720918 983144
708479 432436
436889 249418
908145 90614
162727 480508
165366 22412
454596 38251
409982 617111
592687 543933
990245 321776
583283 679136
952616 696176
247756 976805
163764 138455
303079 944066
957947 426741
63302 79479
979080 588597
176247 12122
1572 22287
490634 714531
980644 513709
609296 295499
655554 426853
766792 457046
324126 32340
4097 539375
436381 500955
572727 847125
996735 737196
811911 137310
148761 948173
109978 93750
74844 376268
771211 424227
157654 321149
83673 385654
754496 501218
790351 494966
612152 214037
300628 769907
634705 196334
780193 661682
472237 292706
893621 737807
804777 954819
946890 242968
268588 881832
630250 26087
568418 158295
751211 203097
425459 22974
778643 150762
804643 110663
645278 309869
563169 346157
225373 550547
622181 42602
397671 496074
93023 695842
471958 585556
11501 193105
222271 885317
768192 416927
918411 734182
82196 628189
624785 894656
974810 437771
808119 38988
583486 286131
949625 195280
899753 847348
534189 378685
314994 279924
894596 167383
431895 890821
273920 26995
432330 902786
579912 674642
962388 738329
306869 907939
507062 952375
509723 96369
434208 220787
235543 170590
174379 933037
221547 856440
581358 163224
186056 729753
565434 31554
275964 549206
654683 49781
346168 192030
903112 449842
156624 882363
346154 233036
24303 396499
38496 111825
485677 438717
35840 56061
254987 152058
324867 247902
832343 397419
342517 9514
282513 236738
146053 864044
206587 843787
565546 202327
239648 115755
18856 190278
339009 382375
234737 160383
81205 15203
693295 486582
319806 927474
62966 403962
375745 690460
467240 239759
826608 836469
683216 588579
281703 584689
399652 147905
88372 726031
798326 61207
8205 282327
143103 902737
210620 924998
99883 863432
595652 313285
193154 779794
567589 496007
146618 233547
29052 606538
426710 585036
447507 513364
556946 95133
522219 528318
319582 363199
601427 421780
222758 244078
804495 866971
303766 153162
36413 8952
642929 944093
182648 727031
967132 608504
780614 38934
321992 766787
473846 13543
36472 563364
593033 677440
204877 212542
190620 388154
367532 621155
756816 169354
769499 326716
569413 622683
881879 668118
68152 601819
455985 920356
965351 190997
924616 562994
89395 484192
576785 46683
255806 334310
333042 637060
837744 746140
337460 514194
866845 292061
127970 383782
888952 188312
392410 596796
888090 841016
94184 400518
964092 748684
184165 659420
730337 782708
615927 276203
619968 860796
112382 199468
828846 443769
270979 345974
675736 197270
181352 584123
39313 844268
117580 498081
123252 25807
65075 398515
371964 69599
954108 249694
308098 757792
229854 756383
70640 813802
459100 384510
326118 387149
763169 145895
828828 374703
385502 804612
967462 727981
613103 406877
532481 614068
174399 210916
39708 954241
319070 742235
849034 1792
139801 455717
654682 280143
47214 856719
388750 16432
849525 388871
555741 263712
406303 762829
623441 70694
609314 799695
890419 480574
987633 876050
819978 727769
919018 818916
300249 729477
688777 11679
359450 3484
620766 320852
132851 246798
129634 818320
618966 836146
106504 603773
762075 7423
254744 621596
95016 310255
777708 775924
30838 113899
718910 683797
674802 884291
831857 869305
203505 172366
552226 837709
729438 176713
307002 506877
744369 60698
433737 430372
368124 599264
579897 142308
468255 209167
745777 56001
359487 787780
545317 630073
510818 81091
398462 449080
361505 47261
560646 819839
124452 274660
650959 213074
86445 836714
588977 795867
454689 186377
480964 739661
583621 382355
23332 844119
784611 815797
316510 366687
699916 284830
49357 3497
61079 629945
522136 82519
276871 320053
989106 355603
399043 566416
526691 726654
26290 927204
304878 174987
13926 792962
47673 354306
980928 631746
832670 772675
592381 418395
997945 144605
509604 179537
683698 413749
745991 86298
550798 55887
580132 448617
246246 233504
461345 28922
656805 766323
906557 435636
966031 435044
910133 357897
55313 128265
845522 914776
248265 612605
949095 240801
242092 58168
54666 85703
314509 339890
9678 799489
836159 313857
366216 187606
303576 849660
911251 824519
356450 665238
400543 509949
167714 165069
815084 286080
586452 22950
970718 373514
9330 239719
211912 472833
521809 22300
535727 54776
15603 48293
416858 268669
140293 868617
547844 233310
38850 318279
265256 441813
699262 529083
557948 419540
395330 938756
926355 450930
456349 749985
993612 613989
561775 272916
555877 507213
323423 219590
425658 91533
730524 908390
644676 998275
438334 556955
302856 956556
481980 349507
52296 330048
298498 68314
564102 327292
590899 471688
772402 5017
854034 111156
545246 538735
290323 722677
155809 117737
686994 989462
110484 267222
233011 796731
520062 254967
441350 423867
706949 761924
123863 189677
547220 414602
953162 523077
954543 974717
29621 430422
368017 857282
200542 472436
818671 91890
869337 296415
663436 163076
298081 224803
286864 131212
98093 995582
602969 357972
170451 108514
990123 689495
698541 398474
658977 846865
647567 738341
664224 91278
978496 768260
242642 927273
435696 742792
974232 921924
821548 128291
566875 378694
715320 268108
610908 314519
495021 751239
81675 473951
396767 155942
668105 698185
744428 856460
500179 687790
92300 249319
418774 786418
18467 656373
81614 326467
657256 260008
945416 509453
899133 391023
199985 892810
442842 938652
65954 610516
639226 576001
579805 374242
450961 482935
772366 616468
872912 176252
923436 998555
42689 718772
893723 323368
306520 941014
731351 913079
68117 838875
446086 911470
435083 811244
815068 204452
115066 822645
32760 949170
10913 738369
470509 94269
244038 879904
46783 505301
747720 925080
294021 349596
88549 799227
772609 158068
551263 302847
563943 572048
876661 275662
603369 748955
439605 844788
362882 903328
458417 245036
354710 799498
19212 161485
580420 50161
709605 456329
794409 182866
343834 241920
62657 420252
355148 542298
800990 375755
46761 185064
736623 183394
627806 12505
590806 514541
996507 376408
592328 700075
298651 147925
854593 16803
359602 39817
254164 976765
479492 270419
444765 602592
323738 742206
888622 931245
691726 61386
83402 489449
199098 468294
327281 583969
39535 859346
59570 240264
29272 686713
553690 620427
486959 538076
3503 626186
978268 929498
84352 122658
773858 762504
928560 54043
132419 480782
502070 436590
867284 247019
784950 155759
290596 113243
881479 687188
829776 22014
408069 943471
111829 50584
665689 644488
346429 673496
201139 477943
557232 516729
440800 939791
613591 254777
259158 666232
27195 97359
194802 367111
811605 800641
410901 625720
457548 861221
924487 666230
95863 651261
591563 738637
481978 16366
146444 456233
1189 422946
197713 603630
919933 670153
518336 723382
396716 124086
21516 91895
984808 570297
461220 888544
340393 461121
842463 559747
115757 79618
330409 855884
572678 196657
147075 824649
65510 700723
355449 128103
342632 247665
180401 765851
654421 310658
644321 414925
725725 611956
806945 445160
474640 779138
407771 95121
358237 846128
703651 821227
707627 487440
540166 650088
83941 273065
462960 753961
870332 276156
451276 777817
654063 598328
304597 28635
194909 464987
847544 724008
93597 108153
367263 542415
598706 810743
911968 369569
939268 36431
590530 399959
714189 397658
43676 600812
649398 519671
364468 734606
923316 999712
450102 462094
947735 979317
264979 966292
649543 737789
686964 23204
676813 949958
8784 346344
3228 157361
117646 528107
444059 489411
841285 75691
166883 839987
918020 815318
175313 291338
279638 354491
819238 526443
539937 874025
386388 228601
108442 579026
668149 687256
619506 175645
838525 960480
566043 731729
87231 934273
890292 897923
553179 109162
285346 603530
673956 533798
647782 581204
140670 149073
385060 299753
963624 837009
70068 19857
372196 231772
708015 497168
502927 784676
113794 936001
34747 509687
399819 14829
68894 934076
574171 796524
45655 317647
890224 67066
975796 417455
205631 538640
664116 498444
675873 935729
881509 433695
519967 876252
728451 792122
449071 528797
555795 960606
34570 418680
89268 246120
14040 968984
278069 933760
627213 761760
270605 348722
958189 702148
220422 255035
108646 138978
272804 154215
351549 621253
882053 731427
913160 292217
480771 965494
320758 337791
591270 687734
192912 419739
905962 403681
863308 533683
165033 16752
550068 646439
364173 556020
412665 525579
819143 193497
115191 101290
708803 255043
493789 910673
607752 229323
736080 615704
461768 679660
829653 953983
259845 387163
969425 624159
972935 770599
504521 757946
155268 341134
192266 723407
841291 865191
639440 275428
341285 879028
949783 114682
89028 541863
422077 361541
72380 626954
149493 749346
319059 42545
966840 389518
974849 573196
311165 785583
726315 399833
464559 110023
296103 445176
129435 531311
847326 350772
288481 164275
51206 113054
99406 494201
905326 892376
59584 606386
240025 376183
166470 115022
130353 750577
542317 208126
553412 821629
842981 372427
48715 338408
558526 453395
462019 884508
682217 303508
477696 866650
793998 34786
268066 936627
489955 42377
688066 784921
621410 991960
816712 496400
628565 470938
907128 142605
978712 523307
575732 475094
705702 133965
48532 482301
602592 320990
379747 259991
56811 384657
942404 162303
833438 786428
369449 985654
696574 857436
523924 388494
955960 693419
898272 908288
783258 268706
284001 759513
315691 191878
10458 987778
159288 628793
700225 594361
870777 217142
692675 118507
680379 679209
482979 33546
14085 397677
366434 517144
175209 279014
696866 509251
412528 297384
815847 369168
652018 195900
132362 65107
792483 137635
230472 363984
929941 2362
674292 545504
553138 124566
727840 32902
695946 671566
849985 253840
374856 417043
540401 728756
220178 699199
981130 99230
640022 89392
420832 107403
714390 527926
386659 343526
243134 7409
880732 996216
786722 887569
257197 300847
272423 100646
724282 804869
885645 574149
301265 905100
211379 4938
43935 326676
943579 326900
47877 515967
402884 549613
927014 674701
421191 71801
826209 629956
96914 406916
63626 241023
700460 40061
112098 569366
313476 264577
521990 558975
60393 239234
305115 80687
312695 195717
59876 160437
244112 643577
569009 847311
240129 945040
889317 269655
36369 952106
858586 572068
412847 202265
204880 501835
646134 417879
313895 684203
80178 421650
456791 471940
317984 115358
466340 594858
965456 930885
647972 14083
868008 865073
510057 676493
57759 931987
727120 673462
415176 959615
672448 276915
92798 490952
157244 16208
852921 999554
555547 679550
851683 665497
254660 335313
146588 200545
333949 820354
409007 569993
227157 537306
506850 978738
596859 82804
582449 956483
699306 783674
464659 544408
701461 72751
533105 113451
10657 48177
937007 99884
991535 93627
155364 692011
679607 22490
465338 824413
722689 92920
72769 797575
490738 325369
955054 138155
809299 622008
881056 299899
817538 811904
489068 338309
731249 165258
627823 945755
900056 454005
319069 125790
394801 212591
400046 405309
684674 762815
576104 73948
542359 573636
508770 480784
586148 147852
489915 471879
929327 79531
454399 93273
301649 474656
168590 464686
620704 52801
637242 860540
355539 344047
141543 213556
593007 423370
843429 966990
971900 522635
759402 607409
916702 770793
173238 877560
877015 531540
436875 797617
28699 900454
725518 149010
653164 616411
133133 864115
636415 632852
154745 986650
453980 847576
106931 350281
372433 556092
943625 475714
958109 645800
207451 244672
928368 491087
493787 42067
441911 948380
484767 975914
441985 274082
355633 884579
698921 364297
748366 505921
567475 174098
901499 218664
925602 483917
579615 909750
489611 393217
266199 601656
110717 812880
894501 386005
431431 812644
599573 996529
701610 835571
56596 977287
998041 544229
559436 723688
925187 163486
312832 837213
127823 678653
808094 679291
742414 342404
566198 728516
253326 774437
88346 206888
17508 53043
483568 640108
566854 302051
993415 82489
854468 716059
122934 764112
555301 106287
334824 696036
374728 17808
323284 25556
381129 503545
811490 37216
417847 893863
984942 184918
586430 287018
205261 60026
213974 844173
523486 179274
442174 126501
483969 598789
244103 582458
488487 72568
617113 146526
444236 795297
86330 984946
477986 50398
874152 898963
3594 236930
469637 801495
689715 919731
731191 807317
663180 308469
74496 896004
599303 993427
47872 586479
370585 413648
567085 548252
337735 483446
899549 781380
125727 274181
111794 806418
166857 730804
228467 187621
127047 213106
937412 600519
990967 836994
9889 920827
387017 271412
525141 334743
459674 696986
982236 358026
326822 821486
364362 373131
693559 252876
512615 795605
815401 207364
173488 585826
204135 703192
588306 319271
501953 809878
96932 599770
403201 764335
649912 320136
82082 922875
350754 998540
947972 203249
530837 668000
972683 987092
131737 50698
152283 339225
879792 467174
521345 160626
570987 433565
412762 173085
382524 591699
937940 310554
533463 33040
146136 591196
685689 828686
456069 199696
266476 150094
638222 647207
648765 753264
151158 566869
801595 90686
495942 308275
35136 938385
937627 337135
590048 433327
431901 740029
904740 488388
586799 503187
839459 725816
532918 606258
3997 864941
354759 117295
360259 150291
479794 147441
734391 915715
981791 8111
158344 167896
16007 415683
382500 179764
560489 478773
87652 371733
86077 339449
249787 24249
573746 601461
645891 212468
937565 202833
834187 475976
275094 617398
687281 980650
939102 159250
808839 773673
202653 109131
501827 895760
619882 213277
817498 47356
221391 460565
498448 635323
123760 560338
716970 969669
361460 722151
900402 668642
761153 211842
641099 815286
215028 436317
254126 508603
347840 902579
708984 844753
288950 154536
186191 773128
731319 689345
52486 803107
682264 93707
188405 160149
760860 909398
554519 490204
282833 938135
747785 364685
246529 848100
908834 776968
387991 977889
572407 854591
525690 739556
557061 350418
264939 928781
547869 962256
338340 174300
372948 398981
490521 521725
576328 191185
291414 278011
406616 593069
66936 953323
615657 375830
566540 868035
379787 92314
717400 315241
155719 944314
142363 312457
18558 943190
306808 585756
456779 741641
546444 118435
4709 393554
617869 333840
340360 992846
253963 16054
362407 852312
672500 152503
678977 217577
7915 85140
864253 780405
709360 933880
192873 115111
333415 115901
228757 244917
787506 582411
631907 315828
782056 489830
524006 154445
256392 308217
85447 925738
296390 9031
600132 270155
872021 730954
202821 670382
130161 550874
998477 482950
50765 623378
312057 500946
917966 183951
765266 968483
788717 743085
704726 738223
526951 77716
559793 527666
994063 170723
732283 202458
328268 533514
944940 440776
810156 439855
832960 687655
607029 423118
473369 173874
632963 643183
611539 454617
909799 630315
733783 62290
715755 523370
143390 288375
93490 111205
336499 198606
558392 632285
488356 389452
756185 587860
333113 585166
982815 5401
665263 36097
62494 795932
77830 115255
897656 690195
531039 150140
505590 697888
60843 431157
758417 209132
885516 257495
752176 462032
757650 74149
135945 646124
708432 301946
78828 564714
572226 180503
985557 246636
80048 19560
179024 633750
225155 309259
961678 850858
871515 782198
20280 811427
264870 834895
86266 257572
932718 446813
500532 556758
164328 527052
592311 728446
444461 59488
343759 447461
831063 318235
610303 514086
197169 502696
881784 55173
222593 488327
116658 599864
848810 739168
563790 224700
684850 794264
728894 113565
719219 839728
403247 902688
119433 61519
125360 490771
438604 198428
636915 760818
482109 569875
976964 242258
627432 794962
127062 737320
621392 237077
128497 922786
430939 87902
139707 87813
537053 132422
82594 532077
738715 294798
860138 298244
472661 182573
827635 808192
956951 234612
455675 633251
557786 168461
768915 750707
26484 964316
55099 633172
180963 46377
169824 49800
46835 928709
52894 867352
986785 365584
205223 871593
259953 633024
194277 405939
265194 612357
287298 510952
636951 616380
806166 58569
264034 732655
631162 811747
447436 833703
625989 161897
992392 380611
896730 327406
940226 149622
155374 150271
566792 682832
135191 123498
639427 542031
569080 157900
49043 341340
134283 616427
318844 435036
210400 657039
136185 5802
912333 220200
727622 631478
27066 783099
851775 801958
902561 281630
96630 648884
384818 939968
61532 412396
41928 682423
668610 868289
109689 885005
71104 584062
608405 313696
968113 930986
488388 467206
850286 379491
824004 770067
148002 181469
595864 97337
157812 810700
948094 55781
314120 836828
71699 540799
483146 102817
650073 46038
554682 855677
416286 42395
125611 214220
982213 751444
344021 961067
821330 707339
879807 257315
452506 252005
245715 810361
382469 338745
21492 691952
883668 619673
832562 660833
866812 733235
578144 500566
663577 251333
346131 301403
187981 563450
203173 770212
58296 402083
42831 94228
741288 210910
315735 216257
732978 777523
316638 1183
213879 20991
607834 6642
880538 176877
332118 356632
243567 807189
975649 7658
278930 48600
84747 590919
837994 621715
232139 806962
866845 679661
441726 786997
151706 348148
282429 646233
769660 749896
144643 826467
484763 958203
534429 946299
806086 671758
69486 608109
484304 923111
665303 345717
686707 260692
278290 768824
904432 478734
875292 958785
666178 897025
290343 52728
390356 889735
224812 974539
435766 954913
587673 314085
198389 371343
224647 143800
431826 816640
683233 930581
698010 945342
121202 568032
535420 488939
802227 290072
308946 248730
826421 379647
981454 435473
672174 855656
597273 937496
126851 132012
219142 229740
991091 362458
707668 929535
283573 886973
562028 112910
872571 748787
384193 200239
453602 72839
494467 691525
77452 334699
741588 240748
992356 901418
14769 793330
997919 226808
847039 694919
934073 708910
605907 765980
972199 447093
930958 355105
500542 293623
609092 984163
665932 168007
928977 460530
525621 228081
322803 137510
603376 350074
946326 85353
594496 525428
449219 587329
145824 930416
43094 839520
657651 906986
268793 830088
859617 775257
457639 440352
181844 164509
320056 810262
880836 515056
844715 795494
520243 660464
768705 432691
363262 543923
357910 556104
26570 869965
638403 880930
364182 451277
364366 72557
574875 383284
60620 514493
372860 346798
675233 480400
46258 314501
85394 942522
997748 141450
562255 503837
67908 620597
564347 529562
631547 405646
138126 327985
593867 127577
203747 270326
552468 553481
227627 630823
700373 882428
153561 205224
541750 992470
282128 14836
276240 910687
837408 191933
101652 120736
296105 385845
428898 163078
750638 963534
728936 407282
300490 815772
265938 551218
816747 67511
515566 293674
993240 613419
204877 338671
758923 349597
946437 792958
861883 448242
439176 76928
321519 54324
921837 452731
848690 675382
821259 659522
256420 38067
817244 943116
493618 586443
293201 991441
787232 791133
247015 757225
387049 650140
496981 77041
825490 533908
399412 635304
799285 929380
630095 490224
409413 929870
235898 970943
268009 712431
746869 662503
165661 431887
640874 648005
14305 923089
127116 186275
642415 485313
491973 441249
650372 335280
140277 842325
129855 161617
569679 660516
287629 931337
743539 688427
112949 769394
981601 235348
999202 709829
575013 465849
780592 706612
611424 367942
658359 86248
763567 379029
597476 753104
418840 905194
705465 266374
51521 77159
7138 972389
649490 714570
68269 221588
62681 416992
133300 227417
502839 564914
487765 105847
917291 437333
160158 959246
6723 479653
761644 688795
10576 645953
130444 320194
642640 302519
96069 8026
471619 803428
101211 491222
949516 505279
841731 229605
230786 831237
36341 151317
64160 563788
50071 12262
348463 32009
259515 890724
83913 616809
184032 96467
348261 461796
851853 834029
818399 987669
631724 329344
881118 975578
316505 259429
659347 639299
595923 400292
223617 931301
353189 628523
17625 352903
288911 154307
345278 865144
154357 668151
138366 919499
240719 166016
905658 529030
962062 675119
263251 908463
473796 860050
169126 231118
951591 514323
602119 294344
146829 247784
358381 410422
369802 505578
819808 256285
546030 680115
222456 590325
535404 738358
580694 744799
313679 217005
734872 439477
16919 347770
795311 626027
402772 638687
933670 281215
352884 456296
273015 927009
625027 125064
274726 847170
997741 311243
458689 771718
173964 597273
221420 72973
327038 965080
778532 792378
789719 958444
246156 676499
67780 578973
718440 640921
545712 678444
19397 846518
233534 95609
445416 850826
451753 326119
276380 231377
941174 245002
54611 150857
120632 543305
954727 190586
590106 149733
79212 884083
231148 545498
970720 111389
73770 388099
491894 914127
561043 460428
78274 994112
955210 564873
695272 430774
684173 675002
85648 237971
932487 783293
626739 315290
602123 456588
569883 410000
748633 515239
739878 304157
118472 239238
5311 876599
19603 384071
243854 966310
804111 471937
320952 116503
293536 866207
529015 405381
445669 560766
158482 235628
674049 322012
597358 303635
682177 780226
445848 397268
672212 620181
563621 424590
87591 924138
322936 361703
657347 288841
397207 798461
661969 141976
941720 166565
127059 894565
206948 60019
535743 574822
201553 725014
284863 158304
538867 261855
393626 177694
639175 224413
951885 677226
224867 445620
320581 251479
236977 866147
862603 121595
641320 88914
721828 271425
327937 791326
502351 933517
954342 462938
676021 226544
10399 566761
759829 540931
449182 565201
898343 818608
477963 96489
140830 204371
545586 24027
514023 475017
404620 728959
893824 18127
173152 212584
918613 491002
163726 765132
357110 697380
882029 99471
549047 329697
392298 856374
887968 240348
927101 493574
51623 53798
768389 689350
86327 694476
859622 278682
718027 424773
16168 261948
455303 632681
684535 750569
488314 109444
649498 537684
7677 473528
889615 214915
846667 105849
530338 340838
82375 586178
326064 675599
409347 579612
778699 507826
123793 665090
451143 648463
785775 297068
29932 262449
131616 169974
470692 87019
300843 227918
159854 479545
314790 824055
905829 557751
269728 2309
734774 696698
200081 100778
189798 672011
753632 140783
327139 666959
628842 106272
630185 97193
892328 244458
610275 403849
42101 900429
890772 35359
378752 702388
999220 67191
544184 99577
980868 494803
928894 209405
907780 775718
877544 960302
938004 996124
163543 542170
632467 14243
620177 879975
372528 194831
963239 655880
951257 93388
219621 811656
563906 328359
747914 880115
82172 627931
53225 4406
241825 476453
999719 292894
420192 762153
891359 464814
656009 683690
793699 317494
469105 86011
275509 944772
601367 203800
31043 745171
329405 487225
971983 205912
968646 186073
353732 850417
752389 376988
158246 957834
613052 463541
340204 396748
962114 741686
144517 129029
537342 356323
483303 143502
387355 199440
478290 336549
728561 290994
178798 323033
793113 243022
410573 628784
761770 380591
718062 832500
860919 817837
260689 472113
336891 715927
763218 711131
105705 345984
485695 456195
573207 947722
139266 367155
134564 711191
789751 629663
586534 33145
264964 782732
828316 936151
22133 459243
11950 548916
874722 360891
288345 359422
276882 406489
873598 195236
79115 127175
179689 891712
235925 420360
543925 177769
159454 578798
20189 487678
417121 319984
563403 213198
946474 61401
974201 666250
718675 13881
645622 879346
196322 711134
562037 93169
485176 479604
139771 434800
175403 151118
662430 915527
943562 456376
18884 898799
457483 6421
889033 21064
531616 717725
873479 587852
721953 430477
834726 120878
599768 375676
116976 291817
898986 221275
465901 675208
155918 145821
581685 188852
935203 235254
153324 137140
59912 689501
275910 782643
582503 404668
289380 455410
187786 630487
672480 899564
207060 494241
176390 635274
13 211876
900518 652438
895428 686365
321042 720724
413992 552164
512605 14865
100779 827665
162727 712167
271942 250886
68309 540722
360281 285638
15296 369943
170250 698871
142259 540806
544335 305170
293815 729112
255642 572820
496625 490770
932238 240062
903796 241339
189242 397488
420393 729984
475769 925245
565125 694605
505376 483825
981283 971082
979697 680681
586490 507392
603038 920495
233749 152050
965341 313887
188711 53081
879260 389884
451085 332773
832230 280955
753529 159152
514222 289371
109743 728857
725936 685901
810890 274996
148936 720018
748796 65872
624814 111667
498177 5138
755056 241884
123217 22637
526184 225480
109847 852977
486495 148287
674331 397598
204636 360924
842029 857080
653552 212745
91730 12461
749693 8856
457237 577784
310832 178391
308155 448824
979500 798336
335254 911231
223983 374477
956369 882519
666895 484826
39320 986587
547385 853462
445287 620444
182284 584883
880731 429465
145951 811647
181931 195513
522523 271468
172125 512700
891529 382836
586420 191511
741454 204436
232807 248740
370360 419172
142486 413402
324515 124849
756237 216456
79372 888740
810888 88282
776877 133411
902639 621618
537510 939850
492284 143806
388635 340403
239790 202415
627666 560314
438337 236056
915515 715407
55191 187306
514734 616627
966739 398573
126249 590436
821995 862842
566155 263445
336507 968508
374577 965815
103312 986495
365695 436478
975386 600449
199236 450524
136652 881319
869368 835783
316905 198732
835263 16360
679601 147488
660463 779993
398046 365423
950299 631246
645496 958462
408344 549386
169232 710655
515002 712067
901907 900898
64445 385843
931019 232104
492627 769039
351575 314918
637268 679033
271689 517816
636769 77461
108646 325762
766694 126174
225058 484306
725066 509225
933742 476663
492434 266888
671738 699932
724923 203411
710570 16238
520692 184708
59708 389303
218435 196392
814207 843797
496815 312426
652535 101268
984956 189057
321107 264589
802410 316059
858523 755524
708645 455004
561889 918699
491667 752735
542108 123243
738671 601559
810631 423180
106474 843057
409533 802177
528281 133393
582032 938627
784046 539863
577365 207097
440381 281293
25636 345302
780077 213621
841133 893024
422852 189221
935993 747191
769781 814656
474018 422001
62787 237090
619951 967726
943207 53044
489237 666857
544332 176190
183053 287821
737090 937247
544564 856340
195720 320357
319902 910819
290162 351815
511982 746221
423293 312812
385582 282567
217910 393192
981990 264454
463296 747763
16260 855315
161825 44113
901003 400900
390685 842823
953899 611079
774892 722676
779590 676143
545589 981556
864239 138926
458548 501412
435938 406122
296500 550477
675996 735346
636977 397618
764722 443287
90145 620628
678059 143021
648444 953930
363078 188163
179034 567413
24963 83708
975523 228736
464013 468012
64911 482801
10287 309632
119663 673194
435997 762966
460611 906339
84946 817450
504069 988284
162256 761032
327870 441988
992956 376466
303685 718378
228514 387333
833111 844001
202424 503572
313849 644114
166588 746903
256040 950164
929379 686528
311447 819449
815267 994729
844407 316933
931153 109497
287011 344565
826147 468059
571863 222471
425611 838786
753965 734443
607090 583811
16050 570536
991375 782500
489320 941298
249657 734309
146516 647486
339542 711556
257070 812265
76350 878412
692811 646109
396349 706354
437832 292646
424684 300501
601911 764127
757035 446477
252025 976305
885946 423403
519870 754560
262953 932090
100900 757729
501383 926936
669278 23572
640998 692570
74543 560428
381753 592552
281931 184579
44528 905720
667527 2767
154452 275777
595382 151087
237876 78192
305043 505529
757663 600734
208305 737241
85880 545354
693328 182051
970503 26299
835493 207021
847335 482330
727512 504780
938238 421499
136207 522837
278474 762871
366767 906886
116438 352557
490646 474372
115173 56217
402246 136288
644655 415970
69019 860
921361 741842
434592 430484
646852 128641
992326 469948
833298 566343
419466 978714
407516 234452
618327 621070
619765 694520
612839 762340
286756 293687
738452 325560
399098 133513
276392 886365
545219 320977
120983 969460
356937 187560
782765 118551
756846 421253
347565 400070
743327 241511
217636 851924
42659 941599
220491 563623
684721 92497
495271 921199
879540 317489
387641 219497
696652 145159
125258 229261
447554 850936
890740 77561
152953 814440
513783 647826
186370 831775
678238 898486
874235 402846
945808 37319
941532 941322
653202 25719
934333 898212
872273 368304
284994 241782
904458 197746
225005 929994
500307 197821
144376 203032
427843 670295
343755 982265
598760 669574
143747 398916
704536 586020
228215 986618
404768 289989
10605 903998
621697 889163
803811 959483
808517 498909
166077 54173
432727 925563
552140 655756
855104 685040
416228 733024
387084 930291
334691 778136
103392 427965
89498 889138
282801 463537
426076 917313
582871 376836
386132 432348
543895 675183
611685 985551
869490 904818
326148 776815
545805 278427
36345 219992
920247 606490
322341 737907
50754 91174
817444 385146
524634 856845
266706 818229
73249 891583
658716 71784
393656 735970
913091 213341
417473 921958
861893 229752
584747 33127
972629 876720
618797 809249
178949 344006
873647 625860
278488 800694
690126 86308
660961 761602
829801 530439
49483 243613
675327 457279
996236 113525
88243 491777
579052 847771
735318 812965
971574 426688
894426 874293
499462 163662
907257 622320
718659 667087
331706 624074
620328 353482
406817 629091
835163 776025
783181 692267
322583 829101
223715 31691
508531 173721
376352 291724
505315 232758
813651 642961
72311 521160
324794 762861
203569 930676
323717 498161
175998 848508
238245 956725
198482 632743
733512 994134
212044 804277
314164 411598
539298 315817
950325 39863
867243 351120
18131 865812
266619 273766
231905 217079
264585 588578
544895 46606
57630 349636
810023 49353
70611 994405
110643 565737
708650 419353
345720 998506
8732 443338
984234 579000
225171 385391
708146 793901
60605 76051
297086 986932
694251 904472
166347 200361
163225 115737
97571 337819
202204 774419
67173 539738
29005 214577
806843 458560
427739 615220
594824 574359
225008 366798
229304 964390
935887 205375
22023 337687
975290 177509
578273 800617
376959 465478
849094 664509
810157 163224
172347 255169
639566 10652
222719 428739
439177 994524
989866 685903
459568 877335
591495 660788
581028 385255
44131 405292
575278 220408
912136 529511
779262 846109
685469 972904
453323 708737
164809 343305
995977 682453
429149 884456
939577 688417
869838 608944
613165 76914
307866 129907
56733 174046
103700 886551
564490 164122
838023 935543
872699 547614
191377 671458
856205 378278
656957 359543
352780 668011
658080 842779
793647 218637
346038 174876
489857 501945
526694 494598
944653 124807
371199 242910
703658 397322
987595 754184
274661 610182
460234 404415
822330 243270
955348 731816
160216 388303
821311 999552
159450 65209
381792 861018
179225 309590
596088 580482
908252 597596
462120 608486
576799 587234
17796 670867
447595 42074
388556 610487
399085 844176
458686 56986
378824 834433
850724 238636
224810 390534
740189 153141
874175 531569
72329 437803
796499 334613
777585 482053
319642 119808
690142 782230
836886 495114
148158 587712
696325 721333
649278 467023
554084 842023
48052 162807
544392 920214
384530 82325
816767 495419
57790 999523
320525 698564
330107 495299
163561 999243
79954 91605
127912 455152
730093 756341
868421 961181
290790 73597
541820 331074
136622 635509
78088 737186
125510 453310
981429 212096
80581 77756
782517 439974
338562 211831
31960 894418
425924 743390
81278 553456
928939 388088
550584 156060
273338 822006
668779 842067
853534 486011
79673 921353
669488 480572
519296 308065
623905 348240
181142 368066
545452 103706
733458 928761
556308 812632
280774 694505
754507 131009
833106 360551
56134 795134
922350 162795
121833 370047
113529 270015
933019 457827
469921 404356
592292 138898
877780 210001
558397 202361
70663 550438
51866 576994
15898 942955
465034 64129
541667 588422
579101 684076
344250 229260
28084 571769
761529 717434
730331 924163
131742 786282
190661 977260
196655 653391
178519 845834
845594 542376
979218 549498
855942 916140
255767 281993
988958 137882
51608 368094
93160 722367
343930 286420
370501 287408
687521 875616
66617 109274
488586 145390
306432 26775
940655 822643
11054 878121
443509 44568
637031 926079
238084 134453
704599 86080
468606 696924
357251 531702
442856 86054
213766 420880
535199 156280
628600 229510
295808 737798
762916 649303
737346 596680
188218 169216
814687 950160
123799 351007
495579 135364
24343 906342
871648 323052
841731 162507
812957 95248
396763 207723
351734 467953
862791 999011
693242 214800
694288 299814
277917 472665
145625 205936
807861 345941
989334 640403
443342 314911
156959 868425
110663 6584
778156 474570
53558 155453
489662 394907
117514 727579
954099 201837
606250 349493
933166 959215
548432 961779
55558 583616
545582 246542
619106 311383
70569 320301
622454 4804
568528 328421
497634 444214
416299 684294
169166 127614
331175 660554
141174 23411
44743 581681
824668 104937
281860 403729
375159 385506
981335 296049
908918 664606
997323 271438
16012 854935
923893 432185
552720 629156
633910 902637
588951 837983
591562 168368
564152 218960
40042 578740
883893 284810
179283 41422
916256 211468
975664 294894
467791 574780
266394 765924
591589 644933
513348 384674
239261 722742
786216 28957
787728 132277
826097 664641
817497 353029
89932 529849
895698 584614
927943 19636
373425 609970
190765 665980
848291 935705
757870 656291
296905 438796
902399 481284
828835 351837
694275 249079
214090 538726
323096 576867
34009 558478
680843 812045
202934 875773
905362 439344
850810 193302
130140 551073
763314 194633
229095 714052
240579 406678
142743 242118
432694 439477
143725 923862
73605 513162
883057 836190
740982 745988
563045 205806
212128 323843
627928 534844
468400 720546
867760 535447
617407 569953
45113 920134
896884 822115
372312 38298
505434 887265
474544 799665
130380 135821
99238 457817
123904 790868
592167 103997
524137 789761
805800 606379
658881 983560
685535 809880
608020 333914
161940 594553
977858 444986
250195 582925
170370 795217
886126 464266
433688 853998
642747 955388
410185 571433
340217 360857
73571 223077
95570 250283
189517 679206
452086 625987
747719 798601
571159 776226
461322 846102
179366 471888
709270 543684
179100 361138
342087 237432
136786 303607
683913 139320
836085 269685
751763 596052
764246 896459
209733 443075
92608 68357
534242 280594
49809 60508
370461 834202
831487 528281
105205 718268
994038 585540
989 604370
904579 3252
162261 69960
499763 210984
66916 790758
285044 100306
800342 922020
899462 265282
484522 403271
355573 67908
295546 710826
556932 822903
729825 8144
770559 660967
709344 776087
726181 818002
736211 310905
22167 895485
573695 754318
138522 750004
1603 781136
611695 61853
650148 577278
21192 221218
373206 980825
1460 235096
859531 920926
462910 174582
567450 167724
690927 275159
107551 281062
884642 687863
596369 741220
693289 168290
991381 567805
160680 854757
333556 750084
977507 117095
887563 652587
820238 872519
424090 214507
367674 297939
154870 274632
983388 665624
348292 322073
165856 186049
515464 941520
101351 150402
138205 789133
369066 626362
112623 18973
272011 659632
702257 497299
584781 891507
780976 379397
840359 509161
573723 371518
864721 974380
27172 467054
908969 751798
697309 6340
244419 907679
983642 738658
90307 471615
526640 621558
83229 744452
199850 537416
890231 917248
193460 425557
26047 661731
97535 884243
674276 415306
371989 54551
95491 507512
218392 87308
493485 583718
664630 593117
960298 299410
376770 419009
728173 294298
199185 313815
959579 324849
383170 43787
525150 538271
609167 612313
672795 482835
595611 344469
948549 963167
176685 685607
495834 998011
695763 183531
189619 291738
807087 904494
395763 490597
414028 571110
362559 770406
152222 949444
740266 95311
16956 136438
341081 832588
559509 243090
634079 148931
587236 810060
505027 256376
227443 441872
417642 589713
98991 665900
147744 156158
225000 177006
857562 537076
852424 501942
278351 610108
800821 318099
229358 727435
214659 645357
47675 302148
323220 171553
79791 997024
990139 420548
385533 227188
389640 314369
329865 309766
476331 846359
114183 975121
843642 376647
907781 479559
198743 811257
222290 19437
19995 428290
286253 516609
257328 604846
812443 592416
99855 623995
174783 71162
770322 384270
932526 682687
885637 903365
868822 330415
670231 451966
746914 144408
377249 966387
884495 366139
60776 113432
966681 25799
616029 667360
972729 407568
468598 826687
630465 303403
902816 444304
878465 892176
497961 922469
26008 500866
93184 854396
207375 69799
486689 242036
401670 203322
766315 430770
763102 31911
555792 142968
302745 507798
842105 233123
587847 676474
419194 559633
481205 15488
533484 38837
744925 561915
641406 454810
337139 814071
885667 964555
427689 61188
886440 5883
940259 939337
380827 685461
765531 173545
367002 183206
435530 271885
696674 239556
89736 49517
743758 712885
726968 846959
603617 230057
495056 936374
913680 162181
91755 413608
833203 263616
365498 552062
853127 692508
737624 389566
832726 251819
710007 570354
66073 298083
972869 516127
483976 884194
234315 395274
186295 301982
134113 426296
382247 237988
410809 449079
153219 89158
475139 761774
969168 672562
813973 548299
314094 772113
746578 36832
122024 717951
483130 364321
644364 641571
708687 414156
99899 518227
864178 269193
448805 226391
885736 843562
438445 625326
35813 971698
668998 560679
780828 290429
179168 907624
361085 207395
292342 767806
211225 670595
15752 892150
711935 68142
918166 618091
381655 103708
468669 27604
675413 292759
464213 463234
778969 716470
375013 542553
118565 174286
220581 535376
581675 646037
966671 434144
661846 845180
48043 652132
300806 996460
761948 899228
965589 500604
340976 593897
439184 972782
369632 973939
192647 532108
558812 952373
902765 12356
970395 576374
273255 940214
422571 417707
723472 364774
891257 961861
125461 36125
497105 313085
335876 90328
284809 87935
829627 921735
996547 432770
220754 391669
87296 252568
475273 375395
751550 737109
908483 941884
542349 184368
57709 9206
715379 101479
307694 628057
767120 272517
398204 906562
162830 434721
29115 548264
931891 825529
589650 113744
563611 768085
406624 85813
731574 867082
808130 89616
432769 713711
425514 37326
424859 873924
110572 666555
946092 780518
558410 472940
784777 239758
626712 964407
641673 209246
254995 385902
786489 973162
292350 740772
538321 638872
509208 506738
883099 947942
29139 690484
476512 329645
695604 349458
514478 485986
695306 9925
502656 929775
285817 56039
557434 931541
160352 640818
256757 435059
741671 472345
592009 120869
195424 406317
770393 728366
477394 905480
154926 713680
357801 107546
24399 552295
885419 170987
889602 562918
545096 247720
523729 307250
720835 509427
561539 112414
397585 6797
271868 820384
242463 547593
583725 707645
276507 4830
367046 130473
395420 12968
147731 593088
625995 873338
934995 782826
533949 217699
484432 99077
345532 348054
590775 598804
900942 386134
710383 308229
694166 570216
604568 109931
572859 465064
277649 574793
996450 564743
482944 437588
720353 976478
706254 73793
338990 103222
312375 889447
3832 754473
689541 305978
565600 782283
637960 164267
125186 269667
699424 790800
445096 855044
946835 274708
245564 34756
366742 626602
304545 75758
509725 797989
367529 430396
100415 873978
920833 155865
622082 367748
523306 631488
288528 315240
711132 498881
263329 606739
260969 766073
370742 728243
422041 551301
940566 437846
264495 433913
587503 993307
557253 641088
44657 302911
833141 439979
13491 840975
659479 400324
437244 178971
783929 993511
603516 694987
540891 318456
536604 270365
714457 145178
617396 584175
922614 25052
87671 719254
528631 864367
508619 796323
626321 460021
962291 308273
704066 387203
891945 89677
459620 93484
100914 929978
55926 335763
139319 92741
816200 908266
637043 560592
540264 509305
459320 702256
42791 217707
475802 340662
703152 586957
409203 405542
544245 862032
432707 724442
340212 339548
977583 745949
721735 846411
381296 916718
344104 57915
854760 647603
672816 829693
305407 282893
430025 57174
713239 884489
217727 809641
128152 864347
411081 12516
775006 767197
477636 30181
96547 480690
73211 843311
566268 281375
126382 600874
528818 20985
763591 91615
517627 2123
761095 321684
450340 308290
211430 777270
55223 809685
869461 468556
730715 171562
596555 576455
888650 542002
442036 527583
280350 406670
5539 561314
505361 950367
899804 598351
415801 468362
181591 704849
334776 771508
890539 926048
77156 277750
451694 976218
243219 542481
262377 34255
733627 351378
124125 368218
339165 518403
347307 31574
847635 659626
618465 61069
858219 325840
681566 562467
832691 145920
570806 140988
366893 624976
669393 547271
776474 685418
716832 18875
449726 906808
45041 640808
683776 187606
460194 64629
402843 781790
838650 181041
826230 764006
710533 549280
371410 604651
119883 410737
285067 911306
793279 50888
421101 49230
12094 519568
441868 588516
771182 903587
817249 950486
719496 380276
516125 601838
580144 402862
529757 699082
166187 396250
643816 852849
909136 766503
710849 618942
604229 428368
968696 415377
59987 496045
206975 25466
960267 23084
152010 744471
55865 386701
13612 266501
938071 604539
728682 179431
938641 335058
742564 302372
82939 488911
745609 990128
274227 6403
469892 538960
43803 703688
550010 758759
776338 526295
28331 811171
546083 189375
14507 753503
661515 166749
566250 567442
492838 396800
954494 559156
320410 800120
11295 816542
48139 919901
145538 531773
512949 606441
294557 678827
715378 920257
142362 127217
388404 812079
511777 766852
631328 98711
500370 465098
690845 841295
763809 565509
568383 374199
948011 692590
758957 615959
430892 623971
842084 386515
713758 934267
372131 603
230465 897384
77564 767204
700315 740136
70714 284984
612788 112172
470806 523919
665765 48002
289043 854677
261012 633307
903712 39111
650747 3406
929433 180982
861088 775335
20219 410331
856822 898726
105660 108270
692417 850399
270792 857809
499497 821806
445823 546742
245660 591768
62492 238845
143654 740079
357136 878803
41579 453350
656010 70370
676004 330996
238300 459419
317309 819380
280339 700621
544318 822923
586367 832010
397578 981593
924746 447700
202976 254815
998929 132656
175475 816150
170999 16829
958928 280763
989403 60610
860829 993865
913106 806777
449456 988354
412163 308486
151509 773450
796700 999992
224160 881179
21280 223030
850890 508373
526105 858224
753007 523488
674082 192003
706099 341902
772243 650312
497187 184066
503167 547017
121613 300687
100010 373790
17311 971922
462131 707184
497137 459384
770191 511299
880210 473649
48090 142627
719786 340932
395766 173216
820095 535092
966906 864011
498409 577687
874780 695609
105017 183307
400004 454994
812262 250322
60546 254318
720214 771129
876850 921499
427386 590581
591504 273245
657600 613482
540376 890315
493097 327945
629273 987336
471247 804982
674487 767179
442077 397011
865325 796739
551112 481566
683223 776897
395187 556507
431989 225988
570191 441076
12976 228975
304563 6287
276036 670967
401851 724487
221262 45293
237031 858550
981402 688138
584472 784323
98669 606068
137519 623815
619107 502889
340237 801527
323055 386583
364004 717761
665992 780260
838569 361905
738448 792943
413927 699081
675424 930763
256634 997425
462279 220321
395591 792396
865281 395314
378707 903999
840174 12089
93702 523667
728534 337725
393258 824285
807694 970377
87064 675824
554352 916041
430384 12151
91184 358635
578565 57035
960340 611978
484793 311114
30885 714920
213314 643775
223470 425
648872 457721
813384 779977
494188 902307
743207 786793
214261 714051
500930 566623
396088 720943
690668 971486
119123 153177
849600 268062
688704 881855
379471 989738
326848 382526
999881 735399
921251 487214
182326 430668
41345 525207
397059 505929
334806 964199
981756 882237
905045 978900
874002 126456
504885 248992
675446 240986
922930 426438
578132 482148
144718 53755
799196 987019
95628 669056
899769 218719
11654 564707
209886 764036
499437 765586
521245 529620
146960 896716
959213 858450
632019 460037
657089 896852
594009 219109
105190 479195
815745 763579
944320 68006
214471 244468
12075 133938
213909 582338
579248 673983
199041 625516
655299 372904
465246 152487
814799 223122
168723 838461
302828 523839
983122 27883
204023 252013
439202 795533
422978 376395
186553 807475
287073 7212
858319 790214
545823 778698
745901 903091
56892 823636
35147 305904
982622 450808
809505 562848
94873 551814
177621 488075
206615 410523
530981 104218
960379 391509
814902 287861
624249 463466
178620 153263
641652 78444
158896 813662
738318 19263
563537 969104
553309 756890
903808 747422
656570 225337
899996 402834
507146 322859
383101 79778
337137 273941
943595 85371
167684 196417
691704 607254
333893 160785
860165 572192
6856 240258
842928 986548
462508 508042
620533 889738
495254 903301
549430 461255
394982 320632
126717 184950
497198 148599
409205 164476
946120 736031
516804 520037
461671 86490
460488 350466
651878 222807
22299 997571
526023 17055
224593 280097
423767 948460
754016 508222
540763 960171
890511 969411
15063 870731
288349 285458
635766 34827
948316 338003
546503 169756
333487 9698
482779 304344
3074 394831
387378 248188
397295 152295
362785 934466
654945 487399
193857 376041
952774 18241
724596 634105
468121 435003
223117 645593
223510 710137
534566 631993
478930 645991
549089 974759
188912 780509
598303 794455
705301 333703
181387 337553
375825 965621
482665 905230
572165 38931
212810 433748
416827 498412
811197 697340
553651 888019
427875 21335
123245 205114
634896 70282
159556 535232
271816 654876
797477 943540
853069 373123
170649 276611
118489 686894
720762 13925
492054 773574
133849 368281
251849 332009
467355 743930
427543 596405
60901 482805
940425 530200
10334 271512
502797 501502
513845 757281
535500 674310
260977 48580
481640 582862
392205 152308
287838 9547
670512 425597
186669 209714
538167 165815
541837 544823
538099 824517
447571 419809
517852 427211
915199 913482
207339 155476
771693 679248
946796 847146
46730 457235
238647 525001
105821 844093
86658 319872
70920 336673
753421 996669
207867 422721
945700 985185
374226 282114
480958 402018
57030 197838
295846 420162
337626 840838
904793 807709
790600 416637
648214 554386
140829 427883
22489 797752
117980 326858
707391 303715
233903 819918
329948 364363
498663 649097
358035 60089
594171 672128
622464 942069
74959 423710
649900 610759
191964 186499
378995 567915
943746 806494
474178 988510
171145 971171
751231 370534
565058 137331
192437 936841
804530 852560
418268 411776
400390 21232
613769 303653
317644 635562
451205 616133
498219 933801
162753 827616
117362 228698
22145 181829
188885 786020
482204 742101
325057 777421
340499 911346
922058 969333
730588 303270
501353 53477
887978 249322
894404 156265
977080 298024
472169 327954
94179 459122
568697 847271
114368 632236
876174 145219
216609 697612
559878 361942
996023 216296
627053 164231
539162 925712
163037 920536
174470 439698
613381 354757
616845 403201
155360 333916
668833 527500
698262 935838
13853 764296
984748 193898
459401 737625
80645 446665
128764 536791
211334 571280
239777 612104
415868 296621
397017 97491
876914 367020
381202 827273
785390 65245
238478 772421
27841 599464
446866 357889
46632 221826
241194 32903
587925 502233
790248 60801
361833 785027
777520 444257
826888 375527
22339 603877
803618 618145
112140 897497
66722 108686
847243 719760
435136 35810
230048 596104
371243 753507
452262 440340
96328 744174
386489 107396
106505 193924
370839 304810
439146 958601
114120 34519
925807 979723
768442 723207
965755 259900
125388 144633
27823 10713
130654 647047
487813 809947
650211 749216
710564 796834
147777 826457
617574 627586
77540 470760
630434 105990
35821 978848
739837 672300
123190 644336
132919 126402
753155 755095
799770 691551
599936 88903
579525 357117
717265 356961
590251 246364
214159 259938
439680 423775
532702 663657
229715 768661
538189 914332
678179 424257
867906 396574
482787 807279
348888 29327
53264 243060
500242 388166
481143 482094
342617 222254
409743 948512
2725 18977
168235 895992
633650 501881
241986 40595
721535 227558
109334 121314
840494 908930
551253 707944
92240 696097
176009 110497
744967 803367
383131 464302
67605 416280
731993 695460
989728 373480
228155 617162
50252 289683
481010 760899
486812 141041
300415 593803
340048 404306
81365 753070
139039 222043
616297 36794
422433 875249
644243 144836
124284 67679
420449 542746
869332 469156
560033 341949
506389 452179
951290 216044
713222 938300
864842 520809
425037 526810
769261 188706
428616 10880
52144 250017
731617 897877
203372 559042
348899 3020
992645 997336
676536 900823
66015 756376
119977 686873
914511 616286
950951 148868
753111 681469
359698 231598
439965 306985
10651 802802
570015 783248
456176 998992
114385 709
474325 889397
900210 36964
962285 252076
37026 920441
774780 269873
371726 367343
78631 85032
608555 547127
506618 14310
965320 104526
407597 506122
659864 643555
920380 9307
696040 845743
310068 278989
735814 7275
284962 397758
787956 946369
914031 246151
311965 82955
13652 404170
613971 383130
562986 383573
963842 682900
425348 449211
157811 432857
764093 129314
918231 643895
598098 966832
835672 288714
605850 129514
328648 440899
978429 559167
508035 906671
437906 169332
651556 395581
885974 161913
97243 483615
426789 484155
874066 929141
701295 257172
444325 449539
389831 89106
902326 648469
353630 7850
549572 138716
800825 226408
165189 315987
852160 892766
971925 142356
907189 99557
519046 452018
747414 288384
929393 544687
124594 69236
623132 101547
891112 753257
476352 151413
425144 335443
954182 551496
539557 536205
959769 28620
589835 829443
683413 719040
960205 963823
804109 524002
39147 284341
714296 485250
458926 543793
493856 564410
365134 682523
960679 627836
372682 69604
967204 596016
116620 375946
194619 165748
976173 145843
947151 969032
200473 971422
25124 751079
969063 844871
491750 902671
421537 988628
511212 736109
653321 718105
468752 295102
217082 700265
213876 951542
835313 215945
170139 355820
860679 583164
554098 155380
747845 976938
156121 749475
121661 858183
479115 539460
160808 918927
835998 651628
941197 561664
694958 650201
267326 943507
673953 238779
71824 20437
315430 215304
928892 237300
227033 145591
32466 398937
833944 818885
289173 776815
152209 568339
950728 306838
527260 423232
236444 12369
269246 67467
506520 788145
398072 348601
316067 290789
830950 503599
243218 790247
535084 205301
710707 432841
792991 249705
817079 104434
499547 447277
371897 47613
564783 734480
645945 427870
833717 802526
940797 699203
522137 170442
118418 369092
505010 282946
778118 193015
595774 867861
220692 294299
437637 550839
525453 815505
402954 973095
681541 485924
23145 304366
776615 790632
756986 75114
147711 802020
444845 713599
382317 564330
229457 37235
399097 635984
983624 240281
399046 724938
33148 229883
876161 202262
382100 717842
745059 751597
98404 545309
162853 744347
82646 604640
16313 197766
574084 511315
80077 98711
591014 849584
290017 645439
630090 626210
19830 744832
643917 357753
68027 904054
171687 613552
170670 344687
417978 453191
875419 277987
456375 170010
907041 346955
496251 871064
335990 925196
497391 890976
618034 943611
590314 48522
435988 280833
753539 677890
990619 68518
151149 513370
376165 267054
394956 205953
228599 299991
183711 972582
345368 51953
322180 737595
789066 883585
687510 765103
722696 247678
358442 560831
291794 921854
339982 957908
514762 917166
409105 694283
538259 212756
876245 251890
170448 250603
695063 693218
619953 772752
484627 319482
132108 618859
702732 311244
936066 614013
168707 893923
28223 582214
770537 521518
312158 807605
799428 627166
304595 767557
422679 941996
685881 567965
147880 254626
471561 374194
433895 79612
145012 406690
949707 164025
435208 945533
828341 51250
712994 825128
917464 925054
698797 970334
99290 722629
798952 705770
577222 795806
770793 419553
709691 499568
729555 630797
121252 151106
451732 177860
516763 254358
227309 241822
459446 886766
844107 765069
709592 759010
816948 25151
418800 33368
396237 343248
163483 114807
198470 632052
154059 869048
102326 385251
764949 235930
805723 470659
711282 631477
219819 370154
943991 256026
114281 13232
298284 642620
583921 780442
331896 107647
503956 116688
483014 639872
809015 431324
939431 447403
252601 695516
417138 627979
55989 838571
742169 431678
126764 940695
671923 663747
271991 937339
773200 240680
750269 130407
940955 695363
801292 162903
382850 475515
714528 531755
85241 185568
871069 546654
57511 199751
122409 502559
709372 684831
569947 188515
546101 725454
242919 848655
551402 102608
406948 757568
57958 961720
38151 239046
888716 975368
58197 754470
781259 189667
55546 214623
758682 677373
864876 40159
145744 979629
389754 829828
896155 71863
776745 497568
862297 336171
476350 411237
94155 601503
461634 338679
62582 253796
302677 899356
973799 33717
695479 471175
375804 557338
416333 379790
123030 304937
689896 831744
533767 878826
175829 704673
80735 89619
466910 155143
229298 412368
629863 305452
939820 287424
439903 175931
288663 899222
672821 70346
412974 90262
654645 116730
318108 964249
275233 791134
766320 759226
469536 33819
861650 605128
177002 774824
566361 616785
879021 604170
294793 825120
727672 69665
271483 886871
879504 978957
555020 531301
234165 446891
697611 257253
889570 698149
883547 143860
129581 58550
193587 528433
926659 900819
509405 192285
779291 743118
467970 298185
162263 798051
614928 287765
410192 897018
986857 966713
754332 424961
688396 389138
736240 469832
646031 189256
661058 883564
54834 574537
652824 377111
406525 717252
639844 318714
704377 285704
641088 203576
268076 910293
609816 234508
278166 929447
285279 686344
755964 103048
505249 222707
606942 455340
706220 460104
104014 954389
417198 920416
103741 49864
897590 196174
989291 429090
193724 223641
272890 278938
154191 531539
144534 945934
227564 889590
680019 23409
422182 4789
498565 796469
473562 30795
898391 668095
70545 935014
246869 931906
524172 308514
913742 686561
280649 251445
388381 7075
915172 836739
760089 31561
266037 385261
932165 676962
745068 741370
384396 196365
599967 467865
465082 28337
494517 564435
939356 301692
261530 421410
673121 850798
43613 990810
885506 218355
989599 318974
915955 932717
104955 655409
934055 895673
225948 251057
143476 144330
346979 645684
338876 658432
16473 450539
581090 353425
911636 467165
609631 888235
469510 782497
862661 504560
832716 216374
560860 524138
178565 618279
313730 717591
922669 160621
161901 687446
124355 613445
612994 889004
242794 574205
160203 318717
747085 633199
380547 696754
291125 233234
997049 92206
644614 142401
420030 21015
110413 768579
827844 426832
859706 993745
979467 97371
475992 555144
186235 957280
763168 764804
610954 910818
213647 201950
319604 555006
777672 616463
130208 154196
759430 28488
779293 994682
566813 417290
158743 981490
383657 312227
995653 438925
652506 545497
133484 723192
60977 848980
12230 322974
293807 918083
48411 461686
302610 283051
994033 261279
579399 124444
421734 589027
231483 673022
36876 73663
299060 637906
77795 251653
642117 253111
613559 312489
103078 348219
873694 367396
307215 964834
146831 219619
795946 372836
959710 704513
247082 207221
142084 635389
534850 279499
82314 364246
789520 243925
263867 629877
742867 853246
234865 64333
178408 104315
77646 660284
911878 166657
607152 679557
890596 487203
553212 395702
492611 905808
124444 460290
470342 272167
784345 546305
804184 358641
410816 695751
442094 485932
138573 759584
267545 42236
748630 960373
677227 86680
481013 780477
625849 843101
906921 263964
70571 122756
137790 17969
260016 662823
57860 508684
260098 494124
756490 81120
982775 837066
522675 351999
410420 591924
637438 253746
400048 338088
569510 775758
669510 660794
667484 787082
283615 770814
448896 307843
333470 366191
179608 350597
637446 221570
158623 316172
643847 671499
127973 915779
960029 859457
173533 441352
495360 47326
302256 814272
641190 124202
847 665438
753283 655704
956293 950890
876202 696268
292303 137857
509269 742472
317387 81486
527640 850072
788789 542813
204014 736643
723005 408304
559498 526350
820268 264663
293297 307957
194455 87867
99105 771306
683256 761786
200571 107620
699322 191977
48326 502405
836046 119604
523162 971731
520762 574953
837816 41746
51236 327844
751248 420222
949202 258994
489317 679600
563333 931678
165008 864044
745216 224434
910736 825012
110938 127635
308700 998717
567948 706043
599132 641279
629092 71721
478401 412633
539770 549602
736318 870652
832520 382449
18885 468121
124338 335616
915682 743998
363337 101134
334850 880030
560362 624960
897983 383829
263009 532398
71036 256296
168701 739192
45717 381103
39322 293164
848233 567750
448426 673626
888277 289178
434017 841947
639719 19417
906447 903350
407157 106670
980611 768546
145137 483395
218538 678720
558741 977026
144901 276717
523839 670156
357480 888552
76288 353585
440713 281554
662950 910996
206917 447504
8962 255059
167435 705951
479721 924995
438416 250666
133291 845172
94105 188163
623948 349723
608921 49334
260272 493760
553917 464658
550647 37808
344368 368834
308195 576032
214689 704830
924622 988210
819327 622174
771853 133014
593690 12223
157879 328294
792372 202159
893099 601893
612577 144881
108833 804683
29081 765465
50574 395160
534870 642610
473258 919666
173440 640646
598059 18598
591123 163216
905943 308564
72377 606075
86735 312006
270345 322534
458185 698958
900477 245651
515816 436393
178312 496932
560645 534264
583697 732427
447197 833110
18850 513698
147938 407649
754654 834244
895669 933150
546624 740408
222151 249488
815867 939715
658739 316113
140846 216777
152616 794494
39241 873713
773678 657061
47493 573467
857472 80729
188146 480191
727198 942604
249293 35681
495544 541123
928884 46207
931570 982997
23148 645654
312140 119196
580404 854759
645275 103100
681988 23000
659592 587634
632995 244233
836590 396861
614490 686573
961431 513192
47383 727268
377224 452320
519499 650664
692980 885230
835452 254038
7488 285420
130672 796973
324854 878882
225923 266105
2093 886512
436685 316168
75245 831097
422483 671224
79892 438525
860984 918952
644627 739832
99153 843385
804937 984323
933361 900568
165166 876391
585526 103681
815334 929319
366766 286746
48775 466514
796704 445983
773314 346710
718066 670817
17798 367345
845101 745137
350662 78675
432838 442189
40793 84629
115833 747298
289078 241752
500229 112715
474396 953941
120175 478424
748053 767356
189005 990914
369985 712583
895175 810063
814078 158310
247507 266495
785141 217168
171638 275603
379150 704540
669081 533969
272039 6170
861008 409446
707093 513626
716189 264416
150535 304221
4088 258235
369197 595473
274343 600798
178923 933495
149958 780427
509195 658797
570648 497390
313587 716530
103881 347061
93850 768129
500995 587285
560363 593874
638552 997396
336859 365117
895607 245709
683225 685506
364728 771485
259557 632426
661345 338871
865264 233653
480401 789832
679865 686318
31540 941632
876134 230642
741222 211820
221151 325873
513355 946290
613696 970765
343107 470716
795140 660262
287242 907573
969317 439400
285933 42406
717793 142984
791678 647503
570248 621490
425717 978616
705594 81831
997579 823093
430348 697289
502444 43264
480384 436515
478683 761359
833773 396391
935044 472297
360834 214001
520377 613345
550606 820876
672497 252881
408242 419200
890510 180515
941103 453868
280906 650257
112555 398893
283791 846138
871544 270048
447470 66381
521762 791059
508866 649519
960353 40029
758040 184235
794283 66131
451783 747398
776675 737627
46214 728363
257416 221129
847394 28529
444303 85874
204786 984256
960839 929179
605804 265071
976801 549163
614374 981152
989209 594364
641199 222076
851196 320445
692941 294784
782135 834810
500199 138744
446120 393211
525446 691590
920344 490704
621306 578774
541510 365148
116420 80697
370146 449623
816275 415460
949129 637810
431086 422388
898913 173258
721163 173599
809191 893301
424864 344612
65955 917336
396442 395857
251920 905370
429090 833635
765860 497413
906460 741100
38432 352838
222750 461414
281050 75784
231308 657433
592011 215908
18811 326185
625368 102566
402651 847337
50555 110188
552551 548277
152183 631607
364549 790450
746682 413440
447421 377003
634390 87112
805040 291859
427610 942995
724190 927578
716648 967691
338859 189624
24074 327945
488758 453013
783438 896945
140957 449209
419259 876981
298862 541102
168455 512225
115193 145542
436387 835350
581798 494224
464608 751424
568286 996908
372521 47193
661244 418595
287052 574082
385256 149958
6267 72167
96580 457012
972532 458749
231818 429319
196751 555159
598706 522624
164649 652561
853964 923351
362117 102610
718397 351049
611079 128808
964103 497307
991523 68766
660616 768960
787698 939409
398505 333094
66557 962410
663169 12743
403588 465442
260322 474448
128786 902173
594652 237194
385013 951043
697683 698339
369815 814443
655702 318576
977029 730880
901966 206247
819959 868006
364446 216624
789851 472477
247557 515774
605494 138779
552696 540201
755310 215353
385580 370263
634939 81372
200235 396388
291 174142
467255 684290
205521 654739
130364 37913
643537 78371
697308 728385
358756 832910
818263 538533
177609 984563
765371 835947
519114 48968
527176 548126
422493 419050
153134 192873
564720 588336
646981 918928
196614 83990
703959 421868
95193 635939
800476 69451
345362 734608
244726 362490
450180 972586
898190 63101
790022 395044
617371 157504
424584 854978
264406 463957
283846 945045
599107 650331
91377 615148
917707 849966
982900 202160
298360 218709
874427 98927
891903 486512
1354 523453
609987 451637
371188 13658
18294 284320
186920 921078
382305 578025
616024 154868
618511 62332
647312 808543
515824 696031
297636 288866
674473 488360
158777 476940
464957 118441
121831 262069
762860 517132
697491 11825
188964 151205
968021 243457
87619 735118
282185 574367
493536 243577
490342 658482
121219 755394
668268 893778
284238 586331
78053 86485
389308 588288
569760 261432
983884 448434
192164 243323
785964 280311
682829 368871
980248 226886
347340 964198
813473 244187
753573 980737
1719 112082
160116 962485
838369 307652
357563 817467
626227 237951
283881 246618
989653 4407
760683 382544
39135 498352
249315 608999
166053 680617
116569 242755
810954 814409
521111 126006
522792 133882
957003 837414
27879 353798
215685 124246
501253 249219
591917 774671
665197 826000
983221 753555
995549 189800
910990 481590
693942 789168
673887 50781
36823 464245
932783 471670
949651 951671
451578 117250
269879 294121
235484 250770
377951 542309
484670 33169
147607 116548
827082 485056
578932 163602
468756 739823
180226 647803
368781 347932
665826 9149
114221 821723
772060 527238
70882 319921
471825 320329
989644 769089
557156 201788
44355 529649
791658 450754
463186 718975
810613 293282
959035 915821
967251 952169
217631 606722
493851 345179
810403 44488
127463 441619
199155 384396
692597 487205
550164 999533
721201 841307
658346 690757
491656 347837
295001 710877
617653 341045
81202 274500
387725 765357
372238 760219
93360 863746
315893 139584
447562 842660
288722 185897
237958 528159
329431 508512
123156 863068
570849 188740
754239 74041
382391 783201
638329 459942
211723 862034
269346 983521
980368 363589
567657 572409
125183 971307
666433 916613
995418 354938
644079 753812
273144 969607
57778 44061
510155 580709
290342 610982
246895 415334
242000 680627
49962 283028
401337 89437
536559 41718
498656 900197
301943 414967
262239 748303
684058 474730
544933 432691
710859 53979
343443 758956
936111 688613
195623 900585
337788 886822
513283 410458
370928 992966
726855 538392
615843 525832
511086 717638
800848 290219
541650 658597
123746 173741
204352 95429
920676 25129
594888 332669
996499 27250
159511 152538
867130 655223
476136 426085
791418 741271
422193 5630
111226 734768
920137 771159
14705 147086
680103 334862
112380 246391
978520 621414
788973 246170
892946 227220
927464 587749
524673 735764
740092 221534
28297 46630
96944 473925
166097 278840
644018 104954
594227 517534
414225 443618
605369 912899
903966 626020
789838 675677
187306 671852
503010 883471
257376 194756
677867 441944
165198 672615
423214 578201
588619 977206
324385 222916
891017 314834
605190 493716
403356 81978
901037 94595
233061 343373
1586 629759
817725 928072
328077 172848
868079 888813
157662 873778
242949 733429
601224 441164
629759 935340
165816 735914
356928 272598
992854 963303
329812 977776
504783 251254
696398 920826
556817 470031
438963 857896
7975 324272
849269 780933
320684 340888
279212 714257
905765 1381
905449 616682
163910 165714
573168 76870
416882 474385
912473 787882
671308 623951
2623 799271
576020 126602
258411 737782
817608 943749
702868 227393
733116 512584
466067 983771
581710 805555
960996 431058
626064 665219
354673 469276
393961 89392
3513 577930
873879 527155
381516 807538
434757 384427
36614 708015
678186 28717
831660 983265
822486 995716
218984 830063
596560 231356
311839 511469
814512 388375
218699 546314
244867 339628
328232 748891
167159 426631
655928 562049
992578 903057
758063 277358
138207 713252
408326 927628
272127 114813
800686 422952
192401 517272
200323 228727
648939 976439
245008 286277
559618 511400
57762 996117
627451 582255
299758 856003
426731 575053
733395 730082
925557 185778
256276 567218
989895 868637
783326 41709
357407 451404
665841 923348
775368 562765
459489 77250
151816 888147
919555 734426
586037 159341
365694 650383
839389 194286
789538 173153
106457 767575
851334 97487
577580 263538
960306 228001
762594 72264
382957 372128
351044 980795
200471 319319
568890 363038
329276 913441
477302 517478
709511 38908
199693 213577
121423 178026
164263 344630
677252 373730
120187 832531
897519 185019
712571 797751
26632 115063
229223 605147
207362 262131
253826 360526
1190 358446
141841 683059
817932 195937
325087 761676
473111 452462
355025 193861
983699 345905
189555 465653
126331 191202
1395 566726
677923 980650
442423 692455
199822 61001
457890 564747
331098 602893
207176 704554
365073 831725
874550 384585
337080 811997
274441 502266
49047 983859
278946 731583
217037 975063
292151 90833
523281 973388
595801 674119
404163 997696
963087 986849
666125 547631
230781 434913
997482 836920
962022 692944
698621 777895
593959 261374
402404 703721
702655 227612
491638 820418
912165 327402
178021 896192
320601 18147
107306 470494
19434 903100
16999 985768
114623 211959
427947 77662
75353 322826
383556 32486
391945 422306
769802 717547
652475 761031
658390 200907
660703 347784
225513 132615
48240 761441
702360 357620
30171 764416
678161 374312
268716 955339
986057 439806
290593 885999
214786 179261
952344 340321
756763 21630
841261 348719
280712 864602
246633 69807
733888 505492
269376 838129
751269 738131
390583 852975
389478 909743
702332 792185
472104 81452
883285 148408
734449 829866
235117 421361
504729 317882
244426 63384
36639 486478
971116 706306
680790 196038
345751 825993
409520 679649
90367 999990
362674 699016
266308 108568
288279 555506
762229 532028
722569 839279
622497 582025
335884 502212
514236 957768
638309 104274
139496 882367
758 77170
280265 927611
168727 452385
335473 45268
146102 82984
413482 48462
388742 994219
804877 234033
59664 272302
179919 238991
618628 730441
568245 384756
731802 576914
460154 922088
434310 680719
840397 620482
281467 17652
487637 212504
259463 862036
76173 120076
407226 317494
672169 80569
910256 306919
618912 765454
62225 730224
386515 365661
752797 961458
928925 734617
507108 842435
215603 163068
45386 236429
645543 231184
15354 482963
133290 741239
511425 144049
390929 630318
187991 879301
21387 289970
660606 374873
135861 11067
87098 981065
255161 321167
467683 356691
147107 102949
703589 772250
464062 763710
845333 985422
693674 741444
620671 693251
45384 739227
206005 290024
129089 414084
617009 122794
169782 609749
354931 957812
554817 174316
682717 183535
197816 42260
730984 772505
635980 459397
341151 524931
802702 689769
828256 776432
549943 609290
803132 932289
170813 208835
376360 383429
657501 968794
977638 506096
604840 328196
195657 736419
489600 860243
340637 909356
77036 20684
631174 331539
389348 103773
126494 887992
144236 477378
769963 585234
278114 899635
173840 829689
976354 963694
571833 719885
361489 245539
603266 667936
999764 40642
998452 635765
81246 424738
435366 365185
853323 458335
35295 859314
960664 869215
219667 575941
857880 217037
142642 102892
879662 627020
169058 113089
394213 573819
516853 270933
645092 669808
464092 988368
843312 582398
265188 975957
236302 845619
139821 746358
180103 351954
242428 818063
402973 749250
922090 415659
275318 206697
891926 453006
105561 783991
602446 357404
157239 434047
54790 181409
626947 583859
910089 924412
69339 650262
443082 459997
597479 234553
848644 170851
590818 167905
341792 183674
787070 55637
706004 992676
846829 698436
330964 539663
686226 108927
580392 486443
349811 334429
235988 60258
827203 291739
195391 529206
677974 647775
250477 958215
553024 285180
379022 141744
589692 704917
745566 973312
113104 130558
829834 148973
757572 669134
148259 930949
11239 636748
65845 933547
47999 83628
472721 571557
200339 525057
234797 425579
999811 750118
213610 866763
462207 868078
704697 631207
586236 450722
758553 549450
919829 403894
931988 271772
753608 37619
818894 628667
19390 482647
981467 116782
424855 985590
805192 353986
235063 149229
724652 78295
894702 867118
318343 594662
655774 803537
210779 253409
127614 298708
598731 75247
894607 408720
816730 660982
707514 933952
583495 350945
643577 66865
993309 591137
351121 528869
961750 413431
55662 778529
337400 541759
76312 839207
694193 732868
116037 491963
32953 852537
539577 906436
334391 626364
626959 786990
568168 265816
439932 312759
351902 739514
60550 534124
805508 959113
727871 380074
527469 77357
323016 133773
535093 837109
985445 2269
630789 609480
623341 730201
138668 341416
66859 690797
91966 745453
213689 948024
1902 690761
721321 523759
726635 202835
79255 507073
286657 61946
51262 368159
765548 885150
914477 723222
211094 594060
297464 623225
610709 670846
635848 919517
73838 720560
404209 435753
207984 677259
558800 199798
750578 670243
369726 20133
913788 53325
822873 167531
785759 151360
262711 106146
683684 955182
39264 120883
306487 542501
9924 618297
754200 813018
803814 233943
202101 759197
605087 736301
894651 357111
880319 245634
645022 647865
893431 296361
655023 819497
220110 48183
283040 712516
736369 16198
191544 542307
362036 440592
645 296718
173276 347116
355548 927015
430630 761914
997597 319669
10121 283546
201255 798782
337692 812333
713834 954646
45368 968264
138473 819630
154290 820187
52024 918587
27279 316814
1289 408545
354603 658694
997092 300094
40337 288189
121435 994951
371820 794101
43065 82849
589451 894156
544839 552129
206660 3100
333010 895942
141574 642805
902953 492658
35174 895159
301425 319810
821897 704191
174935 69293
195155 266568
13946 92170
479157 845439
777925 411135
254659 96184
901775 317820
535063 975735
903616 852472
517114 663379
301040 367446
448539 219494
706209 637210
835998 384661
470826 862630
745888 48030
760763 814407
666391 771124
543075 826522
59927 942553
204675 681832
431597 324001
776741 656003
187898 732892
632325 212131
389774 123394
604057 147663
769444 971803
999957 840603
435370 747003
683482 708219
889988 876398
22230 436672
237838 242228
153711 118746
762549 93357
369535 695182
932623 621060
558796 647206
651309 959828
842286 932058
534711 767857
986628 863028
177174 670947
57498 920782
805901 769275
455794 168842
540861 182048
749755 910999
435108 365168
985100 695891
3687 610126
156289 268975
410311 800911
177379 940736
863331 437451
472630 954994
649013 862369
385732 117530
753694 35713
381819 152370
801434 906338
586470 273711
389774 762358
895305 903975
317213 887800
737628 294180
638774 227176
393321 356135
618472 946112
827415 761431
659118 733359
624780 915474
612696 72174
783701 967465
763569 493273
104012 372455
559938 946777
956447 265935
281723 655309
422058 572624
124571 239562
439818 948329
852503 919392
120067 78016
179255 838470
505679 665543
97951 893859
20350 944719
917408 100977
36712 862117
111812 433818
787544 741979
230728 781890
120882 415809
151908 321294
737191 817073
223166 55158
52742 141684
240888 955935
821741 678419
378254 662248
572052 101861
890852 845308
646377 490842
874198 988299
151089 581885
156656 700093
617187 476246
779924 850586
275934 949980
809743 658607
740925 26091
941846 418766
440778 379058
313967 681229
605924 646195
10954 843505
964593 593076
203613 143193
555705 893567
856023 184562
263431 734354
513607 42940
960552 368842
928515 247711
983242 424787
67430 300356
892880 942936
784395 17052
533584 304342
899468 665381
531835 275077
205050 819272
830237 318361
385800 475108
832275 823515
890704 187815
568800 698755
377807 418110
400053 476012
560414 326796
940714 747512
920137 483040
267386 430078
594799 221782
367614 465395
982728 574805
356376 774166
207651 204856
554519 921909
778326 21365
77688 698849
479067 916760
382169 953690
179723 553794
360642 547192
694089 558377
534227 999447
196793 992732
687686 532603
43462 400958
715836 410604
991829 845707
316385 110318
404520 840500
189166 186130
452069 268382
838533 575658
185554 510089
388069 874587
489737 346661
55513 121686
964445 988025
818310 693016
114590 575521
444077 204291
242153 747976
304607 940022
614070 861540
238704 230596
157862 20476
119808 468497
20455 921085
948116 237304
386029 51125
140911 13223
529032 14704
488744 887522
675204 669570
603864 915050
69709 309124
988065 68399
978988 928756
967828 283130
730445 653377
561533 329003
744520 29760
347475 113727
433563 103791
666175 306674
560228 472980
494489 125452
800984 629953
507687 264147
327447 831607
780205 873557
372754 945143
305401 424171
125818 191895
877234 311484
297545 896696
247381 853751
247497 386814
23152 970335
10120 563695
655276 436399
336291 996958
331880 525092
705427 403315
286060 372069
432348 288066
653312 585246
106000 702964
920548 341970
915296 950796
927865 282804
704937 663263
394179 659426
647320 322793
646513 894833
472445 408852
787815 236021
169975 793522
69015 115774
133501 999397
499529 208924
503704 333004
290208 557266
882979 739946
622502 824302
185858 578290
610486 964012
72130 983538
32804 110192
317951 743723
175011 332739
183003 803011
860356 798609
188908 938174
492955 614676
220927 185860
228592 471585
191633 884530
762458 697492
329013 447378
550803 69306
261493 306921
326528 95107
954236 761849
290348 405354
12085 689608
312861 617107
343994 504884
234486 466746
660120 675485
56325 288248
298885 408385
949407 721563
185372 850630
753971 697248
10832 822770
938284 216990
899586 136095
1312 194021
933020 872248
120080 803023
381772 999281
727687 826662
165738 595472
117198 411248
700046 488498
196967 255640
825701 518333
606217 225890
155888 364360
684096 131123
125566 665841
301434 415737
562094 40707
264482 864847
108519 7237
500639 653687
432943 982208
711607 56320
101307 985955
460919 321944
481900 772341
478593 129990
523684 10058
164820 635106
141576 742393
683934 201577
75617 728938
179071 349138
923430 139656
402107 961782
618314 544541
898236 177554
103783 6175
649981 391069
155249 965518
309108 546255
716072 710851
769848 973785
119275 577964
140918 19399
529380 579616
165159 235092
938730 553723
84414 334749
783785 85368
132596 504014
903356 668812
974330 960035
792543 394264
243015 679577
848473 564498
408927 411770
958040 962821
120790 388666
78870 998499
108263 801285
61711 860444
897738 455199
64147 296727
129365 44426
804753 416755
1136 449744
760225 48722
465124 979099
946486 119999
116782 173221
764916 300735
813801 632825
108438 610562
478145 513328
39874 855999
264310 815624
195821 416779
131271 294894
607182 521757
110634 671157
764738 672873
414571 600848
639386 558559
598920 947194
557484 839489
110163 927011
856886 869344
785561 655995
927490 666266
263891 457954
970588 299900
471685 803288
626744 958106
325841 285249
309440 680588
428173 755234
276104 939795
597888 849539
52803 523575
449434 708974
32577 676691
292830 200958
467219 619168
335513 907403
445568 226866
180580 832388
15967 138623
759623 556933
820952 617835
34511 122668
670766 276132
822745 267599
637025 692519
811028 807263
546989 735572
9650 195321
576755 214851
53319 246451
550686 814091
156957 291810
641946 914849
489385 615310
154847 89918
971301 434767
507852 121003
840481 86336
316947 280995
335935 797340
501413 166250
392812 14627
796814 134887
547157 166676
604859 742368
443777 954255
726142 40365
940750 270580
555603 939704
630480 270637
834458 728398
338468 953599
161944 153641
628520 262943
813214 974105
414314 278701
98285 688685
274726 904754
225830 643346
933084 742708
742108 347690
614812 459910
483097 113589
955955 751346
495088 690024
888878 965746
853755 77247
637630 153338
436611 465099
686053 427333
869190 194712
114505 666027
730488 530125
767890 43757
654762 454469
996977 202281
340397 71527
81700 876045
247601 878913
656119 827022
539592 125304
3060 414915
627147 450651
789295 611078
158947 939857
415529 837920
81488 583176
24820 716115
239418 397873
678510 850554
457611 68020
365391 185688
27570 61047
566347 998529
259827 501456
240296 625627
471859 548812
600573 876269
734264 422761
164499 888537
864456 755379
578777 827285
27254 941014
995924 177388
921942 243260
636479 307961
344114 140036
695375 627107
611562 301425
421592 654883
492311 48598
887572 778149
862937 530622
660722 289801
594883 806468
684050 272499
317323 81149
148375 348698
332052 397992
564946 893911
510502 994972
328600 587217
101003 682307
62630 614848
999488 531110
506821 937696
486627 348230
417983 77833
80174 991085
64141 976988
845849 307759
437535 93978
101744 560379
665134 92387
101606 878353
302553 652851
506349 605200
48793 407734
915605 948485
182581 24547
647259 426589
454926 236287
443839 927067
974401 667291
976337 554594
737697 623243
361 881818
443792 325546
808583 282173
558843 852153
832701 356918
342183 710566
242625 575580
9627 602895
648095 323371
709410 169450
538642 110854
177218 327254
803 56577
965101 29697
488680 914780
548776 911643
111982 49835
159677 715213
632873 296685
531249 215168
448913 496475
85034 289023
203500 698253
742948 641446
96424 462176
402074 108571
681655 110555
165634 48267
859066 667023
831796 900538
723235 254209
2795 280292
923724 576292
806154 103700
548238 332295
825048 186698
774729 819844
367853 228333
86959 312128
453070 527859
589836 509384
848852 439743
233823 169158
303376 320774
48692 827789
865107 74052
581654 493313
162675 751077
837092 915282
832613 808003
484596 678155
309278 419725
885189 495586
439527 118147
859217 161005
651597 519568
906810 576781
496839 518996
252526 196389
856054 61296
898124 157226
622361 357105
669628 810152
380517 346591
157128 609597
980608 427258
609612 154831
395120 899075
61177 675946
907758 967316
246564 646852
953942 197907
155148 76355
293494 835262
616918 606389
192682 433766
507899 5001
30036 773129
531800 791362
185015 58290
288656 304099
46079 512183
315407 184960
957082 294544
854609 705959
708246 998074
281772 368503
68328 323820
248133 365986
997622 143631
831669 152432
891861 392341
137586 493378
78307 48493
868132 213537
146868 268488
984806 19529
258415 245552
396048 263365
213415 210458
895294 992061
407118 503962
375095 316801
565525 57046
754369 8441
309434 750750
241315 7342
867853 548377
26256 370245
470180 666048
845510 796970
102482 504822
556829 36269
676817 271121
913356 585712
46964 483195
441266 596654
111325 205111
361206 107647
992121 252924
538425 441366
270141 941976
636913 493921
649922 739840
87952 58886
909284 271843
134189 109132
254238 443075
824194 159248
941857 382945
190419 729448
808725 221282
530161 575059
478073 165457
486552 592150
247682 124789
523601 782833
186386 312995
223338 383163
375747 420622
937075 144673
736088 457669
411575 847661
96608 523998
290027 589563
870609 272756
794964 249873
149919 143712
979958 471772
65181 504838
71286 590494
320274 541786
32245 590344
738569 1789
162890 602330
915932 533394
917909 468072
608889 811714
433682 156766
329789 904181
179047 837045
488106 788464
470616 461590
836919 979576
297813 50897
89841 430170
837144 564353
364384 296347
140673 963463
83012 640511
434821 440277
805651 713359
43114 145941
495973 216445
51113 843264
504500 599903
446376 292516
25342 385193
908705 545732
774358 544444
945477 538375
633576 894556
175194 522464
414874 843721
353055 916992
352062 488789
197976 609893
910335 866508
770064 222586
736679 214460
326111 126091
508274 22755
836262 531519
906928 207361
698805 983303
713733 624941
352310 87006
819757 684176
260034 943573
935815 2537
139260 333411
184546 481330
734675 370618
514975 447363
281564 579386
959165 334014
409311 77789
359694 845138
229052 492048
638371 169531
883729 785238
667876 896328
872820 228969
491840 385759
27194 545264
795939 685268
836994 870405
34337 766775
517707 195384
118119 699016
916587 668338
608897 579492
319693 796447
687936 935523
871624 208250
729925 510127
748807 933318
654124 888128
689919 289151
620316 339759
360569 378635
496420 612236
722288 345870
812494 571237
475949 687233
161829 329561
226232 520570
46004 122905
338311 400579
373131 146863
121227 140537
956316 228726
359346 487215
72504 666200
821188 504781
747879 40506
405553 97101
478532 624988
352476 591920
21036 618177
917701 555844
53417 640456
661912 333559
866209 957849
324727 132847
749219 232370
703088 614538
617814 181044
998138 893655
606201 957925
286522 235167
534497 895625
449024 979864
564562 75469
695076 659398
602433 565923
485531 955676
294476 334417
532430 230097
881518 47329
275742 330117
950811 688287
514601 359020
83621 442021
499517 570393
736702 811528
119172 98977
369770 715943
989379 665309
656796 608294
802035 711606
116948 207374
917973 685682
645063 298843
691353 958684
222606 671510
480159 227430
879125 153676
819474 638552
808488 396442
182956 732583
816955 923279
430295 460045
293419 309664
873990 656181
40060 316843
432732 770496
19445 650953
877055 818614
404553 249474
834951 353009
527275 421402
910662 869683
802189 974833
262480 759287
93724 126027
606971 114017
494377 557658
240611 32305
531343 631465
972636 105842
304641 508889
811864 652280
633341 127323
357407 919094
16565 793989
265211 305111
308021 618554
972494 682816
573788 118270
427675 481311
812186 535789
74034 559804
334727 373674
604381 368238
157651 648721
358782 626056
656268 688699
197235 256918
66622 216355
192780 899210
353168 940511
773662 154419
949557 919456
964556 189614
281890 978285
633390 553575
419208 178920
264585 218475
742313 442103
102084 344928
84653 234330
988887 521947
260089 607434
710852 953464
828826 981677
985012 13134
499545 372806
273535 604870
353578 235668
571492 985273
211800 922443
565803 447362
534472 420614
636757 213860
209621 459356
865996 625127
815101 365580
93120 357911
854087 601835
86433 453565
747936 257759
984983 326362
270784 106665
786904 144688
422416 565183
796987 207683
762385 182462
724987 391979
538816 866569
832223 449801
398992 958822
56878 627841
997594 33894
348015 975305
286028 991540
865373 385348
492815 79461
822711 775667
865486 91436
715986 239925
804031 589248
911916 693080
458329 696351
409002 524514
215874 745860
350824 910811
754667 4665
35557 619412
635790 772583
610237 718914
441307 455621
771942 239436
661843 384383
740126 979309
166508 503178
138252 283053
641941 916316
445458 908512
305229 659996
262941 640032
740255 861864
530395 985101
201040 951547
723674 340845
44853 653043
860099 337925
12288 916269
978456 397038
925518 983786
344526 243414
976641 396101
85684 99029
465109 529249
179030 419825
327464 315571
685926 815370
950920 639666
894916 642533
738754 820894
374438 610114
731159 176371
402390 37218
708737 304970
721231 933070
744388 551035
677163 745012
231206 643685
871830 867967
935583 577716
960697 418527
96106 55271
401719 181412
11933 569220
269530 761919
560907 74695
912205 772125
524854 423561
754809 640322
526212 430733
786973 468109
60421 288139
43160 871940
668167 215799
589688 919042
764608 249361
583968 109677
155153 395474
662916 324995
680644 301767
410759 205889
668711 142304
592953 370582
558578 57644
472961 982053
321401 516512
550884 797798
964789 678812
302637 79025
73168 984290
782964 122760
653357 71523
422454 134804
426586 830214
909701 861742
259243 748624
456421 442258
114974 675316
212247 481618
246522 700462
606839 56036
723786 458583
738042 676540
968051 967011
905727 927315
155299 275952
726462 903522
809619 253006
971935 145064
718625 412133
538933 133369
481169 696931
331314 626624
208910 996120
304251 928365
956696 216648
9360 116103
692046 767425
65888 555143
240274 88794
811642 621869
958007 674210
558855 258255
578531 73420
259157 234000
557121 26844
893526 562156
86436 474174
534806 27386
262174 683943
586300 87275
582960 662152
49901 157643
222451 163335
29857 2101
660786 874089
63391 952618
681897 463574
756798 213978
80104 855275
961023 839702
150978 136375
550654 153833
928704 232401
591230 940913
864641 614487
110378 769104
902383 350639
551776 238751
883705 671790
55295 361297
941483 684003
417720 155718
922865 286360
580978 40960
218073 470816
127659 319419
10988 846648
200317 687613
879536 991684
102315 415076
135329 686785
660565 213808
493806 182506
908732 175574
965137 371977
993882 81887
688761 605947
801867 298760
437564 891599
257321 942749
528743 291553
78803 413807
362509 918918
843154 151785
128081 271635
767533 581610
95136 507790
743634 770009
560203 221738
374171 969098
249850 490395
829929 352489
4638 44586
780368 272214
423475 826114
245422 324058
984480 562046
13273 843608
141398 985924
597124 730886
408396 44140
752583 292967
393668 286698
81226 540278
990918 977643
589361 66489
67473 306304
365038 813899
610104 817471
490661 903924
949845 946979
802964 480980
65980 628378
936504 287675
999344 277711
156403 740683
467614 666415
256746 312908
277836 513014
7167 30711
603218 962212
491731 943697
60063 335136
78534 278430
743634 696415
107334 861854
699014 689693
156204 196544
750382 902969
633317 657034
320918 662357
972363 212955
904947 398735
668465 569811
507043 977621
835348 205229
414424 711276
178843 57072
380436 190766
95911 568169
420660 362933
206076 100686
920982 147596
889690 831427
733616 322942
742274 686472
411382 498433
501957 787409
380766 618160
969795 4686
203521 733592
737432 157750
383460 727785
924658 115018
295461 447593
938291 322731
379586 502923
446109 121208
673923 15922
668980 583881
54950 133301
179374 767657
198842 281100
475592 930785
612232 947821
572947 945204
883143 220437
695278 779555
659264 48467
882653 581220
385412 386821
184499 746914
173273 248802
711474 391231
213495 609854
460727 682553
88427 569109
504018 415051
772561 664568
554778 493819
823135 366277
87328 772218
229690 970993
562110 537260
542926 60454
18916 24946
441325 776051
634911 101189
655132 609833
672380 44342
995174 304671
740813 792185
933298 880783
646384 602672
173690 813531
578405 382478
863129 739662
57927 527152
339662 287854
871154 638883
11516 965612
669892 680206
337822 538620
17311 556904
199207 935880
192579 709411
155591 547203
371773 819459
952671 796884
570454 517508
118705 839732
48784 169345
14580 605669
334886 851937
19800 519851
310899 710995
34385 772703
988883 150143
774731 702929
922874 527997
515876 953900
325381 536802
445728 308812
342972 831898
967821 385325
53989 760129
126479 259425
601186 315780
807387 579916
675896 549254
995260 961080
276799 413401
604664 578870
393854 215055
263997 990433
381334 264694
695575 280998
455078 899676
489036 57491
158943 222527
774785 259662
173215 246755
403415 491087
421047 900656
290589 988151
719666 462806
559779 220075
778723 281567
640945 833412
989534 826157
356577 515803
72692 960435
731169 562391
819578 455025
803540 425261
212842 177884
718638 898091
375308 388375
181090 432323
188747 791705
457009 787592
378658 727133
824355 53229
412965 13363
261222 587986
591633 630256
683139 224948
416462 483043
481368 718097
736282 256533
564314 677475
282234 815229
408328 559079
606474 426373
689418 462486
540274 895772
456065 163134
832168 906250
648654 662294
702515 640402
13411 111386
672004 747009
44525 719156
812323 229373
161505 152861
591530 766240
624319 771550
565090 510147
681160 596093
594525 21898
390682 160027
727810 755386
763847 423249
945301 713738
180631 968597
521626 269953
344289 729916
41079 84034
212308 479427
934720 255417
586057 633925
599386 773167
701559 71359
855461 870529
12074 685072
86770 581966
943232 302892
746321 311929
837492 109290
410348 367934
477727 747849
473070 614647
971356 177510
819296 63725
679753 907517
486478 191991
37132 503738
102687 307868
779262 150508
933456 352700
510912 976309
628216 410391
472593 601726
212166 835880
29438 308919
141321 912483
350225 658028
141620 242352
655452 997140
532716 385943
372940 379339
471957 620160
547987 784669
663204 824757
311017 252825
870160 57907
289099 21532
716024 270293
620698 415454
335275 726996
295009 319466
262611 235861
14342 238748
449972 640291
450786 422701
143047 775978
498821 481696
774918 410345
654826 941347
253718 490357
726998 730786
402468 616755
670820 443234
252316 665295
337120 177130
772073 987349
157698 609831
310967 877864
577414 217924
23710 120677
916038 73763
743282 51690
642685 798987
93699 644250
967423 572758
332334 276010
869878 573715
89781 184772
696261 213710
847490 326464
84309 617907
388378 72322
133370 943160
230378 233058
307431 965019
149202 648002
570558 546789
693581 180964
252362 345025
549747 408687
828823 217251
376410 537015
948007 77042
951199 825821
396282 105829
287320 274209
412063 5602
794854 887644
4710 565085
773439 539083
114489 274858
475300 443478
353224 149347
480237 261218
476883 420779
74670 938661
322424 607344
837956 707015
543064 70102
777455 174032
796609 826272
100474 974316
571637 684790
843251 491197
830045 193199
62153 61674
84538 542875
706295 364912
591010 263848
637489 68599
665616 109983
299719 250901
131506 761746
125451 891955
867669 811783
844552 237241
496568 385490
350617 3305
974973 342674
574526 831284
608320 954146
903693 682669
629380 275744
222716 179219
391837 625054
973396 132920
796382 665650
512488 213631
872383 240974
947086 253716
51509 462851
214582 630947
467603 971097
479418 114327
891654 400603
611584 740401
257779 164328
829057 150589
746680 473718
915282 697094
810831 628909
133807 803579
251738 510307
239279 618410
284642 474446
664914 378567
588274 968554
573855 120458
522924 95900
954565 939060
384134 918613
517473 345570
148657 835514
132958 837388
259403 102502
804977 755637
995613 553567
205069 588214
147595 429770
652650 143652
208339 501105
43583 460306
233508 348232
411917 559670
12420 796980
928544 411687
236114 449102
725440 991841
333209 16496
689819 699272
620041 580514
969726 191029
590963 610739
123561 33780
424127 636997
636171 270619
923904 76185
225120 362102
967620 123286
902768 124286
665893 262024
179173 472558
891224 378188
168904 38093
181309 887216
679543 434507
383400 65068
770655 923864
261443 988920
345939 168798
545617 90616
856457 515555
239798 110084
615715 469375
86896 543207
207660 665744
561483 872735
404300 102780
520074 629726
712703 918011
497923 493363
447085 82497
853905 708646
991089 735972
89114 749163
890909 876817
922401 476004
688460 401737
667704 487370
175091 130103
79743 992813
717236 510500
965376 326571
400989 630002
822913 579110
62980 779598
776238 783816
761556 706958
130637 394388
532271 313186
839656 145520
62438 545969
980209 714499
307624 578196
92230 787281
782932 450864
821543 914379
917040 622563
224274 490207
670890 104641
269286 538754
458357 475041
642803 562962
362663 270395
199816 941308
79644 682836
680070 144515
106376 698969
320708 226102
639112 449943
922406 175780
724335 144072
264031 471227
220726 676829
721098 412691
192096 901078
440727 687086
99182 333359
678654 449479
963415 422433
504699 262104
497262 990517
11072 13838
650905 762495
290309 287063
837518 330716
889951 139495
644592 255170
828147 97839
699956 331855
824418 182916
91239 451453
486636 462561
105375 287339
915168 990479
613079 481160
181114 519207
196324 167209
94176 256725
308735 937807
327357 439433
351275 67453
663694 224695
859215 949621
692829 709856
409636 365812
803936 353619
275777 2417
59871 98001
240725 872492
132468 832763
103213 52387
615564 599971
592323 954123
242722 413795
108560 343678
944902 113899
160129 852677
161918 895730
654978 762478
101230 955942
871615 612250
974043 352752
147898 292256
459401 917196
684050 600298
49656 682410
831453 331588
64663 360164
637504 208461
553360 880744
950461 70233
353147 962039
668175 259434
187172 726861
135736 630463
241694 511714
459218 124762
775697 258400
907945 902289
223408 542696
298250 312802
719563 444566
975699 636647
998412 754602
435006 989437
788843 636051
388475 139448
976420 767433
750111 702635
589467 395674
55429 362571
613125 533834
981942 276253
931526 865496
313218 263113
215029 903180
563853 249180
676243 15105
897981 70663
471255 934566
700199 227048
892804 977446
68645 134932
916142 96778
162291 42807
940693 411792
658841 217211
339076 255363
64185 651469
308117 526411
212173 334363
875362 585508
267991 234706
177495 992307
906871 448461
616734 596155
652839 602475
626587 96992
675611 801833
790371 828982
736017 266943
47803 62689
524977 786154
142594 639111
582541 738935
682620 752625
767202 829315
368233 911856
488986 561220
498670 877865
371129 9013
380984 568758
856895 742502
176637 233141
467235 190585
685542 948181
573003 59024
67660 830724
156043 128134
244390 109111
577094 371724
146945 117890
296574 331377
949861 724708
181424 726629
331528 887810
75848 916201
796077 300643
394009 133376
684590 148233
740282 937837
546696 532516
66347 296797
973538 606817
19900 995186
287281 224463
94063 759697
476454 610845
358584 843842
159738 533451
717666 698007
105928 680144
220747 534398
707312 935782
385627 689931
692952 99597
954348 64977
646899 889528
735572 975289
598850 58053
959247 591825
459409 844840
302550 785342
624687 605681
214090 243841
748496 84604
657956 779863
394424 90377
36559 99167
105154 156620
148753 721095
475637 143745
421939 214803
633413 219188
68836 781146
714238 112476
948706 620717
160943 592783
751224 729412
738284 962731
900921 548093
742357 501697
248886 345584
245241 66165
870121 66068
534227 157512
334147 377675
109889 755669
900115 775634
575251 270741
316866 351603
415911 878484
545127 836335
894750 13114
744285 710512
525849 256375
853795 542715
529510 16837
953993 652131
443865 253700
140885 172454
232235 495745
854480 668680
664038 960981
388513 526927
492883 983058
25152 618696
389077 437780
238934 673838
313594 811633
806795 466434
854307 362331
807586 263946
11519 582080
425454 376410
865991 843190
903941 844039
703500 792957
307040 686920
128702 227883
84214 75131
141793 373232
286536 770169
996065 109204
91398 719979
503376 980174
937846 823141
643442 24707
354283 69270
393169 791957
380177 866888
81506 890521
329137 586782
796724 344152
175993 660120
486577 115908
106087 135861
495984 189461
982705 797042
372564 804078
938812 522021
523959 389863
899716 189681
849355 972400
384758 720094
335169 977067
923685 477206
314736 411585
411451 5713
451371 478335
702963 632579
111506 527854
202349 136123
621490 194558
543454 902260
853297 597768
960775 439730
322979 240075
122464 788657
179079 686211
656776 30034
200709 864280
221609 235610
246965 849777
108652 789087
282031 745416
353228 28167
112230 169901
506376 563111
731440 987888
418611 837317
647163 924413
141159 327516
688338 410314
92505 899442
556021 505907
755669 233733
51571 967203
681168 810732
372998 47675
48213 835997
597889 843393
139616 27960
462177 154485
655886 885967
572879 289993
383856 828094
935906 142073
486497 129636
785283 763898
476080 48816
929938 153434
559847 310686
386933 370335
200760 783039
766690 489474
140352 676194
70575 480174
140775 196108
202509 759269
190613 792531
69376 121499
274070 161392
983955 826621
573968 317105
55687 189690
765711 625545
567641 888749
985104 270312
904046 139013
128193 660088
120027 783052
796950 251436
889521 703425
980864 75553
804766 278759
944568 609586
859134 971212
967132 394572
97091 882952
661849 676027
583038 63742
183692 927336
220627 212982
347775 183745
766612 98345
447272 778598
317335 557690
252714 630962
480336 431357
954809 899453
333863 857568
693524 516850
264117 213315
941758 798735
216893 464034
324727 706961
313683 456184
584181 274997
190413 781976
621974 176900
16812 444891
519281 826872
381972 425708
749471 718421
475188 576250
777010 270385
426019 873989
850558 885875
194121 758430
445257 579999
168464 222946
747696 440405
291512 366493
198862 372819
715795 507762
577707 405147
562255 399484
208838 579204
739301 610036
450379 738693
712236 759424
422577 374963
343145 964402
341312 943416
421674 430078
706595 399569
984760 405773
359918 390062
492425 133029
966158 257514
141678 639796
752381 143321
32999 124285
76096 809657
148855 134258
449510 367994
145670 350882
770126 142363
714443 298334
589124 415047
590966 43348
51361 278367
359919 75052
286872 67923
810423 541441
681315 201948
532482 773014
959084 850213
279386 543389
193617 592101
572097 108863
344878 690841
414832 232843
332890 103495
974280 190354
686010 592389
61668 58060
575199 160476
985764 100160
821923 153935
787728 755908
384001 710023
956381 785446
878184 968416
691690 945800
452630 935981
176758 247083
879449 229271
112626 921613
664740 754353
465619 555070
787346 849093
143757 369418
187386 323736
633281 770629
710151 376445
944472 33223
481571 17768
302823 855499
361237 283908
65815 216759
57172 666686
406709 51860
25419 805784
569750 561052
549412 687521
663662 314604
489070 546175
896609 769839
93861 900918
225563 794071
313192 533370
665070 908514
229618 458791
715567 54706
198525 583678
520018 269914
31094 734953
301271 847700
105497 210487
909688 100427
382809 750620
128698 976119
864020 157312
950201 762515
596730 641738
146977 596683
903127 300731
952885 760260
163958 941337
920640 920504
76241 76438
120627 552215
229517 575894
855820 693828
4941 42091
912877 476305
542002 844699
331501 726782
306786 319231
723966 343505
961033 601237
182451 816591
275292 360109
535172 627003
743948 54173
786143 495576
844717 69604
759268 308825
643040 849850
820657 568179
30126 137031
700104 53521
620990 190650
429723 968698
343014 376302
518795 881262
893465 372691
611715 624780
518130 713674
507646 709402
578442 318073
130459 658571
567348 435329
407137 385324
302525 980138
390378 876854
631386 749413
593086 384445
119296 644916
853061 909421
197586 999650
355803 509933
924419 366059
908996 303851
634022 468360
278301 123851
1702 286110
892417 68403
654691 990687
343342 743518
837177 858106
462134 416951
60131 123742
644819 348964
757839 273895
14802 678154
684943 550865
960811 462278
363203 316456
795975 215456
456138 369393
566988 684513
824282 343702
720444 226186
488871 702102
492122 816292
523732 904190
941856 972719
341457 852763
874964 925187
623733 828486
132101 502334
963335 22537
267852 630119
430774 822710
794168 237679
911923 107685
230695 632670
505924 645991
40449 53011
916025 151011
934750 621683
884347 61345
181414 903138
450747 945445
614398 968825
189884 435021
356086 490530
312806 488981
588481 628798
754094 175332
706187 51900
889178 364010
498694 716133
280026 660051
607570 105152
541949 470135
13816 460722
361363 880688
767596 390441
204733 527938
16123 533051
403795 675130
934669 530031
542125 235564
979912 269516
152553 699168
441085 437972
803868 243980
804440 622230
653337 203166
658652 34692
728211 870685
139712 711601
397644 153311
459079 341104
96985 843957
775882 648548
986459 971827
583166 158578
152822 250740
2087 657417
54008 178673
512171 890954
100145 749659
355434 178096
162629 610923
772436 13479
961948 603950
563339 795542
37736 719516
340 516286
543619 846419
810137 621896
193576 663465
983920 85276
936927 852911
839874 856392
91960 28423
123008 512545
767343 29722
266820 872671
692936 298645
427917 489574
678913 604247
331479 302192
436619 536152
716352 603241
282122 649598
980459 982723
145067 488370
925631 896956
27077 185249
736423 585693
149145 235075
223430 876465
447556 604998
999982 112727
73101 253618
599327 996256
645516 730002
571306 476213
973659 364930
410243 7433
318461 31369
685177 987201
529247 740182
639325 811260
544050 536774
115647 987104
501677 604922
189663 173208
789222 644868
616744 950385
15993 271206
417169 889742
978354 411385
162294 804432
611332 877211
612634 155145
168396 512222
858637 27739
140302 272961
850 96246
602301 739871
581051 752788
660790 327200
596223 460473
31887 504893
990622 714652
30571 781154
435393 366170
37168 134584
451118 718701
182772 9791
49348 492145
326057 389340
591324 590940
849610 280461
509902 490028
3945 849515
725693 987006
426134 856311
242928 904902
822938 38518
382368 683312
983477 37566
448078 16269
232241 182016
55313 422650
748708 465546
755492 804913
663886 284560
360168 787486
595669 683059
715026 259252
177045 401562
810804 612144
120708 373329
248809 599088
386511 902359
538789 249219
589169 928565
36566 435213
676152 150926
74450 50142
498320 382745
352315 901773
975435 715359
365747 663588
596930 166876
820602 114502
749678 863175
509536 983626
449094 331730
281377 62586
339605 970890
297055 449635
911805 696949
195369 407391
280681 975783
912469 506129
992215 601123
301491 980817
79812 12928
873242 996295
256437 85184
175304 811506
839115 227955
937477 32681
624758 243392
231195 440904
851957 622137
96959 180188
540053 29949
805351 281004
77592 656066
853143 94315
769898 723668
931732 479214
318844 230618
200264 388590
641225 887646
682160 99464
185083 138117
637469 987341
382477 921456
95533 920738
572055 407611
183409 945885
488076 914204
437009 860847
549649 496081
510199 494292
661550 150214
234225 615854
83653 359732
8401 441303
54952 415031
73491 367129
627913 361745
87884 791005
964218 615002
866048 269056
294704 347378
330078 440725
915120 714159
333990 881885
392768 813925
504762 728927
244881 58396
678049 638085
69791 876653
158340 613503
321603 544848
544026 939179
831652 543286
668808 957296
543915 265258
152947 822323
142578 620709
579179 802419
507002 120778
104905 381106
886949 483888
347771 324453
152807 938927
166030 684134
553463 877208
308955 733611
895952 236727
950215 491474
627723 735316
39375 327791
642257 709674
870894 4667
446487 779330
875118 600768
582945 122428
812555 434797
752985 388141
138580 969501
270240 558746
95422 117617
594843 46792
225359 717235
732118 907631
163874 361793
172725 103593
644412 288941
557682 86145
923544 382776
50332 760872
420530 650855
48597 333083
173224 819532
527679 835061
835871 32222
704210 430865
360037 652690
641503 765180
831175 98837
750500 907794
347205 865757
386432 125497
247081 806332
630134 787232
843221 266539
832066 596223
6992 827161
985260 906860
611858 874134
100559 201918
7797 664620
396005 483527
547411 444991
211119 512861
304695 613265
444825 211327
439922 922097
553960 240301
931807 281293
689177 283746
467139 596641
883590 80316
10554 831962
835033 973480
61238 217203
693732 840578
289105 434393
986950 599756
927677 549151
221211 278957
105722 574296
705920 263280
711226 165188
748966 451854
149131 641489
674592 480503
560429 688573
349768 101787
856694 575656
883849 501874
996261 519044
792972 643877
749730 592159
741900 47685
892856 510079
525522 441077
597901 388709
496048 696991
361333 645246
510220 871586
926155 753071
403462 969497
140556 620675
775135 188288
799010 597645
966254 863866
494493 698249
926230 857425
91608 708572
691858 530597
563974 454278
719919 439443
460991 677258
353939 611943
610553 794842
829993 113100
42678 806951
923141 715532
792459 120243
330433 602384
477037 404954
566713 134381
916186 855314
34492 493440
635424 542392
439609 152689
888780 259899
659472 85877
755457 245710
656334 227272
500277 701054
656564 916829
4493 114764
541566 592335
678333 194770
435961 104025
671576 810566
331402 575901
87513 405756
957854 142742
322398 834173
114049 832832
449910 897514
50343 755540
816837 15041
921721 667180
991844 411548
62825 949620
989935 155981
26892 644926
935182 750036
660737 422043
827535 626118
780056 428345
900420 478184
11329 629923
999282 656421
427156 469912
202722 977447
159993 830374
394310 795346
705185 600594
16815 899276
672667 507862
555270 148746
840424 127660
605494 223157
297668 789258
170237 518759
476256 591653
366935 94569
724286 63753
89517 17939
146061 592996
451748 775071
40847 361810
524918 201076
209449 257
258895 769911
43941 459308
881813 558179
563105 78853
375737 866492
216374 295610
252040 524242
389311 814855
228664 968861
553086 821645
267387 636740
777789 522227
554049 641285
723168 612287
185349 816538
76874 791934
993616 387102
835473 22857
627511 145761
646859 512310
538469 349400
857280 841877
152064 29542
879577 459303
743889 50922
12067 807649
772666 97486
4063 311839
592776 861986
475372 780711
645813 165741
812525 619068
714791 587712
889105 611555
303639 507285
133935 494628
829604 511004
601466 905125
570899 509635
95951 787052
204521 452519
270273 731366
678373 108900
815438 30393
315729 794736
616476 252736
75757 892833
247846 535257
996067 481755
706376 326687
659642 132922
615294 501676
596505 800455
567099 524296
148161 292430
146664 655147
953259 226096
907696 393242
244208 612089
217922 509374
869013 103528
467579 5607
236230 359211
467333 330478
489523 2274
122806 661833
267454 723483
954385 793937
34406 553784
644752 559354
846888 697939
916106 748679
597132 568656
73359 206512
680172 298694
964018 135363
237394 942534
773276 165720
566409 551774
803921 568027
785857 700089
570611 180784
223407 794303
215757 255114
189907 678673
95487 170839
244101 761652
117813 52129
387136 659045
655176 568415
417145 349731
438801 299670
287467 127796
533728 719678
853398 719537
850289 847408
115599 1567
419151 235577
286476 355214
112931 917601
236680 196094
575509 897637
260513 213200
846016 453465
828364 990503
204408 125641
791170 446506
281075 326579
255716 770716
448571 787214
15328 161025
439417 183198
496425 869846
305606 132878
833982 93767
859189 65154
462549 643667
244930 918694
349548 476987
469088 996320
571312 889074
244585 694393
717222 657483
204397 583330
12243 725678
488909 767601
336209 737700
843044 348337
813992 205892
33222 825800
251271 380085
364072 819957
818612 584694
646124 799076
686432 678000
885211 954860
757557 437004
100916 259601
168370 488094
921845 965950
298840 290264
325383 92088
784769 523568
88811 490780
107521 432096
837323 245007
94094 282161
713323 532578
305856 739539
664491 852657
543655 490704
873617 807237
362818 213563
27140 213924
12660 328516
141245 756461
918945 325038
489524 175699
813024 319851
684736 314613
681460 247168
139341 390879
783025 680120
603624 232215
30582 354662
173780 634932
416257 794541
799181 849635
810808 859213
384644 344026
715856 59210
528504 999146
110915 951758
478564 371248
100814 685448
358309 358560
462073 577561
182037 704446
450259 373079
747802 551370
887941 452441
82615 281098
64662 770867
856551 603283
600239 58043
511895 241261
714235 114497
182527 463349
352539 1783
456498 772382
727908 466822
589855 447883
424814 875759
838497 908057
550943 218992
184270 142032
993084 314007
566410 233339
228120 557439
447458 368465
415183 777060
68754 551377
529240 615590
148926 12018
659232 837495
57929 519462
562739 951391
289066 40245
100910 556373
975433 754485
40307 998411
637137 714117
394813 457973
69223 367886
120777 912722
587296 88872
475057 657510
436541 718690
491826 370035
748107 852027
467403 941691
21617 737314
678022 912010
830095 900331
192098 916611
811775 680377
703179 760570
32797 568458
634454 995681
212473 834139
593752 861154
528880 197268
254662 518779
484774 733381
404140 854879
805701 626449
45093 422327
515221 853224
807704 651729
658409 628965
719782 383199
406008 55451
256922 188686
499334 45603
790156 485515
751114 713156
844371 584575
992918 61904
265008 29433
320400 442195
34711 50969
303370 665523
470944 246395
927956 464644
638776 946377
267384 963812
381484 853842
554289 726106
558424 696330
591520 255215
226174 719516
894186 62081
341806 710339
738101 607321
360251 654976
789072 496762
590535 100682
1035 91851
203403 739228
464255 821124
79235 908161
563444 138139
921221 988146
911612 558905
921782 198153
673482 788071
783481 299467
597541 308200
162565 117686
936668 115639
337658 708855
600215 448987
444361 75066
866072 134388
963666 99436
752366 155612
799492 655421
304442 545807
822752 263261
621158 519618
519196 460556
490271 918489
599714 861424
789612 951659
690613 395375
883802 14720
550667 487992
267239 936226
774518 16114
351799 151302
621346 866795
276512 285216
518778 687811
424772 993095
630832 938762
783453 496377
52919 714360
619929 672513
158863 801532
320141 508125
177451 618800
838695 147770
200668 524144
163916 678556
565592 517680
286490 757498
515290 286193
932451 788340
355705 466003
893467 309395
21860 491992
695732 502378
383111 50280
819987 528010
348661 353029
473067 282873
109218 736479
677414 773037
359177 468208
559576 25257
742666 149134
570600 249165
958749 285842
181922 24045
702952 289283
557310 594215
972041 721418
882876 783162
216316 45177
757180 689765
832644 913148
708345 759377
255779 310279
337601 6415
642534 66726
855058 179562
418463 773196
392703 404986
18942 135930
726013 564168
477858 331931
347118 530177
83250 876431
458799 851647
631811 282289
69984 919911
821748 50950
475897 352752
42868 425397
617510 267567
972395 843047
337926 977777
802943 162894
288224 142686
113292 368063
339537 50336
102510 110614
74993 403984
377697 158964
11551 420785
153413 745883
834795 602364
375127 483575
785352 179140
661421 112935
190017 578761
190394 518156
432956 100541
831971 667741
464946 661278
518825 883151
25970 210297
633427 588058
158401 99247
717805 397787
194729 754317
839415 587393
425213 479523
900661 394599
994847 795073
656627 753255
883280 362006
778910 634983
734608 929689
337417 306576
747010 297633
681735 772276
820684 389093
455505 234507
326209 180982
651351 893009
869866 573201
330350 951397
509594 506
302730 1311
97531 669057
887534 486040
541282 594931
298344 905422
812818 670148
823879 76050
52638 353576
445975 763416
913412 977814
970374 356822
810965 188871
213409 390292
956049 651113
682436 440386
701787 979790
457664 664406
264873 226554
959395 99913
728855 963661
310640 107118
599167 270651
751971 27058
830785 646566
393809 160160
591644 592041
743071 730129
366535 611318
295533 943245
524631 991137
980179 979130
549580 396553
325014 857922
967983 117573
77480 470907
407086 801400
76593 737797
242341 544939
136866 671120
255799 788381
364701 850683
535840 683252
804730 218602
790353 960732
154053 673190
212421 406536
487381 396900
496750 616992
678156 576325
768767 528437
237808 460590
919747 169306
29861 834475
513190 606911
688008 75958
292816 423659
605636 929660
395086 331832
122143 186621
901104 533630
392324 547738
892987 602394
73064 464003
286233 321484
925379 971040
585322 853770
182248 257489
496610 413864
236630 549024
276577 852074
626935 507680
343119 503020
608605 159066
294483 448318
186592 399815
391391 362862
525114 246008
252466 691914
175780 630443
725713 611088
891117 428363
925518 670643
854101 36232
394218 104662
210056 107090
521220 357384
323920 241799
273878 563221
437394 693348
994218 369450
305590 317447
402018 499643
713599 294244
689575 367205
184474 634063
173457 86408
295215 219502
904068 243601
773847 684728
405997 926087
386249 411029
929169 721658
942350 540273
276756 975748
120660 624677
238242 564119
74382 322191
373975 322727
632714 499190
805913 397969
214370 753003
568233 770895
35156 278543
456488 230514
526700 650276
178130 310482
665814 109470
936805 391904
895656 461401
856247 836410
928311 670001
134176 668049
514196 444584
348124 63274
675357 108593
344347 579540
419013 14568
870498 787066
48887 394220
962130 927397
715438 703014
561529 337763
502455 85502
759979 820131
759487 991182
955568 199144
505042 783838
428943 132201
814785 568881
210651 948336
88391 432517
594962 518033
669417 623464
431461 431398
462701 104262
55104 49378
910760 377108
866315 380156
300093 265557
937067 279578
577823 219563
290654 924758
474008 620109
71217 355770
472956 99511
256458 948842
981010 309354
15165 373861
155272 308381
855411 761411
86000 184201
767647 439254
359779 113867
56258 249482
253831 288890
929790 650842
498966 449127
127711 662697
947891 443914
24478 15244
255753 313839
593159 464075
614399 520243
580958 316366
506114 112284
596934 303149
733226 318333
46705 635074
12234 816535
242602 403044
636524 805199
289046 869113
347881 345174
607452 990425
668569 97041
651077 445863
777126 177069
797664 783497
824208 256102
932043 271468
674269 366702
540521 976755
946868 499416
848039 100880
796511 967055
241448 545125
508159 221044
237781 426691
578169 867706
307013 254460
361243 225831
468497 105457
98342 648308
237150 947156
827497 805987
517129 661279
215723 557047
209959 764430
785383 382049
253334 835653
593866 929128
286776 638487
121714 783992
369690 966649
647341 403724
76422 378436
416723 211855
775712 952671
5590 288594
83941 285150
678784 411120
503251 350007
226438 677466
873518 741004
648052 216858
414772 646291
657840 9145
599508 595980
301831 286538
216460 95282
201161 461898
843148 837188
413086 525161
303081 977680
424798 243240
466971 813692
917977 643685
394356 84321
993343 151167
883317 716221
466728 129683
170655 376506
719012 700886
852016 62005
23170 184111
231117 831201
94600 487153
649636 67110
103758 568096
943916 880687
7295 428499
381597 772061
865848 882132
405206 448161
695351 640288
238698 669330
937986 868027
611239 775354
501219 316745
142934 3323
866946 744023
923173 237930
392982 828119
15427 225957
230462 928270
699291 871276
398647 480139
325066 675249
318284 195244
145526 776720
274191 787057
74624 661594
913715 822219
681322 790805
3357 497415
634728 676287
6924 619165
534832 167682
514325 260218
630557 700919
21618 522962
718109 275102
61572 125803
541052 953537
288343 195931
536441 633283
729879 260478
772913 516282
55647 562055
874793 631123
620809 70971
99491 574969
75792 452213
591773 967903
295362 774009
166289 459785
600619 173718
505325 616654
300665 366919
393952 108456
383119 530262
293718 984112
83632 684482
988051 700476
656747 78866
44014 152378
737291 274504
440120 604423
235799 543851
664513 847396
605321 733042
69320 416608
532985 864005
361582 354609
121519 841015
494196 266975
729390 420618
977718 896155
833261 506513
118481 34784
478696 463590
467876 786872
632835 659466
812407 947861
276840 770941
750371 158634
50316 545672
62124 397001
416402 762919
919298 570198
667273 516339
924626 139993
801670 912293
400816 594315
50262 194304
589243 898550
70870 982094
823027 81807
922010 600391
619150 52692
158425 123582
781500 826353
377786 739435
9455 789703
463192 375080
216172 566885
611114 39533
7020 394397
622109 750244
201415 252548
984586 977410
341336 309352
599093 161775
409398 61077
680209 645196
89937 386597
786586 569257
843996 864631
460126 799766
579771 421293
216466 10464
662464 332064
150744 537155
611382 550575
273388 692522
840974 447498
345144 254895
650366 167017
19562 90704
300789 602193
989742 572023
628167 517803
75646 588608
607116 253306
372323 720177
567713 344044
611347 737614
598635 436928
667736 709480
931962 380809
971935 863888
618609 362091
183782 891646
798864 190769
220196 722673
914829 156940
174701 504934
523768 90799
515766 116445
87571 735779
301915 503152
720975 215730
537606 372627
638026 731028
291992 142039
971519 30148
229804 889469
88715 529211
105911 920646
938592 957876
61940 821043
398136 268131
319272 130306
143560 167934
565746 354344
505050 732727
263904 594868
374522 159669
20175 888273
324679 133331
948927 785797
7476 380869
660623 528321
284501 456628
975373 384082
918467 529894
544142 416459
490706 955124
492415 732176
487040 553917
23169 622232
399332 77759
183283 738236
452004 636444
91713 465864
503228 4396
317676 350032
145509 444232
531271 830290
34610 214071
643655 921082
987662 188254
201778 199712
855567 864025
369423 4901
841873 776742
750776 253588
640189 546263
370576 158979
165392 26295
517755 672697
553449 621258
17229 876225
835567 172634
776773 615518
611970 181904
837864 251145
765224 566488
823067 871379
416440 968309
381776 760986
793350 236295
912683 952298
757908 332743
872145 63638
10378 24729
470102 70231
382759 479565
599112 618105
245456 640437
133789 639767
603738 623793
719614 875160
384544 318747
90305 119893
369924 499395
601069 205775
193432 716089
140249 53121
879839 385356
970996 958057
118393 199604
44429 256660
967217 204855
3778 22271
697479 663214
764416 507157
193323 534405
152583 174836
227453 604623
297942 339363
775166 928649
92367 956268
783026 158028
938691 869385
96385 262578
696386 662682
696733 533444
61711 325656
645538 848569
934726 94434
52054 407287
280442 92482
208035 732338
353360 135842
212636 465902
673434 863950
547546 856845
404473 506446
648780 925186
368824 270772
495375 116342
583237 886486
974856 487551
731471 9332
388824 469980
3320 820043
595331 661732
921739 805645
561699 758106
106890 134026
708351 756990
351902 111011
210013 649909
19028 686632
903704 26642
191365 526234
761254 902406
706534 564874
62924 449952
889903 81125
997495 958501
116259 841783
838226 862947
858828 937942
618078 85282
215539 712675
798937 160904
287708 82767
398561 925512
622066 842153
520581 315436
948344 760706
700560 178707
598692 12469
109812 553798
302011 639420
33357 41980
676927 932607
254384 553942
408306 964609
142664 268905
881852 755029
422687 896111
969872 620181
717668 97122
325910 930026
671183 279332
12450 117331
940017 338379
182419 628488
442142 844683
568835 805778
104354 691045
102037 993147
121214 417247
952072 112626
373793 945745
538706 623526
608014 682004
41225 842932
148792 885562
670258 494432
994555 381683
701880 848094
444208 854263
33469 440217
978696 205648
892904 632622
891614 953393
635529 591821
946767 973767
144101 110846
768852 891235
336101 762678
38368 770497
348041 117402
133314 728235
220664 151502
797586 106643
73518 3060
638184 647682
635161 207923
984973 705935
384561 831753
687601 698504
377877 730743
744117 138300
785390 820377
328732 43219
294758 662761
464081 151765
100712 86802
297914 381279
274335 628279
464090 491936
834723 734091
19272 855815
484788 131386
124793 69427
571174 121546
33333 129525
704234 720543
602637 995228
385647 889428
646120 630743
443886 57380
512440 976637
905558 258883
426765 6600
855235 988362
464812 907943
454427 440935
47746 230372
293706 447186
813241 59415
767627 821938
205724 800717
180770 665629
764321 715495
88523 475842
639998 706676
71331 287778
137770 125619
400941 656457
16698 90922
460593 395200
202778 613116
553075 697923
603943 274416
11922 19789
506925 515120
115537 438538
442135 97407
287856 945718
160405 230261
508936 325312
943343 156207
208409 811167
361563 385674
990748 740566
201761 784793
477827 460339
280946 130204
393615 281113
978777 35152
998237 699780
101037 290500
89041 506419
629444 886003
685301 800107
482909 149047
796602 231419
749620 567513
245593 625565
822474 895314
644862 744990
663030 25344
722529 99401
941529 927386
754100 738992
615772 49558
426079 952578
611649 540542
247625 481380
232747 109673
20057 645700
684723 721377
803534 463133
300536 739423
620987 560119
43180 79557
947841 639549
502788 677591
840321 850343
482023 43166
378193 686038
773065 91598
226089 830227
690221 421325
440377 362470
73590 18937
174329 788288
112992 351580
464750 23974
995519 252761
505269 660129
822553 565075
231394 517853
406232 940082
615724 196376
220067 500858
551423 351379
897188 521067
619958 731782
879915 517385
307003 384793
944055 291671
857341 985166
606731 403494
262900 600100
129352 162624
567245 872641
898806 633309
172180 70907
883775 73443
525085 354048
582620 97177
37487 103368
799611 915655
247458 816396
659437 692806
636261 83900
951603 595644
737610 705929
993976 941474
736034 530563
599117 856687
482000 619673
275852 700736
182061 827231
399852 420285
437624 895824
101888 177385
266741 786361
524233 745418
840646 518430
498144 603107
240221 741971
778164 740974
163 722642
894239 530891
750600 896411
626089 217165
76842 908584
564850 518541
772827 364495
460234 550749
416610 238123
590734 776322
766970 80713
438512 542335
133783 27090
372127 713354
310101 133647
111211 334612
966143 784264
889876 234510
337574 54000
684805 743834
617273 421221
675492 715528
694472 813046
499573 645157
368490 955991
567082 835467
652747 39097
378964 790569
452330 326533
210755 564493
451344 938867
137135 252858
612075 488193
47432 682582
570781 787734
501710 406722
114587 849204
620880 209432
107364 909742
515198 143736
888218 159621
755263 300866
65712 669674
525367 776961
940419 988639
145021 727333
665530 578402
408315 855848
629543 185612
704916 69997
912739 806094
119357 878256
597640 681403
151402 747460
74361 535738
754059 165896
11429 528750
721491 584513
61056 384669
523975 133501
957593 100694
114469 132768
413846 869077
898677 438465
662032 74011
953492 111461
664615 832872
548523 20685
879463 93342
892537 738093
532073 45108
473439 520421
477588 264749
913898 841440
403618 522344
594832 907237
673510 735194
172187 302600
595703 26356
625736 279922
940488 669224
541973 738130
486696 659212
683767 392914
330973 169847
702204 893293
30207 383177
327121 160692
522954 224418
326787 163249
369930 672707
834439 171587
593145 837752
244203 906994
309857 885135
930516 195002
221141 983551
29650 43007
532982 78750
294718 910298
412228 931180
984477 147071
569013 895511
310704 286619
333583 276520
560187 371446
190675 947485
947124 155331
698285 692272
384342 341052
677949 160002
730950 734554
224228 803087
715050 163047
304162 385596
12296 679852
579623 514737
944299 967193
577271 260884
473444 871423
324204 795913
613964 537320
966541 789164
405843 329919
456216 784015
651221 579576
51483 138112
66393 62206
854858 339064
901079 578344
858448 345147
513752 551071
565015 794517
410469 620155
308781 632193
265539 65069
508680 988806
739389 605759
624924 291484
770715 509146
834130 81630
178830 711775
109754 814346
843104 57323
927562 681196
32712 130349
885019 288998
182240 850247
164290 109084
461888 982672
758348 349383
133413 258556
579531 698008
277729 595249
93703 563697
351754 833905
39354 959064
800068 558845
303440 985422
797350 592725
345213 726420
656428 344312
828181 437171
721348 71617
378504 626520
257418 675310
844885 255663
108356 234959
853928 446729
506240 305454
243826 562188
417271 227687
724245 523394
306532 230771
825447 223384
342892 9187
992936 655567
721509 456688
168329 832691
927200 991512
261882 617380
710660 74794
673685 82507
874694 615885
643226 39178
77467 34966
719212 309455
503289 360670
688542 895402
109222 521230
554673 137066
885509 128708
976933 657161
49819 326935
134748 308394
24478 402074
138560 140554
215564 675174
739651 181821
652266 851524
645857 612488
177173 979868
959912 43837
979117 611942
950587 743501
385273 282307
937110 398176
571932 883528
288022 616671
310527 767385
473291 752132
565052 222149
247487 583028
496934 152593
219972 386362
946436 306390
197593 99395
439471 194359
718816 92801
356660 443771
855307 376590
494584 372896
377059 793709
283894 90271
77747 673328
321103 635602
795956 751413
58181 62920
742906 869848
999606 411107
576127 920256
382738 173064
365766 364432
669984 208369
161163 150485
237354 572759
894890 115584
940171 793262
630827 474840
655351 20851
409671 280909
468072 664402
685133 454005
548604 302192
929426 53142
853169 922322
359435 301323
108494 315723
978765 478428
433770 174088
393545 518017
551981 149575
335456 256551
835997 977953
415272 191076
843263 7741
738084 893145
786692 378040
545772 556987
391571 646429
570848 470513
467020 496720
768973 914514
85327 829892
223937 27064
95958 307634
611070 698940
96577 719057
29421 366155
158684 569133
346127 936042
678512 384418
243816 597089
719826 971231
252281 196913
50429 610725
639377 489373
283749 661916
201511 325590
345297 56224
718317 593188
362978 415195
781946 933051
714798 494677
82551 641620
57774 137823
928994 336643
702692 878513
349191 967801
518946 705344
195795 662189
174581 185412
182526 758831
539904 350330
863982 440587
779020 52278
173679 485568
757553 159769
41706 324890
785085 130766
936289 33405
476542 946098
292183 387984
688112 960976
628082 565465
740032 575774
866398 835115
859794 445520
384822 423068
53263 25260
385105 898773
741542 354206
596237 39850
434727 33494
471668 991525
988690 415032
548244 607836
987314 500054
226326 295332
736042 755393
58766 603201
645650 576729
382649 662585
146814 518205
929647 37204
173912 663424
399363 213747
693742 616676
622973 732686
963771 340875
235150 54551
454726 137482
301660 228505
424978 979934
561034 290761
853838 655994
135076 315251
125544 935728
79581 409293
494087 672490
864840 240880
126055 87758
651224 260571
682437 317032
282757 209123
855740 167803
683438 448663
267484 620342
220031 789652
406489 321760
11419 716844
868767 874167
847346 924837
604963 489619
607179 36883
826935 976371
696721 672144
429235 44810
441053 119045
929804 819989
534653 962254
877216 13153
995201 4775
470079 810122
322668 244757
256128 501473
993028 80501
789479 387082
49777 805754
731745 625858
887440 815361
434426 336123
147765 776249
44681 680932
710031 312482
865566 576334
613737 55749
386718 318182
905192 617962
701217 483408
153282 247210
869905 519811
316139 291833
821518 874768
213696 36631
153423 702592
446199 814856
168359 681480
638144 59010
841106 386970
686171 343638
128766 14465
632684 795881
861438 633115
522898 29968
102585 299169
688089 16758
420875 166470
886611 541297
575874 704570
115384 777370
268463 608329
6375 226760
988308 188485
843022 692858
751845 287192
568597 531802
386828 664131
66086 533801
935451 261605
901686 707453
501420 794163
416416 688499
968960 89403
576844 979942
767283 983193
352004 634793
198823 265666
989728 305112
707963 363180
868793 294692
432189 82943
924618 190427
958920 649128
532849 211398
664655 209590
74212 737787
719501 206858
611739 622467
63606 867004
772895 53120
788668 509936
868186 666187
781321 129919
818822 999620
849699 168756
609688 184224
70330 845482
265542 468136
73491 687808
860215 920682
117758 696716
629913 451825
307135 60993
944494 778222
824505 175718
85141 171750
29057 329714
430578 32483
669323 212539
388138 53298
275869 859826
537930 688125
608778 644809
901612 407275
45074 284459
558131 362950
278717 356913
221039 375391
295868 178193
663708 640511
399783 352370
486451 149525
789491 782816
261703 909808
219549 178737
960763 25915
498897 796460
351341 928776
553708 539548
45235 70746
713136 638555
900036 245941
459838 658969
303480 402143
643092 727509
277859 122937
447001 720903
737982 194341
152071 397701
356001 252467
435935 637054
790791 992952
606871 823395
173568 188016
520944 877071
860239 555886
32097 713007
494352 970674
430535 273797
796620 948693
840197 85007
411649 137378
112243 161605
387023 787949
647348 388748
283469 441727
956904 48516
284682 668575
981557 645692
894169 783305
877170 97122
295244 463338
765676 461562
528937 218493
426350 523555
977151 741831
495353 510734
670927 56423
97771 344449
607944 864749
240235 54381
226986 86894
532139 397344
862148 35669
855889 670422
563839 872367
112900 696111
393903 708675
503162 653961
524102 995204
78242 707422
231090 449382
907927 182944
778161 197069
565990 802402
403248 301953
856270 640967
429006 557043
827194 166947
583641 963956
81691 521218
271682 353898
350459 661035
472156 168317
730041 178386
702948 839097
206959 606702
419536 709343
772489 54102
152304 428276
636207 843381
889185 729775
769056 147735
943740 834405
792575 103092
697384 608696
77227 639480
996455 495501
617606 91546
622163 154324
126105 760622
640564 372808
969836 149648
681283 274723
833858 14571
959298 757753
180785 929819
141586 803632
490783 830820
133299 535838
217486 262829
759449 362207
324103 817730
472624 495864
934873 765109
113281 137957
826362 245125
70554 795910
602099 476535
24300 36807
72129 910271
916812 455232
902702 507831
169272 676373
242589 288136
370055 139260
108071 292988
468687 233490
998136 425088
126337 488072
776984 240708
188805 172869
53270 754632
906656 310983
325223 713810
125392 138444
295972 691891
669533 558243
243710 993140
270032 856755
93690 521852
45382 852717
280736 561231
1155 673114
49633 664328
379136 937702
248209 716558
92901 74115
967440 469346
294917 627565
240623 606433
183824 179867
655217 393198
817666 757065
890532 320734
769238 998850
880714 789830
308938 330100
209894 173349
186427 898499
862191 94559
691735 792082
830003 543942
980695 615557
34837 424480
984616 654695
199877 733752
990382 501131
600928 482395
498934 138090
668274 857530
971657 809854
80040 371145
66741 696610
638811 784185
832515 334222
645143 564397
93878 960620
954508 744760
676787 867746
656136 527312
818545 617367
302407 95623
701189 322530
417428 463453
134651 916717
482968 30311
711715 97816
375174 881355
948823 612660
924891 522055
440923 769127
584776 655996
241930 562221
34858 168452
681555 916573
625643 476552
593943 611221
514632 312866
964591 913555
314564 419769
390467 372000
116994 401063
440891 555677
673481 116967
799993 182152
697229 283340
747850 137908
474974 738556
172252 764928
508415 429474
763280 180852
732638 855707
880316 225202
678174 253596
539291 628249
343962 205755
654498 427027
393754 425807
366241 693283
582531 521171
83962 924145
84368 213176
486346 431913
446782 193270
105775 400217
781804 838771
967249 657177
944840 608100
738452 779541
275238 561933
745333 91819
789637 679481
402757 891474
988690 127860
568249 359039
981763 25180
250782 269063
297309 978814
307790 879046
439770 719902
791741 872976
201529 165298
874394 438319
509091 815176
902316 284548
497067 559875
154403 683893
316639 420923
736228 301562
739484 791694
447601 268868
988331 162422
749593 529149
859636 650623
988737 904934
356297 267519
387481 514774
320520 792476
265801 64446
429121 588112
782055 914689
313547 34559
502394 557954
448589 872737
737848 256886
43027 496448
787770 183697
523706 648403
382135 682456
402635 883948
249198 252502
899945 786173
943503 863231
851090 749410
917233 805659
930569 847671
424991 137593
993662 519366
485502 305836
688270 323898
769139 332656
851925 636921
438345 440504
12812 536800
722956 582190
631742 830792
269877 400668
662912 371364
36217 929982
854833 783516
472287 818196
581844 94625
44918 948115
813462 1996
24574 518367
336844 690821
428413 619034
265517 559172
74686 635083
169763 765996
541492 866948
761534 225731
283352 747417
613662 240138
361823 714544
540466 78841
859193 442100
75 54718
452027 63008
375199 129579
947147 472670
830068 992114
839266 533383
973258 736619
975058 65207
457850 641780
769670 73137
189717 539909
995447 854249
854808 214790
578036 774607
53491 408324
985335 713904
214337 25744
863502 406641
958408 115237
312383 803382
147748 497296
243670 692357
827770 479030
266536 532405
123158 881172
967981 435304
825972 118852
851061 972764
218582 33199
763790 953592
681542 403520
691492 419592
797993 698883
499791 60520
907480 527753
232556 80824
623998 841622
131622 496656
885158 490652
881861 422052
121707 160097
810908 923048
891510 807674
985759 68390
285224 804710
168957 224873
145923 331037
981099 321030
320795 400869
926128 685435
897698 600330
747023 353240
38195 545048
807162 374579
748919 936835
658459 715630
928834 130816
663042 121051
824040 237352
634161 466450
311950 119416
695440 733271
108155 783335
270854 344580
58047 603523
969431 935331
834035 571591
269956 746325
130541 639808
50528 323458
387268 77792
374984 759818
116775 427069
71283 284244
872656 532422
289014 64322
604130 934979
716031 124493
303184 53827
572006 208553
667452 724838
259233 65471
289941 328697
638510 55648
886863 788299
498185 244124
268846 957337
485990 568484
918336 479653
671323 122995
944833 787584
161001 826666
502234 233388
67496 863869
25813 277890
280524 330318
144035 739759
853391 459926
517779 617619
587965 899249
765074 70962
623177 927854
154387 85235
353817 903767
490040 85089
648631 245567
427455 430355
713156 512554
903773 761386
962511 923652
357798 855008
855065 886481
739345 948505
430648 203831
48115 94165
548375 580965
613856 712150
65906 927661
122767 541741
497752 687818
220441 163815
985244 137698
139461 564160
436794 760531
276219 626785
836101 333232
610993 456796
418885 13801
656102 8316
770588 431617
11663 349792
242560 478930
186421 524871
480369 122631
804309 476296
250671 96339
705282 438632
779373 748348
530070 92568
1534 465105
716903 16228
828702 836277
859112 55886
418292 302809
820247 63962
357759 989028
908961 832544
164850 381613
348120 596631
4316 50228
412859 207151
69177 148903
95218 884840
806589 246312
75122 513149
735505 171523
117405 513158
145075 73559
86243 86660
334728 434179
13113 49188
631751 502280
13276 337996
98484 84596
346677 220572
570720 945596
261157 875148
529240 82603
491861 565808
840845 304065
330378 532342
621027 769758
429542 916617
585672 660055
276330 519780
766850 716723
732838 602990
987130 567609
456902 345907
385606 691077
741466 279491
212431 793857
828290 549987
517408 303486
947899 793249
793670 938139
610325 496010
976071 905308
929380 231450
667481 593252
929716 797025
263668 933085
216337 879116
863522 750317
754324 730100
280171 792490
261373 893060
471017 67125
703690 151472
634207 466536
421840 860128
319936 972046
909036 203595
47479 668362
593322 262647
590226 735368
546661 222876
924799 915833
87628 124036
578687 950371
315983 508628
668034 95012
143816 553457
91726 301220
444794 889002
531483 114769
171350 849258
381624 221655
961786 755534
740842 570278
554334 546594
761742 237617
741636 496593
2286 315923
491464 779832
27361 541618
470494 290596
658315 238015
274204 281082
145648 910782
830240 272996
374893 352315
956339 597883
751118 194185
481432 369306
286244 763314
795041 639028
429680 677025
296893 666246
636114 379541
301694 663123
727963 400274
436851 733186
221791 278204
634087 240636
739422 546096
669014 119511
276325 248908
288505 46918
385022 111820
164664 51000
609685 349182
250491 911890
43290 972972
154980 503966
733013 507553
685157 901071
953475 712822
271190 608327
948684 784127
633493 851097
85009 392321
240541 678045
608466 766433
783422 898925
499947 921461
739526 807306
626354 356930
348786 289489
450757 261119
579884 113225
869143 201989
928308 40501
911819 846475
273355 911604
433463 121763
878197 355163
721163 149606
230271 470694
565724 370026
36439 968553
704329 6813
335915 351028
528347 587411
803727 241995
36010 731109
293947 867099
666339 507259
635351 896184
638272 405303
210888 806767
84765 700842
871335 272968
747949 40850
87003 760769
352366 341434
478110 758274
444602 465937
511242 945434
401603 120504
115028 529682
883294 321270
417254 839686
107906 546304
874680 327198
13789 448152
633108 972420
104033 527157
811797 165622
15286 37812
367721 516325
51311 929877
249017 618594
983534 602646
449443 988490
841001 313464
203231 500597
423373 139718
161664 534307
889756 744568
883619 44923
882298 802019
85083 109048
795411 935407
827173 148388
761239 19227
668472 996408
555720 795097
233070 243949
825477 58641
915627 526175
474309 577734
97361 876894
282244 788302
917262 33715
962923 311631
592975 103173
383355 541359
160232 811262
646886 835275
878337 319866
745185 173178
817999 979051
684645 230090
536228 562479
61616 978054
495237 681755
156486 913072
64065 768701
91376 8217
136861 464651
408328 124356
988987 46799
713558 458823
511968 196063
48403 280014
257374 231988
334132 323992
562252 394385
975334 895865
794046 941857
88737 623608
554036 740902
234796 819825
898168 590441
365153 683748
816898 902501
354517 498340
979263 869466
464018 77144
199947 109611
286117 910855
588244 252120
223072 970585
786661 987847
788555 437170
212681 846702
543472 410828
225734 65182
960386 628844
766765 656107
529198 210847
820817 511681
12865 760512
310125 281633
140285 763703
592488 996546
239140 504559
700241 97180
305088 246511
508642 215444
107443 31630
807231 318883
582369 76542
652729 988882
20239 681621
184077 112983
959321 711215
301844 64987
421373 964636
765156 80480
393281 536574
148790 989538
71602 361753
701438 151756
473869 44210
859674 39549
943938 13910
612623 440799
44294 505869
109383 937414
907096 291815
551282 13028
974009 609363
975707 78427
747225 953442
904756 706752
582216 211456
140335 656495
145330 947167
353435 144733
282814 149041
979954 85582
613803 357614
954176 803300
794421 253726
38614 781408
664868 986779
786591 45941
163005 314167
44523 615550
82873 373830
188394 960616
774860 233692
491861 502405
552799 664918
644987 534023
280452 866102
938979 69713
710917 932322
77913 760153
561960 119886
296150 409804
875028 988250
315961 652156
965999 853345
366895 756854
175822 430406
22670 465751
354974 361374
718238 277520
354248 735407
277175 230959
505118 152938
199582 445317
412096 244696
363349 680134
763611 750912
406892 268733
930570 30517
365436 907142
760361 926492
717234 245050
55574 389887
460556 703849
929262 4980
675465 985081
833557 939384
754561 694508
394375 370917
750775 514209
76022 950968
620924 779383
374187 227996
541739 258773
476213 667282
701786 978316
715759 208910
730100 117557
697542 87379
769036 788372
258083 757896
569800 218760
625430 980539
981580 353109
942632 963633
214112 910281
406415 816894
269049 303684
260352 584385
250144 361661
395597 581626
578303 679395
546802 121632
937858 125483
108423 900958
647156 932446
286809 113612
418004 218649
4721 908704
179027 522504
323278 102754
264734 682268
465511 673763
581007 548838
851218 867469
517981 942464
414467 801602
912326 177092
621072 810944
627311 389141
203033 657728
1256 973954
871138 800499
191116 225800
593387 245877
976885 927537
386026 583385
185691 189787
664581 166418
802587 996513
950529 458977
569830 596841
380009 397405
941357 710854
273843 27418
397835 341172
759816 998336
635689 446303
287427 266785
821608 935718
572751 295992
480388 824599
464709 361358
594036 976350
966635 269811
984936 46644
440967 640406
885735 191986
473145 740923
883752 994706
147181 949646
471562 762321
238585 470112
379139 37317
332357 987622
719538 276025
766089 562219
267264 921001
95879 898574
339042 274996
396875 327262
640058 651870
765424 780607
936441 392218
453730 805015
496085 469826
502345 232090
356540 889749
621870 927868
698456 640633
411858 49456
150860 3297
821936 773465
27476 548110
261806 591235
69323 698511
245286 700046
399571 10754
217532 225306
755348 563152
917029 701635
312206 127623
12000 257318
107030 217468
557463 548321
610161 867915
690299 437209
278707 665370
452165 217866
140672 429949
451366 723369
645061 919703
585469 468432
698642 59049
749160 491444
502276 60592
977246 194910
608423 78863
277017 1339
7899 771583
526756 683913
902519 160988
51018 718931
891087 101246
603117 485049
100694 191311
619510 311148
320200 587811
706368 554891
825162 862970
840832 595515
964904 409677
810708 968953
84851 351609
200092 962498
98664 917430
550144 70428
575946 954677
300542 399723
311390 355704
550978 251204
931089 951865
684988 67454
587556 532556
324556 392922
680308 422686
625099 247865
212378 766089
768354 959320
234161 310941
120026 586851
54671 823088
464375 138345
153928 654569
359446 649084
223422 439057
319962 819851
792649 165522
744015 915169
339280 105505
770829 663569
691668 600039
27013 278981
595539 628973
679216 55733
340128 934703
24087 760191
46849 331763
886202 812444
322905 422920
233833 860524
219522 102941
280837 370211
72994 140679
105932 29672
325458 93713
872605 6312
686697 427864
60497 830637
684497 248223
96566 598260
64811 524173
190302 63233
906087 581491
957336 519647
853999 558042
357186 456204
412951 509651
182274 214696
868301 631375
845212 277596
727720 127265
487631 90687
434690 769923
651983 612350
873140 834496
743703 181326
736588 431588
550054 192567
613704 54080
409252 679141
280395 394821
932813 490786
833795 436629
525328 389579
365307 204158
483526 598202
542632 205822
593960 242019
202400 191025
79675 238891
82461 492097
668903 591070
847736 346942
650027 756886
930149 929746
626733 535981
810742 225531
136384 111023
727234 565737
35825 719401
12199 63959
733901 490253
19073 396001
937024 751281
192980 666198
298192 891188
223692 500420
693225 717897
744932 8633
319198 189987
716763 676280
949930 218009
896719 823974
377653 2907
420306 997560
944979 20438
87723 453557
633185 293977
810904 382988
587622 797489
785812 138771
846197 12062
60927 285788
786856 617681
173624 929662
31856 54722
799254 901170
348954 82306
762507 852352
240073 728761
380378 587103
393711 993119
114383 353925
406634 383260
118946 513850
664993 858566
890225 867047
406399 124844
559282 558725
302880 678209
979608 442988
381513 150890
539120 378830
525492 947328
715730 882497
718655 294606
838559 402718
524120 619533
1431 556537
896789 839744
215607 637154
35144 354194
692363 577590
482926 817724
841543 833411
151444 610149
651575 229050
595077 272391
568641 510859
400752 670643
821364 214874
660578 720688
211603 665353
614878 681645
682284 253701
492934 698753
59322 237813
920317 763005
122850 333743
187285 205215
261287 416722
693497 541035
338395 185311
562131 808723
688365 994927
514201 203391
534473 31063
694658 320659
298976 309319
59118 138701
958596 275723
482616 432085
118512 76526
898046 422018
212633 195460
744672 750286
524851 533183
397926 578118
835173 168988
847672 777040
147539 337102
261434 551339
883808 147082
213013 567911
527297 620329
554232 590337
846490 445777
284331 562506
717075 6513
497733 977283
137625 343078
523743 439642
470342 142290
510755 105951
64134 674449
527158 623593
536161 712121
769212 615580
737112 420775
658398 88871
294189 648575
202770 186076
926679 492518
309427 297766
924009 405697
66306 606940
475615 370381
362513 220553
729538 158241
423566 549601
681902 281412
609974 407221
38732 295550
791940 268887
789833 481116
219284 256922
837164 463969
205801 503108
374116 665773
512151 358016
691062 201919
862167 381296
763795 742565
179518 851676
143384 528864
79832 264420
906421 826280
106677 277831
215047 947399
42599 675726
294096 511857
339823 403834
260434 935818
959066 146648
663393 951763
48463 617180
886442 541725
657974 520537
452994 829336
828104 326298
180480 834350
486856 675684
203443 441497
514879 419643
629449 316511
500609 741495
433953 791916
930639 804764
268868 813455
31628 543082
849155 380965
61964 776426
873363 418219
344759 452206
844674 23299
810660 753111
394974 871139
299652 742644
140593 611190
304957 410025
982971 702604
298662 265381
362170 512659
703546 979380
331263 872873
964839 277812
563220 196371
913887 691424
411058 668206
789965 658690
159129 299612
757898 66232
227349 990090
226455 101722
104623 656865
495014 891043
519210 636823
509636 957587
486070 772706
903838 670575
767685 712866
827432 400566
341070 273413
211638 318625
377164 283587
45336 821965
704158 398659
558889 434473
833561 214048
304040 892299
826277 110645
621804 376170
989106 811478
293478 447611
638785 241226
292799 795162
700770 637061
492568 745313
791987 442221
253566 988135
338011 881005
877018 486945
856917 767677
793112 623559
350699 543239
892411 144331
952286 167770
455482 328668
147589 930960
469849 678492
821761 651722
128406 488542
329124 207478
85968 716099
513684 99424
731700 462061
398423 102878
785649 422453
685168 868498
220636 633336
541914 41756
47178 828352
804922 633007
965018 934743
473545 910938
398920 648383
281172 44754
605838 8460
148992 762992
810197 944906
768503 4263
108639 693030
542314 995538
612274 707781
66204 382185
770745 386800
416627 894215
781143 296015
634343 430485
14057 51909
154985 697850
693246 605632
526420 12091
912614 876046
296198 924549
87974 591254
8769 525444
665866 384473
293029 511190
870477 434296
339621 856397
421186 165806
701416 975105
694593 668746
438058 923542
933967 500535
797711 789252
960847 490645
947031 699881
680482 669584
538334 722167
58018 798959
682904 885995
240273 17421
230298 903331
669558 747436
575207 627696
752235 98605
99392 103055
951467 712732
433332 449785
982122 952739
679559 891473
132696 152424
415397 228371
886615 789543
519013 900905
792193 648634
74520 427802
905543 952889
650665 340361
565686 197873
66733 420192
347405 387970
361223 122974
779794 372238
579701 238984
241902 347954
355759 574574
327625 390424
684160 851054
352117 693673
559722 783925
283624 281489
692482 747950
472405 549288
514433 345412
354260 627196
39964 41954
604322 192859
98887 382914
997524 998689
915033 884148
255058 227293
897422 835239
509409 296445
302842 148091
998648 329352
908920 168304
988254 320140
937856 259625
305041 248646
270277 599725
386008 629133
599995 561915
58995 743818
845363 586365
736887 177329
462369 478839
24286 945595
805525 920728
753613 639485
455235 55082
102939 832028
336767 593480
509401 415924
988073 939406
620370 733555
664570 389970
830513 86293
925386 936536
774181 684149
974178 529929
112682 761023
60169 573500
345629 843814
748173 827894
897663 502321
538802 59051
116215 897857
335369 951637
515856 150747
444760 236257
743778 16465
779671 751785
663031 779556
864979 464133
714887 204255
923096 874392
467254 502475
945615 952757
34350 318207
513151 401317
585988 431314
657494 129750
208474 170589
853943 640750
768178 495542
153593 253312
511991 728874
241960 405191
685845 928906
49783 658834
312370 592157
435500 83212
70279 429991
678162 223186
260474 65867
979874 457775
975667 492419
435120 645411
405809 602310
596926 807834
42504 151301
902849 820041
547831 900275
287661 458023
84772 210640
985781 113863
350836 488187
441021 90485
494104 800144
839425 619767
876862 363679
451607 870496
484184 361469
776774 913178
335843 864943
190898 704960
91628 789153
483561 402273
459930 992312
703287 748801
640643 163379
736128 518403
661220 952948
631317 398751
858641 185111
270723 596344
227153 328293
452815 623585
855956 29451
82996 725015
368144 135450
506500 743819
704782 415696
318868 523367
656715 409541
721931 732154
183260 863510
835982 851353
906202 303112
35202 673402
439316 798834
274112 660474
826333 539325
495019 238350
752396 554792
255515 675486
193495 363700
501779 410557
286278 155858
939656 813553
679391 837862
83282 403564
895942 416931
682864 162304
120460 249568
288680 654348
333757 749528
279576 951244
177849 817927
199975 307244
308151 574876
123787 728486
953357 125316
86775 240115
400294 842483
894763 582450
982804 847942
353986 89853
142295 573368
445713 210577
34041 747528
281317 279329
249024 851557
314178 73552
91975 965761
535264 467632
566278 556369
280379 494388
323592 712823
688359 104592
975982 448041
317298 303633
622769 139320
46322 339778
810903 818361
393378 415416
61 566432
529583 176650
392871 770886
730970 883410
596610 152743
460346 55817
180373 513475
189917 719167
357289 431246
218609 3695
817322 616045
718999 468863
502864 413369
559647 306127
335863 108138
77549 266983
595255 9832
792324 173778
221254 893880
926582 580209
86211 804665
566866 749457
466666 951953
240846 572344
286933 196056
351768 579821
578804 32281
972981 236574
853647 208879
958573 169745
8272 551305
372348 357355
379018 724618
912091 984473
39163 340175
11627 618881
743063 324688
629350 466958
315472 45756
872515 622112
69256 356293
719569 668966
885765 827020
320588 27797
725884 879358
236339 119204
304307 470912
362368 7754
795585 267900
495886 7671
840376 872492
603353 125503
645556 594885
716878 248726
647897 455925
640097 72936
412865 250586
28957 674361
271234 322311
543238 28027
599207 755470
842017 748111
689720 191997
556417 988404
268970 6097
831072 244158
28692 966571
770671 692349
242404 982043
185121 301703
184759 600027
137618 205901
662459 74454
567426 266500
106247 28045
373795 314601
540254 617039
810093 373124
346822 329288
888785 978610
618961 859982
866384 534520
867261 605399
230595 976140
183730 193828
704602 457357
979383 130497
657503 486378
263175 856024
470637 475600
701727 618901
525564 599775
853414 417853
715923 942482
462288 470618
659712 417013
422844 952306
776873 859871
973212 267396
592059 560503
878579 403440
263054 162584
470703 104140
897819 861711
95067 374401
149745 556430
479858 830263
518365 796214
77335 607736
973850 814439
276455 998148
980418 827570
986129 742855
323086 275402
698168 765086
407665 684629
806454 219217
409905 518146
931268 555761
324818 238969
783662 978104
95268 590171
341399 424476
974972 981788
382629 400809
492946 707834
241169 406863
225120 794254
559023 249587
927245 26702
579672 407502
677621 355669
105372 532927
135014 343386
644609 777013
607394 279838
81215 743678
52018 416082
198342 238459
660524 581181
67575 494751
395991 476640
450275 838789
739536 949759
57517 780815
120008 522927
221362 788272
175220 387903
298380 585785
154689 418902
485180 190938
900536 330656
433276 254388
990596 104095
917965 80965
949910 392580
635451 661886
53018 839270
845125 627603
348103 185730
575045 793166
740697 174567
76296 156494
837791 500084
433403 868922
418597 912414
88937 722059
539818 656042
938117 95538
820914 636891
755418 342028
173079 824860
562093 106331
424053 145340
213324 841834
951212 220635
660404 820170
797918 40660
637167 524974
656727 419569
154749 369415
51463 565671
525024 521924
203221 878276
518855 412031
419208 295358
823126 884321
716631 435480
58414 911530
213645 429214
503632 979137
340554 611015
732304 332313
657043 153896
429711 240116
769747 456796
260913 299607
47161 918232
704130 247295
496422 54602
779843 583558
615151 492548
26715 476360
766091 373241
688663 869841
389150 567374
307034 930157
477503 9729
44923 9874
809060 939877
152885 740786
897677 538697
423423 828769
195806 49683
333674 575068
328455 20825
777015 607678
798051 479285
46075 44863
152930 326097
201011 130026
928690 311870
654223 635899
525717 196770
308091 174931
638958 714384
45396 188173
541154 828841
312518 167843
794189 363162
619479 314374
936696 661900
517581 425976
976589 522314
578287 49177
925472 612827
1105 805346
239897 687528
278313 959534
280145 875640
366132 876653
284792 516845
816475 585881
129020 127772
937934 30818
570000 197702
838820 551420
857668 431538
739246 694988
34225 810027
660706 77172
262561 805887
3238 803582
661571 902399
197183 546338
265100 25286
494465 924701
744597 325523
363938 902884
555567 608562
57425 776125
763992 953386
654523 333243
30100 849901
182259 540900
556168 429840
812683 737569
525659 668772
929783 787898
574042 983368
366146 157273
163227 597336
44230 416689
908061 997288
440896 916870
684920 852515
489825 642765
13223 424002
147845 646853
237893 963549
395966 408487
210417 557552
624077 211626
850921 454776
88358 754005
452722 398847
693758 283379
770948 454042
445643 171854
807651 451240
219211 259276
397324 959784
348146 504144
46192 554460
840599 474296
300212 219591
36961 493598
45885 229026
492590 771935
330847 209637
85609 598008
885730 26144
861659 913009
185565 215191
598319 144767
328978 794106
788517 467364
898441 255010
115304 395201
454669 48836
893457 954311
830895 131052
673869 228030
983477 545436
938877 196303
705037 413185
979671 339392
694451 608150
762838 804246
743630 136380
172995 92039
56242 143954
143038 958333
981164 924873
627011 858429
258420 808862
667427 165449
701994 534057
520073 409178
235107 799987
367535 58406
581723 978994
222878 897311
844834 366893
538527 569751
470081 311696
383425 599610
921163 340462
457243 419549
139288 64031
863645 75208
88605 896767
456458 589214
523390 13287
430428 862955
606631 193502
981776 516957
147114 314760
724579 225182
970360 713719
785040 971341
68491 218262
573829 286185
777520 684483
355880 539676
754188 924393
161683 877363
287931 79791
547915 406632
314608 80541
378151 181137
870730 588203
577689 881653
704728 386631
853402 852562
245393 997468
636660 363737
231239 469478
375674 450217
110028 633219
997186 843020
287424 800492
305126 489280
173232 704925
135081 366226
345392 468083
984475 91358
57890 592827
691048 886938
903614 298456
280436 966616
97082 276314
128881 754844
297789 89695
554657 489391
600661 215124
858133 287743
798588 104729
474392 439228
894432 491842
23706 912934
448013 720250
27907 566087
479627 665993
137451 417036
695538 899635
577627 220953
782708 866614
729553 656214
837581 560061
471037 671856
970507 382323
491597 873878
48207 855965
409802 957082
681697 72455
66103 792779
106011 490550
341122 924785
9958 392529
729454 824065
740458 887032
884688 533278
601442 825184
210625 284744
188937 189276
336905 516679
168298 487820
878579 687634
485064 508970
471811 499009
859539 998922
140512 984750
710535 493967
619342 383042
923157 381965
664546 173886
40782 70933
372752 575340
52882 962447
843986 346216
318768 554048
484140 533618
133410 256705
379900 68440
592087 336799
422671 563973
381511 275341
725976 430921
544026 436181
149839 202085
843608 598897
655472 263381
230963 386009
655954 420045
41014 69368
928012 288898
637236 946305
661560 458445
397347 668148
163933 152683
462887 522178
720992 582579
360644 331743
449997 123692
349094 749022
693073 4314
214859 739790
568635 587017
610226 605153
63513 540254
382185 245148
956595 680454
467849 654616
312166 515228
914913 681471
236964 243015
432585 8553
141447 386329
425719 541969
795637 290769
960022 713713
889833 140489
990661 837138
489982 662028
197669 408070
680049 254386
635179 817596
182607 644618
949605 14311
621945 698834
506191 745183
199095 205742
813146 605482
826746 77953
368353 857850
173751 343203
336322 23721
174283 523306
403754 707261
457388 181615
714621 579723
581997 305060
376323 546191
885615 408876
642863 800647
425294 893925
346208 91097
825133 332993
163415 712677
358595 121164
399804 91023
311200 529499
873087 117300
148108 544568
84381 112882
483282 423877
425733 110885
757766 463626
679779 347070
934448 674222
719859 666107
292051 94596
589305 154516
350655 711193
964203 965876
140624 806979
913192 606772
733616 975792
328128 744010
903104 157144
364550 307007
386224 867296
440313 434603
559848 517525
906298 562491
793893 164751
511585 893824
716122 131227
194350 889356
635208 810391
918115 559264
881808 688753
361819 235909
593114 655672
110552 636115
580114 665192
505164 931879
219111 211721
391126 675277
50528 649456
8113 518633
263381 590198
499626 739222
77595 972507
981937 824416
502895 530776
302889 419866
838334 794718
309578 44329
248161 997395
869819 202662
779672 477902
364877 492054
771950 358736
583219 863866
868968 122050
944426 75388
866426 381876
227484 587781
146375 599055
275170 160927
492804 940853
38186 261837
385308 640964
400684 175568
814101 519254
889613 821212
438388 997520
237838 677181
166724 255747
868418 837250
292683 846497
593915 257740
224931 250106
628479 420079
833243 743563
162911 434282
548113 881522
864317 819298
486293 959585
760933 285714
703004 18214
697817 276205
208845 849006
236634 44209
967779 605744
603031 314234
158507 404939
314608 972940
485208 85973
269718 258948
222264 615692
607234 358112
324062 556600
195856 440247
119299 277341
257899 251337
235912 45521
877548 739411
91681 428467
885577 897516
249142 827070
60603 494117
956179 13293
63310 120543
550480 659496
79639 259271
28418 353740
369132 443810
249132 927591
4538 346659
274887 891087
253399 257354
786946 463429
746793 515048
673150 34572
590561 399397
63290 836491
515965 987582
768476 273993
67746 194726
720353 734358
158967 489575
480341 473588
932219 120775
713923 515766
845106 995981
623052 90428
647224 782831
882380 38231
762323 847760
423812 312803
303364 500601
323615 324547
723328 955204
421780 832680
327398 924009
984953 199291
820947 775827
266040 647813
446300 655449
957857 39116
75613 578779
455488 327728
682450 108690
290840 579205
539105 704264
782410 169293
526499 393733
751827 931901
954096 726207
236403 390880
775162 568660
546945 524856
372797 960335
207764 31307
861540 118841
301807 546534
863494 510880
333455 487977
373692 396966
109957 79740
210036 253296
543460 875349
877728 333466
204894 7525
656592 326947
271312 41416
788673 902242
958576 350313
983497 642297
714895 247120
89631 589358
681680 418487
838574 450582
11800 673773
198863 408977
389210 499036
346565 388829
178323 945258
981700 309794
463634 375140
943062 956236
534268 399291
412749 92091
100263 885038
834348 144024
760070 34031
23248 207438
388164 709854
104860 660099
250068 661514
375105 129831
521948 610961
454530 828654
2123 999874
411938 721138
575207 274727
794485 365452
863765 734437
525276 79091
341619 722601
250297 319785
498539 874747
285688 691908
548217 761398
147415 487264
201570 886852
519544 164182
622227 793448
460243 610244
722019 744157
342120 111795
866746 239214
36396 779516
835358 777086
74531 149184
100108 402210
462191 942298
17331 829641
965200 43488
511172 569575
105868 194427
127712 243604
642803 488775
298867 225722
291008 918988
225686 335288
537058 733934
562538 691423
492515 232535
690175 557559
579966 787585
501412 233051
231586 37111
595028 864273
661794 456310
159362 603920
303050 131435
920418 866870
252936 293571
619637 865527
10381 810754
967915 607395
248752 338137
357245 642221
732448 539266
227872 691401
527495 386586
401486 616226
815902 263387
609910 156374
509786 649641
281469 365856
367298 129536
710487 144907
715195 632445
690935 395229
459876 337045
653833 295694
622701 217642
748078 640835
487640 681368
802029 561747
427075 328743
350707 330098
700700 973853
364110 711434
359716 991800
33076 762503
550447 594154
54592 829723
946707 286203
67014 804876
160766 943672
617342 764670
3099 612889
74075 627831
386234 725148
917565 379317
276902 926395
299533 617606
859710 179212
550492 589341
568682 685810
853766 800430
427330 246726
559171 735899
487458 709120
350256 960648
211849 441410
883113 134493
669193 226321
201106 678621
235232 801651
228406 319866
48814 990216
621295 396291
487127 928730
699102 196127
607167 334002
4563 347537
760541 60977
806229 846071
760308 843118
844366 858058
532017 784684
935107 763921
126267 25587
45232 862083
297307 378976
207455 457557
448561 834793
628281 246517
317670 706189
775796 203146
435162 502604
774458 38360
172723 816544
361752 291212
302794 597184
594096 47226
649474 681012
667938 949500
917582 991034
526039 614713
844587 946973
899597 475966
185260 698531
980664 671402
163629 248543
257803 500098
211202 885566
49598 238020
767168 617112
257972 983817
800516 494739
97167 805067
779155 577052
132166 939868
44820 209261
38286 609273
503257 766209
438044 836702
288582 441038
896929 743615
977667 274852
888864 481832
552530 88229
917719 564755
168368 596442
944408 730611
268140 830447
45306 492454
692048 851503
777150 177774
465134 233171
735414 785672
421684 610733
346323 597069
21203 769702
852134 759413
367077 233047
593085 840917
142849 382395
480233 313583
228788 215043
169144 716733
935592 803343
154462 303686
486299 845548
677933 627371
657762 491887
338125 220588
969686 192251
190626 251248
809311 900127
371591 512469
637615 443911
941997 259575
339686 890768
543692 964605
670202 537907
32796 579839
539322 773844
950968 747730
355475 652481
115131 22024
456276 283525
615702 395594
727826 654872
605744 733001
10984 891216
960755 155408
528929 900448
556131 440949
541621 300894
213328 26854
942680 669534
58520 898937
267855 806992
276216 816860
182528 665816
250685 780246
303567 900337
524869 150569
673812 760267
770719 171640
92891 956416
3495 351569
765644 693703
407741 63920
258269 220364
996982 958694
837037 677754
72669 676333
92158 904976
133807 363807
521596 916542
176419 52508
732319 9357
486696 409202
721853 673519
178771 514297
6718 578707
265859 248135
178902 953669
28893 768093
130350 365591
73309 848685
715905 330061
418548 903304
220234 411033
369518 547230
992548 432761
419389 858327
193261 593299
561496 697630
905155 115289
972592 783653
825040 706539
964623 472031
709831 691058
567520 44010
158744 289164
968684 307939
415402 968004
727526 791489
636165 960394
346481 227051
539438 528282
245216 579339
117918 310618
285184 313625
923044 670058
381418 222731
332113 746376
521185 820457
697015 46054
36672 348079
993816 700609
92124 453901
993779 872615
234090 630156
85370 810046
38393 315000
267846 980957
672518 699720
355889 985324
934615 940291
710891 115453
936876 371446
938364 719022
642169 306916
787565 75398
225475 462159
836626 335354
761134 47326
682143 49776
800939 16454
340589 244582
140027 325985
348793 952117
227229 204409
370089 908173
694782 422131
579514 478263
963567 723839
73820 164276
149820 823544
777969 901403
732768 596150
754287 796399
547489 810003
395105 810354
425633 995462
902790 350277
585881 83698
935529 638348
628746 878683
925528 354920
124280 509715
357133 84711
792764 922004
573413 496413
81733 910451
46425 251594
664890 48616
266086 24268
998286 867132
959822 361827
88242 560472
436121 290324
693038 851469
108302 742129
79400 275905
689271 352893
576716 779899
594919 958893
997864 789234
214531 708493
792739 104038
631844 309929
557880 517337
539770 607009
144385 827397
383864 663970
66221 368023
770933 826245
333542 586756
485424 911012
381760 329460
61712 464897
75660 879596
503102 429892
996542 521540
104280 454270
933737 638943
948320 573664
118757 800145
475845 188098
942046 29906
118135 930996
447075 10120
598556 406808
863888 493427
44759 690550
392494 265267
338571 696035
610055 951000
86455 7262
460744 904692
92298 318434
68586 226250
568214 378645
494933 138828
512882 26391
929557 845160
14408 827785
997425 374206
861919 533339
939635 100247
932787 481491
958933 660630
707572 820508
67631 20748
541460 420892
976339 473664
147949 710318
72865 415419
448450 839839
528171 699548
399111 52247
620102 686101
887242 216506
94244 723705
875394 981193
231935 956643
823826 775850
135124 23900
332411 36662
815455 706460
103883 106765
443027 734981
225441 847970
446589 245028
964425 459282
694071 667258
477042 343009
505075 206021
877898 316161
9361 156133
315266 263605
228337 689922
232648 677262
544371 415114
201005 867247
473684 972524
143775 542744
508773 614136
834482 2836
787237 877562
829322 434564
682730 639274
663413 918477
791356 76283
275816 187629
315892 817524
896515 604229
539841 811444
982741 538237
976397 938706
334121 17628
114258 716368
952013 43901
440648 790538
698707 654502
485688 388687
155836 55443
343664 536206
557009 799704
712259 283075
582791 363323
936182 584007
405238 666576
838792 794152
176703 562424
983861 527439
616575 174082
118628 271683
173407 799250
601336 574058
236270 778056
243249 159111
678978 448139
830312 32190
61356 290626
323338 60710
666087 632754
721684 322695
985041 641822
312450 365351
416945 991402
144968 477827
904306 295932
245951 795841
411303 474579
853976 921471
915486 490776
876732 152475
45767 750245
272111 342456
386273 441276
475981 716917
184875 192975
924264 707085
303682 893974
185761 217549
295199 165469
718225 786743
800744 539990
620263 189911
502157 190436
434557 804807
653756 270146
594129 697643
351110 147964
777210 423672
277431 8954
637487 341862
566029 634198
89256 728899
98212 952187
728947 825265
589896 219224
306586 90903
464594 988011
517662 124979
892400 214336
462741 928018
809630 44287
522292 824721
767474 831847
712373 866809
729760 603400
85936 589952
529842 329794
985822 381936
274907 210770
470395 449610
895594 477951
830902 962029
692031 536649
34123 517497
530218 40751
336161 227473
766334 317097
922678 793730
360360 475801
888008 506717
197388 486881
416215 47343
13184 870311
864355 591536
530893 173792
92175 897934
117673 845576
575362 686262
463969 792854
111207 947298
927419 277118
769962 603288
554397 160698
870965 768560
123752 319905
764442 360865
533755 402732
167400 981833
110672 108153
758288 226419
947403 772514
687355 438300
954581 852755
372029 63020
505590 646247
137229 399387
727464 904179
720224 942447
179566 90471
221697 671375
427540 664046
968808 467141
439046 627122
645447 554986
882251 576243
445429 260119
621408 59181
448229 999810
535159 884092
298356 929159
203867 233277
229337 798750
862147 239653
798251 211235
903192 676340
522773 418475
581554 177844
435135 782972
27004 303864
35102 888349
342757 23666
331028 997592
674552 536207
869325 765485
273024 220411
244410 63063
129080 373170
78817 381461
86894 167585
895184 896976
552302 999727
40697 192105
609498 806681
396389 258094
609332 374330
146 100057
472490 321338
391197 493829
257048 1792
574347 736829
142545 849305
361408 364217
237944 193650
836337 192760
891546 522898
595515 244633
587308 967399
375525 69355
693064 757265
468258 685297
787038 439754
902670 764642
118432 744905
241878 268013
995485 866036
420611 792648
300191 915214
250142 933774
243575 362659
436897 760066
848564 452223
715468 811827
579188 953682
816949 585906
663239 426888
821103 248137
103791 423878
423012 567946
691280 659033
740841 665444
593247 372672
681513 195346
350076 455613
224362 676462
44612 624655
362419 663918
491514 720070
218973 2027
760023 671435
462701 734836
260311 761726
779797 164529
717028 609910
13465 769401
83917 345100
936901 971962
403002 28040
474743 837111
36016 944871
426927 293664
304175 447469
8270 802739
471671 63098
724091 899578
31805 478241
375686 750935
316249 724408
902076 243155
835759 322643
507151 111062
933775 435081
632327 434476
460667 746696
247699 104808
463832 915234
375952 494560
155188 328568
509640 859630
782387 11143
635769 838756
205557 323017
772764 645861
155566 603055
286397 805816
642955 181206
551992 476591
388984 527402
94020 754519
435245 832735
173224 992160
967428 321728
510257 790131
261868 399986
783896 258092
724623 44196
915420 799510
884030 587369
582750 285782
211288 828647
410518 166540
58906 171060
925711 944560
797610 884579
875514 693364
515941 906017
149442 780393
289102 133909
507432 515367
704837 999697
485169 280648
249201 215527
458726 223697
262652 249822
114815 979603
319897 452539
885642 775269
673032 134277
555765 91072
262226 498699
426870 911673
183270 350365
318832 589069
311268 570770
340585 759858
373183 444412
617633 789079
325345 918988
47739 506996
652134 717378
879960 416609
531711 759804
188447 14948
439800 983886
585631 87136
8362 374330
468960 38127
703053 297632
493924 116038
436300 642679
535354 810882
612695 225694
481652 218499
798084 887082
529010 469751
18374 67975
609076 701365
218283 753024
272025 844112
471288 205003
226818 241896
777705 955268
177019 906673
825790 517654
452841 444379
38655 788780
274435 844090
288818 882123
544310 92931
667075 656513
510405 994590
714276 231864
891099 777386
463 62645
303300 37176
610371 640005
169174 62024
776956 104500
523307 612217
485386 918253
679084 559374
186276 785851
716632 44982
348991 550118
739600 124618
411179 221631
410637 251128
440179 142285
442053 946697
459287 332338
433382 516652
897098 316084
933172 546775
613777 606042
119480 990162
15722 160299
747299 607983
698439 460891
934102 595728
707232 370524
691373 255321
628006 425723
325773 421925
670234 406601
219654 537968
501313 224402
744909 372509
457055 783983
358765 371003
494664 830376
841995 757797
824777 745421
346442 683551
937124 677349
11629 70668
50845 190260
265071 204265
370895 804513
255499 411039
601184 439638
383316 947218
977132 295192
185410 226971
821934 240278
732707 819539
731954 597821
937048 91069
39947 547799
17425 530309
530955 407305
654938 390132
196760 652533
777641 752491
202775 705334
108178 613009
937815 497798
96656 437388
325716 8728
563571 584917
718459 115925
572147 282154
989947 407359
576048 806258
21685 616741
965168 473427
87848 66267
681075 34873
882428 133763
427501 157478
472696 871830
928799 197545
479943 694705
799246 838507
404696 466715
28307 526042
261077 635888
972184 88834
798959 722314
595121 456813
360025 737678
730743 624431
29533 549420
70093 925626
396279 612795
829459 292886
795323 616527
817402 559389
53622 902802
149028 274475
417606 169551
883857 357278
661117 461553
825659 904707
707240 783762
420025 242503
569501 192520
620888 444723
7724 528353
440137 227955
424872 221615
587316 404537
743584 703142
645227 858393
120558 797443
768769 520424
125846 590698
875531 673830
552082 81489
517229 13857
385840 156132
666438 144411
456212 928648
79078 758074
338084 245506
85567 25509
894152 877973
672149 434534
399665 406753
775765 541614
586355 753707
384081 866352
207203 907156
621091 765723
187588 4298
779992 551119
967464 158262
971187 987406
185866 428822
466356 584041
940868 371598
470752 903283
972317 748604
298228 216511
736790 687888
36342 465580
140093 959397
837518 33760
960681 335452
702335 961615
998829 499849
156313 118881
922769 549684
858663 499082
125953 504268
504151 102509
464180 161861
509774 644755
900819 718788
918214 146222
734146 99151
720251 540946
412221 211999
144102 939245
975098 816993
18267 61867
61322 220739
858888 497253
680335 735960
471558 922734
979343 918964
769199 712896
982191 42753
675004 607604
144727 212461
911507 27900
769294 205208
468012 935711
700647 370431
877812 227600
881972 924969
619423 663102
50735 448414
643893 617249
43647 894512
402449 536971
613233 710203
582903 444129
523169 351882
273497 732921
347015 545121
932791 553361
757036 375034
32497 905121
570145 77830
264160 34373
938321 117808
295893 710518
944529 587258
973949 577043
690536 707910
175546 76368
158662 415705
714822 890332
959334 294260
14947 644638
270412 335006
174123 810286
364741 86616
251318 44832
481561 468864
514799 595985
887240 602189
88376 799848
706581 94102
699594 726819
558095 586717
586977 903085
745543 626161
342444 617418
304774 954727
627610 474142
114867 751285
142916 180842
89488 492927
184437 324993
341507 999583
338189 741827
822898 482676
349184 372001
400768 830330
306351 964758
384582 834802
440284 40592
459160 49798
506205 831576
748570 222168
535707 599220
128685 216928
917760 369510
879287 345724
262709 601147
769032 171200
191565 182696
147207 753930
241714 585082
844083 694465
686330 562647
152066 710510
207364 592431
374059 829708
91946 540137
200564 109834
785015 671029
566996 283411
459478 459274
48997 12008
369675 381103
546338 956152
819705 325618
165291 17446
909727 725734
704011 113690
793123 170596
907242 428476
793096 885063
828637 138772
530063 702810
635899 127249
710402 383641
614181 889554
495211 560987
438876 569709
284412 202925
545616 516152
137434 196167
794030 668303
71293 461151
323450 251011
164312 915862
834108 27413
870780 200912
796503 924867
82702 630657
85610 97161
437258 457290
395815 488442
618705 270625
914897 860044
408668 966489
152948 520845
75234 589760
521295 901063
646298 531568
193466 470793
580962 831256
68232 474224
760685 363393
478673 439512
135580 194231
682334 782709
974565 777055
846952 486915
154285 830991
345109 240317
419793 170027
949109 592360
666803 129561
415263 45455
256898 957946
984048 152517
136867 916515
140126 21221
585510 258177
11256 147183
637057 775238
620922 213729
17595 433498
883083 629336
578987 379801
99024 994514
29732 704251
301594 385086
778039 112931
735282 787169
413830 296536
444949 37765
531793 881472
809088 507883
737036 160670
643936 382201
72217 508473
855960 68137
963831 179061
130874 169711
369683 334094
242983 164799
386689 807733
245963 968036
843159 759116
667982 738025
732329 30323
730310 436697
948110 351341
469029 709468
669800 55903
888724 70321
727903 544277
204859 462531
278685 620667
817502 110889
25310 513074
351599 642121
113350 478335
456471 464073
597242 890435
318958 808033
132215 412836
162098 279955
429999 931534
702996 702293
757772 371095
546477 973770
871542 37742
123633 512475
18363 809411
956249 283852
732651 537016
632997 871489
886093 670086
163856 645466
849472 54310
41756 931687
520782 90934
738442 609847
747635 661670
339005 474066
298906 88184
443704 767794
769045 646374
252190 515823
623711 948968
618470 822624
407027 405907
91654 81602
389949 796798
866922 677791
37483 455260
506870 767235
268278 989270
183744 557379
405624 893554
640780 7492
702723 144648
892775 437955
201488 848208
628297 319308
607105 819459
340448 447015
349027 703313
484363 734206
465089 797712
819768 910680
582939 427944
862056 12221
912634 444469
889098 834560
323296 693576
451969 188537
590534 600582
198536 708847
105847 9236
745540 10963
689245 922854
318486 701554
593728 769128
469135 831571
714729 330799
358349 897892
82710 468657
146099 16960
978503 203247
861007 788713
28503 426441
788596 493112
564717 57370
223737 831703
569823 926854
681682 961365
626752 474750
146239 845613
996228 212352
651587 690258
966072 843725
308040 544291
841196 661175
720960 474836
323997 435103
965919 247407
861152 587711
226391 197755
230288 285705
721298 966871
73649 55695
717065 302708
209366 270888
426459 315161
48137 255983
265721 670639
11766 930884
698086 103935
62213 637942
138899 173192
759182 521592
66140 320069
845841 31341
629776 697763
630452 832778
799785 900228
587429 156717
73594 256045
668968 312028
720282 270846
264867 182172
232291 106244
505792 887984
321122 54323
1670 758300
963838 186268
295408 802190
716783 369084
91502 311112
123223 996350
466547 895960
455238 678493
505804 678845
78736 769407
458492 977893
893393 422788
873347 860241
193426 669583
966618 365603
367261 743978
548192 427849
153148 877280
318066 958828
261303 423809
911984 429598
521443 175691
214033 261495
793162 653941
255383 694033
600905 805144
729392 438129
763923 425224
671343 292056
826839 687003
962778 75786
847426 258436
676288 179402
58412 208286
21564 950896
734424 329061
248795 588683
979614 574673
36070 430311
974595 270804
729123 993127
931678 233376
867883 482845
405893 422080
873833 788894
173476 259314
823859 28976
513242 792040
574342 172572
620195 962657
793076 886059
360296 505453
451289 626705
733838 517091
616255 157148
336762 202298
522710 91720
788701 271056
981621 124003
728494 135706
661988 938336
208246 129710
952066 669599
307593 135915
315489 592623
394868 294285
463987 946475
78031 113075
940965 739282
433342 368792
540022 333109
109102 61547
835505 384358
331359 240707
444284 556534
984135 585861
808213 807077
385756 919366
711450 856269
786597 712330
189253 568156
534840 176956
515338 65688
746081 620527
892302 735506
994280 600069
507230 22943
67594 308515
234178 978848
734018 612343
816146 916987
105590 837618
599916 657924
339803 489208
537065 67909
778866 857596
852008 562995
202665 920237
133074 38187
258346 895067
997978 955742
771540 367708
273841 261448
409144 540558
613447 174776
779438 565092
355623 638543
839637 991872
792447 301694
864116 884204
723241 232794
235791 273252
433064 758225
861378 32770
492755 894041
115979 118689
851319 504321
305132 348502
665206 995344
872618 558244
837202 58937
913545 149242
997032 903897
744442 752998
858266 570197
88437 176097
191545 431808
106132 903584
671989 339056
615417 373086
726060 447489
175977 701873
737388 248415
872600 92604
483652 529547
287674 756020
231701 751696
602431 575060
701192 185490
341496 673921
783886 104678
181335 806721
997730 303543
111940 282162
588168 34766
374769 826581
499025 921462
115745 732547
767759 364836
595031 901432
225220 72791
180361 962070
530346 75379
475614 67079
915058 122181
572206 882919
812833 24212
154681 186859
618693 626098
751563 139813
587232 275049
830147 976735
598143 74492
18985 562445
761517 329413
80304 547222
14440 53497
944566 462105
859826 709434
540528 251876
832744 815493
707609 892600
920815 997195
542603 987780
906407 90732
101131 300709
954951 240225
249918 692979
952301 433761
911529 577225
860883 438448
796557 157673
550515 253060
683662 835261
660266 385313
611632 915886
471206 443694
307140 192151
624470 554005
804960 113254
796141 443389
358598 258981
692517 619349
203058 345547
393347 52371
399771 146991
137327 88277
413290 915910
321882 387101
665119 30137
647906 581394
775989 955037
317378 685625
583835 323455
752542 406405
963861 25279
815734 983936
513877 486084
103967 363059
416203 739682
159660 112156
229312 320044
920097 376807
489123 649847
218614 966243
522371 535432
925030 490603
595230 219107
463548 463672
299801 885081
140053 483415
929423 399742
475052 970496
624279 434012
836648 768511
537364 249727
807893 640791
887616 558784
779410 951087
571440 602222
383076 664922
295396 93313
498079 57848
504922 466794
690625 793857
458187 263758
912905 347940
943191 67879
978647 372768
654220 645456
534121 907510
947138 714556
650652 85885
15865 312336
541121 981449
919463 524548
788936 744851
147193 644814
215682 147689
804263 261185
691270 57010
285460 747169
755744 646681
272548 124409
145778 552514
52370 734486
707107 327056
915314 899406
789979 495343
22578 264356
583427 766850
510588 40782
289830 772068
346157 209093
566232 959393
70317 243179
777433 323286
731371 599294
718783 532081
788539 624133
470426 130493
942567 51696
46479 976083
62347 447914
180415 479300
132048 317948
688430 940278
510981 671727
87098 190625
317465 63456
381762 193694
89981 332147
64556 265629
58598 114867
978749 964648
887334 847482
431110 191257
123432 502747
95605 994876
344078 197171
443865 852661
112080 994731
203749 128741
37133 630040
489174 989527
483438 897811
522244 672012
606108 322811
758507 282844
435478 490866
536643 482725
127405 565077
59820 543619
377782 208442
283044 140333
766560 366166
272892 42837
304565 20373
208346 770907
540916 410832
750908 731636
302712 114480
264703 310603
383654 420225
863657 591659
573484 820711
848878 232619
312293 651611
67832 747052
673157 981894
744104 114213
239782 645321
391305 539197
997073 885745
939489 694995
961842 125360
767252 582362
817701 267521
335593 132954
44393 294767
852580 138990
657577 770369
158366 962589
688756 803265
345660 441089
964770 245435
371368 678059
66856 653138
857126 220185
807511 487214
719331 552555
634179 759909
321661 688857
825146 420483
997069 526880
497766 107152
554417 771695
293649 349526
886712 290122
877187 103112
745905 70477
48467 976045
844518 129568
581752 874202
926597 545819
759093 303697
638886 864192
785344 383621
7556 88089
327938 60444
206063 404898
262768 482588
20520 412955
256523 186007
854892 591540
90928 108131
378343 540706
663412 858742
813573 971833
442065 799160
909812 9796
780914 65701
817468 289888
419075 309090
31598 40496
785033 787718
911265 709919
266037 358697
327161 517435
934545 665537
756706 176998
998640 595165
188431 954472
761715 285202
783907 173701
248148 41229
232140 238517
329130 433325
434772 799823
300792 629838
363428 784618
451277 903349
125954 703487
852071 827201
535283 880087
132478 213141
796819 54861
906069 415108
283252 379860
866598 197192
342561 746274
929128 250968
119631 226014
63456 167330
838757 508859
286825 871136
286840 430888
213788 295433
816684 737508
688840 816762
280113 28368
215757 571505
197852 939626
453876 355654
293986 868952
766012 200305
600296 864066
897697 88415
4588 980790
46537 587282
506424 374719
934143 618933
721557 847552
987664 677743
46711 897406
371330 112810
58476 444300
972227 311015
737542 334819
777186 119515
129298 647695
232092 215632
865850 498927
497645 849289
999781 472018
213235 593950
581412 176102
606720 997419
336590 445743
314925 7321
690105 484922
369368 532019
878276 319756
790438 32663
142568 629639
371304 71225
941813 977732
465071 795390
679370 838238
184494 6958
997323 197074
615841 434904
92034 204043
694307 947446
227748 79395
306914 524686
708033 542064
473109 528073
556230 741235
569025 887635
467741 476030
841518 361148
701636 472776
171068 436359
884979 159219
920967 206833
623539 930858
752017 180744
33650 98879
362325 211636
628913 323292
839426 890332
19312 728411
224965 147365
653180 980516
111903 366095
855379 348769
613599 482625
840801 192737
836802 723914
97367 476362
227038 198013
691052 340996
203770 274522
193826 646141
100128 48068
152760 950753
937427 364012
920262 653137
283162 172576
913263 426625
863857 579761
303864 528409
76753 388361
760632 511001
220945 480496
401153 266664
14748 982884
315436 163723
882967 749893
303782 946671
244127 8602
495583 255357
952652 447385
196390 940459
625788 709326
641994 293898
368784 470916
896609 251685
498726 740498
430882 641561
479785 883351
82471 765874
812394 865013
823940 521791
645140 788833
36776 295553
849804 13351
348511 943775
36444 41180
388892 982282
762222 163015
418334 870259
182817 997942
460269 905264
654491 875602
216848 382168
799116 16257
328190 383381
211801 283829
429114 302977
551378 769586
387262 651222
145827 504487
788894 756480
581233 516777
490333 404937
823225 593359
334739 927057
195462 547804
273411 854867
532901 40810
714427 944420
291530 117451
878121 608517
829225 172587
78435 332507
537214 870462
346522 471401
160477 979618
186973 809955
166678 749592
379217 76924
990072 45416
702083 87110
85162 442713
503082 355400
24331 108268
190843 789642
915939 709127
660508 357591
623128 713286
85064 777900
793038 365632
872745 171061
583283 306192
364415 687040
569304 508420
647081 59251
33825 177871
95236 708538
110906 116979
632428 943075
232988 981089
662724 561046
402124 540085
38304 215074
751086 716339
125850 868163
846620 882321
581729 179047
397627 914361
978121 770211
790979 293506
731870 96836
874148 732524
295696 552732
740019 132390
859807 767417
687511 94376
680581 304435
92646 169071
802611 412913
372359 964100
610177 152160
60333 229190
400591 55360
847348 673580
325662 159234
185157 67745
711676 333118
106995 674045
862812 245034
337376 349668
381854 246454
699 346258
424254 202691
594874 541515
178021 253803
175458 832706
376873 938946
70345 1000000
878841 149329
792182 198591
455192 91208
789151 206880
137164 558296
166594 184881
693232 545803
581949 155192
576 958141
138302 288588
139894 468647
63531 80435
472281 86280
853729 507640
579695 855395
90783 412716
608576 717932
406417 520585
73393 825073
207781 286360
23144 977164
173400 45655
105339 981814
179793 187283
273383 143775
871990 163491
108748 982492
242945 860698
788723 507238
99138 150061
474616 66229
636228 312673
553854 49153
875250 468270
729863 636349
971075 465881
101413 598971
971837 797235
627453 884460
979387 156598
167453 858125
7807 713774
503383 455611
972174 661687
990725 526903
921259 209493
539719 879052
74369 175763
296654 542719
402688 441601
930990 877326
281043 626141
887388 401914
898549 840808
831111 301117
269883 514449
558041 686582
627777 720776
994518 743721
371609 50079
185274 548123
371395 985514
853358 537316
413095 862084
519572 54845
370190 308047
986814 717791
390723 761218
772757 444781
818469 689933
796558 829047
809891 38088
839144 222551
268120 107747
867995 586697
804476 627998
521479 675266
458346 720692
715001 622574
37154 929775
411592 467945
251808 147991
436864 253328
318262 643848
182914 715347
379442 50155
198210 386290
246950 778190
801587 979953
996982 764467
508077 130042
83828 839263
98703 690788
180252 473062
112212 296956
968154 22236
171513 148434
865908 900066
724357 608665
454251 671988
288242 700094
471380 856547
772356 186573
702219 835857
891493 444166
619754 939047
581338 462030
474796 592686
176551 730602
267406 432330
613366 908872
222354 467582
575399 783971
638480 460617
843120 919107
232308 642473
251059 796349
31513 311520
925820 735396
921294 305878
489180 904532
92013 359913
423142 682510
316302 981357
982017 101378
113455 356667
359480 291191
234041 289906
543654 584339
76930 140608
226725 381212
962606 232875
963159 872849
445033 247883
484915 894378
593601 82801
150694 340141
146928 79163
24555 990598
799449 211772
940459 909212
500387 895527
138304 331269
184222 645961
970515 251706
874219 409968
356966 499764
164565 590494
693395 950009
416739 675494
412776 522927
608962 102028
578435 650657
458216 475804
720479 300472
394060 241397
326485 851327
642795 88299
277475 696197
807015 534524
281816 256916
697766 214807
199267 697131
662048 634914
287306 414426
340156 487106
115359 317785
612700 329257
392438 767188
297331 28659
994621 492569
974251 355624
604209 62686
551668 606684
208331 998077
758256 566161
719150 713105
120286 464364
329837 851932
811207 258559
436672 562119
181153 33488
770688 489633
458572 22749
301467 977134
138004 660843
441240 419426
752972 373214
109962 931262
168247 132037
449462 468636
919604 907367
76547 263932
478588 958829
40008 300240
124463 930922
875558 462184
976125 337036
682411 348687
978919 319017
177639 3586
226355 28550
260745 164689
950273 598728
622663 852709
888150 954466
90454 482674
691085 519435
330325 56496
141770 140718
479282 278808
134289 755825
568006 441570
16377 369107
650691 230647
855923 54753
442435 894639
90577 934194
265083 589038
987049 127683
596835 217742
156669 872138
532188 431217
257073 345802
9325 218910
787338 904492
533153 721088
815487 453844
439567 43862
783104 319392
543490 991282
879065 991709
656239 585108
626768 575406
964399 853690
297258 581904
487627 882444
811604 507623
551429 507734
138454 507240
739156 390471
205498 556744
493807 551959
523045 541724
682294 952687
64172 432031
329850 960074
766748 149243
810545 956356
2341 204500
725774 324973
116840 304645
158798 699740
444767 923555
590606 182860
220893 829801
610622 509611
487041 234535
196397 143433
981180 75223
774986 579785
223939 639841
239928 562138
982832 172204
615737 140457
641922 840550
852693 322105
52131 313649
388014 318004
756251 924763
504831 905837
952231 411141
849432 568367
364364 367065
175396 185122
318510 660008
250100 81276
831184 873731
101998 418304
44423 860309
108838 328313
315446 783296
425026 848949
655451 878551
708128 431397
39266 452130
677691 479894
180433 438194
98498 510873
327956 979065
609278 28781
70869 908650
370660 51489
583710 158677
608956 545811
987567 228752
36647 344900
241613 945159
359434 126367
582676 164998
21972 97218
33721 780788
984327 348363
647995 191761
293279 652962
288225 849598
131989 897431
476738 793909
645117 745227
169939 470000
634699 88726
101418 404224
454128 908179
51630 148224
463514 491872
538554 496549
73777 426919
890440 436677
289313 133490
111206 408819
63627 228788
484134 569689
625969 657824
454862 577958
910199 377962
606823 144912
278328 567449
701308 960757
94006 957369
220435 376886
538771 955530
667579 85344
776851 7771
892396 439422
593908 17657
426962 253229
849096 365629
72064 947693
168393 855897
814392 555571
574955 892759
121920 777420
274445 202192
601777 539407
212130 36778
346124 308759
325842 549048
624609 270065
394429 850215
387094 134523
795140 572459
688375 196681
371726 520443
500192 855140
51043 257168
655025 614686
236751 377306
265894 278723
150608 978440
332814 58499
806191 381657
333943 954189
269730 612608
275820 990284
952579 629403
783115 882262
504791 12589
90167 318681
569990 249029
640707 632176
897066 466918
764502 305205
883684 203352
218437 250481
66570 361419
728488 249066
737199 279828
428905 863908
735675 164086
268009 332721
847740 878112
712813 297967
66185 628129
90821 426897
864088 657352
673257 72970
863763 54239
628438 38816
351798 408905
418832 491509
397256 236121
931805 742110
514429 872773
286887 886429
458076 952767
961247 807087
995992 124413
781978 965806
435342 520151
633498 32042
517960 657385
217604 717263
728258 618363
79788 199861
43826 210789
450021 932971
625567 145331
696830 538291
720414 870704
966331 196561
133511 743028
771574 441290
868074 438100
832730 898980
235424 734210
998206 454297
679340 896827
157554 288157
863517 719224
225414 181373
969630 53584
115731 558851
774478 579011
660058 91397
709168 424459
12503 644588
431009 725409
517270 831020
647622 612355
596139 501989
299439 480091
746294 741972
141351 199420
532551 534229
912074 631156
354334 931569
297507 557287
801973 82696
248962 469139
614698 333228
909766 496698
128057 154762
784704 617450
464782 347273
490802 90445
37473 90215
546608 475691
870305 174066
442234 630299
672807 712791
591931 336467
643648 956533
566127 826086
973248 81831
8717 271593
102943 766808
938089 49204
625306 582558
351329 423193
757794 136839
467164 500556
253387 918850
130359 424409
887282 37868
642708 357052
425888 533381
539375 188265
73689 789754
338076 650303
63801 523132
519786 553779
163196 431359
74872 949593
227552 726015
729730 572969
933270 57041
463522 932351
879999 960109
134025 94384
905681 523619
990520 587891
605744 196496
76864 723522
111232 333466
433982 604370
631793 989277
156183 393541
386616 415637
784577 686025
841069 369214
59909 161876
826052 525191
63797 330222
630044 486056
955174 326676
289605 637347
630417 537794
383792 429696
285821 365387
5717 181463
826339 738878
998354 313907
984151 855450
936339 721332
923338 101552
733297 858103
359271 298930
735296 204786
549533 859705
549605 629944
261408 948495
849454 206712
98032 414415
436455 843030
883774 710933
74428 138511
595616 387824
29658 544411
559549 704186
421093 115090
842201 226982
314905 362140
7325 793318
757502 789777
982944 754884
297191 405964
848930 904913
992035 469709
426347 58209
227993 763604
175587 74226
94842 869130
535513 237557
680004 243959
327258 542934
715135 287066
312201 933239
380353 217746
364235 487435
993990 223541
536854 504405
291804 944714
118244 438178
384172 420459
721454 915261
348165 746365
862352 86127
194632 688638
918750 140118
886765 267165
959475 912933
693978 914175
38533 715780
892227 501452
368919 312351
138929 634651
915905 337235
637780 775900
124472 960698
481603 530922
989494 827202
136218 264601
835391 620960
157825 70995
557872 248362
567081 786547
272072 73813
152604 424554
485017 836333
939695 747631
869799 478068
67713 635723
350505 475784
494188 830421
429607 327680
1666 946901
84713 63356
367621 500290
339612 243086
450 245370
457537 975778
196236 149564
695381 109460
473673 212086
396481 143952
200745 400110
564335 633578
67561 72669
699556 240129
234730 836245
873303 786345
477466 541917
67830 737608
121601 963360
122626 560408
334856 389531
95753 235997
659506 616958
502885 572266
579997 563307
734068 444303
107026 998087
485877 97073
440088 844007
433320 965031
128117 518222
259241 419001
343977 773574
332448 802107
213254 99620
558182 685319
878687 41773
94295 670059
673312 978504
90177 62666
514785 748464
851179 632563
964851 509662
577835 124791
252139 993908
822591 350845
897850 282570
835325 399725
146405 356023
922425 403615
58122 433020
288932 840195
142714 853426
720549 337301
85802 117616
229085 562262
956051 954265
613036 209192
5909 417421
501298 402825
399758 282770
324208 458584
209100 787464
230610 151133
582541 576144
251297 686920
236480 940848
554736 599194
676870 249465
403012 614460
437245 893096
209464 824852
209687 155994
822745 454206
310893 289120
761486 464494
901900 630149
799788 483459
333866 694141
832610 459502
542233 531265
16890 922646
648378 693369
523041 856007
275562 748147
537069 766388
892858 519793
836613 127324
990902 304944
77760 662731
935201 758527
499298 897103
1651 823049
421749 804023
950347 473020
159826 69874
143881 456827
836943 299743
670726 923584
212351 864815
62825 243058
125797 238540
938013 682675
880751 39068
221754 364978
203270 959272
184805 665817
802103 687673
184912 566718
146623 434697
487980 905012
460254 980604
552633 262463
284483 704993
804678 347886
496807 72940
467331 960675
237004 24197
357327 332507
708988 482400
140980 430859
920435 956738
777155 724627
415823 580756
328657 748957
323367 407598
463044 640475
892318 209783
408430 934133
794942 169362
996400 141035
144060 352537
353875 801461
422676 943840
99680 35239
932778 457804
172380 50296
676722 687395
95747 484376
60475 905350
882713 225856
959965 754767
418845 414938
697224 982979
482020 788234
2797 658662
598659 973691
689769 767424
514470 164069
358929 422413
189888 337741
143839 529465
869320 965644
118789 767373
978169 880576
518087 889014
804460 553136
877374 250216
811137 961883
258237 29190
466334 281208
17785 652622
263273 564712
450539 355250
790453 990206
580801 618136
226720 954222
457059 496618
43251 2139
678392 983496
431940 918475
333480 949009
951840 569389
705179 796531
241863 845758
480866 392956
79795 214604
950237 711376
244572 98586
296859 620175
414209 830627
252031 51446
19251 98581
892822 986711
856346 841634
44740 872768
89485 132788
122160 80368
78068 480552
523810 116779
195717 300602
844490 833401
244252 475832
777004 177256
136424 151605
526406 503330
721011 288565
2219 847076
209677 878522
65824 83421
896855 136290
910875 756721
582203 581642
796251 883907
429287 144614
815091 982038
278856 901022
862195 426183
520665 903547
118675 513292
734172 784249
85756 552877
652614 103200
408687 460521
9804 932327
892503 95809
185079 302548
326696 66464
188852 439148
684391 962736
42093 572870
347166 548867
261686 288847
56560 237893
989343 570021
475161 380591
684648 3353
326781 125633
470107 454293
902125 761445
145280 209276
817289 124640
922041 371418
895548 316822
309320 933963
124536 27509
846412 833503
500890 174249
802016 275835
979617 444846
883329 942752
609153 692552
166737 270674
413389 391842
911029 273206
239875 423074
900170 389531
260938 357029
86773 176012
803130 495835
596375 54193
149524 646055
551497 708694
2066 319803
774417 976422
940708 407121
31087 153539
149113 699052
28832 842077
816239 493747
974567 364985
67838 142956
435626 331718
254215 817642
830994 382768
475157 945061
59852 409919
874931 805009
733056 179113
450429 770876
212055 70638
442105 671933
986364 401133
232352 182612
879005 901305
471565 940995
679162 624682
78533 134317
20879 826555
375009 169979
202258 660575
792254 644819
503958 714048
496778 584090
180960 855441
177048 862713
275118 68389
101108 761902
881415 432646
171047 279263
943411 578812
833796 23178
943822 366126
443994 236143
319463 506075
41886 157047
980763 180124
149638 734004
423491 425896
795590 201136
233472 138900
361450 511330
465400 990775
808472 467060
305320 610177
573851 211025
999747 180132
314260 847623
202560 956810
629648 251228
289582 294214
324579 171278
275047 593916
611236 673615
486897 835479
743135 752065
635011 657384
583078 167227
599496 595289
206025 161452
590389 192609
168299 286230
109573 992030
657690 116775
172010 996714
834305 633454
314633 553158
984356 585579
197339 792538
296697 212208
329643 999626
139719 236555
425412 813425
547800 582552
395967 338168
94588 329937
794727 226434
368888 339831
67582 622414
583888 437942
671655 741975
483409 682247
437615 997996
640456 377134
43273 978974
980630 777984
751022 426666
472407 30210
453303 107431
751887 57936
837604 374309
981494 854495
268112 59647
226132 589183
838812 352884
243488 693191
614596 451335
394685 641242
502611 448817
357906 506103
877213 851613
883103 721555
974251 865565
449678 70853
590668 836440
675588 791141
81267 628780
827937 30240
730549 279995
848844 707450
531629 408101
203637 78601
916834 767672
438685 406695
390406 144156
580980 886343
235943 422005
676534 933360
249669 691302
792486 258048
435171 385953
846710 819890
218587 105596
536474 171634
494193 958924
686637 734481
923453 217623
349062 789684
89023 930660
932371 906598
713993 510791
138013 777745
154716 882205
539349 473855
257074 989665
896373 859847
568897 545037
227742 153075
397111 981925
330918 406452
268873 357737
439880 153747
974662 243003
849120 19060
80870 945263
855228 372764
52558 648657
45209 816853
171710 284714
604367 586244
339810 495738
693810 899890
301383 100457
124444 664531
144103 648905
356254 458639
29902 112509
206558 776451
93492 459586
552535 7349
932467 604625
615480 235983
786691 78256
375372 180099
781728 143266
327511 770435
922425 672206
787253 917116
625985 389054
478229 782030
80266 51288
293576 566852
320879 218838
607900 506075
233989 39480
834626 395803
421007 294173
676619 495350
392715 155937
912369 209334
938699 173721
8373 419316
111014 50374
858291 318171
734701 839890
145956 850537
702308 587062
794498 879682
477119 17035
498282 886218
20524 213986
634450 212824
353509 922885
710573 993419
649967 591171
577980 881038
283868 202556
813594 553368
380431 262402
650958 275773
547182 596865
896297 117573
298178 465358
338323 268645
832888 202964
132814 51949
502891 443843
530977 662245
359694 72602
534431 198540
396365 107714
374196 583677
345469 475997
529507 831220
866113 346948
14318 285343
906255 542334
175737 459133
279795 937500
66950 121877
556770 687815
82394 959223
183138 115831
66830 632705
533764 255238
436589 966145
899362 224223
29717 226306
93534 516325
638687 873015
355628 858721
645339 98118
189063 642470
290512 324139
71260 127988
221 397514
902250 248203
444889 364087
749312 876728
144955 303034
143199 712330
894368 993556
558930 284550
736723 779269
24413 454152
115696 418945
711556 414365
35023 368440
660266 967140
254348 866813
239154 440600
190614 488482
975948 353630
264803 675142
525077 166827
753315 406783
905407 501182
170466 742307
982203 956995
154815 655500
789667 296788
827147 105856
393605 84448
597916 326224
728326 543789
566966 377715
528234 860171
303608 579910
918456 406619
492961 97206
419413 988232
126532 166476
904522 602910
186018 965582
271836 327882
161326 652371
559799 135201
173506 574616
206324 225124
888900 409187
250674 776387
85265 665694
432337 740706
761730 650227
226834 65394
960671 543574
539213 909321
918549 706898
218180 521653
256729 898489
571510 534468
303869 742321
726588 144492
735325 288902
677316 174021
626888 479149
638066 498147
585753 273056
672056 177683
848394 345470
181015 13556
907813 843808
781403 534834
894149 370730
584643 585850
860491 894479
106218 319944
531711 171481
477985 956479
636273 167522
837290 592789
797323 654789
293017 905896
596247 71600
454091 982868
404989 209701
792331 537742
896481 648709
279262 602053
405103 636233
656055 745378
596500 53286
984311 654242
583558 618669
285956 748199
507496 538250
740637 513974
336114 659189
93288 574406
757984 192402
985082 793727
437515 57095
243524 203227
783267 298982
561460 737038
714239 784704
35893 581601
547706 978024
939616 347138
20187 989799
486147 61973
368908 835837
854110 914532
837462 672001
168920 350256
655572 472426
744763 941
74792 629703
114458 445747
299399 938458
859108 781669
481076 148089
566566 376133
167971 687532
20990 678423
398359 775866
261397 679740
31804 584815
622634 917321
560709 480212
193242 573400
514900 882262
406350 636636
131820 36750
834401 28976
502781 351329
702245 927636
493032 49153
692931 18759
947599 841023
34740 243133
420006 634427
327460 476754
857633 840722
497682 263982
793164 85523
537188 526195
180145 186101
799481 299717
199383 421580
981044 361514
56562 381179
187454 309817
46046 442646
5516 717077
19652 179072
609012 713290
358511 284167
854905 978964
611837 112435
980567 867548
144814 510109
249306 171064
547525 391832
937863 824759
472884 218153
858304 813643
760816 982429
43766 558533
736729 97561
352838 813821
17982 484503
753745 354741
524756 491104
82958 634669
117326 99226
96767 327135
222592 338448
909450 805029
596094 70725
184990 643434
246915 123471
600563 484660
168998 455337
956003 481147
978903 808932
760986 773822
701754 679771
204047 193687
439845 503400
911210 161403
283553 963687
476730 16971
242116 968729
492711 361345
806750 589486
526599 848863
185879 411959
440940 873204
738640 438060
927844 917002
45229 516423
140563 153072
121620 424155
3063 813110
899325 310820
746172 569584
615866 946577
250968 74309
33771 247517
765258 147440
720332 802925
443996 938887
840130 75606
909562 704463
500894 524547
337676 928003
785259 464113
949166 584897
786960 280961
323955 896018
803488 633374
363846 899818
974664 824083
362216 784137
480530 731241
374204 18337
110604 148866
346053 471356
592570 764298
134707 279777
682097 267140
167980 153208
407372 352373
80997 680837
891221 18049
106627 793468
434223 851832
865164 809459
272572 882994
265961 385264
621280 634422
816592 381296
297459 407419
426226 978293
501649 832498
111729 1228
548003 199561
737777 149945
813300 275744
397415 489991
222990 865644
246245 717124
641825 466777
70611 398192
985554 855738
611570 577073
282049 958245
323254 311109
988154 66096
566852 878536
946259 760862
491832 566840
888983 815306
824724 935280
583459 862061
268207 237192
962768 6250
377696 877584
271993 400534
289017 446560
227032 665789
679104 825345
124988 118204
744476 239611
757615 289376
841309 818766
217347 586449
638641 509499
330924 996406
23927 363562
532134 972071
554874 860476
656083 903008
814834 783272
943599 363960
726119 764830
207802 65193
987968 666531
756302 352609
551217 959306
653337 469363
181721 157226
520579 524119
881508 420136
78591 763597
560759 92921
412056 100261
376521 126288
638558 881235
323685 496572
593556 153681
406600 152476
241468 821110
791672 382423
332340 696584
219056 630291
250909 654916
893072 944717
385845 581321
93203 203895
581439 130495
979606 372442
808460 78769
412111 81876
201379 632163
560513 922321
699115 93585
396705 122475
977906 60743
381531 881196
96492 21694
887867 203904
549883 319517
237330 750271
331600 702194
300691 308700
92786 322682
250697 102293
123111 384858
489044 267435
464805 817535
707771 268684
11834 786765
502222 802169
155400 881191
279601 419489
679188 808676
264167 741469
79225 184828
256889 715185
461804 396008
26755 490148
564733 393880
949670 106589
823932 363165
411500 692166
156262 178293
92951 477348
520812 853274
349744 600155
862081 612914
197294 645198
644723 54224
576202 929917
883865 432703
312635 534801
501008 613350
37481 821061
326417 343397
505112 159020
233242 741427
493871 62830
358706 736054
928035 586532
414456 637877
445182 397086
795303 25505
508816 254406
217134 548705
126775 977791
382997 57170
650029 448315
698647 418618
18192 441930
804125 574517
947935 536068
656263 857829
877264 454658
911675 31317
333832 299296
937799 699417
596309 115258
309113 341047
274005 466051
949089 594033
689898 813093
644719 245126
447273 392565
168644 385973
856852 253084
524501 253889
564577 79635
249273 199114
269423 190087
534730 930572
834096 468118
280229 938300
621275 534784
431115 203229
882408 467700
710955 115613
496119 981109
472050 174374
276782 299133
253271 76069
201821 579188
500555 768620
333342 941932
219385 157223
301278 847557
374474 43215
473575 834361
269570 803625
463778 372210
600195 185317
772198 328273
534441 194929
992783 204459
281555 651392
186106 53396
785958 889549
972528 525593
889256 758657
468829 335213
64402 838341
379380 495609
730395 584439
775534 137525
924703 859518
323495 783787
868565 389279
951980 585410
801423 802091
882063 762230
681553 257027
850692 29111
355177 705774
866095 974930
319592 773889
605324 62692
484931 647437
901705 105345
765225 832858
164320 714129
850432 680890
607293 26298
383463 959224
392548 661280
512259 693574
533076 114660
395170 451129
354404 708644
958422 36445
740826 908894
311255 707142
622040 814954
886291 575234
286673 90455
338938 426056
340000 748869
997721 570546
98790 125756
594005 632333
745825 141789
439399 936185
782656 959913
580776 981011
990919 439364
363273 816873
976757 699983
357687 931347
457628 597483
799730 318798
447212 136356
432491 551306
46700 374716
550104 400896
346680 89798
134302 506179
332315 142337
713985 605423
900160 454244
202370 830224
168592 851446
865327 494164
199589 652840
208729 399644
198162 425600
87508 7308
472468 618143
447098 397628
845666 604699
327658 349612
255002 595142
781395 689174
330912 589534
363501 70560
974811 499900
991964 505000
929216 86378
949424 190371
694124 489577
362656 597660
655383 392990
890605 139663
949837 525258
565111 157479
113634 576397
565747 665266
607597 782210
459619 50029
623799 4669
710813 585433
968233 54750
665070 242402
781443 518456
381164 911002
413059 925392
484416 854512
444159 440326
66665 78624
9957 111596
85806 363238
54283 639608
958166 157168
930532 873343
456324 802642
966220 412291
683051 298270
253545 468379
428931 271848
949633 272599
569566 857018
852691 396446
150973 343030
431459 291984
214395 353019
361457 654773
966198 706078
616958 422078
196206 918140
386474 737229
611410 312038
239197 83618
935725 662982
706273 760928
937460 702494
632034 872185
887394 248551
503285 565281
34197 283918
414903 11392
219357 38149
964259 641902
10156 359279
545182 231428
120634 104587
173747 87744
986345 9060
28504 934608
858450 386651
878877 502747
262237 554646
664696 221157
484976 117080
77447 90975
452876 271319
431174 637955
240098 481430
499253 681665
589020 78796
742019 585400
322458 733868
279524 650717
923458 783327
310150 53330
122287 666037
150869 27431
704399 910517
236547 216769
431284 204425
59068 436795
761328 526688
765430 62644
650100 296763
940906 99961
729141 711255
850066 443079
781573 992609
792553 583663
641534 188110
409750 952294
313364 222327
299965 831784
303457 198671
43766 872946
329517 306383
993495 156657
713652 574916
588901 463969
66140 796596
862163 989017
492925 136937
563536 191076
651961 861262
710714 701789
462513 508022
103198 489887
809804 590442
114993 204979
767937 413442
377629 719402
394060 229135
290639 818810
570472 808626
14211 429680
840763 495540
200162 246589
422567 884413
246865 129844
982059 697777
744440 667796
559658 103997
860773 187692
494096 146410
822246 800723
464701 913936
121641 362177
692587 247342
907234 684868
822380 43347
252681 771485
387810 647256
316637 690938
602768 772006
236702 859963
207344 860301
920223 635774
113770 393242
132735 769341
650558 31124
872308 855444
158924 948246
145056 311206
743438 342442
435576 225348
690600 461755
386305 63478
494333 677135
25800 760142
390115 842589
623540 160473
323443 659583
667353 454541
207081 583739
28715 54552
546074 832924
779828 443426
967872 54074
637156 294598
867664 946645
867623 692281
901783 411919
376958 589686
95935 127385
159715 657778
850673 928352
840664 846480
499852 448677
271893 630907
348962 641971
508599 126742
632720 696672
954578 161746
879921 55074
222511 424066
387731 63674
586565 327552
69174 313184
783943 150750
759754 926313
580528 284530
813207 782092
171047 210041
595408 632621
421056 513883
798110 792878
372613 412919
726012 231824
822475 113114
276352 718030
918984 636879
985262 281805
916545 326051
285157 766444
278964 46871
511485 362976
866321 597436
742834 929959
606039 475594
801785 467782
590326 852592
996772 496645
329731 848068
952660 326282
252399 880435
616083 842082
541039 756375
207076 974784
230054 319453
193295 921170
799349 715015
411241 742763
565658 35194
735744 476015
301117 116013
661939 211433
603745 452646
807602 489930
145675 241460
764713 486928
116947 20063
933149 726438
283828 964999
839356 439432
315617 65452
581207 841016
978193 421534
341317 468940
242687 384331
724200 162476
127432 667521
741612 958206
205140 472917
4620 49884
295062 183589
547060 584967
19233 344875
367457 638735
352129 869740
941383 540662
458515 765493
885631 330191
769497 412518
451794 374441
456971 490934
99409 2391
276509 692918
162158 789572
678794 352580
294526 967278
201717 924652
109015 113297
602897 387147
550661 599781
659194 874725
814152 854385
680490 963729
252793 674521
482880 421918
91391 280527
324279 929039
750503 245480
692460 873481
71429 83769
45125 291021
702079 327706
769695 102287
452350 253744
821362 514701
649642 404430
295310 735537
209274 891453
887107 59711
491812 180059
254158 887061
43792 977164
786924 319245
545693 205511
863985 70941
829188 566061
645801 16499
252752 512925
348053 434577
660225 890276
537243 911951
552664 765399
986811 910167
3699 195715
592309 23401
140892 904397
779870 161228
389544 129531
791367 613806
158972 185333
535041 69299
112231 746166
304181 559272
488242 582179
829146 11913
509561 359249
118084 671176
307340 272198
179410 596155
246481 701480
83313 242689
900291 267330
760048 121599
351884 902377
41184 888949
482470 838372
303060 581305
721562 966895
727704 464080
649417 90815
983954 711103
446878 40972
574928 466388
173953 233772
641247 105924
523896 677672
570937 483813
547763 308790
411459 238256
472919 468315
237115 409729
529178 185102
894744 343477
200517 886399
259566 801593
214367 251849
783866 896968
478501 123322
752511 388386
363896 821745
158594 187504
238417 117744
805320 840347
559611 730117
853062 884424
757647 71621
928525 699705
714560 735014
315360 520213
323240 161990
642069 211021
467130 678608
879828 246655
246958 668225
306096 592524
540443 332868
929415 737441
551810 732130
93982 166224
98916 185854
25291 262963
120812 491630
949411 754430
6250 997632
305705 220533
585231 743453
862961 989773
248711 873943
569566 951857
38374 33953
810836 773599
951992 129872
813691 778913
549938 255040
438996 863707
211134 619579
122827 517601
658533 602507
836882 913927
936871 799923
917319 148332
881556 60563
280283 284973
137898 86113
535749 833459
947219 924447
662903 737932
502719 91845
145405 477053
320720 392925
106921 470507
187284 533257
933635 607198
45551 1871
826789 793888
74897 75383
271003 721424
526542 332853
82044 218235
395397 429109
641487 637283
400222 130735
330717 153927
791039 125780
144477 128950
729637 261552
759551 443646
556687 586449
429081 447195
72282 82327
703277 420688
786583 611104
61495 265940
304926 769592
835608 589612
837561 69874
744466 686782
444282 659240
283116 935189
973215 42106
821350 17008
752002 620545
10792 674910
581208 717662
75516 650867
223040 455984
661252 606440
548642 682905
618608 493512
837461 172848
617392 919110
121416 896993
795270 945507
758214 914426
34768 273364
451321 884977
682315 446919
75085 125874
374937 893401
351609 171050
270923 978219
3996 13319
542 861783
492008 825253
192091 136275
858046 36895
913128 404495
430786 199593
995695 425672
959706 888472
470850 519256
696710 717302
16606 206595
704780 862127
178100 869675
630978 370308
599867 860675
799953 22384
977057 18564
213912 268298
442348 467738
911473 285458
848074 459590
835589 126516
690575 231612
483784 26676
872475 997725
695858 415642
32350 260917
174409 730685
680291 317308
31161 214168
600609 845105
496204 639239
240853 11796
466030 247191
55464 673835
13433 183507
255835 705722
718044 709815
636671 708927
803730 339539
249135 690393
354380 554069
438442 240163
230430 236899
908440 863289
351940 454438
120243 83941
433878 962773
767535 166969
806291 426911
73592 653136
871135 728479
876158 181830
415252 323573
390919 83485
270990 447920
113594 123191
709713 834284
646185 391204
965071 490179
802003 65911
674737 766042
119440 246589
721324 408818
211328 383135
428124 876855
508802 277685
915272 422870
571430 311895
979382 60478
575384 401542
107539 29861
155508 418242
432917 80337
876960 483774
961512 23964
514213 553980
890531 727242
703441 871690
71874 402841
926893 147393
309613 595819
177461 811217
359208 469000
407902 581439
347768 120162
358197 93041
735866 665860
490120 289988
125569 720634
348400 812355
688191 653960
362585 184435
185672 516361
540695 976661
503830 550667
671081 147699
811343 210193
417539 339314
736921 428858
884894 24062
980781 986595
185963 957319
445112 63124
321563 969885
224555 44094
70105 234234
17127 839161
544255 235290
142635 684592
493866 77506
117949 46337
197787 590842
738582 348033
200896 446961
732139 198799
663876 904536
339312 535728
151266 279566
516654 534545
530410 410781
569554 853756
247154 534440
89872 822757
800423 45732
571606 507852
761768 726864
3068 175750
349502 423366
417289 287416
272710 36228
256321 416925
737516 422080
286280 509381
691507 612489
472585 529049
923107 391263
228523 907345
930062 796283
583491 969804
821207 133832
446846 882535
865638 522542
222322 207093
757235 900645
74369 769582
215681 374803
471436 872103
400942 213871
804104 654669
261021 217399
780145 947391
541788 260086
869802 619133
394299 217820
18329 701561
705058 880853
385580 873708
412662 465644
203656 806686
86328 769190
897999 826993
598208 917884
362757 350950
1075 981227
115662 843135
350106 473012
426586 600356
398260 793688
956564 915016
855882 423750
274964 991946
449466 181948
95526 855354
568505 725534
644616 680637
827454 963777
727265 324232
489 283301
835601 232237
136887 198589
759484 641004
662588 401476
617713 289310
956440 929389
39311 235863
594829 140917
13907 322653
977496 697718
734923 737853
521616 610023
325780 946109
267053 490215
668026 830679
551881 814401
737000 680176
838254 596492
720408 52162
285846 124322
280459 626140
927218 903783
112368 775439
22259 372414
721676 983551
897025 923311
463997 464266
787104 424011
935324 369236
314349 678865
567029 477683
507144 377318
791005 609178
786229 304762
467225 927499
894641 303762
488097 751568
397246 350528
170346 412231
777090 493281
601898 89261
980243 42016
389080 844865
752214 3111
367088 485022
238653 374886
744430 622337
65710 228755
906550 432624
602694 324547
418752 887195
150273 852040
370357 456147
67352 975878
5366 738258
492512 986263
676708 241860
855815 160684
528836 620374
340536 49912
760786 746987
270037 556031
458151 322694
256530 733914
754743 913695
110564 12998
781641 853185
69300 712666
459266 98307
581912 746588
510332 803040
796868 229749
506731 838190
246257 48185
979695 930044
331143 901355
865554 580515
326917 253143
924596 771926
908245 840806
507754 828187
951314 153846
764060 657614
475836 638367
145731 640328
999051 619457
293748 277815
576886 335938
532901 238462
897282 437614
979388 53719
50288 788581
717534 419598
584068 317545
506103 784768
871992 607158
90024 955460
455104 315506
117621 268475
754053 772740
611419 323910
85814 704506
588826 51968
96134 623954
477306 401794
66422 204853
978054 486400
499804 69451
56119 883590
684149 274382
976719 970496
479246 763453
577075 58980
59061 421105
87593 557890
923832 742470
725939 67192
666468 537595
32256 266311
801378 859169
723872 356342
906719 305474
341364 345995
784939 920511
725253 801486
430404 137284
644181 469750
236244 821296
967468 501024
764970 771466
544057 833817
225773 897655
137830 372641
800584 275809
921575 7493
862262 540260
733214 911284
49904 966714
531860 138542
158884 680700
195566 92261
685437 454108
526717 805348
585530 541105
458425 459175
461769 916488
807917 251148
362518 460259
553428 497399
568433 454598
517549 90092
110421 118684
511632 442580
854627 124653
610793 442816
117588 123720
699827 676264
610849 465992
401266 618482
323742 158562
135274 75189
241427 713080
420112 96914
959254 402504
28434 860400
931890 728092
74716 177172
366171 351785
366914 113796
868603 583208
630919 570174
395853 189564
297007 602219
673893 170204
655534 194796
812288 83971
890018 730953
217627 912792
337453 472033
527619 939738
291615 628030
493079 798809
48164 559150
827866 256833
379897 851887
277984 458396
920184 266026
54904 905251
576338 378960
914820 1482
96263 34177
626068 964376
638133 998461
70182 906366
992039 582936
527375 823997
745633 715476
901638 196726
753296 821430
139923 690030
724470 61495
681635 59286
341394 964749
648067 28244
78747 531646
800921 53458
512455 789324
493254 879518
979348 100763
29961 670169
190535 563569
891687 354826
466633 386007
707342 646804
408354 181898
754926 642726
730871 232102
721608 151340
820417 597902
251469 298765
108745 299103
405929 803863
544027 948543
988184 133959
13487 92209
121098 340059
70852 410300
498919 866957
160059 618780
839244 583519
524278 267149
519559 95254
878616 398420
353608 574016
765553 619464
366845 359617
502429 245233
134596 726312
26755 358647
516030 684817
821637 959356
111322 7856
669765 704729
107876 262615
726227 988415
535654 985430
141189 153352
10846 815771
224461 5613
427216 956483
123568 960450
972136 275332
577961 154847
132669 137460
997433 958541
194720 30834
16005 834873
628939 49694
932352 55225
245462 952463
822700 649321
600454 610123
791778 69126
751993 275055
888238 662070
517680 834810
147907 672430
513465 982167
465310 841482
815127 677734
354071 360706
416028 541004
834335 379284
513388 606898
996508 642101
442145 225974
908060 68377
504027 237338
670972 302797
736625 661922
360614 929315
960101 533503
200428 521400
807083 258010
361782 127239
306478 207025
232171 434483
273740 5430
624821 278833
334713 958982
651159 325411
366833 53080
236251 330647
986004 298848
189636 166904
216834 86715
858751 166329
76729 655300
54969 77212
567039 861579
994158 101276
112646 680121
360907 72163
73727 980935
654556 490083
783797 87183
815748 472669
15878 931866
780869 773651
313621 405760
901878 657916
30648 860091
407210 696290
569165 550510
269860 373079
839393 219533
955324 852691
619808 111021
787189 698559
822487 433714
657158 825553
418227 12879
435405 390084
764592 589424
779627 647223
480383 746383
632068 836272
570389 909970
682706 285330
762305 67937
389353 848371
166845 988420
757456 49892
516144 937951
814663 587472
980253 189434
52389 883585
19504 265927
845939 786475
905620 753274
124054 739428
900873 524084
691731 723730
825308 551022
686906 786750
899719 192709
728189 827606
763809 873333
670265 699477
704617 59360
401076 132568
325909 899510
237703 187038
47890 471509
608278 95329
759931 461557
665600 320346
41810 239804
156090 117932
731753 214295
81925 58836
518043 994782
115065 355105
715244 408095
857927 317361
705429 307229
299343 639925
19018 27556
713006 935044
648620 414013
313863 148950
832882 480115
982176 309426
540983 271828
304045 341565
228824 192092
680750 118170
767627 849356
154892 652453
222574 739413
488902 630154
715390 221152
684958 110117
216345 418036
64567 655871
580150 133154
515465 17358
243427 542282
504837 126272
972979 836959
962251 17504
606605 838504
615153 691847
286012 145266
630346 510359
122757 619216
146444 102317
759762 221582
398686 596806
240873 765432
353211 726168
499623 226930
361081 425985
872116 233550
792978 60079
477689 235042
640611 747719
141733 520483
88417 553285
828925 861396
449070 189240
977221 407110
462128 372746
669402 505431
344807 962756
772776 587968
164102 62111
151362 532179
964417 766992
311930 323883
953558 383837
444588 154474
829744 584078
949380 84008
916341 779631
335064 333642
644772 932333
67616 924314
827664 13295
600869 36531
692744 451765
326810 855833
872816 567245
147675 603826
842878 337854
388463 193770
598972 237530
130699 153352
493869 383486
806032 387988
685848 754434
679882 188540
853086 114717
177023 921636
887240 700453
127954 866484
549108 140222
398839 14230
92145 368877
388060 868804
462612 184177
901284 606106
540154 20894
653951 263764
50409 62454
496950 230703
897950 865183
853258 958575
828614 775434
198248 302884
954320 451472
534130 278347
664190 750999
189780 43934
125156 329110
500295 280561
542571 858792
136946 916469
632347 756907
40122 567583
747134 910046
150570 283314
567197 409307
697595 788295
380316 245989
938005 922110
917931 217713
848930 51070
249940 89204
138682 896893
313939 89146
45991 204348
814623 492554
470512 457156
668774 753160
184656 847754
164728 471227
60860 944340
692088 679454
816520 694665
416032 245072
96405 74745
95333 941973
178687 728441
714019 556925
212270 33364
847340 857409
66263 541554
88376 624826
60770 729520
480523 557132
406718 397527
484348 193982
556329 649726
481476 32826
120034 201082
423211 133237
685460 924100
500504 832227
304721 391578
220900 75703
952195 813532
993773 799961
730007 92542
72869 629928
227403 452254
534295 367039
620175 609560
746933 159665
43091 700349
349360 744958
244122 913429
670838 750632
132137 918031
617737 657817
159943 398006
209850 514971
404805 450924
653140 319197
632303 169822
444820 377979
517027 642566
263396 110624
630663 502936
412466 440063
358805 456230
994643 267057
621023 193443
510888 967661
970615 959824
60876 511832
516808 349610
376112 324965
3713 599623
253428 660702
224646 959684
905371 529098
374653 955705
646236 424007
378984 564680
641376 506633
482918 836368
944759 304817
979256 383338
593453 609074
477719 740022
394442 218881
837117 515121
289462 800170
8940 899868
465293 244421
807898 383495
909672 722790
749477 214483
811883 412779
289154 812699
738567 441007
98931 130312
904872 260374
56598 95456
29886 17849
784730 450776
442862 806832
9734 335270
414550 329708
345339 157515
565763 665587
31509 895518
835565 374874
217695 33122
161380 998097
309098 218319
714740 50287
18266 410791
767436 761476
92006 622921
246499 286483
694238 958267
297965 683173
572440 612016
509342 584177
550047 894577
736254 675318
693346 756863
900252 537493
243401 341778
423009 582552
812339 583964
466888 250955
645311 993200
422538 922107
641670 228994
428222 817379
931655 277520
540762 986115
581421 365651
5741 835518
751077 671230
786461 88495
424366 392222
662150 248123
650096 9784
296430 487584
534311 641093
309033 713510
879051 752216
685203 282221
461719 871627
997700 81633
476420 313817
407441 107322
878120 111665
544246 327001
240492 12244
25462 659309
144489 462405
757216 86381
48415 358587
30406 14942
306845 226966
820923 593427
64991 834304
841040 963618
931164 462130
178219 306732
814940 165899
966657 612417
799840 942228
578339 5395
67689 625951
589205 665295
79667 896499
960572 719815
44484 280256
527285 180543
736073 188337
982142 769331
275229 450173
84025 135586
422379 781334
451993 457886
562639 400068
653753 321684
821390 878196
800497 296216
214490 304277
439211 107339
956850 187384
302707 53668
520076 840933
335096 352365
72046 14863
135533 881006
83857 489957
49073 877163
691177 368454
238696 602656
831091 784459
361468 145850
69765 527921
947584 622155
366071 454582
419818 970766
622686 615139
654971 213624
950408 165576
255873 552824
317876 285546
184951 651949
648440 526520
64788 487333
150746 12935
498084 322401
251896 404415
925913 671391
903888 916513
614652 804704
100405 98827
354289 325783
208661 781188
468702 880815
128425 243098
196815 592521
23686 55622
193198 516731
550579 885595
43247 801339
374023 296949
446718 304229
232883 90849
880266 968480
55457 756232
559254 389634
817360 742199
488673 400787
149486 548766
653376 38210
862180 515409
229766 107987
130263 578831
348303 181899
540074 11399
668823 562047
844420 412313
179434 542524
719735 356469
296090 694645
28751 455186
743020 424987
34557 573810
474315 957628
118697 715290
75240 183316
982972 744081
360620 654912
473198 904657
36770 484
152997 499789
148663 904066
259004 629022
264657 358587
828466 607730
515667 351270
163759 289097
155404 153107
950268 988649
720303 241335
532567 682331
852651 632668
830598 41786
839007 227139
958746 871814
504986 544159
435658 744537
546638 894576
680891 318754
2589 701882
765540 595700
156276 717990
27130 638049
404084 260337
803665 52857
898166 70286
537179 80547
483365 170203
250273 61627
550438 129925
106948 49124
729001 154804
778040 415556
691301 568690
746579 263376
479599 518377
263918 516076
802965 265181
667329 98119
703049 255928
491095 365648
27613 938919
876403 589558
656520 770193
147122 835776
682549 199239
919565 15593
956388 143321
250272 264841
578204 94238
805952 388007
374107 456603
639076 511003
196205 771956
309049 555589
312881 105223
232248 178178
710860 674889
358408 737852
270402 665739
302249 514304
348583 209662
50856 901181
535278 265136
937485 279287
277287 426309
632351 166590
399006 712274
338205 52813
617958 325895
204642 527293
428096 672279
839465 463051
649576 75147
295037 882330
278241 665552
341482 847052
869712 695180
292512 441137
51912 824572
637122 48211
497307 391615
330247 370128
717693 143
503887 682418
434546 767981
702217 28083
987614 549097
102449 679976
303956 922230
65772 370177
129736 915946
412705 8004
703127 552988
429441 234943
761339 379571
8698 221028
589659 45933
621514 570685
885696 838341
62219 540362
892942 69348
125629 839226
913191 401057
317950 143558
221446 206326
415533 874389
92636 534665
682269 28067
513337 134947
768385 392264
157537 477071
749605 976648
756047 296089
223587 917827
192627 558898
748173 902081
477812 546994
447610 81371
453820 729052
994734 362218
59694 158293
272953 229824
176362 908849
605758 139980
885954 690577
897424 414602
824232 16811
982400 314420
499988 315986
83292 24761
213114 784696
422516 40872
929766 988220
668165 581100
737821 70064
616263 316451
61838 615816
227807 1109
121637 851836
88063 674453
928951 84203
545675 9639
402416 767638
750132 616487
880049 515588
281147 556211
655362 208299
179847 815809
897811 61997
156358 827573
948300 473825
68401 846917
86808 448273
226213 578106
580724 922334
7927 353975
76927 346516
977910 849866
880009 142565
885241 452304
253158 40058
832496 123614
62995 922801
121015 900703
4030 92627
715219 569477
310824 54396
430521 22219
126113 988647
42229 791024
186141 982025
588303 234489
479735 308251
977648 295133
982343 975857
553031 65693
152773 676937
302794 266814
352032 709045
498660 596875
820800 916744
935810 160122
122535 209418
907020 914595
454137 323661
953136 683755
96484 349109
860289 468799
697701 97682
74196 917984
666318 715394
203732 81447
342698 869939
736979 658546
834707 6056
454274 323445
883729 817028
721910 645404
177041 72863
164355 21021
629521 916870
618769 202010
222047 566587
224188 964445
323090 16632
978319 989949
842959 322675
785044 17240
356164 490634
321882 37880
379950 775895
573424 725165
612036 598313
461921 982040
985618 402864
61997 226527
426547 362702
966318 215902
245498 931136
593066 319467
336825 119177
621160 733750
840423 415252
378232 436527
411599 431547
906019 41948
585641 700297
912243 965200
375982 199763
117958 29844
844265 891783
270126 508676
613307 124248
88059 882759
404389 569561
805543 961429
438951 860900
41952 296028
693738 339888
659673 324693
758707 551799
930835 198824
141188 983352
690876 103235
506196 513681
395206 952775
437034 995974
930112 520018
549143 20958
982857 322664
729544 358971
89751 367149
123419 476859
954862 659400
95617 540639
796420 909273
521242 395321
647655 573521
98491 298208
479155 833924
871699 564468
550624 27439
486656 702061
378596 236167
464608 749530
549991 60486
729368 738075
639153 392788
656581 34022
538367 621554
531084 741093
48859 188197
370408 735765
984810 98072
944286 959209
195956 373258
585251 832424
740705 421766
339752 24200
956245 485038
224411 980050
239661 262453
855712 121646
824205 286041
786446 907329
809201 952146
542004 612293
578952 312458
841138 605832
925522 540573
244992 475811
843447 532111
408240 738232
562723 563740
310933 675082
717380 917769
168304 386545
502839 486948
897324 848623
463364 904171
118578 944792
951716 887484
128806 671589
827440 470172
932631 555970
675991 516292
418621 651294
854557 946539
921073 302288
150249 930518
820187 399621
428643 12812
3313 394477
227193 428176
678349 454345
735639 672901
626090 917488
604633 38055
818000 286048
261883 425304
131394 299429
44200 179269
719175 459008
928233 300024
234397 755721
897190 549362
698266 666377
941414 843282
528744 448198
113292 467544
905974 252896
279960 673723
220246 672425
779828 537588
145766 374730
472436 933038
295761 739756
704529 658226
576507 988361
492880 45380
544516 721128
61881 126386
156891 481982
160529 473695
278888 591769
737114 15741
982453 671527
637802 660914
846668 897670
786779 761690
887303 734270
972712 599500
960327 380455
807055 87618
952541 939596
889688 114974
738365 827543
853696 602164
803490 454857
742309 720755
512871 620046
760065 55796
428458 310052
927146 792890
537812 621968
961514 108719
716911 493462
939974 663748
203296 80270
330647 282960
711765 993679
625514 510389
916033 456741
193619 806056
556949 171848
793435 519410
222262 952451
702500 297476
131109 189525
175468 910132
744877 971328
284546 804784
963566 973322
61153 412739
330649 8303
980824 441829
94356 825933
498864 918402
491598 896327
247038 437724
674111 887519
177298 919076
300061 134361
324217 295757
261298 577199
126768 267270
388198 561021
990016 344450
486307 643992
30632 172559
833679 523095
929540 621813
26329 119182
871827 669765
960465 706587
513052 273659
514686 847593
593820 438483
350941 448096
151039 672313
948085 145191
145428 578920
907082 867432
588298 674604
578604 351649
188086 587085
52629 524616
659796 125934
772935 784431
47220 228900
848187 611362
272019 447438
277870 278679
560005 106083
938079 797256
282905 127087
335942 551382
93320 317918
143863 657299
447921 227041
379258 157713
748839 854547
956416 480522
555658 148460
942031 433222
84985 294476
120839 521657
341184 67477
851860 393844
81346 75272
877581 134946
538770 337191
195051 359721
393943 131892
900297 896287
492327 694826
733682 798382
516805 642821
571103 563018
133528 325610
873270 233161
651222 74034
130400 105783
876004 970691
772891 846501
424342 999992
155615 540965
875587 118520
650077 938744
997634 65586
906085 443794
907303 329468
364101 266733
430260 444113
47268 678972
670724 57226
737555 271010
300767 324030
137015 76152
588058 462300
675820 188814
70197 359641
129743 228592
15710 780845
519688 650364
182920 62504
579420 154911
607232 782851
870923 582214
523545 165245
889107 785007
297024 727448
137411 453889
994035 60486
577215 83838
337256 30053
101099 138484
692718 423535
528334 48064
24107 176868
201060 589015
328202 305336
286217 58838
444556 723751
777893 542941
222862 46842
324963 969922
312750 545218
333982 284611
532685 483415
564192 406146
709382 178899
975988 744557
936490 226899
287549 436248
164612 668219
540496 759374
751607 920271
167330 320156
817814 566981
381881 82431
399887 486951
687721 967655
897868 32581
747260 650859
696435 866289
653931 59895
476022 117615
744995 984543
568122 57471
191459 48685
739182 713586
578574 856776
718569 720951
272432 761850
363345 761811
482979 849687
702676 946060
290410 166982
939280 789183
79092 633783
237909 159721
407598 338216
479540 666155
556733 770124
90845 488164
33985 825187
63301 104476
419019 516626
603525 305997
695078 653332
84270 14522
291426 820079
729175 208329
190126 34355
779381 278794
248212 354802
557696 206722
733115 26193
621799 526635
505056 128808
362748 320050
807684 552567
99489 992588
638975 435503
266258 132075
998254 639973
573943 896930
625403 127158
494378 189706
187723 683796
935153 44236
85202 864483
461479 704375
527624 67024
21786 931613
596296 68895
382858 304448
197540 607092
639524 10820
873220 94678
182181 919289
919362 529408
655492 723756
318657 157785
112043 657566
931195 389682
730073 770099
590987 269166
153165 379825
991004 665342
24320 11641
141528 745625
729748 383635
770792 318691
824509 617514
349451 115299
386477 729566
137654 537720
243303 369464
946122 317288
366275 693178
784382 78290
500272 846554
940368 619324
577695 474178
2219 129376
897039 288486
907426 169172
836484 764047
809496 827010
296104 990775
976905 621965
786358 461550
283825 308851
615133 858975
189674 891072
190379 372705
397134 780163
100242 77663
849363 242999
132560 809265
79112 677339
983897 516126
248095 673254
921714 856001
751405 970848
531953 904210
968278 390228
826512 489694
541206 551829
148550 549500
587551 824713
54032 656405
867377 723444
259679 788357
349787 37215
735158 365965
635608 36866
74026 185122
487390 910823
774209 110870
593057 169151
794202 122260
626226 326174
159138 922083
179271 607132
306662 550377
376537 232586
180300 304645
429013 687631
713925 648591
602506 863680
949001 25320
538235 880057
707951 678973
236798 690208
12979 38046
613972 981494
921416 349566
420278 942659
843308 546783
81851 200324
810134 15265
962793 904576
599415 166501
794458 738588
947324 809315
481314 582878
300258 900268
16912 193366
666035 613487
447818 453846
41299 678845
141015 470107
737717 176833
14978 506039
171761 530595
873992 124518
608045 29269
812261 24725
470295 922103
19179 773933
487471 52616
542156 176648
153622 283393
510098 166211
743605 54018
303492 943441
534702 766269
244347 738879
845958 719655
93039 823739
902911 70011
431284 946972
778437 625294
493794 897121
435855 278962
952779 455422
911319 574746
377795 70446
742829 783822
865469 772303
774900 941957
938817 783326
753413 273713
359038 173839
120799 26147
414901 716900
134333 981020
594039 178924
562972 554633
694998 961622
970321 568687
185447 561211
912007 458995
242282 650236
23057 546568
864513 300077
734143 390738
656482 510290
154053 474945
934992 712200
565872 201364
564271 383231
210029 851900
574264 923405
900176 162574
412805 237971
98349 912114
854504 698927
694497 956240
114685 179629
624038 714395
208174 887993
852949 91210
943398 517116
174197 275649
458472 507234
185010 154273
95373 701379
877843 615992
44054 884366
3632 310319
211998 341727
818933 906147
918657 586404
829384 177841
754587 247928
374802 265721
456437 568708
107189 266420
167098 494619
461838 7803
243436 702559
816757 570146
827670 785391
985412 932909
140920 516955
125315 787845
897526 199262
463921 873198
919651 178018
328887 885729
876442 990826
526238 855900
752570 707621
414016 121487
535974 914738
660563 403556
503356 810166
772163 971864
761912 621028
239869 773142
710965 690041
182310 155937
344698 620759
956711 121249
600258 853903
107007 295619
154063 786871
711544 861336
600339 455943
390608 656285
89139 185795
641883 493848
605423 272157
791474 743295
912570 482418
115260 706157
206359 212107
350283 179083
872625 995125
990215 856799
149505 142009
833487 984539
601729 222137
362017 551610
418123 165917
310040 347469
839987 866432
467208 525612
983696 25446
595939 105281
977019 25628
174861 606501
127508 582870
547990 83976
463519 683508
324095 907490
942138 849883
818578 840358
706609 117036
410856 559687
336695 790234
216705 696020
244530 836659
769622 909560
855739 25991
227232 680716
747725 183637
161016 604815
157084 959963
441424 807069
925395 403336
747909 718021
659620 278928
999830 220927
438848 948491
93391 348278
103732 471768
901136 486649
748650 889208
62947 305597
67294 709081
129329 125284
372628 397203
589271 271559
895112 277766
907390 623151
812582 645342
999134 323032
952129 665891
435222 928520
769717 10847
173909 570252
291104 668156
895726 183463
798804 720385
860505 626456
742852 709866
553713 55735
12883 512824
488609 118327
386528 529139
761735 980754
287938 895435
349086 520674
440016 536316
20073 10575
94442 799857
662847 644140
524157 139610
334423 279002
200120 378935
96854 576266
909779 993971
232954 457721
477195 477956
848963 24144
631741 650871
511913 635108
210051 960776
927922 762382
373984 510152
617914 127087
447238 57755
285326 873117
418393 384575
389708 537605
574124 467519
134277 787247
377626 115342
189361 207166
857517 1282
542530 248534
514522 382612
74410 569518
209471 183674
349099 920630
272659 240850
433437 495873
32247 944044
826795 176083
879135 982986
760212 371608
997287 371147
594286 267797
952049 509739
4422 182168
949861 419362
682466 362269
194186 465679
843219 94388
762402 111340
929371 917750
598961 845841
686762 758067
8574 73557
109089 260552
490410 502101
405862 421111
205485 857354
645323 82464
548160 818232
505681 999361
11592 84525
142242 382216
859880 353063
986421 123601
879635 222925
601738 947337
383700 348841
450852 699042
295985 345782
989399 352794
409825 819493
170016 959313
488686 625097
904033 953936
746397 579747
446559 59426
519175 328130
135412 44834
679913 444484
715494 380487
869799 783414
83024 483730
487847 381562
726817 652234
463282 630
466304 646174
653989 365748
421141 196413
877734 185692
957708 281615
457018 596847
810274 239992
777177 476569
922413 405672
841128 936565
53648 244591
712481 598857
642985 904813
945604 50857
985409 763395
217333 499202
261355 284511
860729 488364
141450 812942
473540 104154
81029 528379
801131 990910
932384 733117
473608 308362
978514 878360
612358 470237
874557 182502
198845 369900
962632 579036
147831 610924
932829 236902
494596 308560
409706 10939
836591 564290
424729 145836
211960 387524
481219 660392
154544 416787
200877 886455
373386 986110
308301 196261
648798 998447
539145 817763
543015 149919
94965 933820
226704 480445
714323 104047
140718 958380
321214 345238
570357 592074
489181 445259
646850 611734
198225 920518
275731 243774
5832 141009
166648 471222
102954 136398
337754 991010
410967 743372
40847 627653
891590 56541
672068 242047
475428 777416
747647 760625
474389 665788
767504 36977
175811 230873
36670 790045
292316 857222
471851 4303
735097 421098
311098 248961
535263 445683
38861 399750
917602 666611
399619 60464
502700 810298
16981 328202
698662 720417
993095 586187
754308 284365
402535 670084
18269 180806
524116 270859
724531 689431
962777 767165
495075 794513
693139 495764
730523 207567
445471 443664
283652 686788
242172 217838
762521 553539
165501 703534
868517 316430
915703 786373
428284 60406
167805 173604
817738 282029
444335 777298
571141 374312
730857 5641
701014 457470
368040 638886
829154 697437
580774 927369
834466 964813
826174 415779
573334 598241
938851 446532
465476 760467
512006 398475
752896 84744
379008 904645
308365 763592
608849 164958
256477 578570
687766 468234
783480 591431
991498 935263
538913 530085
136737 359431
422503 476501
407040 949272
819743 777000
641214 297358
771691 226421
932177 737361
999137 408761
741671 635729
117906 387716
959797 554052
344202 578372
902034 178296
423101 80726
176781 607173
693744 575426
18239 704014
150402 260639
744006 233667
251080 339151
268542 358720
632592 769769
468939 410593
564655 217953
42476 366615
789069 99191
750642 658942
145430 907419
432180 176194
884373 187432
803920 128405
572570 435890
360961 452573
754536 599831
913522 807733
949954 806090
507327 380259
528986 677929
405419 560092
787366 216669
95433 114533
165842 130822
587738 255741
581739 742837
823085 325381
166429 883611
552949 132256
464760 49312
860352 693949
993943 108061
577098 480849
386289 137698
806967 875569
404764 352908
142734 862714
809579 467359
2814 631415
556548 422050
687054 180794
816686 490893
306646 567783
892031 675417
725218 391511
894608 377904
833187 425909
552887 612748
84852 50308
952770 823260
480184 738249
693895 331733
411304 457025
249107 569195
603540 654565
300962 990526
385104 156553
875403 870631
123679 196577
852209 454661
791769 283864
899297 668450
278203 213316
37748 391284
260114 196542
483808 922174
336711 230150
550737 511382
760285 521584
427739 36234
737727 511712
179966 833569
137143 964946
288292 732193
574337 52052
717305 950682
496961 281508
83608 184474
735845 6443
874528 168878
521428 487062
356323 290523
736927 732994
159178 414792
683944 947009
942797 121724
854475 606744
815712 615036
337151 98686
927595 768314
283345 512653
204236 608812
924610 101116
12796 758301
913547 760041
209492 106270
882119 867930
539564 974710
887895 611544
213778 768898
865173 115539
169647 679294
986885 760736
721477 657986
244070 397253
534651 998986
862067 986414
7076 623885
450571 933524
479796 645767
761275 216797
354507 437371
931949 907936
177859 116321
838318 422223
244767 498385
834112 152902
7654 482864
386466 156412
72017 536027
193963 604798
606969 403737
715480 636372
925484 354264
221145 958511
287400 324477
631840 217854
733800 769523
158364 166046
656537 356793
229993 257918
882012 193639
672612 241969
111540 697129
810076 642491
936220 981500
750149 194874
696901 785477
724929 627857
9553 61367
75411 805949
149178 679357
716657 513904
341766 857718
112022 867325
758336 360007
822482 697776
462383 920449
738909 415018
252968 487493
512744 171644
704067 626602
896293 123762
30029 784180
799444 873802
560638 19771
512993 944410
603412 718825
149725 635985
696532 138957
610816 996186
977166 65729
30881 141176
320744 431739
559796 401441
31592 4004
472556 412873
465402 143805
591849 368169
204103 901419
966549 721773
256489 613445
527315 220311
742104 749776
806947 966262
553585 850550
304704 981978
715350 553921
205888 830798
746318 779662
6880 286785
374055 160948
677318 315236
470329 390812
642747 45262
880075 594105
504012 278401
885858 286665
623235 572467
427611 546178
799749 833982
613722 49459
385994 84617
465040 944450
735085 514746
729561 819889
183876 870919
438551 351355
767730 683706
89852 566977
26534 917763
533528 594309
106215 377801
490343 84218
39900 718367
933965 395628
144540 714782
578234 248550
352229 195223
13724 337793
851671 968528
915405 273172
786229 256962
672058 150642
873305 667806
773727 572872
108764 916339
164960 172799
626363 629857
666304 526365
477107 584692
515193 59971
271508 995204
259437 569587
169785 241904
234 632015
337973 374110
527676 703063
86762 294587
539701 125793
128561 870858
970658 139077
980572 186313
841486 732773
466930 454798
756692 946572
121434 653093
526697 171398
290763 298098
248197 825539
244708 355973
24938 894515
160379 594180
981810 226162
59209 901598
104202 449617
967067 784640
971383 966988
830685 679194
847739 602728
853234 476471
852189 45604
776297 494076
495680 355397
469788 380656
506795 614311
354016 896838
454404 62764
654001 544656
588421 357783
259178 133373
942170 644390
457993 270167
759792 545274
867192 836918
295263 994802
432854 553806
971078 389943
46978 863026
126603 211992
261360 236598
125067 535654
586192 707519
136049 809747
117630 756874
616992 351304
611316 635717
408759 409477
980848 712302
653807 985341
956885 891620
980818 370529
89498 405668
619176 838895
349127 606782
587326 743704
616576 328656
282094 497287
667021 134641
11596 703321
983873 226125
154103 280934
715442 318562
852934 127901
537065 603644
798390 932437
61182 919847
532845 828456
730797 116137
733068 360322
400611 34159
806065 273489
347955 395342
101884 264381
858299 767040
645834 347414
884936 646578
120860 897827
18443 310412
534646 387106
364572 214620
340459 715593
346655 433499
36710 25478
336380 793662
763503 635552
887915 862089
995986 130672
152013 153627
440168 544107
633310 454830
912828 389313
479720 392158
298206 617669
651761 116727
450006 988013
74572 722780
859512 348158
68311 929376
139552 179776
220796 471361
45531 780275
829349 292910
885725 417512
398037 711339
778561 200275
185013 243750
73849 150128
238025 71224
496372 704488
893828 342038
440183 80583
836783 123905
89975 754778
680387 825750
500795 473054
261680 924733
348125 153498
783453 226839
72817 762053
719476 969095
570479 118201
919718 524108
804409 389009
267486 325657
283135 96103
225548 970423
129724 131851
966019 68175
53407 998930
74245 422742
353983 51517
416019 247602
214952 441285
659034 80898
915432 55530
813940 313754
186840 768674
656792 310584
440960 559419
389306 647619
270297 629665
596925 835672
751709 483963
53033 577593
32650 311854
68827 51751
891358 793263
576611 523304
715166 240735
856796 513062
272349 861300
529898 197392
761368 629319
353423 522035
920570 247282
602982 213533
137994 26530
260411 326935
709716 700669
940501 30801
313323 293691
711788 808197
895506 844388
468808 496495
604940 231311
625870 962495
794985 495896
794053 278580
667524 418412
304316 378431
349915 587249
107287 737360
220932 687391
470685 519584
866451 189204
391967 10457
18594 142831
347513 854852
915565 369420
1426 383482
878465 193504
532097 623852
230682 564531
870436 172989
242831 425422
166208 472216
357932 721617
357346 56481
990500 561292
368213 819730
516882 851458
480135 958134
482524 736259
571215 76476
983332 644926
667538 788229
644852 164743
916882 543472
122532 142040
972816 952031
309942 17544
508243 786609
267930 650021
733926 755881
589058 795074
817290 736213
83641 321786
471354 10813
759766 52779
571887 103990
172081 477630
816419 447214
537772 919022
903101 193349
858467 292983
426726 15615
928174 816551
314216 13276
524156 676442
121773 635267
825904 728037
279708 26182
456897 380288
499412 93277
682520 53844
433910 755979
966876 345145
933619 805299
751796 958257
779050 870401
417935 131206
35360 929493
602026 563714
425342 857456
807622 266612
360805 158480
988259 860050
724889 940244
168131 856927
109499 605403
101702 529881
332594 852819
26840 803252
333211 499042
403802 246353
405651 957942
112671 322888
320290 2354
455458 482187
5379 611316
971229 219344
254204 34428
31639 697293
642912 757085
206197 589261
331223 207536
20417 934915
736346 350762
878291 831792
835434 752413
798707 968619
861214 479216
943529 737684
736569 470220
498871 177513
152694 700976
389493 437382
240207 374225
792298 782795
999400 281359
905540 518886
859631 584492
371920 553360
965569 274990
878714 946295
833697 440092
557642 944281
446447 82203
876662 508795
451850 432925
104444 456256
58681 584389
840845 762688
587272 42168
607555 591399
298680 222027
637575 18446
853817 813758
398559 986737
857251 146808
776775 11792
46333 27153
81747 16049
279049 967503
673574 709737
893750 220947
398619 560434
885528 523852
878279 67225
406936 529143
897238 978782
398916 552113
172248 258605
368713 3209
717665 938653
911310 325219
544623 538682
825615 691920
715717 236996
484830 60372
867529 188588
511094 224445
612820 913268
601127 320919
602999 452306
282577 705712
643366 187917
232920 401866
822368 373796
862594 77433
69255 777457
379327 935885
177580 615129
311879 298970
954272 928160
415121 739668
853246 59666
82147 438468
962193 702137
504452 872173
317231 485388
235791 92057
570899 819530
68856 940463
527331 334229
938938 640650
950658 820807
312498 181424
180380 295789
558803 898427
381425 145653
691188 905800
785477 708649
643542 830412
572729 920919
87308 379441
198533 843993
647131 862346
453152 513884
452434 120637
885647 955767
10073 356270
354607 78391
700777 757458
181770 22573
821086 577212
367805 618395
531933 804548
254297 328711
360526 439338
829828 950544
357936 437146
402955 474319
104092 228850
123505 878386
752654 722388
450832 226759
328842 808558
823442 730891
748937 450045
895297 748097
446032 419764
731548 483989
903 95919
221633 161951
514264 363067
187999 574162
429612 886618
135473 435292
310875 133198
44466 196804
675788 912815
698667 873674
233696 848155
918044 887369
120960 381052
893099 442704
371524 916369
683826 221236
398751 269194
887303 335979
306366 566761
322628 836873
108690 453724
433688 380812
83458 827485
655121 214949
770074 461002
940871 635774
243647 666832
573089 993038
334750 398429
944466 761377
932735 317607
289060 841639
364899 432674
307078 608386
128705 223645
980706 246295
844916 274629
475645 390351
590821 397720
34569 944874
615885 354930
955484 985101
26611 400310
560234 355425
618081 745625
724606 331467
780599 899572
105662 904813
724636 296871
386459 524627
98608 873602
144579 499185
200976 64130
109542 816539
14945 245793
809965 236484
978857 427782
736389 615017
491597 690112
159958 180350
665897 763528
118099 958412
496201 314731
361057 771160
516429 724698
848169 820401
789060 310411
588185 847206
504259 686506
584852 907357
13954 957858
731996 284687
132497 109659
121218 537417
216756 29027
105233 768974
327218 537213
667495 776962
267798 928229
749003 818384
964652 550775
873567 774107
95675 434138
927859 246042
632925 620705
693146 247235
296346 105962
728786 468736
336585 224711
165059 208866
545855 146195
846081 680439
21070 68305
290405 62472
261170 288636
500092 821294
3076 382176
378309 296890
319139 40632
743933 750927
372502 941615
945955 102537
963818 225820
192029 209555
232979 802408
919962 244182
285633 387813
379569 536166
368199 871604
327038 319350
176356 777164
951201 860559
934126 798603
693793 368803
608284 182285
833172 126181
932654 296624
217226 855400
524716 565566
495446 367993
148484 833334
612614 279075
809989 168644
789760 248116
543085 427421
411609 500906
39374 563795
66885 789696
160830 392764
940070 588562
435079 711456
912736 213172
363158 561588
750390 299520
129400 332290
237068 844963
649540 163895
761186 481602
676282 513283
791699 622010
786417 751920
978745 863506
485777 738853
30036 829589
172543 279896
656606 668899
83123 932921
135615 216429
567999 763516
83401 938885
119482 279158
892181 960166
852298 456823
424012 906986
988617 72900
659855 706817
904883 417656
547853 633636
27034 34591
412392 988586
76033 336838
521257 383977
132133 26949
433545 232970
574480 459648
773463 199227
858719 665614
245926 91472
759009 65661
581535 574410
573848 632259
781336 316050
666133 54531
465913 833964
872725 139497
113606 830944
824718 785598
229961 358788
623992 87430
22860 531775
313603 526642
147302 542928
897270 614370
556813 388417
571947 465826
871505 10472
307631 926827
34113 347533
243080 472775
191016 730937
82464 499497
168956 376322
489204 753938
933057 199899
719247 138196
7296 370265
965239 685252
669417 487144
181982 749218
894030 651373
196966 896648
652099 24280
133996 288696
515455 114361
910307 673340
308762 748260
795672 664812
216091 67751
264198 310556
432058 657780
532088 352049
16863 171224
330537 209797
81199 83918
67699 845339
962976 278837
150484 975679
187764 999262
922490 378185
599205 913512
678042 226051
323509 677254
12801 593273
95202 308281
888039 698988
12215 445791
652077 548372
675254 523629
455369 965982
149630 234047
835662 693811
134147 253563
627996 275734
636380 129932
451561 42538
142629 682284
925132 846005
520992 735895
789833 422939
380268 723677
645471 233711
393698 215347
400906 801422
667222 73160
144896 375594
691679 854138
119108 506799
486635 434616
181626 448318
901991 445904
395867 308694
667840 868638
780428 162395
399210 240113
37434 237267
583652 30771
8482 351937
387737 193828
921875 597913
965138 415078
314600 256480
187772 944633
964043 635721
611453 248494
120170 857030
577171 108029
840852 77312
121787 350787
141848 563460
406374 66475
268699 832734
640480 275110
110433 172317
454773 334716
921153 898482
70726 938348
441720 919438
665548 879481
73118 892753
281279 52663
232374 649506
819421 687626
751647 219430
350832 912819
773338 609740
958800 254472
360487 882899
700232 266596
260149 340320
980182 559020
838984 104204
975945 11395
961954 362014
138259 748976
2882 350976
111205 921751
211570 454801
582897 584460
451638 502039
357739 5357
173964 393802
978608 789088
395478 1483
317581 942722
320592 735113
21827 628590
77897 347655
177096 156260
822199 798663
941492 776235
544487 395392
541872 620286
122491 105803
975343 349633
300979 850359
61507 144197
929506 30077
836961 782110
620854 158833
505081 464428
228038 241814
257392 995531
384276 125636
210133 752074
306499 400783
520406 602799
829081 905749
12968 877339
268822 981479
741604 233626
97551 438973
791736 144158
474079 302518
848280 917637
393570 554287
281939 905734
298222 994182
181394 809295
280370 190972
875761 945798
767290 986975
146290 354496
846906 201458
143182 1902
509743 195531
476775 857164
799997 118286
314129 856413
996568 405153
506749 311897
350809 88110
822170 555004
416259 933632
712448 67449
42327 873333
762033 187662
663711 866308
627738 966946
898951 573999
99947 272021
926913 294355
663700 9053
279604 394869
696975 54719
471405 564341
794898 540973
673677 798469
928196 268559
133551 648091
573574 523196
525265 501565
138410 307215
938540 301362
211452 240593
143080 8806
911449 924071
628249 33297
801901 924587
947515 563307
992375 69098
94383 496902
597042 523539
119062 566868
630918 762927
982908 281780
751075 813939
405495 371858
165623 393899
169115 354335
68916 709334
651892 727196
109036 171359
73938 808065
154956 788579
874899 764187
261510 643104
199231 148716
432084 154647
932259 498670
402462 458506
894906 520639
6318 181135
505799 628317
954798 763770
731819 347727
10831 579269
72252 920572
838283 37719
31634 755897
731164 855672
136400 562077
477060 570047
104746 356324
676256 851908
761932 364973
633641 472875
66890 64710
348515 202482
420294 109612
310637 980709
998136 82633
668449 9085
993251 566367
82858 240464
852043 297397
676050 717465
135087 500128
385989 217355
41584 705641
367138 975474
838969 928857
420737 362010
569157 237160
355899 721242
128408 929191
704759 400455
168523 17761
563167 229612
452288 861989
784870 262202
708948 168585
231923 927764
864256 222528
826900 582353
810201 42123
128398 258623
909164 852840
226510 90957
584573 113851
455352 111968
533184 553447
508908 528988
709649 337622
956522 547882
641764 495886
143814 269833
662961 248973
372570 499239
897100 745095
188893 125664
725281 885752
75042 297519
58321 640293
696354 641565
579750 605705
965462 957186
279273 668191
324105 150101
947527 793179
591833 945387
198550 441054
170713 672938
413904 635447
635338 447158
908099 922272
234307 150469
612548 279485
43991 853120
184958 314223
268515 719094
8891 386990
967475 15694
172049 451194
310893 637571
615706 142236
819680 537641
198974 935971
379061 24004
520111 937995
292346 178343
914273 991142
838104 549221
276214 6015
581151 608687
880465 317268
856383 95691
674685 364410
523499 224367
266066 645107
18553 406351
217273 67197
446604 853620
393377 861250
730175 56456
988768 247827
506114 35619
930214 781205
205154 351374
266904 109083
491527 803365
251430 294248
559828 93135
157482 61773
497744 851765
753751 562507
777757 751620
70394 374434
680653 2027
86198 628655
278900 546284
780160 149032
942465 401285
817952 973743
127563 38618
699461 185965
220291 751990
522537 642732
951399 192363
923428 596278
942515 28827
98696 786394
12890 696270
309460 767665
771269 250805
207639 297287
962476 873266
92016 929612
547723 669424
461114 853744
739270 955624
585250 32120
458710 664595
7620 107277
750308 961526
619174 321811
218651 681994
106708 698960
198487 124083
294429 321396
897096 311512
674249 850721
639895 408654
250469 649237
260282 47036
446807 137865
287061 973284
786094 506348
150599 774912
699674 143172
115632 256848
548801 431206
685543 22572
792694 557553
485713 910644
419106 906095
488660 790324
3568 117379
762533 77703
728632 870944
631439 296282
15481 603743
793330 944530
799916 36918
76243 11018
600598 725578
633957 315250
814352 557293
362385 958408
192849 230074
793537 755573
135167 276340
489428 421889
762230 906623
389050 195622
758773 365229
602522 477171
973753 311913
808129 993803
176595 45848
616057 567714
730454 217764
83403 112660
964259 32750
357785 816265
67549 317346
701263 753032
759627 456582
911207 978357
221757 395424
514919 666214
122013 409193
345427 324742
592711 377829
761570 559121
547452 445420
689736 219559
76769 578090
280022 715257
661447 820402
359329 228237
901944 437255
381752 287449
722988 925787
92515 961535
707034 827359
44632 38584
670524 292539
542727 905893
546950 233199
314735 638345
405874 833209
314941 256258
696344 322696
155895 305956
717195 314897
906828 120303
43968 673548
741392 589912
330841 236871
396217 912092
103739 355187
95219 653531
338219 113412
509731 275647
273382 393935
350759 212452
597807 959380
21883 445901
429054 196970
357472 263183
775601 854488
633756 60154
310434 588416
115599 832364
833297 178039
794754 696503
250338 398003
231222 946958
588638 467720
420539 912914
677150 565077
901578 553537
617481 346835
370509 279225
25016 276307
94 979601
976565 865511
807443 488194
746578 531170
958261 347475
374428 748067
452710 709675
829617 580413
855670 379767
426751 188621
182163 47968
156253 773595
483548 863696
111259 536391
25039 71797
923312 505828
682621 443704
381141 222613
711370 552836
994193 502914
654258 777606
183774 521836
244160 566751
553973 821722
869797 592235
150233 707428
47154 526943
502895 416732
434057 115582
892348 696766
463320 665090
281586 389859
461168 959244
959577 390946
394635 187275
428940 107397
226718 277272
594094 26467
829396 98172
53890 754228
2261 739807
337647 542559
106987 932061
667209 188380
149403 929069
68553 474051
33592 639926
995645 362730
570039 895749
301433 65812
482322 907469
779223 848358
447480 25838
495625 632182
176532 154493
415774 840998
77383 354587
389282 688988
277550 425806
311825 104043
359985 29590
103809 235221
268323 630094
360497 652678
302729 349058
124442 467803
427243 716919
443382 939121
193982 917365
358478 725164
485057 204037
463411 969634
929833 721640
697908 852588
620096 718654
586393 896141
654423 461064
826110 197045
949814 751190
194729 800586
798982 355190
907038 325399
942057 633226
495399 413056
412653 671992
264919 156117
797561 675507
531109 159644
704030 982020
253758 708563
19423 19874
642082 455306
335775 876114
899321 404312
921829 141452
289399 851678
192831 884120
32401 462153
743227 286224
854684 951651
453521 899880
104771 295100
797585 117931
38873 5221
44560 921018
724553 139815
523352 616918
672863 178226
751326 46205
207227 573119
425278 463523
201916 679621
474561 620672
165933 931421
786848 261757
429879 606870
309586 896485
362791 886133
126540 53763
46572 586850
855045 226914
90545 14182
489650 132568
456233 269010
721128 105309
783981 520055
757254 542728
240131 736981
388438 545007
759610 108584
98568 935302
366160 258499
774632 899552
790497 824053
104144 473364
349416 467523
349109 901239
39823 583594
753690 511756
242224 429615
650721 925389
377982 883932
532124 283276
148459 331582
375321 461833
205121 787229
844888 343963
923982 941717
4348 523525
294494 919243
323333 570317
356141 257350
600032 970019
361472 473779
285265 542544
798422 129877
747697 947448
257667 416463
26571 974168
980618 592757
852371 533112
945729 468893
608429 397155
121795 361008
426538 837141
85298 624289
392252 800005
473710 386460
754065 333659
460730 855231
649025 41277
69365 278900
651491 983394
882634 515145
318762 579658
535988 62640
963436 122707
268155 493105
908939 505041
655058 439532
489624 491345
876939 179667
417875 131853
483426 533690
27977 941676
15827 924357
869597 340684
259243 505827
901345 24836
431742 253553
256008 668169
677870 518159
765000 238567
424362 64793
118064 174993
184437 604722
2785 672627
744761 242684
164353 556202
854944 442281
270376 719940
138593 637101
64690 279165
282439 997215
98941 364856
675612 693135
613249 968747
718395 945438
839704 255031
961735 932915
305165 172848
730312 200596
98484 840175
532841 534441
499505 577145
959613 262195
124786 653968
970997 493018
705130 526450
299121 34453
528249 398771
953608 942834
385118 337785
610561 524564
506103 137237
674681 431524
940472 705065
309667 787591
677388 432018
226673 720326
490899 755085
929333 843414
89276 837398
994144 617092
568239 539743
385826 121150
128698 885975
634595 983280
531236 482541
107657 351847
824643 980771
497169 677029
482683 572310
661513 418006
329198 897827
398507 365938
586106 202409
910136 798219
577718 616318
151816 689278
209841 105308
563256 222437
747519 489289
115705 867164
434420 683536
535614 224130
907385 329379
37658 695565
411008 702851
432087 932105
524009 583806
666672 982680
245273 470417
740128 207327
782341 759100
453813 543805
62395 68813
363919 767764
960936 746919
919225 304731
929251 620911
886620 24554
386645 292941
212515 886683
878707 204838
96322 370723
341042 510826
142130 83960
795962 707722
910530 194337
113208 180491
526597 566686
712205 253063
350001 224307
961460 17375
550745 27079
329712 613737
551127 929792
191919 208362
312875 467469
165674 395496
80917 704256
63826 941683
691310 831249
46546 920510
593132 355042
441701 222112
869549 75825
247340 628929
644646 652037
829646 787587
370611 493466
713671 5722
494086 128015
604716 510148
189827 337361
429557 721237
422366 253802
128662 382205
105438 2101
270031 949620
866054 762370
268940 71629
451435 675970
625039 843725
926352 713652
521027 974242
228708 545932
287234 182223
914426 312603
916347 671590
132043 357701
766283 122804
1163 905157
916120 712815
528109 612192
94253 179544
736997 201475
770909 475819
225842 457700
598204 938906
640185 955562
485902 967304
221203 480690
605751 920819
969407 921541
124266 130831
922767 937584
722482 45076
578774 823133
44721 725886
130422 663768
813169 399255
551691 559469
837954 332747
729813 418683
901087 917988
617878 488798
263737 554816
766484 39817
668412 292387
157943 934628
729648 452425
899975 924028
169090 599595
595371 786639
890379 126579
938501 579915
780846 537442
892937 817557
85915 359262
135405 905856
223494 918876
501544 352187
599178 55489
810086 497595
51013 297583
592769 296675
487507 919493
134735 746001
433262 415257
40576 178433
473172 919355
224475 130739
194381 388951
880503 669439
9051 840756
130722 180771
283198 322253
864618 831082
886631 383683
345599 846297
236887 403981
138368 792800
362818 394081
881516 835768
496952 628694
14233 271496
817243 343128
876428 351741
448782 784994
23967 894057
970820 259779
145630 992515
99775 432535
896541 337897
615109 176732
401172 530484
203766 59243
983924 940873
937302 431840
166929 489228
483981 516726
337344 727196
87614 134876
904604 416661
281617 357237
480347 981288
388828 571392
164412 596385
251575 385830
549414 254799
279014 894164
535709 638653
139140 856824
48778 614699
106968 70404
94342 133313
995852 362951
605242 468692
132812 235161
597039 53675
233668 533230
509658 348940
379818 397005
142299 826079
433231 596607
305386 29157
223992 678840
171524 117755
667717 757002
121881 351212
574836 225667
90142 22064
198278 894667
480543 750540
540394 470269
991367 829332
456300 840940
759622 46372
61389 846381
175666 781866
38547 365826
565455 869595
727637 355738
583610 274413
705495 235796
605850 848838
900046 299644
8457 420104
913711 78418
375087 829022
616680 241769
57964 807680
151451 163021
783572 166040
110781 206636
163832 81285
394624 144630
417444 74643
892854 617750
56649 888887
258971 620410
639888 568933
473516 513232
684802 567461
443245 852211
672311 390051
443691 302041
958647 941131
608750 136781
751612 681056
801542 823723
587553 137379
174372 829097
853035 133679
447595 872194
794913 236098
599133 876983
20010 8964
94623 125348
866449 301247
27960 388313
425728 144642
439287 447397
519561 863702
470231 676305
119241 858568
547647 711824
159991 590448
415381 773976
163403 955460
825654 213998
765195 402242
810660 695704
503260 914394
748308 461123
93257 227641
658362 435749
565111 859846
176575 455503
798907 579582
202196 139443
637233 860753
208393 380318
121361 414774
978308 976346
523038 410366
880967 894543
888605 67217
214126 551760
173580 249362
25984 12673
297267 149809
802905 387585
62479 766419
445488 35583
238713 990834
783805 136907
716371 255245
369525 670021
887812 555230
993173 405096
901219 410922
917835 724874
872175 654474
252924 855586
396613 107594
457067 286818
308573 661434
198301 93497
699115 556403
454796 154283
820153 446672
194148 540341
893411 110073
505025 789079
849942 490012
449985 646651
573341 41618
643257 868289
737015 56339
213328 677133
986097 990152
598859 940048
15921 256006
372460 549634
808753 576210
258600 531170
279117 916152
308723 700992
80596 896178
516955 251944
543915 284109
163346 738384
66246 876448
895994 126387
897040 993451
332324 380049
123574 147741
439625 834725
253746 175832
33876 916789
277377 141056
344584 468053
297446 647551
472177 873640
122505 139931
685272 915860
891315 797776
28811 524438
134393 567479
845929 13625
605625 508752
923199 408038
284010 134045
646173 325163
987420 407455
640430 321393
872469 543467
274351 157215
407495 637761
282992 338609
392785 150785
868901 99387
547312 759676
896043 259825
738911 105500
254142 24507
824450 439387
444581 220861
634432 278777
793790 328423
645115 927169
161724 594545
795509 908314
914987 614794
924601 685634
111290 222770
280577 902804
404110 650373
258195 197167
839455 493403
994537 29640
121252 96270
69749 474388
433155 590437
778147 412504
722065 912499
786893 958187
419564 498494
447001 964647
60382 79974
398703 974023
81462 820643
77999 89387
314251 74623
385710 382722
575583 82147
589267 117205
886685 734374
327044 544250
757836 392677
658556 236414
312985 366433
673235 899244
783321 199117
520660 435700
465264 667144
6728 148940
667206 900981
712184 835766
765343 720121
215968 897084
938824 273919
184710 415125
192155 953793
632739 330865
705713 510321
275478 683009
679002 630986
610918 372417
844837 550709
31272 714514
72241 611190
268295 63358
878709 234434
98351 556951
812043 886573
142003 635828
499499 462594
633535 370477
892877 398084
66545 112248
962840 920845
268622 655210
777693 344925
273781 329786
853260 81886
912627 239247
842661 748819
701049 203280
49460 776422
639503 441100
874790 620882
818784 397439
735117 704296
1449 228666
615145 949363
902642 663472
57194 503453
237828 168904
131038 348697
71948 696253
72311 365489
877149 255833
809698 119388
60783 827201
995353 575719
535655 664601
875679 264849
644115 72369
475314 898173
110146 126209
847310 623507
154432 208405
606849 263786
977643 974390
354161 217415
101322 423627
589391 105310
306180 399532
110090 339918
119238 946768
637928 480286
77548 455364
561091 688355
983975 615388
488569 374931
428505 153016
148815 961728
22078 161914
154230 98939
386255 927119
955466 216239
587924 233115
86536 589420
569760 765377
433021 257846
97117 756281
443629 553268
161872 75215
632140 175399
881273 346433
174500 952298
22304 777030
834259 61325
994949 900412
528618 168579
850405 131315
273504 41549
485198 687691
816684 808624
55138 699375
336006 846781
383560 170560
416057 786557
377863 158309
988580 243959
34497 898508
433074 684175
582934 47400
136098 935472
881249 625457
168308 175668
1317 748317
686073 795586
312302 740325
917544 265242
777381 60014
918221 870098
530779 254099
555064 286412
219765 468395
209678 288655
975273 667751
498497 275777
628619 643859
396656 847345
406156 518894
341914 324772
413582 984544
552192 711362
624245 608369
849659 999474
699776 31915
854856 486915
55928 851900
502471 549318
217065 282098
802263 494085
970870 415166
31271 261183
900723 904770
37743 281902
805724 857162
740859 753268
65963 54093
981336 280119
562809 97392
73360 898268
785547 492490
615385 568472
318684 929005
207607 41763
376458 572069
507620 267955
112177 899420
288226 670731
355893 106441
966623 324903
38437 93241
978257 556213
554904 84010
34010 140062
383544 173757
785553 394733
33053 89270
762080 40817
50203 755883
101770 787978
844738 954414
358275 308294
955324 506665
793008 528481
281715 717651
458757 74907
966472 241027
824918 12749
326483 488644
857601 668899
648847 411344
799112 418790
616235 932804
460510 72689
942751 126780
796753 339872
610335 95108
732618 303241
453045 444550
953009 408928
247559 907499
82263 194977
611111 845526
833099 45250
513830 169664
563474 398605
438056 480822
203662 995778
148952 489003
884818 488
365528 347232
225300 676105
568163 495871
805083 672375
263082 91803
99981 659423
19360 478687
494292 451043
836939 507372
138375 608444
647636 508123
523277 807896
138874 458132
754298 483150
902401 589262
179504 104720
929803 211434
495047 791877
431014 472308
340523 33361
957055 923686
780061 182634
466886 874209
229136 380863
926906 205071
20743 196724
730143 311643
679168 531297
117420 552455
726692 708477
681892 604702
419383 19133
907242 444579
957389 172493
394224 87442
244249 622032
369926 103605
322623 40957
963411 854955
251643 400183
255511 470761
847464 306531
432361 78100
402635 170266
401382 292737
674215 746743
338509 994208
264283 653379
416253 683885
724237 337120
244551 8588
773120 775757
966616 590566
284740 66196
898508 683584
317503 727469
101134 894308
718939 390097
921751 866991
66739 893708
27565 211596
479159 431568
920029 906756
224966 928048
461121 728773
363665 78542
496087 127748
18536 410822
207323 848508
925102 466300
507653 50320
958426 634859
703752 344035
625946 72841
361272 262231
197975 274978
228868 394418
231562 792839
457886 420677
427007 556240
948715 546994
735729 828690
170828 814356
107814 106984
840690 154085
803209 146068
648366 594144
628122 996572
551794 436924
611823 560653
346917 566041
628623 512842
20223 302360
291985 791784
770876 201187
898026 920870
373937 396796
71979 797380
314885 816440
890982 787921
323086 610644
749218 942100
206075 125183
689507 650485
415436 538995
855494 759725
803964 906469
462959 603082
320296 631041
428202 904054
615654 144891
286417 746913
548168 948993
694243 201221
672081 559749
493273 926742
35599 991865
238451 582351
83557 365696
944968 863926
543770 491877
792739 742325
431656 749390
281066 641205
701358 15809
69046 331268
96299 804414
437829 735802
946876 30893
730367 430681
23358 396092
326300 817250
40887 163967
390233 651293
990173 885062
724257 460182
442878 291570
348242 541431
947198 603290
187649 90180
342945 451973
799443 17538
825667 199206
610802 519538
174636 277106
503251 320788
198488 665310
520680 998357
573711 652180
721659 274694
195656 11926
562867 932807
305296 961441
37656 644224
37457 813860
591201 786181
41974 326345
362381 204146
445903 396194
161924 372764
128546 307588
250302 36695
862893 972079
601934 311855
893031 973153
295134 619710
311512 86426
811673 490213
990306 536765
472524 443844
367943 290907
704774 356551
168018 112907
953651 855390
110331 464592
241339 151633
767144 364273
698414 604546
447593 260271
995107 673803
458652 401670
81388 482856
991309 39916
908043 877851
734168 378084
3927 129670
609032 216239
308695 243251
838632 568027
171563 995550
553757 800385
74125 662231
755740 22566
558727 398596
509385 699974
122546 547842
168583 525754
36849 381949
655835 180286
883510 499902
919331 578133
284253 505495
971346 926009
56452 651325
842587 87605
19598 449888
738944 366870
203284 678540
722389 980151
573561 724002
258952 779728
7594 640129
533148 768554
971592 363483
300251 97386
923001 536981
481776 540045
157141 52481
799432 69816
396716 403315
11380 823446
489848 968494
231047 767808
797854 967760
936513 763989
162812 199116
7028 978639
531750 471737
945666 830566
8407 686178
266883 306527
707318 359104
580911 375138
244867 360457
270141 717083
841265 40702
843311 419257
679306 814678
140905 692183
838148 26404
195671 514895
514033 291742
974473 379716
548172 783615
237692 653887
785953 887498
135193 613664
492149 556576
393073 715167
314179 309163
543380 610649
303014 540092
704273 448579
524149 98276
3488 56743
525205 769356
876869 18510
236612 970964
796602 803462
443061 963194
76835 287437
852174 619924
407783 591867
972200 161802
424769 727295
82824 906504
794698 305255
671092 732938
576451 352692
583445 177831
334883 242058
755144 707191
666781 382491
201306 543019
908376 643108
289682 714036
911189 664423
426534 124860
73562 260222
54626 542176
892675 443165
706250 922687
848083 613601
991642 220275
123343 100816
536920 195671
768153 509820
64908 902641
444995 934268
213562 673644
248887 292222
121516 818189
321286 511144
346918 340728
556585 578697
105232 298009
639454 50656
331845 256756
807653 691666
385907 705786
324285 223931
110935 383684
485610 223721
844414 129059
938916 502055
381283 60887
617026 472186
329302 164086
984855 817548
745567 288876
112758 261447
543136 703968
147922 944687
125379 64486
600527 428198
628213 419678
205109 644753
112396 13075
364346 454117
833474 226565
182328 570259
626026 651808
530110 622709
283823 485744
977910 252976
263484 148421
479931 817895
97051 471373
868275 531436
69511 386072
105820 175560
129254 455830
121991 413060
936880 571122
139034 562000
140940 77134
630838 811963
993193 380377
66528 289347
908992 188823
421506 542152
449627 503116
925891 997238
167717 973463
633057 460789
407249 909420
413062 546909
352633 281260
59328 790782
993665 131139
284806 54918
491894 961520
624309 588147
562903 684016
770283 925095
499680 731448
860019 163692
2038 830356
875281 498551
882027 356047
700538 541986
640137 233828
236736 358931
82052 904352
561184 714724
591520 190188
163015 811660
304459 117074
655926 490826
411736 514085
806471 671922
238011 869663
974366 507503
738830 406320
518309 440774
533298 838371
555968 422533
399154 846741
11661 362000
155719 387157
86356 68282
417980 229352
545286 799338
76157 791009
516363 134714
533392 618275
814527 45214
22375 251857
996881 416681
235569 909223
481793 913160
136046 361712
516973 541708
423843 756708
338865 963968
583309 944167
426189 722612
96591 72147
289732 446608
58792 318965
961490 494167
440812 553652
310237 553148
262824 357806
934805 127802
857069 677111
427258 708823
961733 929967
821355 261856
144413 949896
574778 298754
613203 151157
394391 878701
900879 158413
388057 560930
239881 906104
770070 617043
60410 670933
371290 572301
758636 327566
314756 103712
545234 781965
853292 858582
215774 480855
867695 232485
765770 287058
739274 292120
223166 982418
911331 990362
797012 190834
824986 796213
840600 568985
969040 527532
359967 602829
966613 279944
215903 643139
409213 387452
235130 940056
162462 790175
328321 797229
335809 557901
894954 139414
743295 775750
561525 7940
752307 650810
265988 519644
872123 472509
3601 697034
254268 929111
628113 421994
348748 448883
402318 792930
67183 473308
405653 213024
4922 679830
347906 957952
591583 331960
57113 906909
679145 581853
944830 47558
863220 905939
346543 858262
673973 852077
244704 186963
774603 957044
963025 307475
553728 3264
106315 188648
760957 926060
153158 24698
981375 997548
528593 686625
390835 214698
672057 70432
110010 862233
628325 465623
40564 985139
823519 31619
997546 337684
513369 282246
545528 179868
39649 68105
111324 37005
59531 331533
917009 586463
528506 463465
214078 517560
441778 750658
612640 937025
985861 480199
759872 427963
759875 776694
130470 681011
552867 918320
684520 688496
854636 187843
529632 45692
823161 920821
171454 543297
421803 385873
366954 974307
392956 942028
526387 891059
677773 534464
899598 195140
239803 744063
157482 694648
969500 633320
319001 605098
549858 825655
898311 68206
20285 346695
154796 950461
431769 249666
147220 21938
446097 21129
951193 464278
713931 274707
549166 548627
607893 457648
738896 853395
92701 77176
55109 674613
210089 291348
707732 446402
999213 763705
458169 463553
516094 958387
827140 509879
422699 834076
269068 422971
450225 826311
594280 246815
709291 737535
890495 821809
229547 778006
197264 761548
665894 559237
323489 112526
549684 296457
814067 183940
816690 711721
300617 912382
527036 956544
323047 296325
650556 358723
966937 174344
646890 503858
472943 653056
552369 202731
955812 754303
141122 23088
237142 404895
169419 554307
583218 691888
617488 357383
992076 741477
963848 877634
211554 584357
948928 911506
299389 861386
131148 532709
629330 238596
490751 769523
876241 298706
138284 921889
833711 322744
104770 525462
498631 266267
524511 571811
737461 427526
417787 170491
388999 983248
257808 137095
874963 407183
61806 481279
157924 187515
697027 643135
561236 42169
123665 651384
709465 36698
643276 262663
207412 373550
446449 446957
500173 756328
646682 716365
622540 448312
101530 861222
663189 738961
857954 92683
662677 953759
751853 229992
584066 19712
447693 381513
393687 577843
279899 692371
369091 671969
695946 287307
993262 680398
220187 307191
13323 621409
58084 164050
202033 118549
891842 445682
387462 254472
924910 437601
628449 59455
742182 731476
385181 642171
599607 793807
488460 284661
772627 450403
973628 512366
690845 898879
991898 897612
526425 345189
999802 443007
635996 2896
586951 288833
503154 345483
902774 182200
531206 806203
16440 912011
996754 279621
74861 526791
221017 865799
248444 211275
139895 822767
944500 252008
780553 667057
458247 842774
329725 90535
870512 531628
572759 350088
518583 504515
597126 353270
165266 478532
138000 895443
245794 912951
51840 554760
97401 817588
783078 390550
888291 610071
392040 7833
182546 979303
949998 7739
566703 254430
394662 940768
101451 419102
234764 564301
828503 805597
780757 22091
381352 132497
181629 831680
595886 20283
845391 369927
263321 538257
256754 359791
909193 374604
154261 305189
435201 479610
467400 616590
47247 811889
11123 130249
378841 509553
387907 566101
971608 201867
120651 353551
515859 971310
359066 151128
788426 26000
812948 332262
408361 462661
364384 374136
394739 328976
613888 484204
988299 604216
630214 409220
937753 824690
623773 243136
106820 325338
813424 420467
31879 130388
479660 143512
123450 213255
875254 253468
219385 43449
191981 694633
200011 307693
304103 681425
97664 6170
222991 885522
418992 45610
954751 779614
968038 657876
793945 713664
985483 862757
370166 61297
730395 313277
20319 916509
636267 693059
389806 784599
599634 675283
899913 616651
877570 596153
553251 337847
917668 56549
841832 407834
761043 727449
300552 523418
155314 639530
730651 901864
57210 14485
938158 866879
702686 852035
897868 421982
656151 730847
753870 694988
893710 275704
456544 169135
729031 487917
980420 283552
95108 130409
298173 576997
213423 393931
535665 687191
378053 593759
258355 213232
110877 892848
125383 333384
149200 701014
539724 182838
194094 954566
951495 238164
671346 198714
200743 411995
142455 8376
505368 719242
553641 519456
190558 8307
694136 617751
525990 317891
960466 84430
697053 683773
910575 40526
67421 12450
998415 778552
678909 588837
174119 559969
583285 62148
8305 658628
648958 773069
271069 917135
123442 132511
835193 298316
201866 410137
144584 665651
728394 310473
425354 853775
765856 978005
208106 807396
73187 831468
966651 159106
145657 152012
516884 536798
429141 988602
375111 768802
599028 529567
903043 799923
226360 777073
342758 635739
164042 373100
151890 332858
891399 562210
768674 376886
312931 908911
746149 715333
301709 346256
893461 113984
227865 556348
596385 715247
271732 789784
328327 179247
803672 90146
461112 100129
209585 963529
843323 644841
54407 392983
573587 915439
763303 962633
181272 456066
49117 266503
647758 288862
932473 777260
357414 401297
361821 891437
903243 472842
933003 699449
773274 499908
151944 237865
143232 99705
167295 615743
803328 874762
373055 311874
111352 633553
180196 963075
191523 347779
642852 179423
804955 447662
20362 844398
94824 530796
429469 411601
326447 917329
331058 392307
569843 882930
163842 656660
331786 787669
853492 675587
342005 194593
960695 936751
813072 601043
256458 752721
633755 825220
866818 227673
139726 68386
271385 330606
829727 552564
84199 77908
234899 500482
316993 533715
9327 892789
952805 212583
894093 421148
753834 450972
911733 175233
675439 4598
254744 526403
752936 405679
271743 933711
501395 58628
626020 948934
493570 639816
248387 929849
325117 377859
310155 823275
757136 306421
239689 675142
148615 301571
22695 213548
181216 133456
749598 6780
945969 52017
169240 875277
628621 491136
432821 734956
114537 441953
602686 195233
152575 578686
954716 634035
360176 860610
496991 170747
694162 229078
585898 594580
602651 523110
863537 60683
151643 810032
832137 320383
123739 101414
69852 262739
168083 372171
871805 107408
402081 347977
471835 306934
636787 794235
527809 934469
547571 535327
459552 556335
935281 988543
658855 154699
268187 540016
199977 15807
405128 935098
718812 303231
762272 622978
371984 894081
964405 943571
552980 766870
552166 855260
594104 378480
322863 780699
739191 824669
232093 496158
777597 310616
130760 667014
510653 29654
883718 379570
989820 391109
111453 19718
997644 332867
981830 610195
331575 201212
494347 584311
644620 890004
554239 102352
830623 272876
508852 732152
660357 189430
87797 643386
350482 79886
677390 588566
803458 826566
904465 302133
689427 179473
812291 540750
733113 773505
419257 47608
22125 584988
336695 690346
918367 844322
14020 843851
725072 822645
969534 997499
747124 459676
194365 241796
190897 136138
96187 368745
842091 781999
683484 803165
290215 503911
545086 654264
974411 324650
485115 601481
560340 115815
430116 459982
917417 282906
296994 232752
487916 479466
136889 503542
285219 86583
277744 991617
494754 194101
673924 128245
337701 188312
483054 981282
487262 161513
960465 461219
931892 119317
880071 808230
39407 70803
356722 265784
948554 335321
816602 202039
332134 204800
496889 618600
505213 777021
493641 231404
820942 833
2183 276885
270480 961852
473271 399035
518909 979402
930282 777924
395005 270846
730256 266347
1019 899874
992968 815128
534498 276809
90058 219751
584889 834739
15265 208161
485736 753757
801116 833821
293001 315004
287181 179979
269010 637250
31751 960064
6660 40155
23680 696650
536931 938882
763808 261260
837251 807616
227279 262709
379002 335843
346612 259388
169182 857543
430821 129346
385386 646887
469717 31511
332919 177327
997727 524284
925055 520253
529277 841729
674642 226784
666263 268983
905626 491633
344411 84592
194717 901854
388890 393582
594034 414121
980291 420795
508944 32758
238806 318801
701374 564450
883367 85363
215870 662622
708695 250032
230214 227824
148614 449449
997064 49249
411433 705758
373914 801352
537678 125909
841372 69940
599523 937282
925373 939690
325013 985471
155504 410222
18770 48151
932000 933026
997167 463709
790836 526498
225720 873312
448142 211103
700001 898815
272414 766971
541664 781475
199866 402718
472032 600009
926590 347363
539937 993211
823741 39431
957194 395825
227108 174957
404509 783199
452115 759297
533903 917409
927752 984198
2813 405995
269966 465193
392717 389420
915409 988878
651860 50158
708701 24022
633052 576977
239943 340110
817660 7068
66614 394188
537049 599128
89634 780794
829517 30714
479117 929915
535214 973485
352532 905556
166238 293087
964647 512239
25940 649627
669802 237568
148128 442737
487060 426292
251793 868968
514022 879401
892296 391597
311822 65437
874174 36111
134231 619852
216530 737161
199943 618798
216134 570878
874565 215676
355618 305622
88824 800269
375700 912816
369594 37140
459300 825416
253435 297629
250223 612302
857521 353558
493347 436480
554249 243858
494462 228550
716674 811031
661740 961856
609721 648034
98098 715833
908003 285077
78429 294798
214231 359693
565736 904651
40281 491707
712187 630181
349197 784896
760693 884232
583915 521858
678087 290283
849227 587821
409549 410973
80422 472864
127381 385425
221230 358741
163309 307327
375333 484446
8824 990436
731189 222635
959814 706199
52768 805006
380807 531463
824628 317343
202587 571589
362971 35544
700625 200223
590778 577609
288977 577659
100285 746652
588551 375884
439757 549481
135500 186714
112363 133123
486308 968893
367298 815623
789113 361225
459717 392269
566893 499078
189372 791458
371654 675570
145036 932492
859615 924732
387601 982617
213850 831721
368674 340793
953886 944603
84141 362179
595377 156926
815168 785087
717842 329364
997237 526602
932521 620751
553664 73773
817460 902174
104943 237222
488754 38365
192408 137419
570171 793417
243625 60100
73433 319406
971214 411299
47262 495199
996643 219317
92906 22184
250603 370012
839697 163676
964108 808806
189500 574682
685959 284499
367231 391921
879547 867790
977201 903214
777326 461804
122275 245456
15859 808561
126174 901454
553170 162140
165513 515140
687531 400350
939346 570823
696745 130348
766253 644388
852336 109875
31259 310363
954754 384674
515565 530125
997425 220159
673034 295020
933747 235647
531511 610035
614090 117820
684007 783705
97472 36679
346989 495469
65126 576258
33276 627671
654540 12111
756217 172630
573849 864622
715221 423520
174270 717262
429651 610813
928538 283427
435452 631516
472629 199065
824643 936573
892272 221012
567062 241374
646663 55701
689561 716212
743922 797709
734986 888462
597665 308660
557419 591363
124156 347588
634655 905251
561005 645616
203890 108950
96330 568405
611058 556964
35499 813309
854964 981215
43085 950082
765907 150699
240410 151277
719325 31646
890753 808564
719096 174006
386191 525743
547396 53495
102701 237643
113768 675342
182393 380591
297048 689597
923566 862879
310271 564274
336335 363522
236400 158817
391340 603969
712522 21154
92316 241073
420270 480404
792630 646820
784097 280582
354641 316388
985093 268524
40414 216150
601865 765165
234491 549334
113980 97911
858742 124738
530748 597116
663851 842919
14856 755966
712900 466738
473222 181219
415713 618296
593537 346413
603453 757810
993304 867014
579929 613211
660181 559697
455248 65637
26691 456574
176343 250079
207427 344302
171499 936182
991312 73557
678061 772848
207678 480428
863827 764656
181602 662762
928550 288136
479727 386873
515015 976557
796529 131814
140419 899850
591224 118853
907101 820764
226190 396410
206984 987821
813444 306051
63673 877852
230073 895739
381302 887860
258383 475122
248768 371872
93951 806020
316951 654693
839588 154620
932544 417188
244206 68211
86916 634926
447863 242721
10605 330061
393608 557060
845769 988493
240373 748492
289038 667236
276668 260701
374717 696788
149735 953460
773506 443777
601109 915664
415501 265719
212493 124957
939195 308323
647145 364434
273340 102112
304136 172830
894622 619968
346660 465716
669319 934127
649725 376596
682822 607709
404663 549247
459438 760700
611803 510331
773648 950734
981024 28622
36396 688195
443083 861063
445804 974421
946971 389633
329168 786443
354764 13099
320229 600758
892349 120878
123241 359354
159300 945021
976165 771838
107603 823032
194884 22536
36613 316286
683226 801024
491818 47618
740316 355728
253103 730644
791658 532831
941609 382472
529327 341518
611970 292930
101055 775438
65253 994941
873557 103216
965041 353094
523718 906047
87158 193903
394708 829881
40007 533943
282542 909031
469281 595111
31967 301987
611474 753094
632281 646968
535075 44617
666886 339829
885240 871574
894621 370555
997511 118958
32195 168167
718932 409445
335923 217393
788975 827157
466529 216295
995005 217119
887671 521902
750266 807970
415829 282860
934248 638997
202101 14756
351070 95027
519032 161207
187803 3509
228225 432793
592482 809525
531186 612879
279626 438625
80667 693485
507014 326657
125443 351141
131976 969807
375573 525069
239183 134815
738092 814023
94264 787829
830054 298370
232555 134363
600451 464956
603508 741049
76922 641598
406220 117338
864563 439861
126905 280763
277022 136515
152697 693990
923526 979915
552543 452200
895131 481878
938145 157205
749866 885801
84745 260796
54136 527891
64434 831093
296224 103401
705087 208213
647996 164870
835045 788511
217794 730252
416392 240579
252631 470211
3799 426806
574877 226096
52406 728762
970352 859492
799387 254470
245566 368574
280383 300915
426437 996902
452197 50075
317238 691880
868238 663085
735027 361223
291407 934699
853276 914721
948958 856081
963340 34602
449988 887427
378243 100055
618540 881052
504333 826818
308709 355345
139002 391478
215826 476129
562641 195080
850372 759096
397546 238581
210281 407943
125316 924161
145167 709947
234812 212118
257055 520657
266270 938539
248747 217347
178467 962533
181163 88638
758045 144119
533735 956243
857959 511283
598536 129699
993029 972126
947396 60276
494283 897440
90819 645594
142053 629455
118003 733124
58093 158018
289222 291587
184675 733488
229730 548257
148130 17905
517039 624676
591985 471009
71883 512300
805299 518066
497011 238796
690484 916877
154361 490511
129616 339648
798621 697739
767961 949435
968713 200846
336219 547305
429219 473123
815136 410554
547199 625401
487140 737615
458824 213561
826217 695867
75045 76278
57439 977062
370066 731942
708249 527593
266278 562377
230187 707384
929560 877500
860705 471149
61433 426700
943687 196215
977905 451418
394623 134319
493588 15759
984775 811925
710244 575712
267654 762403
601926 58483
413221 14981
86876 228489
222810 88323
916197 887591
28437 430099
56471 231359
219528 533206
123424 722384
838709 789249
967833 472965
920851 387545
602507 83104
839251 783422
182172 954633
799636 660881
47616 335205
739414 320819
629808 329926
418101 239953
500467 8251
395156 198104
245159 371600
695522 485243
174468 804552
665604 946355
290279 902039
435636 763237
200021 426746
250920 400198
243397 40643
724392 1236
902033 925011
124147 229062
662419 173763
386645 81934
711473 734690
16049 110616
812598 192536
374717 183776
606768 783233
881591 10114
964050 890460
651330 639450
483855 86578
195333 874132
964039 314735
43256 384484
999485 220665
258006 406350
404030 257920
340065 657288
888299 783260
928075 722577
831596 631406
407856 138187
475199 573843
355798 671266
612981 720977
792615 249505
615722 698320
952718 867489
433877 284549
800369 7330
252775 324872
591961 31656
261617 828783
834037 782975
712371 556037
144068 367130
743431 972482
364017 271764
171167 723113
257821 195450
77529 808586
922718 773834
570320 294589
685288 590453
453917 137956
804236 381333
538577 993729
568500 548107
5073 620704
881527 696718
974869 297613
170396 252404
817636 726634
737866 271470
219271 601407
258538 884356
651703 213714
645180 247358
281353 8439
153386 329026
560215 978955
907112 876264
368106 662823
814116 186284
374465 247492
663815 355659
898246 711355
553989 828539
845102 813085
78111 851731
22270 753412
329376 749312
491022 849494
836241 523598
861612 26440
969926 791478
915730 16800
365371 978925
92060 329506
884528 237931
764652 312119
367781 48395
500775 104177
386283 960691
443814 296562
50864 769617
150576 333015
166491 284880
262828 788641
86990 774114
584374 847140
649202 436006
620114 626907
972057 423929
549707 400218
418724 78516
457573 224936
714028 756581
895605 476491
660661 314768
958746 21843
229049 635854
25231 734318
525243 262812
511162 27884
241035 753239
639038 312025
888258 573001
627619 605877
373920 983501
952999 178756
614391 372078
788029 91796
386889 638540
269938 867291
289180 640529
508082 126951
868995 760999
76691 657669
543307 468293
527654 826116
599215 351797
934776 610410
550537 876572
839047 113174
413972 145948
799105 629710
420068 461936
145625 176394
444872 800356
174368 517271
801828 922839
162344 829495
127473 146101
495311 891289
228346 307251
118206 227969
204565 772907
154739 373296
214580 620286
389188 300286
523017 43533
57073 163783
964304 357090
587080 390962
274146 915074
946356 246608
788076 483257
818989 339876
904527 146422
163321 483394
756994 241183
700068 474440
440691 804876
773259 569429
990129 834035
999871 395201
884073 277780
874774 588001
426242 442202
898248 70467
970271 660739
235636 275018
311878 24710
198392 466586
687576 1171
312399 248440
17595 819204
178544 96129
198588 230519
450599 534497
280831 73071
21517 798984
823527 475023
521472 321586
371102 946249
167853 38424
627311 831484
959259 988413
15499 157456
21635 819819
278548 711527
787748 60435
204028 83060
95548 489504
500976 767255
566309 257904
449239 660967
290224 651479
725250 506197
94911 425157
47418 173551
103290 48893
436208 999525
559504 910169
883266 957328
170489 421182
10505 925665
963502 34494
435286 614090
916150 36330
660240 476946
225592 719445
812185 178598
495567 226171
173540 588990
313708 284611
966461 333578
475555 302253
558486 437983
404617 78807
549580 120072
697609 755002
337377 542798
910282 512742
89283 191078
565035 391535
599034 123893
795669 219441
581031 365507
870904 973815
430112 399697
663724 284168
219809 635683
188936 644124
585345 985449
407487 945294
564476 103523
462603 985791
803959 164619
268714 131285
581510 881949
284650 988789
218763 353371
578849 245148
359528 727554
581994 326255
471935 354666
979360 970453
748478 994979
590105 938022
783567 853094
474066 291016
673557 308527
474241 743129
331044 706276
41384 727376
645184 721444
271111 642557
200206 675432
27787 797363
615365 968436
8125 645276
591115 785016
265198 124229
727422 576548
154745 7125
239492 548699
418582 69061
34553 195917
169465 78366
348200 900064
280367 775997
431501 997701
420243 804023
882749 900130
998697 528764
581274 656420
579552 64164
93834 9158
193421 481695
886364 949926
660045 833403
365939 301085
455755 433686
635671 36676
478710 182858
489107 584853
920646 695795
402800 160871
137811 976373
311892 22176
45301 444904
326095 748277
54920 594907
596396 762357
327607 495880
256727 249134
477735 291411
571222 601607
831122 196751
679310 235499
948289 509469
982385 121169
668999 218751
813874 282374
366808 187721
747769 532797
977522 215830
867908 162097
891921 564822
317036 800988
228274 47453
923286 310019
557051 847106
945046 636566
731114 334284
309861 951239
244166 500784
25675 91596
617414 547941
181697 56810
374793 114458
146490 103580
548855 704285
232944 730370
705818 908378
456878 73540
291507 78894
640292 997155
701120 293848
355359 558336
725454 340059
300887 258116
942331 92687
199489 223774
708267 653973
620309 768129
641333 301586
872814 578860
966260 794558
509162 138350
565762 763147
760131 599511
300021 744381
419854 695858
62226 978690
968340 760561
826521 572859
90496 430688
296948 446368
149670 620956
42527 615297
480304 648165
100269 33950
756897 554444
247583 235056
198389 777701
641995 687074
802482 75607
217736 960904
921746 329475
485768 58298
709160 15093
233656 129606
366752 109709
598461 334563
269999 69611
410674 239935
314379 979604
647099 55754
114266 943269
766332 102195
170502 262534
832050 492673
311356 32382
754366 22870
94118 783970
44311 387031
399109 318390
20484 684345
507222 617325
994034 788797
847419 875537
77447 392803
158426 397842
537380 287927
588978 477932
66655 600929
527744 994344
999821 172893
916978 164834
357299 861641
577069 769230
750797 273094
229915 442850
347195 321995
650576 856176
192203 359813
365396 478783
311058 693973
329890 826581
687433 190465
356413 994039
577500 69507
655980 757816
139645 763479
253429 149341
759959 136664
471280 410254
3902 309903
72328 385688
957455 697627
982217 757070
68459 631691
254311 846309
250433 630207
13466 692139
804432 966872
377398 599060
858508 121908
52940 79215
512313 351142
849079 153327
592972 652036
263842 914140
246547 497953
762896 25044
935988 132917
582577 197653
262716 101931
881505 33349
14448 243736
412218 932490
637863 464766
965441 572626
515973 381292
962587 28263
260990 913655
122570 904764
827676 762352
959648 657160
262277 752200
835234 433764
489888 547382
75827 33515
643597 995023
854887 9556
629172 665344
372794 650837
726273 451819
858696 183090
993111 880716
228678 573085
362657 981415
322501 886150
862315 516533
384553 628252
357628 345322
273512 974065
396331 195215
555664 88312
473690 10140
559951 277511
441087 540631
282347 114959
214151 659916
217138 464634
717698 517454
575234 968065
696470 608134
446033 432876
593367 553573
506727 259574
61054 513669
668425 974643
677948 49126
500967 23474
777409 695972
748012 718180
664250 39148
496822 957243
92739 372710
747012 39433
271484 774925
184862 548598
277785 316420
335456 40225
946412 460409
210444 204891
842383 837871
722887 669769
308192 216163
911947 127918
916353 798903
681734 223429
939341 244668
256860 230353
640255 921045
899467 687130
937901 632982
856362 219771
349486 350398
791479 798788
268654 102890
821648 849348
280814 313573
739362 706109
178155 360284
533981 899786
513775 976958
357065 141381
546158 296300
728737 745851
680553 694271
436910 387663
322961 238607
809877 408424
11915 263176
888934 626532
413103 694619
192854 451022
546541 438319
172132 82206
164238 766036
436864 659186
64196 761982
652038 388007
342317 402569
890000 206782
352311 99441
673787 436909
941275 798746
199153 309478
498325 1391
160738 932469
449154 805539
11316 587932
694246 33515
129461 864710
841091 631190
835128 254608
225995 582810
417313 819714
250364 904477
244293 273467
504245 400567
317874 944962
960382 202381
235799 423488
580663 810928
546807 21454
846297 206221
937293 232861
975030 362952
495243 367849
20944 291684
225684 583797
937547 435688
593773 353492
5145 954689
140243 659341
47544 245734
234047 820329
960467 939570
844678 144416
326315 137723
722520 848927
341033 927411
273486 492531
213151 759524
62597 800963
858740 197955
42244 782928
704492 972871
699323 62627
265670 49336
67369 389850
132135 673733
501236 222754
355744 982762
70755 592737
5520 719008
614307 752854
571453 390632
357286 981233
202795 736398
906441 663117
92333 780227
864371 392758
816859 416908
831684 29292
198552 744976
532262 534597
358375 538168
411033 89789
885952 835857
26189 434885
516872 119735
87539 491216
828022 15545
283047 783896
103545 380677
380737 524353
832250 394773
38004 705961
179331 928518
106476 622466
113273 377299
924029 647768
365611 325394
492791 747032
413952 870463
670653 893471
710688 294703
76366 608071
32922 963541
385391 967400
669667 32526
654619 79163
666267 644305
184392 633975
163525 765865
875063 754942
514794 139953
173765 745487
738681 392313
870054 631905
183950 275627
90342 277810
890465 618250
965718 816935
555026 987183
914432 490380
710449 827097
642645 889729
6855 40362
970866 461358
83175 997687
421746 276575
836864 107279
47818 684897
972647 821635
351128 408593
542403 483471
691044 541105
928686 835983
69330 357714
167863 214207
490759 706504
348106 995925
471800 128295
872528 213547
868400 979908
247340 167912
698043 780649
298433 554168
391401 693
499351 59983
810505 136618
196284 356215
46910 719473
154705 872527
261090 932168
437193 68826
695507 596568
927841 978824
893179 677362
911835 739018
467949 554390
801699 911531
112213 750787
327439 153796
303597 32550
26874 471600
613795 975989
459536 189836
750449 125001
895206 27004
699261 340325
134386 50592
569163 864046
733508 982689
944002 826609
670187 761652
879888 789686
808547 139762
589830 648091
2208 804838
930082 978553
785020 853598
258707 817184
824524 445180
514094 663442
501843 928371
769242 500801
399197 318755
575783 802189
83288 983234
546660 442370
453233 59287
275270 617411
942434 538260
657843 993092
556064 777698
110852 443808
823546 525765
371131 417819
610728 630590
911918 149509
663218 126976
78663 878008
412370 967876
503937 136115
748682 441688
61882 410837
593947 664293
877840 493278
572806 276837
874297 237621
746315 937354
204699 152798
959522 381236
129173 29166
640598 684045
550624 237176
368982 336061
699373 762639
411937 345596
141402 450173
578456 911336
827905 4751
992347 454916
490178 85223
217430 990767
617556 507972
34437 40263
26390 693676
634220 701807
288512 78888
559425 743406
11253 525666
252487 348490
5753 346920
606948 380983
608234 686014
172899 781519
45351 45975
424995 177403
978196 816981
251036 184125
325130 35768
94843 248097
823213 7593
78697 797273
58183 238496
666465 783860
259891 936069
141138 947151
726235 645397
70353 341892
812963 496471
31422 923098
204015 579698
171159 211788
825966 33343
216558 201491
416460 314140
929224 803338
918274 273204
868625 215464
545095 159120
674393 457713
380348 273602
606381 957391
49759 889288
80062 945817
236475 953453
442956 81344
380418 255188
700592 964647
815691 506603
561212 163991
350581 842313
238743 890264
75535 385895
556190 124468
850719 898095
818905 731467
285059 100777
741109 364894
128618 427818
161870 218694
682123 35262
262879 296847
929879 962722
767739 850302
616790 226682
993753 479831
417101 857215
269647 79860
462053 928455
973948 642220
754197 428979
585777 342713
927994 905835
433523 21905
139582 699766
372932 87318
171319 361655
412640 727411
171650 907638
594759 118474
288185 689153
404028 832157
118217 132170
36408 429632
146770 530581
976954 611370
300498 647953
782823 680326
146996 302492
691974 440706
789514 792915
876233 425221
893978 639819
517705 271265
78859 397750
273436 572498
563869 816172
829549 776474
556041 114656
487308 611208
325276 249364
762912 309789
977436 866391
89640 173950
745880 235554
114794 809922
7444 789833
780373 415103
646525 991987
496341 440154
945379 32304
68675 606582
754041 116805
240050 263371
939689 731344
583299 652986
194684 425959
661651 382425
802301 523329
200191 397803
451826 451071
447373 922643
587496 826911
668019 747391
788903 684474
354292 797395
113686 593177
210391 396551
674535 176801
365004 382122
92738 801764
821397 925176
856852 105303
491483 365685
464259 777910
301669 74068
46864 813633
135924 535474
62806 864694
880180 916404
938360 221266
408530 299973
343733 167597
295560 6009
737762 521471
209763 373795
766958 641281
293103 891051
631890 245935
371935 818404
170645 55336
512255 299224
907536 680899
212984 791942
836435 164720
212036 521093
195477 756481
260904 439034
26970 423385
182483 415840
905208 658286
928829 530751
621836 855056
535172 556834
144974 639771
293650 831722
446136 741629
614475 215571
884321 311397
121831 358709
543678 798706
668388 594904
59257 639112
666269 295638
693324 929163
646610 264911
641097 235923
900205 715951
574568 342274
330147 915945
534612 988296
580443 689980
185178 475528
106594 949771
170951 821732
330451 169129
172137 889260
758017 37400
172075 75460
898083 263628
122091 169071
341864 709492
168684 204410
222835 366089
793863 809539
748580 539643
96328 387687
118978 652759
839742 85853
577252 845858
881160 477731
856381 617840
433313 764451
462434 513887
154581 544892
82541 308365
667899 595355
351595 365333
633697 586695
251407 158644
292927 551061
5420 170256
521431 771213
759669 330055
780524 77195
286192 42273
552808 575862
486429 59000
774818 951113
359090 715309
759627 935680
953613 189306
36289 935845
562530 95096
883403 370236
829358 389337
297336 179168
872763 609553
779906 135206
203652 852555
286840 455912
956894 785607
830156 915867
303349 27705
228210 669977
154623 277527
566143 669612
845816 328189
504341 424769
176581 2706
387802 22741
843761 884050
543445 64910
981077 432675
141566 117771
996514 888330
153301 234819
191053 644610
125544 823932
901794 792147
553709 778947
49583 104831
767192 329251
82213 673412
448197 342977
160801 253812
430304 54421
274188 198330
603269 350555
889478 4624
86446 729370
427433 52981
569880 481836
941384 505204
94218 965367
213417 392800
646134 681328
990858 178106
514465 768015
79605 775729
342920 312974
469175 5048
909485 5090
913189 820747
235803 954981
462135 885438
144971 133028
877558 408178
292141 815662
32909 188163
877976 776459
474940 617851
274288 128270
371723 227225
519369 971146
20484 475909
548617 718605
82759 312175
161869 251581
20336 582115
983710 132991
455068 139681
835814 530275
231356 430078
181498 157131
673727 880939
336051 977841
51219 149403
197213 701774
915076 676071
136886 649919
214516 388290
386994 86791
452567 396241
951353 136171
845545 634101
176177 558381
512258 954695
123970 944505
30697 657840
134827 588254
514352 186162
922795 640286
297352 362078
505721 172838
206348 758816
213435 788718
496620 839387
302457 475726
46103 152706
101936 566802
647338 738062
178812 394093
609244 64871
240602 138942
114290 20909
860057 225173
381303 605140
778278 584232
298786 86000
877731 164990
231325 735986
847708 82658
822427 916300
933249 45332
865263 878586
348461 666401
291840 950982
657800 335418
569045 209119
796225 828706
777553 528180
619152 86129
288901 564723
745765 354744
795875 427655
997120 965594
233117 198209
553519 419485
955092 857004
910654 26094
77269 21770
123895 242584
234590 607770
353632 735441
993323 306710
758922 746361
295374 504485
757851 832066
501654 580844
857367 580567
322368 768111
262549 779579
586105 987180
821083 562099
789500 106030
3610 61105
144039 190299
360139 230861
916386 41338
707262 845692
806327 996832
736901 418446
692165 50435
577318 112415
601176 492289
410253 153904
214446 118231
389067 95458
755229 770555
232880 919618
758406 389663
471395 633249
504821 19797
611215 38191
933872 136976
481781 493079
672450 567982
323927 118952
828447 379988
605040 838324
470977 593090
389394 835945
998689 461459
256262 475776
811412 121667
490118 485732
15098 547049
862231 325443
778205 423118
936187 231965
181124 485430
997468 267234
568944 427234
822162 163095
300930 339782
830238 501030
989870 352946
159570 541172
601628 276514
705660 352083
331025 450846
938407 694981
655428 72870
620087 700786
343444 592851
350922 355280
143010 813912
566000 695615
303446 582943
631992 200298
268892 673822
984797 680305
775375 582827
754443 943388
772184 978431
308003 684600
352288 864356
356802 208628
611763 344120
77587 960485
618465 390315
512937 304099
829576 802576
906152 57081
248722 805562
834224 460318
588562 265022
297791 162989
490169 706496
602104 819147
784875 7654
93463 477575
592777 498229
707328 470537
388989 142800
868570 731444
616645 513186
644536 317496
876787 212056
461066 513344
164346 916704
286930 536390
850490 277880
421725 602095
731110 942952
806315 297469
707937 994743
303474 695074
805355 738987
903057 486401
850729 492051
39637 139207
905958 595030
830289 39402
628033 21921
775526 441540
412779 419301
362177 846634
919874 145553
690756 686980
960976 124137
116328 930620
670821 353440
177450 586837
966477 678478
771176 104750
491327 2870
537746 33431
85475 799944
207310 485484
715014 17388
817629 127763
405837 234396
476912 183716
782384 785253
468301 448178
460938 741935
789977 297221
442484 821088
412581 40874
740558 14093
859578 744362
150038 626861
303465 143449
990745 412987
624467 382097
675311 733939
387496 528277
728082 844367
207629 455392
650853 57911
885119 294749
789603 556652
574619 44614
562483 876263
891052 671920
869155 868115
980853 305424
47710 100723
31953 700781
923897 406021
706771 550704
729964 197713
770709 575613
33842 236896
816392 342376
649918 142873
47411 517096
543172 163363
735807 610844
547912 60649
306472 288502
830188 734544
341706 255479
547231 278623
128577 870409
963621 159532
716169 46068
186968 857014
74529 10093
186841 184396
230672 444531
156295 986005
17345 236390
411938 85422
317832 88539
506329 859184
300351 879868
509829 575229
989830 101680
710748 501368
515912 542672
515442 218173
706779 402860
360947 86451
27430 426714
300742 829491
306560 77236
968513 798319
953842 785798
130437 826676
512509 124412
465467 198828
836242 243449
407591 388823
971327 123206
814037 962707
188959 60227
944473 777067
606470 286405
647011 161813
289060 662245
97869 654399
825590 668589
513041 313852
386264 394543
361479 668540
890991 239835
659380 976657
203996 259418
825045 163248
685887 129231
367756 890722
980130 67337
953131 200305
950194 640671
468790 471127
652946 720826
448038 237835
669958 3046
362206 150001
119723 14108
770352 551614
945598 98920
237926 529318
593095 442316
165945 365888
216464 298206
952057 358647
601532 17135
946969 860734
258756 872209
496397 740581
803764 722839
479898 612392
694078 588379
724629 858366
974686 941703
474665 934147
962819 102686
991534 348659
926766 63452
332615 872148
280191 324481
903132 972589
884531 709366
333302 748750
670066 874662
558783 671012
324028 337631
258314 736953
623727 28972
314743 754220
473355 883563
744766 783448
779197 929030
949315 48513
690136 137263
363474 894106
49245 899645
662496 907674
874490 679794
508354 375028
614317 762005
358778 945034
205794 431281
911030 741870
144737 324071
55960 170920
799695 265664
335324 98682
250715 543533
165840 358856
719068 256372
784970 686126
673595 407710
907010 866388
114083 819788
608126 105265
86100 89794
800784 142601
284428 694159
951870 829855
705661 289207
533913 798984
708036 167453
807484 427021
532284 759141
355978 466491
702457 998360
766271 387363
177455 918041
519017 309017
467821 390332
484566 674642
918013 797057
475494 585620
970304 933070
296903 226288
356285 311650
328857 264134
227695 962107
933485 178416
590740 527266
358212 475470
266807 96616
177732 790853
408607 282770
206146 124930
758192 941516
774192 849498
216435 94997
326434 9503
523969 507739
683683 682816
301679 595731
222095 113122
491168 832878
836472 733814
350701 639986
371420 448617
786176 537872
58168 577462
61592 39982
684864 778375
290322 433084
666585 945233
66917 767385
103865 957339
761047 574833
34908 433741
726688 349612
723816 533212
11958 665468
433639 211743
542753 195094
935818 57600
945761 397742
565813 940660
509564 400156
870444 766568
489484 659090
668944 849722
521580 925288
846337 300015
343335 605217
872194 132996
72767 180780
398299 924241
166977 306425
351115 697388
753983 508177
822057 589839
653697 209311
75611 677613
804664 688503
970214 676269
350128 634153
136143 889532
487940 703940
496308 562866
32938 576355
402354 453495
631331 837790
547180 917614
766783 61862
388110 306221
276080 195096
288664 318015
944199 882706
948518 204402
452486 453994
900909 500009
99638 248892
170892 236654
397306 13922
332138 920236
119338 260436
770333 287971
92955 914272
492489 957990
543215 127237
49595 719639
231162 95833
165632 519545
125029 128147
896480 833842
211225 226805
820788 668114
232760 627421
426819 649782
688865 300663
333482 779829
667315 902501
1871 875629
779539 95967
508591 218126
877347 319400
226266 700036
334907 833657
642807 984960
849250 829672
553815 930862
217036 593025
306953 158737
271673 699814
178721 746417
495320 453605
395546 779128
771741 716019
704682 599123
927810 150483
148227 748842
58068 320077
233555 829120
217997 240607
632583 941756
933731 241322
503931 179129
888544 509773
866997 275359
974520 980290
946666 700522
91786 718122
921727 882743
236312 998533
11695 558693
712614 228908
442890 445361
865609 436625
499404 216004
885271 382577
347951 86264
413136 682172
963835 515057
97376 178516
437125 557201
944394 54094
413068 78779
208184 529842
775655 51809
434105 320286
650078 504641
294241 965652
233717 551177
560312 747001
407071 202645
656067 789497
866254 541536
369301 455467
866503 768783
816200 401250
974055 72767
298749 792440
115500 680806
606235 464066
204059 187258
35620 102515
884077 503250
765852 497653
578834 339516
120797 922187
12701 594288
315120 377131
768459 428993
453273 492872
689956 955832
823476 724790
554456 808409
661207 470061
492440 822158
495282 653626
583092 663403
420214 100471
998259 546061
121896 327783
359843 21936
792277 366622
518441 620742
162852 242623
505034 436574
530774 37439
26417 901650
854285 383425
150678 157678
609880 558949
776334 418887
470907 352427
755792 748479
577240 784242
100232 674416
164183 177840
985719 379923
615991 908061
971764 26376
1556 286269
571496 787335
753913 533180
218752 466127
255463 568062
164365 516890
630697 149685
803839 855965
100084 320552
419997 189049
390215 612216
563595 965062
525523 682277
197384 583214
377491 540197
893270 239089
81178 698234
717053 198518
598654 312971
206623 490913
414645 792301
131796 129530
853389 99460
118625 668070
64618 336705
862788 808429
889569 294782
768673 818432
335041 584598
17496 65614
282789 881466
783464 368018
883426 529156
151037 37167
483955 253142
302509 594111
187358 296753
119486 573850
131262 816009
417630 347079
792273 331954
102428 313320
816437 83181
580875 865872
507145 122016
260068 570024
878051 609027
975586 201128
435882 130365
508471 83047
432143 496251
302539 919604
250999 697285
1263 955730
44312 810019
471684 136379
411747 362773
764895 824677
838204 54545
711495 624492
634016 287065
690791 246860
976317 498276
284449 809181
218715 164447
166726 191274
115713 478824
776876 740412
321669 392285
139434 952806
73719 921697
564193 819974
748614 376424
531817 345672
26085 789863
798719 868298
38630 909035
819933 803521
951204 953731
42385 827841
491809 802016
432453 678233
936438 840600
424952 124956
118239 420794
813493 797600
431815 713247
806637 111309
221070 954315
173480 588460
82571 663170
182650 300398
401976 646468
809772 4818
530093 233314
804250 997372
288084 142945
517716 541644
671622 804709
136817 16280
784920 978494
355883 643986
794594 142579
29218 746221
118040 237014
313577 477344
468740 349247
19612 278651
187766 712790
735260 353242
690298 1282
678850 498013
196702 434930
43652 427656
362201 442335
185574 652949
364119 541841
584633 522633
122132 213105
814451 154712
139081 240903
312570 178627
42501 412045
36017 475814
548842 990239
658905 866796
630278 493435
906929 149981
110258 588703
264936 711551
225977 283355
527623 567871
470258 500467
62140 9815
433365 249014
880962 891815
43481 354790
25142 557550
5388 584539
513371 23546
947510 757377
18648 641303
361976 441009
536832 143488
469218 468495
51191 25957
238975 598779
288341 222025
260559 842736
573767 62956
319093 172671
598678 654060
460958 107794
543380 481272
700838 8525
865755 350694
728472 220380
629501 846573
931402 310720
647976 466247
149869 904717
780294 46900
522361 677934
604175 329311
724278 221881
79223 109587
727578 179589
93897 432106
187535 143339
616201 656428
631254 412650
412188 596890
289908 459206
201183 442521
698329 504520
18474 135235
969837 110495
187203 377755
207457 99199
464084 350737
990426 50784
902261 474884
104169 740169
598604 92234
922784 264607
78195 961868
737541 654971
551260 174814
704152 82615
405156 794648
420530 869252
776499 195113
944256 320657
38752 364900
711983 691966
284151 426897
524381 561923
306548 163671
980138 550921
617132 977247
790880 277144
683294 705121
849320 315787
165439 288379
864032 358819
349520 318857
95693 841194
226845 593049
14043 353970
747077 776848
464720 769681
695038 334198
786670 629523
893077 161200
578117 74372
535632 599396
635984 894604
114555 68583
792424 113555
998134 224218
183784 932526
731704 207663
816146 225081
483360 830609
611692 387124
175061 232120
710398 153529
342349 898496
825032 47486
75254 771083
955500 832999
520398 60361
834628 762358
156006 702126
182485 931300
776924 314365
21464 112454
694620 743772
170682 2746
719521 691226
794706 300497
378835 562758
692592 838570
766489 863828
254295 59743
173669 781170
374612 252232
96889 521352
549167 409763
635497 600693
805036 151037
557392 433760
725342 179747
261561 563664
823094 79353
636505 649927
243942 356129
843805 51838
677764 845519
976328 336680
622184 465197
980670 911635
478453 58633
890396 875886
539480 952053
436452 371095
127357 849162
870611 725937
965980 626727
43614 603830
485844 578427
30337 270184
707251 522
157664 81914
684197 489370
838785 758757
148405 985356
954608 953575
795061 208898
944965 964034
997147 25787
903811 991623
831720 712903
574296 547501
453176 59214
896883 114256
586291 557072
804833 505486
679068 410325
962022 799775
160615 780206
554622 641892
509415 65470
989887 882409
593909 674282
21270 351823
571804 904860
634251 324106
248215 470250
530249 97503
153816 330696
457848 312427
416761 588519
178714 29130
189593 182201
444784 9728
501395 517074
62892 83402
557047 771988
629423 352038
146576 839942
633090 295149
333509 427345
705643 420457
280535 780091
3828 408640
198260 359858
354494 173381
192388 102160
970711 704974
749741 213383
362239 493948
218702 756778
255831 243274
331847 689785
528196 900826
430079 343962
735224 518155
151753 697358
219784 726396
855092 57970
432765 933925
264048 288132
394595 726449
917814 808951
226923 706427
461002 147006
327830 556807
881894 794541
240847 114425
340995 565226
259664 918440
690399 867899
554282 196103
418001 822025
932152 451528
886822 976278
804924 294447
758264 318606
355464 641856
69548 12126
556642 724480
161967 861235
13358 818629
589560 993086
46293 966419
832102 427115
744340 92750
104960 114189
9989 897359
966430 965661
582632 43979
2281 993193
905474 308966
600380 433826
212690 833727
983358 433253
272061 481631
223840 131442
588958 126459
279272 143244
598522 652281
759550 90650
779417 291151
607260 226799
725088 352435
257103 835533
426674 578498
148416 432058
600550 460396
287015 388570
95525 287656
676763 181401
5950 904391
824685 896225
618049 245680
324752 344139
124988 353111
884925 521856
630941 685223
482218 86301
827913 388770
176696 429942
78835 625726
954557 448887
745580 741774
792736 733031
396955 544069
996445 408738
396237 546989
165830 582758
385200 441726
808149 945007
366122 418663
157142 524216
918145 649226
889068 388611
236292 964221
695912 938461
782130 536750
500918 890983
186509 568487
389594 228281
216243 18582
48925 841137
877321 17614
982866 793336
169430 381396
652431 783598
903226 979457
777055 613399
845691 989389
574125 49873
267927 725459
116947 583039
49113 761304
611755 706166
889662 895442
793410 992404
329984 887608
470504 997472
644180 106470
838285 29259
823762 842934
992374 308297
977380 248626
455986 270604
896515 374017
872003 476321
833960 292985
366948 219168
516870 25289
875079 772490
690345 900613
601749 379383
820440 945230
842151 187263
73209 699171
540346 365723
807863 24515
111059 411969
45180 681919
643119 897197
376144 431584
969367 136341
251055 176606
938911 483047
551844 652966
939404 839837
442469 729526
991418 955757
529037 417024
923935 400674
944095 257212
764906 185877
151828 436034
302071 140377
436576 267702
818202 706586
618232 657373
169790 834079
143166 279186
333288 545065
217886 467475
630623 169593
485221 220409
70728 157799
151490 239685
379326 322188
85806 454559
962911 39278
586893 331931
83669 369567
105700 958497
628787 228833
328022 741000
872368 917076
927911 623274
401692 571182
236204 573955
43955 315489
247097 239482
136885 827339
68227 285929
432177 298578
718397 99238
54030 732640
500867 689247
946277 587808
830022 491278
222255 654961
12817 343854
800382 369907
366953 730713
103764 385961
616612 636075
552117 236905
133517 264791
342811 84844
701920 950902
852223 689012
710637 80205
645227 169735
15848 844205
40158 659353
135361 932618
236821 219408
473615 665737
679188 749645
597340 516015
656251 956619
864248 15779
463054 175400
929870 392069
90002 716530
491481 660817
497065 30883
660831 477304
126153 991797
547432 47855
279161 369435
588773 79620
486457 761255
253778 225044
591463 496762
723660 891792
11513 607867
297324 797143
619068 915014
313004 635572
250796 857507
793979 384583
775798 592977
377283 622380
189720 34567
712068 104281
859531 66906
900793 902366
356734 800586
288771 750186
747511 514876
866224 5536
476032 811729
23600 395341
191054 423315
518328 36411
403118 146262
840202 541039
125124 994080
978291 52787
223550 250146
162992 323587
751222 750634
653416 333351
580860 477801
768975 275927
768158 247652
310684 744167
767466 324894
901737 602042
131206 250062
43965 850861
896912 464839
513031 661635
929654 854202
474308 894815
657584 286486
4183 535668
920524 864238
560090 118306
768331 727753
194231 287791
821650 904384
300501 299406
534435 313661
32041 809924
51342 361020
577258 140657
818432 839933
801059 811472
533967 950306
308353 327501
920473 859800
346316 363752
50515 31727
879853 886851
180257 861496
736444 992529
776739 383517
207633 353240
145973 258013
277684 898642
283996 296715
291288 559921
853661 914708
781108 225924
530351 413172
519060 581162
979401 867476
102643 128495
100533 137880
690465 961151
826760 407143
472904 291698
63191 758704
594500 492498
292342 733622
467482 43604
683199 152831
929348 729164
637069 142784
969084 889547
823246 931150
467058 21019
689976 721106
830571 301502
969666 899809
586423 535370
303063 786273
7608 129632
982451 790836
772490 239165
962436 184029
508187 456463
710181 522190
68333 904764
519405 564560
591299 722333
843608 428840
725454 513634
507960 729347
696470 5155
526369 463975
205538 45758
868697 794994
721346 651443
788381 134666
2867 576075
457522 765300
613608 921330
890278 58022
655857 90647
683851 493183
700107 884098
880097 934547
57439 53497
124907 980106
106312 754322
634884 636762
980911 966994
313038 541305
274753 577617
858656 184905
203701 722367
148079 698700
554080 394231
903763 536856
536572 319917
867862 56981
915172 982219
526558 850558
153789 915463
442028 957727
336729 927896
106773 312317
178090 985529
308257 933780
327460 222049
939461 174205
104582 941484
66218 739293
979525 581171
249403 2513
335530 357360
911215 433399
349244 477061
827350 868522
838259 606933
643784 8055
361685 938626
759526 470009
167473 892937
511357 242793
819046 766782
485774 410327
201771 958682
806627 882584
510287 312245
344178 226145
682846 888820
741200 956110
85446 66903
18982 451546
230205 711330
845071 218651
647133 838823
271471 41351
76282 935759
453994 337256
376256 264274
612735 121243
610265 896519
773739 461590
174055 48921
411249 492460
355866 335314
294219 716708
408940 67462
873041 917792
81586 367529
328614 267429
85858 47170
853939 555441
771379 6630
62936 477884
82149 682589
742319 245489
385600 81595
451871 40754
888279 927665
355180 80122
74370 570563
989112 448825
111798 581155
699315 265807
688084 772857
795788 821683
886025 72012
796748 25802
869921 335919
755892 170102
275338 437807
562753 357870
976269 930819
136047 712907
699108 676586
934630 824594
336299 527488
446884 386682
852521 677793
118043 373114
408017 960959
640496 545646
522236 554783
555755 671461
195869 138690
200459 794978
669384 820270
643303 727767
373069 333240
114021 742123
313030 528159
807582 299947
865894 597847
956711 467129
912041 278372
73404 585511
955075 685152
331172 191190
927194 414913
308662 270354
309559 898071
205030 463157
662100 295623
938991 505
450931 310719
466661 361402
873027 193882
163248 488142
523216 614913
870745 887254
706486 397279
264124 789410
705373 549126
435035 907775
701020 838311
673053 429140
185550 247010
383000 392462
305575 578124
871665 481465
222517 222903
713653 11290
768315 190750
499824 631431
156777 68128
90850 608007
445439 36664
51186 400545
603271 792828
523873 466310
556984 494073
305868 466320
126270 128096
490503 436202
853808 95324
687804 448408
115271 279218
848836 437798
551151 787141
23094 532888
593138 999832
578738 931409
45411 558070
760361 559367
672637 26605
620824 948831
749010 261531
757179 698752
15097 813396
902155 261190
423783 397890
245082 727470
738054 134053
209263 441503
207292 15472
223892 590658
412988 964431
692572 361592
843088 379482
847440 287245
997674 380078
306578 747387
755359 855807
406792 453784
798272 442695
244931 193131
441803 313919
119684 940639
116614 550815
539581 209965
239070 569242
565597 857721
20981 991425
585241 235897
493889 760753
251117 912347
268891 739946
815782 385938
781712 3731
292997 704598
47944 863681
653519 837955
189688 472573
39746 111508
651342 622737
491647 188954
846315 778285
20936 115424
508504 190640
951935 63325
449760 474551
655489 71626
559256 723952
402415 841652
995744 940944
663586 478761
135031 346982
889208 506237
345500 382543
286724 951037
45003 146675
41694 345028
147541 973872
984324 228450
114710 594932
761689 938094
831911 967415
680599 897651
453237 553255
955966 751510
99960 827825
543576 397628
393986 995108
968445 576884
788365 272112
783525 38298
115179 150563
702347 994596
820083 315504
471784 968108
716127 554876
242864 279487
447031 114764
321815 848855
698954 290925
834225 408080
52183 376968
751760 484799
560184 11307
128398 702860
200038 636300
883906 67224
273514 158978
173255 137755
574434 380056
211234 15585
466892 996203
390284 848334
757794 918619
559284 530237
405406 107194
107388 745085
241614 790785
317319 666771
316880 773238
16436 588277
66098 786980
79742 583357
299223 726668
671964 495566
259328 271288
287203 289709
966832 168436
220487 305593
308660 824563
881756 714901
219709 442648
899916 540620
883622 84206
375898 112349
879244 32899
939640 389470
266470 642217
361591 304879
275225 466823
256587 326505
128436 513654
609600 374838
810118 705226
418704 529568
823710 165768
19999 167719
971269 64699
381588 90382
441273 224067
463515 453843
148173 959503
450180 388281
652550 634903
402810 937146
808054 166377
211764 969117
357229 800819
790054 986757
505410 587573
370790 628101
319521 936309
535677 902584
71978 967680
184918 155402
799314 438882
38353 671939
704071 499603
984682 725401
332173 931889
167430 253437
559654 789777
119857 98937
180513 691933
561087 523363
198462 824541
223883 963045
939447 433338
710493 82458
980305 623803
469688 123094
858736 28091
964098 153248
792210 204568
174350 944437
287236 463776
988521 53070
906014 62766
739880 851053
371472 893677
556065 406905
272345 207019
20803 474859
692384 395926
580036 499633
615521 804353
97065 918302
971441 882763
859124 361153
582107 699402
910605 923676
858483 82297
349596 493283
441462 47174
140741 863542
492045 278409
443629 14462
961203 838314
86404 98287
864938 206074
135617 310698
444084 590531
298027 364348
796325 316803
461195 499305
619979 971809
127717 969851
344169 614635
373598 645157
292002 625646
936849 714093
375257 263751
703488 16659
335468 589913
924063 543133
372017 949409
644651 60446
567976 759143
105668 470867
840283 656091
951692 524973
805282 401727
790948 424215
932247 766070
880726 392376
220709 580518
220990 739809
83642 417152
147971 635605
874649 954139
585051 683332
174137 325136
892189 132501
44169 479358
325428 561138
349584 308056
542811 669973
130416 302225
647171 568133
297184 317534
33784 784793
673855 384434
989078 430079
383195 624328
359337 571306
515269 526388
830754 906745
135875 136963
768859 506386
652445 978893
269365 826327
26483 986242
281187 882788
271679 652698
177175 932352
682958 665050
743825 452478
973065 176207
59343 801267
762880 886686
580677 292718
917858 800270
793046 745456
772250 624105
832574 282407
641710 275072
952312 12234
882062 460822
736040 611430
852866 546554
250182 206192
485698 420437
175200 4817
276985 754382
844297 922414
60496 840301
874739 981675
114959 924908
808898 656561
892879 244237
515364 156290
668417 483523
755717 404076
696477 772729
256485 649800
538087 19500
635816 735786
861907 618827
700289 384638
32677 34734
366507 356371
804945 614834
286216 389858
874889 300285
650743 567429
725080 544477
231017 402812
85574 58333
896366 201768
750019 390798
139358 817706
40214 332901
401969 7647
249547 415778
934790 99736
663465 7143
233247 266681
555349 349370
637494 652884
393921 621977
1481 395940
506386 496597
711226 870626
509405 9373
235206 759712
955346 586229
695556 62947
554213 682327
917194 23557
58023 617651
363891 255094
430182 455647
641753 227808
817600 448434
495793 60361
589260 697551
1664 583864
143122 376887
892891 836499
322799 909969
357628 612289
227530 189452
345401 797386
545874 217412
481252 994148
572347 955073
696590 813382
6564 670427
9587 481506
472863 723921
363744 119800
715729 532749
458905 53079
792704 592051
351183 488649
743214 431340
894930 834133
491463 570922
669679 521329
794804 393944
886874 957343
837519 906034
436785 667445
321641 694902
469460 1355
488942 496661
636075 262374
230826 147800
307857 283043
994773 605067
602955 591988
93743 466959
558619 239038
385511 353666
755988 317061
940310 409934
593372 301596
917326 305484
373291 185381
109671 776883
632898 609582
403629 232318
97715 499897
160347 55409
941106 563143
553458 483278
959805 780776
822146 261308
708837 444470
551989 68382
772005 838207
554075 720749
713357 802688
495598 49463
289484 303319
80475 141313
160485 293468
772348 886932
262842 626241
201410 207069
973303 702317
185310 241425
756901 567283
378859 240359
100340 634105
235515 561103
526432 468480
566480 990616
594959 652325
382890 784365
907792 420015
645352 406753
113078 430981
75149 118321
339575 775951
514793 289955
78308 791390
742060 13963
927656 420243
659760 643139
217057 929515
999198 517419
840332 823266
474102 704589
397785 733605
593170 461668
193187 921124
767920 647001
448171 475914
18535 726686
240687 605823
312118 696677
548554 899813
203865 361423
29623 464036
834868 190134
604211 206649
757568 146978
603799 368614
171560 808309
690764 710140
772948 747186
659452 592942
666427 115652
255675 197120
689167 841266
925561 690300
317196 833063
240829 958326
771247 922178
110501 995284
101176 407599
707315 937456
765236 427788
455543 152225
620925 697833
870345 551784
310751 681328
799556 547980
970742 576659
755426 905711
383993 245874
887408 949061
937277 739556
214106 737469
844459 759869
770868 284681
211673 924774
352072 909170
695282 546402
777095 448293
48717 656893
738823 933131
175026 322072
675270 56937
19993 525500
860316 608675
673462 709384
526426 847860
344738 79284
201288 834135
903840 169578
802358 330799
508378 621955
690758 58230
652233 995565
346739 33518
86490 543512
79860 783586
504921 225094
419728 174212
191565 317892
809340 76188
807581 677590
928544 725600
157488 232784
464565 232017
457251 429000
476676 761212
385867 684285
963744 959826
479426 326842
223600 732531
12306 367023
210925 258569
837078 945327
841679 457423
736353 677794
447316 847352
464774 695163
248736 540110
13295 587160
561947 766876
430863 789918
251719 657310
511988 791373
581346 882981
281700 823334
972195 833846
389749 150527
162145 30651
492069 232491
995135 912917
544482 110364
525739 981542
59199 509489
867522 57053
373392 790943
514202 342632
964595 62090
779387 656117
243464 939925
882956 984136
167945 665975
593929 869907
24633 410769
184104 746166
123486 368521
974687 174836
323146 618117
627658 230507
203686 29720
309194 581104
81530 114818
868534 754395
105039 628102
296148 271483
392710 863289
724791 103126
353377 913921
745655 807125
503657 388351
658713 376310
857169 538329
519123 580795
564063 489854
181309 113056
242515 872290
269764 540210
432170 922799
586881 838610
807248 999375
83599 667980
432302 775645
8244 958452
381466 822655
58691 424930
653243 944341
177709 92773
697156 130970
627689 594906
786848 82863
834263 253735
213277 59348
835108 170602
64044 765652
338693 666129
55578 145596
646240 914727
25807 128655
22936 386469
678041 641896
594724 578622
478799 973066
369337 104124
67555 851464
731506 721458
481562 922018
866295 410694
194741 694176
673259 326605
317276 1477
191122 737195
147073 793336
381561 469784
164346 649060
325123 520505
76837 883580
339079 944571
444805 15348
280162 112435
95558 503704
433662 19495
985464 270191
681491 431819
299076 398678
464151 517663
627150 565922
941826 126501
656597 38538
247123 773197
762749 630226
586234 86738
565991 878417
881699 69191
662306 183928
37374 134508
423619 578139
172787 448579
49923 348503
631372 889807
857554 757660
362852 764526
465506 40461
530676 124063
793197 85838
15429 47887
188482 308631
415719 719138
961384 312263
814460 476802
777289 32278
750609 346161
184553 979043
149650 554354
484943 304496
860420 9453
397801 166401
427171 751059
55738 45223
359121 131973
698688 439022
94554 424611
19024 639109
357271 485561
55329 311498
813519 11490
653188 649406
526051 4358
753374 592623
404882 639086
776660 13190
153295 861691
480645 97822
623297 610806
894090 22453
326595 165663
53324 630420
130539 319969
371006 726373
541448 539617
229765 433188
16992 848321
493804 179058
753508 839442
477706 534970
898548 862557
720824 175375
921195 914948
77290 202266
33456 44456
947250 23096
818906 711612
413641 162941
732950 273513
631460 421588
386662 435074
576280 284291
290765 966388
265586 100366
524661 285287
569343 673657
789004 502791
763143 293488
928470 241656
296540 563818
862375 712914
203410 582467
518263 678613
169498 159895
450755 249104
518597 841418
779929 30584
941561 230480
223406 543266
91495 123294
164800 449672
819389 404184
61400 641357
339453 74718
41583 730815
627099 278861
189298 428554
118698 843570
393237 917106
404880 333363
819976 991111
381437 806460
838837 288819
579198 554581
168631 144259
14291 308851
456391 713832
4233 160639
175184 423616
494034 158358
263803 755222
835995 786597
146106 523063
479519 947300
26060 774422
10670 80331
233617 785475
145566 313034
289187 381809
392729 304609
162544 504985
860200 805397
393563 373058
330775 242600
18762 478472
324754 345963
21452 420534
984373 412175
380970 621402
98000 786894
29560 908
700679 219097
891421 44030
710533 224999
948838 724874
467941 683653
403499 774445
186994 6377
904157 947183
218060 235098
648724 573941
593278 507036
416859 288724
649415 88814
267468 268322
940732 944831
820444 196047
811374 636871
701401 671682
944577 739427
99892 267006
134062 83368
599903 252649
634970 902770
781531 174295
640258 721726
639188 618373
388196 699358
987831 214120
448794 875559
73310 41815
760686 79996
990779 748124
361015 599877
373678 613255
610196 882046
341315 391128
687292 111815
921263 97327
690038 250128
883866 704392
42431 259455
760817 250600
980154 561703
965402 962652
928115 729152
707047 833719
167187 657501
170734 384850
297274 480536
985360 499987
646006 170797
751015 799253
603864 781478
182689 255575
293828 922579
723479 697125
848825 859325
96971 903544
147937 359906
53182 610951
362718 978277
243375 972894
761780 456216
7284 188109
247733 470111
995654 129734
506910 271082
705098 518095
889398 564371
889502 412634
938588 706882
272695 479724
846893 89798
910586 389734
104734 29135
288191 860841
378638 12907
129947 790792
795057 967648
740986 300381
257449 76641
50602 48075
356765 470331
887244 651336
409922 609638
714247 771879
992634 417239
447243 232164
802875 120353
234716 498488
862689 933175
469890 792018
401886 194493
766713 396760
241357 819567
200656 951910
46083 66576
526164 539442
795556 535129
583446 641446
127090 928864
823934 926341
165168 525746
679301 863091
64334 70033
262232 234487
104790 3564
525731 110535
417817 704690
170780 950213
789677 358027
150349 735099
934934 407701
636331 239915
80698 766340
488962 717310
866191 295141
340245 651112
411601 538401
669342 951262
334718 818624
419523 96756
696397 928866
488299 418421
585726 205150
406757 140803
199691 231958
250936 144013
637649 810661
912557 367426
935576 924509
434452 586768
655318 76319
564384 930900
623096 360352
287279 618629
597396 655806
834845 8938
385532 697276
948264 201714
645820 94212
955669 417823
451262 140803
447630 839202
658551 730011
778259 479601
834468 754506
634250 487640
807320 550310
631479 82929
811077 967672
242118 139933
311404 861664
320971 344338
143676 155155
553916 257996
367657 737363
157933 676591
567755 538550
385716 662458
539046 401132
896583 156981
714706 131522
43867 565311
990087 216391
636072 322802
215542 797457
821155 662531
406992 387404
819419 713990
718947 580243
449890 561374
996304 492432
780147 672911
630869 599947
261695 624146
497938 46349
63105 688140
649699 968833
805239 390907
26157 714419
942589 92881
404087 877929
662926 108983
912786 735237
681133 489277
291514 677265
784554 125442
58300 608879
743532 979530
376910 58307
225924 78171
132167 251060
423255 926457
972818 426864
429320 321159
923351 343943
583647 602834
735611 147469
388076 168559
386012 578799
355104 169145
889211 858486
993150 8344
740257 960505
544052 225809
194436 630767
348451 615446
589327 818478
922003 966212
956032 28705
80709 606191
265435 266677
609431 299548
992822 467460
791642 252781
372772 112473
230456 32169
676619 190951
144728 776141
854780 941762
991645 106635
531757 16396
811644 615303
768430 697669
463218 19998
925249 269423
868554 474617
195779 572941
48103 517643
206185 671001
386590 529369
959162 975769
881682 769586
255761 118872
436764 892807
158014 527517
225924 775042
986543 872904
907547 710282
845806 941899
327618 339249
826608 519985
219405 67977
74842 243266
677436 181170
908654 180435
671854 921560
698481 964168
577677 314061
967649 856057
331561 490511
379179 205652
474945 671720
371612 963680
206481 423728
764872 273108
57408 272956
175122 828443
790234 487690
114860 90188
202044 730259
355147 488059
31772 528567
478231 894380
52154 217864
791521 782964
66123 192592
207631 27812
318373 627664
834524 589721
744835 268452
347964 274766
648827 191642
819967 854234
553863 67698
609635 572058
341594 534262
746611 377438
763970 630848
376877 5997
151319 257640
763128 928286
149168 458252
177319 855651
67200 675242
867194 412586
996656 618326
158225 258507
100567 184398
8280 553136
570997 70719
379210 670209
632333 727921
382361 991549
575917 681476
895967 11535
664385 388276
893566 112179
59663 994794
390166 723646
631470 582215
336788 974522
479293 981339
318455 289085
939511 787768
151207 160554
675473 981270
308624 237415
950455 818592
346641 811641
227246 601924
176168 289149
808170 814661
51807 598913
983592 386920
945532 961386
963689 262905
547992 592493
171579 188974
202930 617836
468814 463765
569414 659965
142640 19314
839814 429529
845730 587725
558422 87925
585122 898051
116829 16362
806607 361284
221118 378593
821962 967650
377933 359646
826271 714241
187921 117559
93816 521742
130638 32255
22987 271721
970815 585620
463788 457849
234218 369952
225727 55811
501669 875877
521342 465922
465449 812424
175496 489276
777528 63807
583971 567580
101947 797948
867350 787486
622640 536317
523691 122835
715283 928549
648645 213898
159629 995873
589769 49874
420430 534255
514418 994096
385917 145018
348343 76501
901363 221208
564725 981996
720243 720403
15250 696979
784904 242569
376258 492792
899982 802305
311005 776284
765821 291996
624462 471814
326161 264751
313690 69211
970351 797363
131895 788458
383483 568327
280584 789471
632066 871026
623730 831100
976849 62461
388582 690805
217085 726786
216 804215
171972 241110
963123 349104
801778 990721
297238 745337
261506 47761
417450 391988
970308 992855
879182 799886
48291 322412
56209 421567
730940 432912
68365 634337
518821 346162
903227 362172
770042 862346
405529 538739
567288 22352
455513 245852
681892 298232
816726 811204
767096 662067
983789 229085
56693 731801
359791 836453
749546 2939
344960 670100
966502 68841
78936 953984
692524 953147
599364 620009
346142 177009
907806 142801
459991 442571
432025 239469
32938 672995
183172 251422
602228 937222
901120 889168
465031 114043
510168 983913
640505 885640
919872 310361
354062 940175
401867 791282
114365 476161
667636 385621
602028 368740
966762 123894
934140 218614
519205 293534
741272 186242
156506 413273
651790 582801
684316 806564
93958 426667
841860 644523
819453 340941
332597 128226
187748 531751
335621 819376
118595 948981
807242 334203
584210 33562
276908 731228
505434 763977
691860 242855
274381 427695
269131 959463
641757 367099
368571 948609
438777 501759
371373 161509
213146 361576
248625 701504
368619 864070
345489 232704
630539 988610
163187 103950
48121 276314
963696 633812
870522 14288
770765 565822
584283 724238
442677 85991
837764 394122
958203 732851
560103 875780
516318 470844
545043 84933
138035 286036
278419 597490
653660 725396
934225 117917
67971 763316
225769 93022
569633 508631
679899 155797
602410 789461
425440 720868
467845 701432
280002 186514
53561 794644
721781 995725
962942 955338
533850 855634
944095 658251
277358 363600
180314 286685
119418 695370
95087 239156
239630 852055
72518 968419
588834 129964
773736 434122
620391 728037
994837 796383
793660 70950
279708 39121
984179 729656
363612 681432
38220 848785
678905 254912
562287 862944
82047 353981
333440 645655
483494 938391
410289 189484
721465 803629
258897 267020
60319 140819
919606 470450
890702 321510
669508 487019
822707 33490
818011 914715
717292 447320
572572 520145
408598 450562
386094 950030
841749 338404
160428 122568
549347 541177
26994 523301
656855 400361
255047 872182
886937 395801
901352 137613
982205 63349
246724 139674
153565 312455
762799 559503
665721 249910
709052 29433
168247 787958
732814 688234
747888 769985
625295 532023
925206 771615
130377 935048
98036 333415
208523 544753
896220 825735
807024 46823
784162 965732
708331 860945
879397 491450
698311 770519
847672 395529
653275 392291
497552 264909
475712 477187
190577 929079
847045 13981
693447 645079
148542 780275
779155 291681
747306 851491
350303 403250
896149 749376
647123 615917
620645 706325
974329 600773
859406 232498
515624 379953
14901 604549
840469 660259
973372 804863
492489 657786
96425 269423
331372 16355
227587 898835
950385 846613
865330 467920
474969 630174
544337 275828
52177 465888
152141 876966
259835 719020
201250 171746
443228 737673
561383 735890
996488 820097
34772 493015
282442 3938
107558 316904
8850 824355
320196 366983
712397 210292
190157 581843
759356 690701
208956 428858
676958 736871
507201 460499
812001 359750
15418 537959
74516 54374
645072 263322
474704 451853
907431 370592
54947 213881
614563 68655
78016 966177
982758 525553
236681 5142
583589 965841
117479 153990
980527 901830
417227 934040
781158 932702
503899 484687
400195 823373
967375 45751
83542 640489
621100 904401
610297 903480
320228 420390
554828 312247
975806 896867
369764 700603
470203 308438
347167 553089
366050 372974
982120 170312
853825 20007
574638 968550
836050 694202
243543 875976
415717 171888
551987 390755
417604 51205
515637 508300
996419 528643
787176 410846
779894 389397
878746 285697
976920 565206
655433 323037
884688 395688
249600 141364
616426 780458
994404 938072
703330 259194
749705 268894
851969 934440
847590 19749
692683 433981
524514 24895
450773 856883
181583 327326
701820 904024
853814 205003
721249 17646
699584 662332
717373 903703
753329 686456
16518 113462
318468 418556
24728 71784
100718 271522
739319 687399
998737 31664
767123 200681
205453 916597
324843 773511
934170 394702
291068 537153
134748 319709
293000 966380
131130 782021
225959 670611
632491 950775
52299 597649
441641 777345
863891 670924
322486 103129
398479 951125
363029 328635
938484 821364
266015 912778
327318 341024
867646 692189
318784 206595
61621 286035
899806 982540
150693 172805
276202 395902
589792 272874
37944 138083
211011 858518
248674 78009
525101 544901
205709 661355
964440 803655
15111 998823
438510 437105
145573 902838
527386 574421
148126 801595
142951 851841
274827 651008
501059 788615
95869 418215
407585 644822
27388 362709
715895 763430
207471 571298
309020 833956
332588 411593
72128 670195
421028 620649
24063 25006
894659 204125
459134 144179
998977 263766
963983 264141
326763 554339
817413 148230
525353 882494
937002 418012
715088 315495
919305 809334
697918 45005
624256 523531
793627 953436
838275 419023
618715 256053
399190 659552
169559 804381
992100 287484
899733 671751
220428 977791
836124 105499
386240 169622
906150 566145
965051 698164
853529 437961
42306 392987
562079 311398
78930 159342
167799 11160
756980 837452
858971 728850
279988 955411
652213 52074
235464 904169
399554 923457
719397 47523
426898 949170
713280 801310
865968 327429
642001 474503
404016 199268
74797 509674
669670 276497
917890 809302
210558 16036
235580 402371
423677 563136
32876 593082
713384 954472
834455 426613
935229 617577
529602 37984
630699 776171
422393 552690
492748 330708
543271 309602
574326 442913
280084 161578
804034 625013
612108 281926
221354 848043
669482 636913
188898 486003
425262 412738
533593 760181
277424 402016
70809 794253
90713 501122
293317 233367
209927 877655
502722 84359
491671 78093
731524 884593
121773 491681
77730 361815
518756 288745
969125 125330
21869 963164
807032 433590
847323 569389
171422 708517
219153 870669
482346 416991
704816 946277
911235 424783
678846 642916
867741 797494
101776 897480
58161 631941
503184 485586
819406 122055
764742 531488
20587 959768
612398 860894
270356 582899
706147 276891
697143 614169
504604 59035
346106 658136
557184 208119
919910 649947
135845 602941
323453 914779
43627 963783
998434 865279
383799 472481
57332 652492
943344 678583
907908 55714
598157 470603
204990 840571
883837 999039
562806 744966
89335 380756
408963 793553
111881 638823
935498 746958
268498 578085
232472 349304
558221 98172
776462 359499
431130 29448
608313 122492
877742 57199
786857 511554
538939 289994
481970 350817
189329 647743
211279 745429
285724 421965
219903 223431
473205 547226
785929 68435
425798 145756
551686 687565
550097 528885
844279 263224
869422 80050
568257 543512
448609 86943
992075 47827
323825 231063
917034 842130
329194 415581
234587 961636
474210 984010
934095 207594
116710 817730
556502 569422
275143 278504
314027 140652
369843 445175
36463 60756
100449 747868
798899 744830
175580 789768
355601 524525
433811 162702
415873 718916
946306 370273
72277 570782
116383 543663
45050 747519
199723 929648
773158 884184
313237 966351
494145 306235
449099 180588
273991 944758
445752 306322
68426 93517
826372 39574
259760 585124
633762 887086
560607 188266
647383 561475
564611 939369
556845 819140
623798 506963
598023 47638
899009 736536
56427 135957
553870 636850
242300 171836
345936 622999
60443 717601
205960 977499
839730 828833
304514 269193
990359 789519
751268 780085
306273 760643
613624 666592
206915 237744
308954 714056
58244 441670
615770 75475
813822 786673
16133 137198
789350 803607
545334 821723
868023 300267
551958 982588
262775 98186
432774 188594
149388 810089
214575 537198
263914 969073
335421 104383
737229 780790
717914 188446
498391 800258
530030 76386
513183 82904
943917 884055
283848 820417
75876 706529
149792 436826
479143 679863
111150 1561
743248 52295
112248 183361
578921 308148
199404 328166
289284 797386
89999 806624
600057 882054
57775 688564
828632 417490
60843 708138
57236 737192
901301 451283
491002 614459
123752 248112
906708 677754
653279 792190
423514 338001
613724 801273
320544 916292
895933 179219
789628 619986
97348 385440
237304 792387
952120 200538
383879 787999
549207 519067
111258 542984
517783 610483
88790 112216
740553 827599
126205 839967
700796 922744
571675 364583
391877 945812
529756 786628
66361 754864
525204 147092
362679 405912
769508 893227
537810 616542
874780 720456
511748 781770
490425 427531
938669 610750
778199 483266
404528 655047
189805 502395
677220 764613
627781 379752
976224 413376
681491 950420
990121 602169
953406 722072
658151 292759
549538 975530
496237 694797
832978 886098
611035 979694
20161 741048
513242 214678
492358 894987
963136 892469
46220 169766
548503 245897
682628 596391
312144 674089
946222 634381
868928 929992
982453 152749
126735 82065
434362 3792
751323 667985
49147 988933
878520 121137
319136 118464
816663 939647
377242 835976
334139 776206
448609 903177
103826 372212
579920 37509
353436 211734
759292 937533
489633 242246
649517 267570
772306 635466
176316 787723
404229 529596
378361 431732
781084 222825
656819 601936
579522 156167
379688 340848
268172 794427
513757 131161
492123 784529
772865 200906
223829 496956
589945 797399
110745 895199
945340 711396
995460 139661
147205 189900
660235 59293
573410 11716
134409 591023
901459 456687
684009 343093
298197 481062
583722 562031
992327 117329
513754 445117
232161 391418
469501 491750
182577 419190
520677 840835
410082 999231
158499 204956
261690 341242
411979 101454
772975 657527
458811 670019
761753 625111
900729 369896
148215 61564
728575 553533
477783 63963
221196 283181
637566 78544
717662 767692
548985 897762
215731 778129
964321 32033
787888 343069
97893 520585
838716 596503
682963 26690
367527 231097
357471 205072
56578 535100
187988 618373
766012 580192
835800 540168
789949 428157
67379 851181
716818 496135
24004 725746
958637 180366
8226 33065
667323 939870
443488 333333
245097 397841
679939 390106
59128 365979
714288 508089
846986 537181
661034 901887
734138 416282
588337 825455
238154 68823
71919 857328
189313 313804
511430 240169
982998 86901
88259 563214
852909 327339
683510 956223
733273 54196
46845 650241
280667 129886
135168 805212
740320 773978
34403 811010
984512 9996
816763 15744
919954 332141
676365 581412
468593 975258
611767 684311
328933 7625
25273 177710
674180 63482
117324 287257
908044 910084
365921 515089
204942 395141
442054 118228
614857 537581
207511 798664
118435 259861
407636 843810
905161 714757
401033 193364
82477 13820
205470 434922
310682 234026
284293 550719
151272 945008
775578 836676
457327 817628
265503 790887
731429 407968
525693 60369
307074 494212
260353 989646
383313 139864
349643 364696
260132 168021
821143 197398
510688 445448
479471 962347
11810 945926
567241 897858
977431 243550
996373 621272
932795 581086
525746 531843
165112 709559
431843 373698
370409 807138
82507 816610
716382 885983
179604 3817
895194 290886
384117 552711
945406 338312
416439 597409
328725 501485
611261 398366
501543 169518
511461 661298
482791 779938
340089 208884
972262 126994
534289 886757
596381 10679
338248 669183
361203 741512
49865 325897
140939 205537
162523 796821
682117 955572
688333 832618
855106 270992
221957 336934
950693 72686
889582 822221
185197 601758
943770 342310
728887 578243
190253 599872
401709 174332
62925 842951
987226 310458
395571 945545
534824 63892
662668 383376
833651 247580
713927 816277
627791 158868
432086 8013
304269 361038
93362 254971
637601 286995
120798 561678
278530 337885
834262 763919
515114 140377
59437 878304
287084 205121
585559 197211
220498 819809
646983 376804
323888 407966
838552 32581
116186 290591
558947 612073
763850 121201
568359 872297
677510 62135
817232 396853
886215 449201
314292 346121
680029 534434
820327 540470
685822 244535
812916 432902
754815 82672
584623 440065
185607 706883
697484 147434
341655 792095
741524 480814
962105 455904
696579 658494
721371 493809
40771 876542
438920 889827
409343 177142
826653 181461
518045 239757
723002 590666
827673 131821
573105 768019
867104 15447
335580 713740
953097 25034
946135 451901
503660 967387
636659 391752
276819 177498
448909 929944
599302 895313
525149 333056
864915 205219
951292 47811
196021 739623
724934 754466
731935 531746
354045 283906
391436 379878
323941 404214
87636 25532
350382 285319
391091 409512
662485 674727
575696 469950
753492 80294
866463 537669
301498 12787
737862 644514
203478 954608
899239 84492
930566 246536
402773 635966
874378 214729
64644 517358
591389 585808
839830 86718
803965 905195
842405 946300
980635 949322
87426 511842
435815 423863
240129 754508
690140 818785
485362 576664
236982 517353
156009 994220
59609 971725
804679 735243
354195 886940
544756 642565
854887 943582
315042 289277
219667 551271
271171 993932
975272 336177
757710 633460
198202 780449
964451 512005
259234 322774
53717 810632
569187 847524
132986 785011
803170 530775
671965 576453
30412 877359
257188 189087
611115 144413
840671 423075
934881 624208
875214 177308
296883 451230
399915 663339
493294 354053
965058 841430
50658 777906
444094 142183
932157 252493
144756 305591
557616 837315
626581 924357
933677 636519
698888 15801
691793 457847
380175 506506
562861 56681
913075 73452
226562 72699
141310 525936
442103 736583
75444 651270
671210 494519
155706 617275
787506 650956
972121 945168
886566 690643
577282 199269
49030 155139
165141 692517
158925 351029
675301 95785
78220 180873
191562 502825
103599 418579
28154 282193
100525 987321
207827 375019
162850 5268
552189 668477
940375 977199
949783 770603
372380 277814
250361 224159
621128 895045
112464 45779
409428 677353
940413 792011
824167 655765
231260 274282
334575 614322
269802 756738
826795 302535
782477 994211
801245 956602
185880 961076
81818 168989
708808 804644
290584 403242
75429 16030
240392 333668
718147 103030
799613 252044
187183 743982
732712 747903
176907 890217
294173 857137
349726 14559
640229 696194
82322 970087
72019 510110
322573 287056
202485 323434
173755 830498
129250 158567
373179 303944
903812 63266
172599 582801
601562 320352
113610 399723
1495 899152
397567 444747
49379 766847
775704 795169
359296 551849
689878 528271
179255 480359
979408 942197
443205 322747
881458 169910
7267 373775
99948 673764
266674 834721
586610 536317
594037 58184
505043 344093
1968 616934
338119 371110
579331 63145
780987 804770
872978 622650
6392 834459
772623 246532
971761 147406
852708 80726
205146 807312
13691 696983
246582 681464
819788 444565
242993 443895
402370 963580
564337 67554
555428 266393
307128 516511
414891 885196
987533 886402
376908 308794
557923 832056
397487 755108
290100 149145
235929 51241
568674 678837
602949 96873
524372 98641
126228 851283
325832 57728
581027 342654
394827 655839
461446 468029
321588 386812
137319 52855
81825 260344
706435 445106
406249 485055
119782 415774
971645 781922
887794 769681
321917 409622
885823 544373
735223 640062
615692 574674
873129 482133
95677 886872
2965 579825
348399 512571
517791 277072
236389 164919
942335 816283
479747 152147
522110 553269
211739 223214
65635 965159
401847 566615
419427 296770
625549 523843
559260 610162
777621 944019
933611 522885
64058 879640
657358 426002
259347 418940
677215 335229
432525 281933
511631 130888
321131 982317
774729 38918
103544 374508
166221 121735
56579 618828
744691 629077
426197 943247
755043 296679
597663 839376
222110 927079
181227 455153
930936 879374
861822 903914
472057 41606
909710 62876
202674 302389
118648 638936
790044 494583
117664 967953
623554 435774
813335 858170
552938 877033
785319 977925
482805 44278
717856 110234
711379 803310
594689 502889
134872 540420
586395 328223
607642 718366
790529 164309
591531 290687
678488 844230
367888 110016
921948 88773
653869 672512
60749 278809
583071 2455
969022 486654
338254 6056
456845 349529
620649 284764
339510 759931
247625 982077
164364 865314
149044 748929
651778 395326
94620 709519
594378 660941
449632 691057
581649 794984
565538 418446
705697 188644
611475 210266
448599 91948
258891 978717
190793 886159
10507 612629
171268 850024
715856 109674
289268 288925
932106 361922
979792 479963
346382 33419
154006 52141
28415 788506
805283 613885
698856 981922
383903 72451
342777 755703
845351 415524
804256 526494
781176 246543
875962 979249
509433 72757
846078 53333
488422 608293
77896 941270
456581 534488
381702 171565
485986 166014
966290 153288
65575 697662
700339 246140
686546 661419
45407 738958
286631 709342
890701 904611
932778 127434
930316 712115
42261 603258
248609 451620
78703 74438
479209 304208
506045 722389
489738 262633
465100 968203
114193 465941
215810 878918
522204 87628
552763 799842
647543 641443
311846 403101
274614 707510
80302 693272
90507 166633
793908 513766
729732 274089
195177 325157
459568 16726
538472 505028
486261 558404
588424 306515
791452 620533
264306 342215
697499 99512
876328 256970
715693 748126
681124 38934
638476 714245
510801 220404
377895 285580
559768 373511
266826 339014
330267 697878
685691 186581
345492 412325
322087 611391
425981 355509
989512 869974
176226 797796
988312 860493
775170 971530
258046 415943
401475 756577
261706 813395
379602 741669
287525 238245
470684 508773
271181 705180
582356 618325
100561 635394
824250 433204
618398 173602
639591 816033
277050 49277
944932 694774
633378 236577
228672 908590
871057 147495
475337 633862
935588 334129
457337 508401
87075 855559
246276 207475
489621 589652
735181 553157
734266 228641
533730 847184
738608 705332
834068 857631
289454 623463
195850 979993
301460 336512
982644 911383
534903 133338
262427 216613
472526 428711
272303 862338
7354 300249
623323 234572
809866 223370
931448 89838
3880 124362
51950 24767
471928 866737
513660 341963
715216 956527
348670 563323
933488 973455
606879 526823
4209 720339
597594 271888
443019 268708
226294 317736
732520 966820
569908 257185
718152 713879
132922 923565
699468 964854
735282 985768
847656 257941
212560 128592
473182 332616
254456 24924
924290 409910
575887 978397
863371 520461
102922 405471
322760 92059
966226 486569
445894 104593
654029 595185
585226 934098
518986 616496
817287 202499
814291 605930
970129 62961
618507 187530
963788 46484
902646 912165
579890 742859
92858 92067
618336 244988
479876 128771
640731 579846
294041 373540
903134 807011
790276 879671
252062 132868
907262 424909
751706 265109
956028 629983
833950 758737
820832 353733
627175 551374
754623 325812
468423 470714
598735 278441
405038 456829
346637 687006
918183 495828
817486 539202
399393 804583
452641 447533
549484 770049
38079 148128
944611 581527
923924 590542
866986 145141
276036 510424
661573 378626
179795 361235
454535 789078
260645 225412
844807 693530
234287 603052
814285 713024
889473 570691
933596 842500
777372 310914
740778 426262
487382 902996
695581 198751
942465 506762
264368 858705
955413 318525
137953 974513
950037 970536
113647 481652
346752 296561
58727 364724
207255 40374
824276 679207
228844 908619
641707 449814
565395 150241
596516 784339
671303 482956
314221 86173
968254 319624
319603 293331
392677 720835
937114 592210
49020 311173
982495 565382
869471 201226
890635 106691
814457 935375
429687 72956
878882 578215
732419 934748
813909 496821
166276 664109
644067 173365
405645 205374
262669 143069
620365 501385
582557 918920
616744 795568
396159 456387
770932 76405
812311 635717
490836 887900
160698 914663
702043 638276
333994 509071
804087 218151
994070 269021
377213 993533
657733 3037
51754 115354
426083 30767
624770 987130
201431 695982
595673 514256
888227 766436
108253 113760
274012 333190
158857 581774
790829 882805
372862 445439
172537 204755
39654 993721
193818 700770
542222 306885
624159 132124
495299 733033
666600 222362
455111 688537
886678 384119
610048 715289
426058 907725
943778 620352
795406 243167
49528 757808
612363 165995
929257 778213
378857 995291
69243 622542
790967 680769
138923 642034
356933 884978
645410 643884
381608 988728
180327 429188
671430 588403
240917 578534
331507 212560
539145 175374
397872 964478
364532 402272
793968 60992
576165 267608
818277 461365
864812 358784
800508 992481
242789 971069
421499 374309
605302 232421
205205 121582
348018 381890
644247 895673
17335 956077
869398 310004
664535 472032
864405 854524
309477 21271
494135 699424
614300 55542
863471 395211
332996 311600
22941 499369
442192 702760
368809 3334
116943 974434
405011 121779
790945 59381
913712 574323
892742 690044
891223 407473
316847 264106
280072 901987
505212 795075
769924 492467
518067 939704
149581 633096
979442 602832
645537 556228
83043 293299
41190 361788
671194 861500
596413 97770
769361 972989
610579 693195
354879 480515
634984 996783
986098 658185
401202 895303
579671 76959
617373 297272
345640 873290
804155 753853
237318 833458
825705 917378
704368 606773
578972 174142
717172 706691
665267 474822
629306 61068
582335 794847
434930 446939
147506 743415
960076 240634
501297 162302
808064 405116
267348 923860
253246 238398
422042 784434
305400 121816
929334 561734
799655 190721
939681 642387
793572 29228
421484 869893
731751 496488
587449 962441
496652 809863
322301 221975
398110 421543
478871 787950
781947 921763
749443 492516
676175 368284
968382 722284
390615 425660
930743 532040
801819 620100
205949 862968
30987 336966
758055 326168
36697 665025
152376 81670
541215 330595
449853 532210
162007 970362
669097 385562
379256 763063
573236 278007
100516 662306
870785 546949
927326 324843
286700 813512
456640 106034
660285 776262
711781 803968
5310 597967
642504 508804
253892 457703
798977 940108
280940 354590
732017 663251
499465 197803
832336 426104
93701 872091
246881 453322
241197 847293
802230 359344
261445 147716
613769 478529
448438 842073
131199 94804
86878 662465
194324 282047
40122 163973
692245 995403
170701 815063
635323 300083
613517 816832
114595 97350
651660 61702
821924 49255
75428 525944
782694 263337
687306 964655
829514 465210
155733 948630
213415 665386
538758 405045
955812 863975
388735 430032
920711 732737
551390 212943
574333 156775
248269 487500
55779 778862
187389 514995
444743 491145
943996 649956
463431 966067
888443 101686
825299 827446
407630 258228
771326 122625
87549 628797
966552 116950
406673 177270
354588 509318
435961 609094
708059 979900
722806 932887
518855 283955
740753 15424
394110 352639
182733 529694
218727 280359
294214 362635
864826 890591
320060 18005
832508 868569
560090 797450
683301 793458
241306 176258
635147 217046
112617 611161
630093 60713
482278 925841
222862 104926
224466 727165
172324 618868
957401 712937
458023 433993
979456 240023
188345 207065
652140 797745
462295 197689
914714 243663
310312 56740
384640 114184
203559 735865
113495 331722
940432 895788
944321 811403
243460 470034
178042 388353
460491 883857
69836 405234
61396 48585
583756 54910
531190 186623
172196 650661
744341 292469
640647 264021
466271 201892
160762 728309
10578 943693
249341 947447
272473 175226
233863 895327
509760 49545
609574 537764
643104 283109
738627 772354
668042 649358
501365 945943
658556 860815
301838 988315
968821 280398
819987 541896
643267 170608
417020 25587
234140 802500
479468 542000
119856 733856
187419 739476
106347 712763
76106 195000
74607 751567
236083 212509
61198 67272
981986 29470
898831 434225
182132 985397
278641 363328
64685 841037
328392 588363
109514 58501
903031 283826
897878 120198
796440 887625
384049 952159
975374 757730
817624 418026
117018 45104
504475 659003
394873 816291
491592 695597
580853 620176
232594 692072
832410 150544
243176 889272
836090 139018
13536 662994
698397 434318
643224 210429
716662 13634
988724 745297
992159 503136
38085 22953
413111 250589
325516 112217
501354 944602
374481 981023
953731 145291
764526 639851
678483 94760
518551 654402
661132 643489
871773 437636
984088 884682
739583 844041
351408 447994
656746 470988
495844 782499
599319 42141
361525 677786
1518 633717
635663 809098
172955 807713
934670 320728
694867 812847
782036 57227
25524 501474
688209 556124
928757 737466
98437 582109
167739 478590
636102 238012
336526 800446
248080 67233
518846 707306
183037 199250
618401 69976
392806 560639
134842 27820
177472 905950
390228 60242
950940 597813
731746 649608
526345 132400
108237 832763
421498 594980
296586 601513
86256 26099
375829 692465
796796 887374
161974 831603
494850 487841
29086 621943
181927 712090
195753 641528
366820 883159
251424 585878
798370 852980
373178 891740
123340 134450
4753 928374
857272 556892
438242 214005
290149 430010
470774 784425
744708 213376
242519 296182
258293 35909
429322 221471
746364 774606
64602 37304
95785 197229
281851 110681
428526 714576
973083 665340
836752 811771
862712 668187
287543 715793
703683 287258
123273 999137
602041 303307
715230 543347
70227 184030
529866 224345
199087 629797
50033 151951
945461 955550
75512 513470
206717 408584
361421 474160
788620 244754
521244 255860
62494 860282
133200 706260
662800 326720
640836 324876
553212 814822
100866 906739
436249 617943
356090 246916
506279 16710
509609 60955
677648 137850
313061 214361
726745 755596
423641 52923
44183 370077
623558 652854
618372 723858
26798 645771
604557 89469
518850 1498
234351 629953
798554 373925
673086 307698
716707 220952
591202 596946
248327 955613
939449 764585
81697 19851
634461 443700
297633 820949
382878 773213
371275 422832
774345 860564
650359 638815
474274 376819
952455 951016
150 995157
121504 892809
909328 790653
632459 820756
635005 355819
334878 29770
847716 736122
563718 67631
90240 648998
34796 160602
345389 970447
993516 938915
48724 693412
354467 870121
207083 739964
270461 627363
497512 999487
456396 952091
905738 606446
855119 587747
988831 18049
158892 633014
884422 984057
427838 660447
31306 711161
240219 598185
908639 92391
44099 557927
1743 139258
9430 795684
227979 756447
318916 800311
851736 943598
611549 695157
560518 745478
940834 652379
697503 487419
525979 965258
552905 122263
708260 985933
32134 650580
176839 425361
174041 507600
218310 546697
84611 465210
978640 948149
537053 880111
854131 710769
890300 384078
726911 139377
593768 341250
486634 322023
269723 176174
218717 235493
894840 688535
627901 878438
672617 733486
8832 916102
934532 839195
817113 271138
597543 700372
735244 216955
173304 472863
580335 615570
753578 471130
795312 971133
281768 315161
945585 475695
384748 640274
761103 99476
681152 776997
636292 400229
980063 204217
469820 380174
250920 997358
619457 702500
384872 998075
734926 719999
883037 631321
823767 950869
524379 754326
739044 160313
385884 497672
344205 287962
645006 950943
891031 712569
49955 556904
913659 214645
728844 91843
660111 400611
628655 732881
422424 724933
617973 664272
645703 660103
255517 49577
670371 123408
455096 977132
460554 642817
545949 820392
229992 660731
686432 969637
425938 876999
357644 322243
213078 382261
146788 804742
880356 705326
811962 27527
157328 506732
475110 486002
54862 547454
699232 963271
542155 562504
965938 79752
466556 854620
694985 864618
463280 350598
364740 602619
96759 432905
433239 687542
26623 188693
231277 593238
455639 20579
211965 356838
497196 355034
651324 620415
351249 116512
447870 357299
156203 300277
211711 664722
154871 949161
337124 212068
947621 962484
275636 131703
911912 674869
879359 943428
957923 209033
14811 795410
554816 280713
593290 974563
519225 592242
501342 252235
568324 606355
985798 712048
461764 142348
888224 88782
934332 248260
165733 752610
520916 727831
244299 869864
751541 131865
238749 48336
515074 416779
879137 402806
677585 596393
405736 58738
972739 540777
985909 514399
491674 926667
689572 852342
441876 350621
595900 394295
470771 678221
686007 58768
731831 118206
406093 369232
33189 94346
261696 493849
947958 608716
214675 320180
5803 916108
228654 768678
378817 907586
482693 708590
876322 784131
526969 724998
871418 522469
590677 708151
627926 474936
672433 895880
425091 571478
727606 721801
503993 785316
279973 343394
369366 220977
16696 415773
192763 569116
299957 345306
278333 118674
273216 722035
949666 207117
70052 894354
630952 625232
316564 638726
56833 748415
66962 43155
107044 662326
789606 71515
833570 844409
140040 568376
199143 213201
603569 52948
22869 871946
47614 657578
868660 17464
107723 117477
217516 965908
792045 853281
885566 284182
43430 515984
28310 273334
541200 240657
803803 232155
822116 836334
78759 841378
9115 123393
713702 92109
614243 69178
959668 817924
514108 867304
290398 710916
620453 208042
242459 802845
510166 277651
810077 110978
21060 507139
982888 770441
231203 327244
743036 137866
202586 286961
589540 961522
60263 491171
292405 525673
404997 459471
81871 658721
482671 251263
184797 783765
135381 469928
267123 180841
712946 232647
509603 338606
682071 304114
252685 145006
71441 112825
824717 736054
933354 975075
296360 463694
369851 114242
270633 590730
921495 197544
78284 268159
858236 506529
926646 484406
356072 416899
470591 413859
323422 17393
803400 980783
654978 142865
8148 57184
149046 54652
124815 417405
350125 764750
719833 953591
493731 747282
307108 673178
877842 275258
302630 105232
737781 369596
644421 878352
822658 359976
640402 564125
191504 190706
518966 506019
989845 1816
740914 533120
819984 144148
466999 353510
122011 635333
942109 388951
152789 528353
589989 131996
141209 888137
403981 378687
744952 302969
458049 358640
866164 615605
336004 626653
182354 533462
877696 551721
272739 551726
544558 281042
166221 708611
328303 783946
599639 188222
350041 488605
877077 182549
349133 22037
31608 918376
951887 874131
278102 752964
156504 976819
77352 428159
941127 69190
504307 166567
866288 458230
989030 472814
77648 798928
729235 825047
144097 125425
586744 254021
475954 496411
169429 811127
734605 986192
796824 101964
176112 475263
827261 910828
54095 591188
725255 813324
671669 33733
810344 435333
218536 264449
425437 391572
692278 254025
757384 840465
142475 50131
656221 915227
83104 185631
766619 31781
822562 192188
33521 623806
3132 632909
906879 274146
65873 101368
947509 17998
938128 46008
612324 61413
229274 345189
976849 54571
973955 71981
923532 700870
684886 258301
697533 344775
659339 452078
250265 709898
91537 329115
207691 455175
752370 493502
300642 600648
15037 78032
546254 178363
278008 814371
328306 34413
897950 542256
929911 196147
309485 665314
501552 739224
421874 326859
528347 191244
67555 386752
655120 236875
996162 710618
31587 725742
767351 549384
209212 213026
25681 983555
930746 572000
786855 730928
308340 95301
751299 319453
959742 796299
634453 458149
116005 770373
871324 982114
369674 449121
395618 598207
952842 55640
725936 288110
815958 667397
896416 279096
105706 626240
637907 600171
951152 403017
489705 698488
526731 203083
546648 604293
452375 591842
773223 397383
718614 308386
505940 563381
641774 294260
858329 429669
778820 861382
691923 294483
939054 832559
708499 144268
441588 150293
981368 208198
89244 64397
820780 472326
981039 517705
692956 229551
651954 536624
831398 47791
861505 460697
763241 105759
336493 586199
86316 389559
850366 494016
675991 313675
3620 59618
670631 497246
40660 347924
190309 579797
847814 681288
367325 632519
749670 312077
669507 644911
658230 181864
114943 562281
90224 781572
6468 783992
322744 999293
562693 613669
438417 760957
133319 948913
697780 682888
579381 550079
71542 637257
518149 590164
142443 533906
755699 265111
971561 484678
827241 879087
248043 224229
262507 222413
327871 33586
40458 567204
953019 796249
588468 60586
102921 881471
364501 62450
858002 454952
886347 205084
619798 134607
821222 877797
357953 982119
390660 210070
339317 509914
459876 296688
177383 94590
716697 555703
667797 931235
132131 437125
678011 124154
649986 649803
842266 112448
817047 912813
389342 210367
374424 454229
557793 546041
495566 171755
584300 850091
822127 304458
277537 1180
408826 176404
779251 293930
560405 581121
133519 765511
575757 747488
102968 791940
735900 132768
34906 400897
207139 109613
476849 747736
837828 514592
542145 996913
461698 991959
967214 588710
99608 859496
147791 771835
961312 531063
990532 344661
42775 60591
16899 360404
930531 90443
778696 584534
609177 493888
453079 666090
916635 849142
694514 257115
139946 762678
282882 7493
810174 520736
658373 702110
693052 120181
623641 540819
80934 722331
213958 689628
90667 935936
620936 731234
967989 332012
218249 214323
869505 50092
25595 205482
354483 179036
647473 271403
559715 784068
14647 448761
128595 14016
69291 12636
179353 949321
101732 599191
217967 476196
666611 639668
253081 291491
619096 131675
681812 591012
149411 795434
845534 713797
696394 614226
954640 848740
163763 66905
385360 850170
262800 294145
75199 598405
438693 717474
278283 542720
824229 559085
371981 803657
218605 26611
629398 640726
330626 280411
630496 76731
929410 293994
725573 441374
278738 451553
125532 301215
261048 518088
255719 56314
290655 720097
7504 762445
390928 759668
487000 332370
273711 503371
535280 672871
155387 846913
52817 40049
235642 539921
213411 574258
482002 609089
137806 577571
670109 230508
323899 113068
532449 302761
955427 738036
808304 474104
697846 871833
865353 574482
533942 535450
750259 146873
474957 832277
199907 634129
49436 218330
4147 989824
232997 637244
672779 303797
428811 253384
399345 490654
59561 792138
729568 709897
868865 921345
395818 551625
268065 711207
719726 601873
910082 993547
720133 489945
161926 495128
445235 303190
331315 844424
324047 485513
560205 56253
219429 399052
500729 31121
739456 278524
245433 552456
842033 982839
66314 162410
936863 122789
932147 624176
843906 379149
164760 881568
750359 60356
922721 154448
418109 240337
260378 344617
930416 402829
624551 166059
433362 302946
314285 433930
37553 914820
56141 141871
845938 786625
422475 566487
977264 577119
984325 311054
567714 762067
935423 457121
493830 602331
700810 142532
188148 542847
369271 395901
82749 306719
987974 310374
126015 593695
647326 803345
913489 645074
136300 261764
146489 421161
780492 22664
340062 580396
280708 416810
102344 443856
726068 388842
752708 812785
849674 708578
859351 704010
222742 126642
814253 770966
645272 526458
910104 369120
784627 360243
329634 598800
963768 95103
376744 163992
599401 96888
900712 810090
582227 556376
469644 375196
763621 824913
921001 355633
445754 736103
755096 765259
94578 268021
980089 796693
2976 740802
453084 663946
469126 239089
235902 378555
272223 28989
255383 806683
122856 598146
417404 329623
159718 456565
55746 923173
647806 603738
609230 417219
257083 132361
783904 389300
525448 289127
754130 326633
916302 208713
783582 630973
885734 349878
792315 405650
180684 158625
520113 767545
905458 26168
669084 18843
555738 217309
929025 410175
692429 586017
914522 220283
819651 947779
26919 135470
602144 509331
136028 465367
10758 779368
238427 201936
605 131631
548208 716789
479440 132736
680848 499413
687946 427520
406642 936159
554110 12985
766891 160942
406419 533724
238379 456802
783446 301793
783568 392427
165669 31555
707019 340077
983207 657648
772687 769488
506893 998895
731368 788422
814239 396454
832125 276671
102239 262302
737922 923919
268082 556884
825635 104225
765062 80555
148060 783154
366554 620256
230004 461376
393321 239967
303113 431626
624620 614131
379574 876707
774104 14318
782168 371714
825775 427486
894912 870544
568755 914522
789255 331947
665047 488893
593435 462042
1801 941436
748594 216430
710935 807068
211270 977801
916568 595497
198613 513427
380433 446638
420093 901462
774075 580127
541405 594594
442729 724101
257410 585229
467812 788336
332352 318512
666704 439197
987532 578228
120467 887942
752995 200317
750839 831207
739120 864655
207573 471449
739926 404331
164404 630362
571782 51813
786111 27921
170311 289198
825763 192565
666446 780064
377588 408131
691567 417168
116002 817716
813741 640685
963342 33085
889419 608724
369606 424037
5628 842435
884286 153680
722641 522215
890494 131177
711518 944132
548701 172467
358281 210714
193014 919174
159455 846115
128766 282286
414513 187124
558142 749590
609999 54360
619334 639434
952441 540249
88590 806599
898529 15379
53490 139029
945248 350812
982860 316625
30901 369715
481840 599683
479121 447022
450666 805276
105211 171756
500949 267467
469142 762436
547582 491116
123152 862761
234954 400020
663428 859740
728921 401992
642594 432487
596144 83026
993871 454667
672090 477282
825621 335263
414016 52942
195760 285398
39700 686390
450080 281695
979525 124942
682218 854249
377334 947497
635796 348058
976111 222371
355957 788316
983273 737191
570581 54660
540894 415323
258293 912798
466660 40019
813416 272302
238950 905818
844082 153415
796454 777397
914855 59311
680762 18973
48742 639097
34100 78671
210886 344519
336272 963173
474325 892145
262669 665595
836719 559145
156008 325187
430791 682543
470571 708970
966026 267131
943977 218203
790922 350163
753761 233575
244766 724375
913939 403898
230875 795697
131433 942317
789791 940407
798093 857827
468228 313035
92416 329932
670242 434226
592358 834359
155326 297089
360780 231112
74965 934335
772637 581718
956291 780009
392548 213025
756563 279843
459365 263574
767205 902782
121929 849177
615700 740743
909133 154553
91523 978149
393907 584924
109071 309371
602212 36289
136838 202418
418063 679346
872841 364466
544197 421474
799910 166111
556212 488580
131674 46016
454966 502656
230479 920374
338993 660836
221132 251908
515725 520303
671632 260575
817940 315060
910088 865801
678902 905734
612135 915556
965076 548420
520546 315014
771912 732655
312877 269154
250061 832161
615703 89921
859285 101941
208494 783710
206801 915565
304300 515107
183271 956619
91889 173886
61257 856445
73875 886991
255309 624567
483811 55703
921420 460492
254757 122887
664735 243485
886514 994896
354043 293990
374421 77903
934361 898277
108314 138487
723611 831094
794700 647140
819382 917786
914947 21927
845702 342699
473122 812538
564950 731781
87824 501409
218438 324695
949886 968237
223490 639517
512160 690921
442731 648813
907597 87637
344614 143444
137692 135529
736666 420231
291944 19089
873526 868694
139116 256658
222346 917608
322716 805178
334067 671132
934010 540397
770430 619493
380292 700659
493556 928491
217287 616408
537817 901854
441832 240917
361084 854576
335094 331513
312455 139668
673013 529126
12558 379295
812809 407589
523912 418916
422752 516911
784545 57380
330475 683523
874010 826012
869368 792762
874858 484706
129404 96566
328815 507869
347868 621968
70 990034
757595 88432
449403 394269
262877 853180
432250 473401
555580 879141
287892 465445
338838 340799
280298 115887
336414 688027
427081 925640
269417 486536
6754 663534
6783 603741
51353 18406
389203 749689
710916 700636
668170 969534
362053 765637
424848 677732
97958 304269
507872 359056
674964 658166
917808 299180
931997 944030
927956 67800
411168 806989
578264 677449
507616 168937
640794 484640
176667 358411
321937 361003
411725 292546
715712 802386
324191 856651
909238 654392
622262 156800
880075 334758
205086 530478
975171 347980
271569 279331
99819 681130
923273 296716
787193 77576
714683 672898
430459 484807
470424 541793
774379 302802
608436 526619
904827 482730
958952 892837
178931 6796
354949 643473
411382 318092
467603 57276
335878 523804
101262 340166
52020 611810
88727 803812
286685 411732
727533 334077
663826 400645
540300 723602
225580 849078
85879 536937
304120 59589
189224 529592
511179 403300
486489 648030
536439 522734
353126 254322
586002 936327
660163 238320
341308 219320
470002 76565
991220 913966
821702 272779
403670 162848
220540 459906
211451 202457
54508 449048
908506 98410
174319 470636
215996 671402
551406 898674
552729 685903
576860 780040
465903 866387
572356 922123
506025 43471
642772 987109
698902 538541
633868 638909
466579 483301
722058 211222
705946 198211
185917 521156
218510 309136
588394 626836
243202 834571
328332 591081
912250 490831
895186 660375
514909 63421
235683 914418
867575 133661
418979 402680
230657 282300
948391 61346
411799 389160
506086 735850
918797 578348
949846 161438
461068 624247
213849 189929
836296 11636
738531 818998
416098 806514
874668 581566
25258 256652
762592 287536
807027 915102
96773 58104
699736 457222
294920 259543
549551 388925
527576 173839
495721 545858
959815 113084
444697 335565
206483 261221
368115 605473
829083 377334
98473 127183
424317 129084
366711 587431
911279 370603
716351 490648
853866 893807
297185 772312
160393 384564
885692 906756
402913 756340
346045 261682
46243 837003
456891 116832
36617 953433
863842 652207
840883 128568
214524 196748
84494 944652
178846 502713
291384 560723
744375 750987
99392 330966
869109 462295
885900 923514
153830 344349
865912 693884
695446 817156
967545 769546
684993 600598
547308 954273
896897 335668
977877 520398
686563 902263
61013 246273
235790 568911
440451 482130
675560 906797
64675 330012
930247 52682
438610 610435
563677 398072
41454 705621
282362 898927
928958 177182
318415 918810
389711 312492
139790 815735
930751 210174
129819 994536
13957 233349
289766 612542
209486 479207
168135 714772
800919 387823
918012 883479
755616 584312
365241 383285
493122 744102
111088 419597
842618 882355
599028 468912
977456 789407
415403 602176
604812 653182
329490 422513
375980 463105
580377 501035
899206 451125
160547 51578
422488 265023
481584 870758
727929 36595
163789 303748
478816 448370
429482 850613
711819 571334
240924 489694
809797 764607
632646 370200
136410 160228
982636 499769
65011 414865
708915 396504
6363 689064
286968 986918
982249 865583
52408 104831
378738 671331
986789 179377
290410 872420
699719 346702
165167 235653
518663 265447
542725 228943
683985 246695
100880 218025
781372 603941
401615 561237
700511 916246
311042 152275
679225 223099
298015 687261
631655 754643
178836 498881
376249 888225
721684 709255
108313 800824
163332 214020
381764 426677
937960 202904
876185 39406
187298 525311
485194 927610
9781 667700
696176 805590
40601 724790
47263 325399
798024 305495
569753 473883
623317 986626
416790 653461
444706 893956
848374 362476
937454 891665
546154 559765
404844 468110
486157 206820
489780 137637
170017 76101
201786 902870
926673 728635
190903 553641
747867 263261
666657 48236
710493 785679
387410 195118
450482 519008
33873 280616
167252 836582
145113 909793
513463 141156
585012 787633
528669 317550
579677 236655
315672 113218
56570 98316
492679 768008
659951 374355
676057 129052
785459 140103
353307 669333
586744 349037
998012 509276
752343 447518
259593 158242
142917 424166
619145 897634
839042 217547
790377 70839
309601 862095
552026 385165
198560 652145
365250 18518
621755 259012
131550 878570
343945 957645
656550 719317
768667 798043
186857 13536
137220 448170
806434 293807
394433 728358
527651 726355
516403 922662
769062 717484
189170 806820
311995 565066
292262 812647
936666 247210
991839 803270
755600 15019
945386 36356
138849 961292
657294 898674
586643 670111
536138 857423
359145 972188
201384 408551
687604 804531
616556 509993
331754 110454
633135 636539
494421 757683
41227 121414
525389 947616
323363 165348
916237 126542
865909 571670
379259 634767
739742 315861
790938 874134
981373 280918
196967 815868
579206 924568
59710 659988
603565 899271
505878 645405
775498 370806
906350 809576
45888 7161
575776 173922
903287 42293
528412 592563
898283 28638
651958 67617
557809 697161
558137 469611
706521 146160
643042 605359
368637 13049
931559 833428
126498 834587
685494 922548
747264 495995
739746 573121
736050 49215
438186 22126
92031 786497
740316 746076
445671 278843
928846 999736
950610 869361
66908 146715
277627 576859
992768 167056
234586 469249
749963 328119
207041 814049
225223 186615
894154 584142
563064 433194
966358 569720
474608 335560
709147 820325
842098 270021
88697 207657
655596 698971
458852 372045
872362 118062
265614 783947
813244 534868
801099 405193
440677 985450
177802 735684
216638 926115
688142 868973
342228 750128
181634 263042
239005 653880
27716 494394
977896 523247
801542 961990
430831 138050
593154 641865
623651 429660
359913 105981
727263 478849
982619 332112
286726 618296
898206 837582
650962 586922
106953 7207
873318 884496
389535 510578
163402 794390
110795 880852
752355 763746
19180 852072
896096 30056
121354 285310
195276 338271
990624 354670
787334 512036
925908 223749
276454 620128
460042 525745
667189 344100
845030 850920
303897 54675
625243 429648
525084 655349
829942 236415
172320 798902
655860 654350
928453 797695
710872 523334
344111 785039
685266 372675
767242 984888
803561 138297
683558 866542
587817 794948
886892 758495
1654 763798
116236 380004
130458 988321
411671 10223
738106 842062
984701 379299
437871 372381
717936 135062
429851 215957
725916 152963
918160 243609
172022 439571
349962 713867
515543 949864
679613 930052
271549 710762
508255 613048
632521 987025
781275 953957
235310 202117
774851 245990
560539 679482
681889 939987
289097 503001
663163 935801
191501 629844
576336 89787
701986 826257
68213 979515
379687 151413
836821 624981
379360 747969
723193 787864
981775 301228
870294 653500
551182 612234
734173 923990
187292 9044
122522 541318
441156 769036
398294 341403
877410 687782
597932 809568
719953 722315
357993 444839
436434 444938
982265 873524
615059 685603
793067 176015
735582 527441
904394 887691
692857 166920
127458 377112
841098 301531
689852 957717
870349 714205
553827 735255
112859 342266
861626 225753
800887 784972
581473 264462
739891 375544
787833 766011
578895 913917
460030 661874
8629 809981
689162 987443
217154 709646
198628 984606
277565 540144
785049 959490
95723 84256
139313 546662
814651 308676
998282 176366
924082 943096
990492 816237
958759 84663
475994 226952
997032 953591
557904 466277
39108 515271
824898 380600
110498 406057
958407 671420
297899 17201
598732 204797
831320 144150
296872 818014
503265 852272
866648 157405
131918 482666
145129 247927
498156 168398
710751 686985
603792 847855
944989 670177
941409 32980
417445 123063
602115 157894
381477 152242
138303 432701
862649 822154
795856 288663
452684 115398
217679 59365
342472 44316
227322 485660
748534 41201
685379 870827
186869 155419
775138 94269
648772 522139
321348 487974
59999 114278
524840 737530
226350 484768
523907 495517
209945 322997
407135 804337
728942 474710
839190 247484
784741 963275
582912 798009
731764 408686
15757 744349
161582 263734
648751 3507
999614 722386
619065 743960
11166 948466
589785 940346
744001 865261
800097 785277
77034 664320
93704 127970
389601 948909
495356 119759
107772 176874
510608 675002
860485 682788
811555 205159
943726 229858
131612 409893
663789 946095
425528 334133
380802 357554
978493 495247
287796 76689
977971 834236
853158 439365
98727 855731
201430 365439
19072 455859
612142 106799
777394 40580
866721 905988
377168 219314
413982 745900
383463 719852
691367 189340
528044 887362
271902 267087
244919 108739
608814 740274
903269 526689
85512 198534
352753 811559
473380 963
702176 734893
380924 560338
211131 985884
615626 174045
78326 988886
462389 102328
394695 316505
254464 943554
24464 99855
370914 515371
673354 765205
524813 550885
619608 680129
204673 617105
918501 42571
377081 870025
152569 570966
574279 228275
88930 468891
699550 668079
239104 278270
657670 69201
961200 493685
577493 939950
933435 860092
275112 551175
971112 907399
749390 379423
620296 543996
706808 271774
702844 243145
386336 133762
450197 814515
815165 602895
483857 969663
266707 173796
392956 956507
431920 393427
855377 20093
268479 798505
138028 474087
607031 96643
966086 731249
664154 447952
540976 718009
404724 452717
633367 619641
316337 276664
216696 621692
877191 44835
994530 676814
378172 14036
270235 404542
603850 387438
351354 289229
737712 251540
783876 375703
151198 968434
734015 406251
942754 910681
364392 666834
186813 904332
573818 849944
55936 49759
108862 487167
517132 217269
865720 134446
850222 583572
938522 537142
669872 638451
186969 342635
487848 890729
623146 912406
64153 651327
648060 724935
329107 270980
742845 722864
415156 456666
238617 834184
109071 385536
597518 133093
279731 583070
109883 43781
345249 813995
759811 328549
575066 808977
200640 974312
98728 857882
951124 137786
378428 873338
966431 680463
15956 675818
433035 762682
763411 489493
169765 912530
773476 660515
108385 697515
294830 60149
10843 753535
858778 516889
702140 369213
391376 688119
445657 576262
140184 513681
204497 417223
94453 521916
865201 893959
643913 50029
362151 439194
377330 978533
774378 265343
11300 283712
210114 449198
564752 374953
355416 213560
956244 486312
328612 153185
579322 944172
712841 513858
4044 7069
832734 899734
667229 82354
750885 720497
14051 354854
178402 538354
901512 560713
678764 806566
56456 10867
292099 475946
251606 595682
788630 644483
413016 599535
178199 33818
228925 166580
208660 546431
845108 411783
75603 168589
639358 111956
805456 807991
765258 18740
125945 588209
913708 149484
620536 726134
814318 954242
904495 573383
465659 594028
327758 517977
957313 475541
315748 307349
756902 428919
77877 292191
551659 34407
271834 595596
244964 537255
877157 464653
528214 838121
507318 992195
60295 994134
814253 292992
190212 159078
98376 189080
510693 52956
355747 804095
416010 600461
206870 677280
412351 721190
643398 931106
283760 816981
823079 393919
720811 350657
756715 794150
547823 254161
925574 106443
194641 940736
294359 925155
239009 976667
707401 2471
409615 312122
470467 830041
450252 583729
792100 445495
801533 226422
391597 244724
647608 138185
396533 190637
391073 120695
549881 186692
479930 882572
5651 283655
409680 211474
267215 198293
776222 743492
533944 175968
178436 786542
350651 792516
10821 797582
590306 589015
747769 9501
330219 548864
654108 290740
829460 289988
916009 174683
89758 414629
851188 711086
617034 823468
692293 405472
189538 843245
524604 357007
565043 853613
313337 132145
654019 933361
32069 697516
101807 713559
250914 527944
284628 624854
274183 580808
382192 679781
418563 758472
214554 926621
117620 869033
680841 817934
384722 51816
692769 885472
411656 952522
242000 850507
127252 657417
717642 540277
975235 89740
782857 609282
802571 352356
459089 750524
482166 483229
496174 510
747274 111727
669711 417264
594455 828451
967618 308569
351586 78604
418435 131596
355683 141571
597526 529374
499926 590613
254510 863957
861993 538632
337734 117688
415019 28425
846404 155099
413355 648453
222485 59377
527699 942967
120876 495985
309851 886075
395655 500919
883797 82838
312306 990465
878978 397999
97343 724043
262722 199025
544065 520288
64310 450339
933965 820837
572287 174117
872558 279609
203547 549514
111145 594599
927303 974090
325770 463179
309512 606768
347156 764879
513191 855377
786186 954505
366540 35060
283560 625731
184926 935765
56210 644509
414598 912498
227085 964719
977902 153381
696671 277208
22391 928844
732839 118423
39326 661543
963343 559479
537387 999895
22515 867432
675247 445660
80934 717959
592739 275935
828250 165826
673002 10631
476176 705716
440379 101022
629466 484168
278894 54417
244662 834485
286040 423259
448883 793166
140559 40522
512028 975218
277300 653367
749357 716744
366461 560880
525213 517929
79731 958708
308636 851276
647101 633316
350307 503215
134856 632367
838435 599149
423823 722843
602639 903160
347399 303908
165458 245052
442604 910398
569632 521366
83992 534956
957365 320016
855682 85396
611582 446086
992777 482557
898241 377080
303951 35940
295542 323596
915070 431466
200843 426136
319506 758745
110782 783348
573900 120517
813294 790820
509220 809704
780365 758975
939637 811381
55848 94986
21694 820269
114661 388754
778407 191076
949864 557856
982968 207446
910627 590209
455915 74236
809161 173712
979721 916970
885845 39809
212153 638041
940382 287274
526704 290171
721205 273943
405666 497489
13642 670376
350352 88079
342280 664272
649128 513998
684646 232241
285922 818473
420972 395533
333173 739066
395048 64663
630379 625395
477619 278396
892644 631281
798341 548666
406005 554974
480344 631610
250909 198864
662262 688164
350700 860927
822239 485422
438750 288466
762765 597987
8810 358117
481014 410631
38313 558170
667578 367617
161046 339237
664157 673395
612534 65516
487475 465547
934913 375110
4306 352242
668096 807800
85360 631962
908396 854420
182786 234628
778476 884600
390451 401668
668334 876411
541779 922216
885987 557404
369154 998454
729264 526382
675253 493290
841911 765399
108121 277694
24731 817629
458456 499293
622359 573501
681044 196695
645403 751575
430070 352742
10494 490101
249707 716621
496498 870063
771530 857630
643020 193978
301640 730698
43315 527396
996426 420545
6813 397694
380314 382432
401172 339005
237265 140162
869517 410872
62829 622398
353032 11153
173442 238767
16474 395376
862230 945029
568120 759731
72562 421432
109349 840879
924427 453122
680428 991187
764069 715308
186110 983981
102436 823291
749067 644292
309033 372356
344884 492156
827325 657730
133904 911332
847126 203397
920186 112356
323745 841004
204966 147460
406370 117216
761844 358289
346971 106494
378296 85165
935477 201408
669010 902254
134913 7862
891594 588711
561329 633408
898175 197472
354991 523712
107980 708538
822787 369660
431773 857771
119908 236323
365375 565254
355515 107488
566300 13426
728722 343394
460010 605463
615868 736270
59044 629817
751404 715939
457886 783837
582286 10130
690461 680345
398638 852526
851525 627803
819852 916110
282743 21041
896439 622906
419333 309607
571235 228080
718173 623213
287268 988068
123692 697368
750514 479104
999043 400176
134521 170632
885415 43781
38102 719902
235031 396526
425 742941
212455 358038
283138 976020
658073 160530
575827 266433
475463 659099
98989 537270
191541 810441
238417 806402
910030 793585
771869 107541
327194 542504
396357 526043
6992 115457
68954 999226
620213 676683
849780 349782
750386 607537
566801 777635
288042 100092
726170 977204
708767 293327
715527 736519
668249 183243
201422 765594
132905 872076
720189 682771
127368 90499
255446 496098
399574 533684
194779 535636
549509 970650
61258 639345
751503 621452
612352 542970
713783 687883
258330 79729
989174 137620
474422 753406
173198 844421
396560 169700
867021 202470
189121 586433
182715 950687
487781 247183
546940 179943
345673 403928
490217 208833
780540 231563
382636 393900
450995 765307
997954 958909
570228 906587
239873 915681
295809 243987
384907 7064
817421 683725
356150 358919
580164 721868
255317 574487
482958 102290
635489 255053
165627 324984
157007 713217
230634 414340
159650 535157
517037 891943
96066 312822
694667 273500
478766 704753
772892 299478
955816 439343
540065 910777
456015 278409
30328 949811
750963 253858
439727 17676
559781 581311
125179 323969
804641 344693
656587 992902
416800 6244
369122 669336
690377 898007
415700 552228
312719 185191
855686 645161
270033 64541
380379 665866
718268 905341
794853 203955
133984 881824
855029 821359
352984 201169
229499 392784
585158 331829
867034 474850
498370 919820
68595 490610
979669 679846
919500 644356
524072 382446
95093 282091
527996 952373
347002 303230
237502 233770
765875 629155
467698 619257
749259 406024
717866 664187
612058 793368
155686 230494
152681 722711
707542 987052
90031 664180
854768 167588
466600 219830
616633 380994
16380 966994
639036 162150
199241 466014
689036 567756
515854 212326
836342 807981
846074 608112
370217 235615
537812 925867
538087 63375
389321 142021
315400 52925
147966 435902
854459 549016
500086 61336
409861 8673
770010 356312
186183 609360
445511 602485
752853 967000
212710 932889
542278 69630
352868 429327
363590 538465
847626 675172
204663 291917
763275 10638
16286 614100
919712 675577
665025 728114
904894 33738
116024 89706
933761 562443
430000 682321
475198 637896
832113 548766
536761 626941
304623 618040
30567 147202
196793 703042
740758 412602
777133 875598
32505 914842
667068 926371
557905 5880
490246 407170
597177 774580
812603 546879
678366 544713
931272 529097
807455 735377
10890 170520
705398 649892
735380 929363
968007 419836
690965 895744
169328 618512
238328 363614
203481 884489
904761 139238
812681 688622
325464 141343
633582 53752
202079 429623
740625 966087
953598 736885
726396 982398
305476 619846
206239 330640
57263 396169
723168 175263
301313 851404
404801 533101
43922 843112
313266 433456
376288 192353
139170 88248
841332 986930
969231 486805
251626 710000
744519 100079
463304 341342
262913 88983
664561 421619
581004 604571
879676 570004
823087 655004
795226 35942
335475 5465
463753 947663
548692 225445
722095 122324
206589 269373
451019 835734
684841 779914
795706 531759
446854 506103
87543 344866
718245 275983
759991 573206
583088 242082
457769 858045
952490 864989
76940 946018
528056 984016
140737 873249
17304 318715
935886 875425
56349 480432
932856 777140
491373 264781
65839 999337
239922 922043
802053 410029
680773 808807
160361 941756
618017 724813
43476 128970
979505 35971
804474 422256
802646 280887
249117 814877
306427 759921
927132 299462
79553 745417
560067 31179
304386 763034
888088 824359
135790 47305
357291 961092
56345 902493
755442 43122
488333 617862
988727 191885
154078 824951
249949 360330
861065 973349
545608 260209
631540 501075
634389 659482
868064 392464
518760 132027
841797 289673
585996 265566
529049 570638
588574 404157
56897 664104
941720 627759
926390 657664
661212 499260
3055 434463
162670 83414
706643 488158
2635 564878
195002 77732
571752 38786
721459 1367
79080 373922
179552 178423
793891 702680
99467 531513
242163 956226
713525 364616
615368 21428
459956 881474
889825 245759
529894 277445
221976 943032
261224 252674
418752 584243
341024 365595
261347 445794
944795 857781
650461 652656
133968 984409
367802 339740
337152 538631
475921 82295
955123 654055
756633 114325
11994 183124
257402 10501
231558 470729
785990 713098
303518 75847
372226 723720
995051 842960
969286 34551
286808 528510
438248 135453
390966 133938
200293 47267
429382 985200
818757 177380
815581 365519
506364 559672
789528 717818
918106 627575
495319 311293
267926 586041
350450 660301
557686 220024
146459 225045
319027 637346
813156 263695
163335 817049
422277 348373
700397 816659
835487 853691
431003 803461
745039 701952
532924 730500
339837 52256
674902 35252
929801 726994
762769 792021
2251 785762
175487 359342
597257 992011
84922 722176
410451 568816
846357 163323
994482 491138
483569 530286
802386 565541
972989 916956
872692 786806
772189 260888
814405 70071
947844 843070
866449 430624
630136 403527
780599 242527
234964 325293
893548 73872
64034 651294
831781 894478
634390 778071
176299 347010
336081 59236
636063 913586
953550 612041
610108 884522
571635 677917
317779 209583
159950 740641
271754 876468
698200 756037
729374 615648
470112 690481
932607 379119
775364 858467
285540 108009
439862 812842
842534 680127
544180 74830
486496 240405
317075 452266
59906 368908
680936 837414
984004 600293
809450 670753
67155 801542
57006 952889
150915 176068
278256 148639
601710 706006
428183 653943
384867 994400
638831 23008
97947 482552
402706 531319
938354 495169
224019 503679
122212 585853
378018 86321
418935 181003
481679 266430
949285 647979
734888 483496
857961 491955
701699 179148
956243 351536
459222 311853
605482 19079
872265 979643
719891 701703
798214 41056
863158 524968
85801 11289
956696 640233
694700 306729
598387 335443
88254 109930
501893 615621
724602 855757
15728 996745
670859 611719
911759 162606
326051 702476
779564 635828
47642 516628
898964 674698
736771 586952
701807 714575
850799 227322
785364 523910
473875 18423
471451 618816
674508 942086
203560 649266
496998 441319
622444 239751
743647 926721
741860 465779
442435 948028
33822 744315
400112 995740
95361 8012
728858 874691
789410 245803
41261 456998
841494 208467
199951 612916
820178 557129
504255 341173
281338 870024
704380 451616
374405 900489
26321 108607
430740 129015
435439 737129
380589 89005
187862 427274
473790 149286
717959 145754
622602 416159
633996 873313
719061 509950
848155 1922
960927 944877
894447 610198
445399 915005
116419 133382
486082 380748
540527 661902
44002 893464
929905 761417
906166 123446
108595 680289
423355 303528
909622 357343
646471 778386
711677 517234
633450 961587
171392 703557
389150 871003
607719 733453
894743 328564
743563 656395
959061 485428
25186 250112
563459 659105
571328 54580
273176 718615
168575 282573
238215 628161
953696 553798
31526 891994
612839 61774
818950 575001
299973 80107
154259 426299
165024 701928
894202 55459
118415 156681
900247 60809
408039 408595
322259 766768
309237 631427
494960 300803
532915 91572
81421 956857
700253 114651
56623 975878
492177 375269
430574 171297
37223 600346
947390 649716
6259 153537
480053 250714
177505 921775
421835 184575
291213 409745
301858 450907
926202 38378
381357 985373
122712 344123
634701 714181
39433 517029
692460 714562
106264 6617
391641 553651
264888 57738
401093 369540
875357 418272
309624 895510
221334 6334
907546 295684
375625 167874
131440 273044
972246 52809
381620 262205
773755 76705
457567 120576
69126 552894
653462 501693
509280 324193
805440 18854
178763 432783
535708 47055
91638 666086
883091 536828
747014 397151
824532 95843
317422 804073
577442 657854
413053 776980
233281 385585
341825 825608
463152 186270
288072 181664
647389 633098
904508 409416
415014 279132
333442 107549
559237 408991
444844 158663
197835 961501
531940 159675
747573 996505
856253 280707
580521 481471
899274 750349
63737 414424
300276 380741
432392 8546
315612 420335
590940 426795
542423 895776
224036 384664
591916 558765
568355 273029
886773 934785
271260 33203
566445 106632
493421 290120
969525 384542
999138 322662
796588 654113
701450 350692
330751 863632
890901 137758
909279 939692
297972 10382
477840 2934
578086 732749
4531 832936
635132 195923
566316 608159
166235 489928
138355 620078
440028 638612
612490 548423
671125 314987
274248 565662
27611 140659
645911 582022
820751 79
46728 125041
583766 119397
371912 869637
489491 867290
473366 805168
664623 462883
746317 84835
687654 414576
386126 7579
909873 96625
594838 951119
729200 303723
526424 791970
13593 401242
174934 228632
953063 308293
775810 513308
676586 128680
817179 508653
109631 78132
859329 216194
884551 596127
44299 721852
630241 521678
964346 584656
34199 582875
60659 258216
700466 427845
548061 26586
400025 685507
386677 298902
416176 995203
489122 262844
517623 419312
774695 748833
799704 304954
614756 54953
429267 522656
280282 620188
369428 700982
747965 422235
909269 775817
830326 900810
315214 896157
376139 811044
626296 169223
134183 777308
271251 532896
824057 762620
783656 77578
875873 630437
618105 415960
150012 926607
57344 828652
264518 211322
414918 696326
979990 912279
66307 101221
734510 962694
249073 923216
643116 815163
716385 558588
724517 138773
432826 309227
981688 641274
721380 748655
778839 290210
181951 906398
759898 704132
681948 475725
48824 211998
168422 371395
586276 419688
520013 695643
647590 535632
182577 777925
479233 498963
682453 828064
983087 907098
943741 671141
993005 174392
851324 985700
96752 228807
490501 478076
890827 58778
602445 302718
808464 543788
308039 838826
261237 541511
565044 988482
122240 749479
959978 15062
28623 607519
433832 932698
198746 321248
672255 496752
433603 763986
558429 659378
967983 599742
817384 843916
558180 545728
294006 915172
961244 69632
724295 940606
610376 691927
156346 578943
761603 941124
856332 803634
385006 834341
621911 34274
294903 141080
913314 880495
996177 973684
305153 970310
166807 60334
445189 436946
867980 792268
648958 238635
175266 577574
840123 825509
766792 878560
138443 394833
860587 108806
432201 179420
457078 421231
808254 653282
855466 979681
70938 750672
183357 494289
319138 27343
62092 305985
459980 88491
585726 900304
579213 717936
963881 912487
106288 109
135920 184999
190771 837168
151487 207668
868068 212253
483926 298903
448316 203796
850125 131740
626486 96356
817249 523476
696614 244168
910767 418269
379066 882199
849737 815989
156978 796910
825471 129927
832468 138205
68862 30344
783053 519195
3477 613466
733158 208017
567579 938036
781117 613218
51740 4114
953524 899525
811788 20855
773085 196579
844966 773648
498377 879997
868911 955438
429429 543970
818416 516185
298739 994243
221007 896328
929780 541126
889161 242529
740463 911359
102670 306750
621234 382202
814614 710987
231246 463746
496573 766034
76575 80054
490005 678039
295316 490176
930299 899405
153236 75620
907612 619648
503708 622824
720303 90629
800715 273785
954848 334405
275910 628773
729993 541707
206543 796632
274612 609546
558081 769415
921694 795895
745214 283942
947648 568603
647030 720695
872700 606225
65461 415986
687152 406366
289360 45676
680878 523848
960633 278029
822562 133157
366694 398352
580158 404700
514238 574740
67123 397113
850624 919919
463397 368658
154135 131994
902407 496554
226180 839709
943846 369132
378013 271377
926882 774462
452915 824240
283715 600419
306749 806097
554630 771653
871502 417050
363665 668666
285331 862990
133097 379696
305424 992874
718740 328481
617173 259976
956859 877453
813323 755697
624146 963827
285585 256973
866949 755888
983958 696524
145339 678186
435075 249008
42892 193142
254683 753487
860386 303943
99136 160052
518088 988252
430882 650128
385848 819026
200607 100272
703807 455704
60769 394428
946328 193331
945165 278311
684747 549684
426781 667214
667365 734961
447812 865516
545005 458082
436744 598471
502810 875217
76523 835717
116822 464260
621912 794
345763 393085
475185 785083
227029 259381
657260 812923
896077 753297
888701 859583
146235 489319
580589 877782
195545 954193
90643 681473
802618 83254
227083 667209
770884 283555
196847 144731
779439 493149
464681 625866
622304 543639
965109 387245
491185 22634
659029 16568
377397 864376
734246 990088
27833 850214
752568 100840
150025 549385
814612 158272
918289 502263
218470 208399
535049 103867
132238 193170
688347 503316
650221 715616
331730 304923
61949 202788
135456 219742
797910 783770
363949 361671
417333 256189
698651 546001
689714 176657
37241 631533
959341 467245
911440 905526
410217 413156
706523 510321
688332 651750
846171 37221
205696 288140
73176 634006
335321 795180
649203 162800
813396 139903
187258 110661
994122 620959
159692 786123
932149 305321
508068 887635
717981 349823
834693 159712
97416 579457
453613 937984
773581 398779
572981 363542
685460 977989
598810 67488
308576 900940
900840 633941
132517 517769
369366 858994
540620 703874
660779 330554
784759 44156
924678 812464
817787 622102
166029 111294
93200 342882
251170 754871
180482 28007
22571 929257
263400 240755
664644 866294
520016 804148
489193 792153
389478 211071
252821 9921
193131 145117
660537 467001
253552 185489
914636 167894
977344 836177
835457 689095
264037 15859
267184 383068
411280 539698
983781 34651
304197 739434
758741 516833
864801 328454
400362 374313
671853 641981
37705 620690
507962 167248
709646 569501
218137 458568
136039 738494
449627 814958
492595 469140
340638 698699
730553 480618
816838 18639
110153 816525
816132 86246
241611 955920
833855 624890
17679 451190
102380 254950
169340 786512
385340 609816
161768 136755
778125 325050
404890 242856
704489 967595
129444 3930
397364 175335
701272 940603
743491 242550
575256 845512
855431 976064
436137 534566
743019 225768
170284 849118
403212 239402
12346 146904
695593 847243
478764 475195
295161 857850
326851 764764
106430 466209
884324 188066
4130 495045
730168 39912
487222 586820
400529 717494
425515 656342
905176 916398
318063 334563
30627 368430
938734 255720
991814 718430
799526 905503
288229 197679
797962 563395
177099 607220
605337 50524
932126 883722
940375 838755
253777 394574
30547 259224
475290 594016
962013 764950
925562 497277
970606 73134
15238 384176
362859 494221
838449 986100
92838 380505
889525 11826
178176 857264
907353 222260
916943 733707
544555 84287
146194 214480
829237 896297
842716 929533
147500 95700
640558 10995
527950 167166
171606 670358
352902 240314
108671 913423
100912 685180
784364 475560
949941 574837
105477 308123
705812 265035
758579 257594
580577 853868
951768 499353
278487 752951
988654 346662
644363 806729
526552 762925
589112 450341
866744 705673
585230 783876
459404 888381
416993 324359
401175 940994
87294 333998
220082 713460
64225 789815
475453 621853
354707 330634
476646 978127
229518 841494
766124 443725
282231 805935
373627 837405
805500 193906
384297 993666
637058 147262
744966 316799
202488 115455
551547 533711
129290 733937
424551 848167
234772 318370
239930 3057
601649 516541
953462 804549
368191 680688
367950 532114
90089 713350
950205 11385
455801 256502
925058 725668
911233 47537
107610 89086
986930 977798
392868 670948
311783 78917
507845 53995
578171 135550
906524 69059
330008 563762
439514 899656
648274 546526
285925 489007
611215 218709
788248 758820
966073 276904
545438 599370
222225 137042
215351 39677
757151 303467
810208 172534
678754 848556
521331 63095
573012 228191
620682 743702
74645 791449
242490 442601
649740 590145
962948 998003
62681 288239
963409 630632
765593 241103
377784 671637
798861 346213
726970 385195
11041 172819
111908 975674
86325 535003
584003 652100
506976 364834
648990 154275
329480 136704
108522 914072
178212 270390
19318 604267
857651 883994
209104 222317
331264 427716
726161 588286
412265 917323
893080 955115
490557 230360
695178 483884
709447 464634
559633 380100
190291 545862
473404 751481
71357 573461
216877 228536
831 160048
292888 373062
672590 269059
850964 273263
575190 336158
580339 544084
199033 576739
5647 574892
674999 568891
960725 196270
562583 625508
468755 35035
91703 844990
521095 170060
40152 851949
903376 49327
453288 54518
635199 273152
553172 959630
448703 429823
882951 221727
791326 377346
952560 352821
886837 348246
378801 853106
684587 692308
724998 587494
59994 912004
478566 79134
190002 728819
645104 108470
178552 546799
704856 414816
500613 966695
49143 33855
311708 856001
814631 438872
279389 666550
760775 242701
879653 233460
491802 172032
54179 692581
198088 887497
852366 435368
94900 227248
320178 766554
428615 7782
51479 9459
808861 325839
596214 230651
36925 581399
744710 876440
294525 465107
528195 713515
928902 384718
373989 700664
299756 178106
312795 120338
956140 155203
531833 685430
269538 602167
828794 714338
459058 238844
537400 967022
772319 128814
755904 720060
12524 188244
495849 464818
455323 863344
775805 612362
180801 688020
501858 816369
8080 526031
863392 795619
378144 953139
772232 732132
947578 933760
235064 490410
561986 900500
338774 859740
83514 134855
160809 539744
911450 854522
943369 382182
129253 888132
230249 352574
298214 794876
652618 978095
515371 998582
471454 872801
282580 501251
814566 612614
780449 233042
241136 743330
659827 602576
146147 497791
207241 846973
476432 768759
622569 328541
228302 582222
14665 87476
17804 589497
64122 732019
183583 147461
692715 88920
880577 718753
675672 422503
89171 852819
697417 328512
463241 427981
957871 168437
127622 49582
551789 601005
662844 544202
104970 818764
729305 180254
834298 458668
823005 131850
49870 838566
831532 926131
906860 20787
801213 413459
523957 884364
313650 980559
616477 415200
653850 737261
518660 380211
238010 156932
412065 187444
874280 151771
686918 652922
341181 312388
580270 429900
288293 62643
211425 850800
144918 453711
155489 495253
926674 214256
604222 434277
667819 991271
16491 738679
202258 40962
699172 229708
781389 156450
647550 648743
899540 811582
953833 899108
601152 699020
874913 269023
927804 859963
409014 507978
43688 739947
924857 20786
816019 655869
731249 321876
326439 437347
857327 936205
834872 551477
648858 755410
784257 445282
3245 296246
447538 871944
596504 841232
319939 689973
162545 154490
987183 378020
979420 835110
309693 977311
983466 570212
680249 432967
989232 594095
238178 125041
612808 810972
8710 299424
26316 937176
187529 267837
139912 670515
921432 582493
201737 752652
912720 528658
395268 168384
240369 523969
165284 225795
687476 517946
921390 116148
180717 289941
859290 605866
140296 676918
426304 115664
527528 531788
35269 755773
994693 656851
975699 319216
283630 249436
664745 977102
297405 914589
135345 807469
684680 879937
928266 218939
725651 930767
11396 415785
721299 753466
364707 370645
511942 166386
811189 578894
460086 100745
46667 876545
442218 528196
932262 327716
342322 193343
466758 815358
115237 844870
305386 168818
930504 190793
331927 136981
888796 884528
132724 561418
578517 795101
130918 739069
25579 451206
519520 20568
214372 778050
612668 168072
320689 678358
987619 694911
507980 849838
868713 34864
150108 128402
587946 987898
378745 818969
288784 416662
438262 875373
534084 524753
722806 8198
169997 688550
652365 398125
505392 305429
145954 622966
182385 374211
657158 670829
737906 457709
121287 733355
270880 189544
156041 644464
943061 718461
788680 150268
746676 864436
263391 257071
681791 189995
65421 437683
72327 747998
286761 114450
774109 39145
671564 570326
230746 87164
70529 974696
143010 236280
208128 750317
874864 150325
208350 774055
662430 604185
48272 409614
231142 276223
447968 664501
527743 475486
93730 133477
711520 852064
510453 70594
361266 308670
191732 772192
733000 390844
307200 74712
461466 500540
558589 846624
756769 592503
674037 164703
802936 686957
98835 395353
380830 279560
200933 232204
424014 459878
121596 409741
861009 437568
450864 244358
652417 14813
888555 843555
747806 321465
39645 422391
24645 766500
108683 432538
35035 638399
460286 893173
9349 143180
699967 589649
46296 507576
420169 718724
360897 530972
880308 448534
551061 144811
117233 365671
192799 416465
357995 681747
293369 686317
878090 365512
10452 739832
766212 58884
213483 882126
231624 455256
578179 985405
270958 372237
374163 159693
785026 647970
23897 91458
411738 865307
808126 885298
334992 305680
892803 650921
956866 706806
572725 795607
286809 472847
47974 301917
662271 323844
575243 902555
20922 996294
621318 440574
845400 71134
706084 429234
430343 918330
865622 424134
95207 918860
945460 219149
269330 820586
461508 76287
67687 564919
205892 997060
634194 572149
813447 750068
199508 462747
490554 131869
198376 56389
569261 623105
534661 892469
521800 935117
37968 29293
450890 276606
915715 969206
637226 592398
149798 323143
68893 288589
912010 370525
392466 214061
850330 319222
42017 159395
635255 404376
825703 592627
368204 776922
444042 173703
270447 723205
686 649616
938229 361827
494423 641445
604037 221576
262536 381517
288110 219068
50872 385919
873786 471297
470133 69222
635950 358974
409533 952976
683293 317941
811954 393498
11065 812311
734251 289949
622249 258395
323213 78074
151990 662713
101312 773034
907894 833678
290639 572495
738341 186073
299843 235758
517128 856780
648884 277894
538461 283219
119614 21155
903081 447426
49538 541119
353069 282614
407754 753119
425577 1828
982101 401100
776932 240885
52618 421223
783200 306662
295995 793404
99498 249328
395338 785593
652442 457764
370900 676417
543356 731254
3071 595097
414981 785156
510400 240478
484185 211197
596343 715915
77294 880863
456510 206672
821149 127913
188982 510191
712305 145894
675878 469997
944960 215334
95112 663026
283344 11429
298038 865886
824250 527096
36757 342898
219701 608396
544714 99732
503522 850638
656591 88995
705702 900682
683196 468765
600896 871831
84143 791960
282047 828668
83374 497181
438171 540933
850098 380318
308645 96431
375407 751387
488751 341360
820321 447071
636692 854438
717241 204280
604919 386504
346916 897061
58956 605729
376720 326848
794203 289419
676930 634077
670850 433985
936321 830306
805666 221116
890051 228000
738167 941923
265420 390087
62275 130979
853316 788671
188360 473056
624540 46302
175589 705177
757775 239197
39066 174431
939896 944550
534701 913700
122806 531509
897954 240058
36114 57846
469507 921161
197353 79154
571464 975101
691445 547232
728352 626178
255989 572105
635968 605987
123302 862909
891770 469808
655017 531548
506981 60592
220043 749986
509492 245742
215133 957578
821348 340235
225412 525752
719988 460412
444808 855262
392634 368507
965406 387991
871735 118202
652778 873257
667520 26133
33446 256450
733933 443002
615864 69758
335461 124760
510424 684973
346619 884907
986724 169853
574635 672084
821354 756437
437018 684988
135052 160446
693685 865666
439176 480715
196430 860678
824757 610451
268666 151474
135781 527293
260340 525163
675278 436261
248084 553404
208075 482230
862776 619507
861135 304386
804161 795487
601963 198496
174334 202339
91257 738469
520458 790176
406460 205854
313249 137099
487263 181068
798173 256276
266337 535316
693972 756873
546296 261396
209629 171851
790467 518265
395066 681102
655294 339333
333412 642842
884994 539577
97238 809456
228594 433136
8509 866558
30481 458733
330885 665037
510001 24544
164009 401650
545202 556253
389798 287036
217867 304760
266802 80856
382166 953056
506951 60150
526276 805731
952712 539683
915712 520994
700194 485521
33598 39078
791987 766325
856116 492554
583255 402267
237778 773291
716405 915880
571857 903502
89397 678619
27096 876756
472465 598658
731221 987923
54926 607499
269466 490597
762802 244016
90083 666667
956552 432156
20172 925655
497799 828592
682838 828905
643048 485503
742033 47662
158968 279772
961669 625731
349164 805826
15266 640163
43931 66845
972383 898546
123328 673512
393293 508400
373043 369537
190937 933423
668869 980129
975219 310387
629284 94924
632687 146236
490793 322494
333278 730318
579543 352496
210360 762437
774896 795993
16431 800251
335446 323388
191250 144997
786606 915858
822393 483483
225399 785412
300480 588671
330268 210563
375428 651884
977499 318828
871239 999110
567372 530780
837130 180150
541475 267316
728221 678219
371217 8254
348937 359386
430157 748030
471939 765119
769193 691644
979898 602836
305907 884815
747627 344802
147989 100745
73138 58389
825743 490247
851487 283075
985901 746798
942038 178697
770829 510469
270107 829931
584525 568940
447132 512244
407785 782953
481831 678455
533343 425306
118062 282571
292404 792883
815383 747720
699917 738838
228664 510415
116214 203530
687557 504568
913106 100038
248943 695555
400233 140413
608976 695614
610920 46619
345343 392229
370693 827765
94114 919359
41963 345709
292050 299257
55809 12180
30944 823648
950159 216664
123371 736097
358922 243255
593394 502740
430583 528695
39226 378634
720786 433303
188222 181108
178639 970899
945997 52852
836230 738313
191234 29185
571477 604915
35529 319820
444395 945084
277980 734800
639926 337653
724708 522308
984908 923875
490518 337909
83583 530069
172901 462164
521746 129321
593037 542998
974549 238428
377432 45493
101429 531694
306506 749414
978642 163051
772876 411307
382441 693897
950599 374766
686286 603388
915865 88270
455507 805303
218616 965673
212773 724940
479793 485497
751540 935217
400560 60564
395354 316153
370960 388651
207152 743976
262174 825728
739339 293077
32878 730726
187913 762582
601042 667161
971768 28577
872099 527764
305460 310754
429474 423843
844958 33642
717931 359121
398670 893171
986696 788454
664352 332448
541906 570164
659488 899861
748683 430130
336992 740963
932401 544880
595309 851436
756111 555773
934484 650771
76404 642404
738907 554302
501754 825374
554984 557770
999614 283291
896712 467046
772889 174693
613545 520034
360879 839492
963786 997714
38826 760094
206740 214535
725350 388837
739612 466463
524799 90424
894586 294645
317209 794601
326202 186444
254564 425832
648149 763936
160745 890075
223386 17094
509693 834456
994988 834760
478561 476498
122712 209551
404853 810352
574838 165889
293695 610760
407016 455530
239757 433082
248212 950245
735483 307515
673493 919736
437056 662684
863919 887315
931759 907209
525571 42975
221445 947899
64411 548885
675508 898761
662469 909760
388143 681958
945446 203195
78364 369922
2963 592480
841115 463869
595947 872382
855241 348458
708425 845714
727649 425651
511066 345690
744306 647764
784424 597754
705002 968026
840951 102741
264193 619670
153638 384549
999672 83075
946167 526230
227513 813536
428533 477455
746941 387690
444756 118565
82018 60982
151142 873195
316715 560665
666840 455411
419295 220208
87741 176420
871840 361088
574300 665547
271333 765413
371514 888137
457870 993346
980213 306824
967411 38580
424402 279574
40241 518599
241387 344075
489028 623278
973365 109082
620107 671425
127999 906223
824492 719395
551268 754684
476221 390415
886990 118909
980064 857417
210233 49639
790964 921038
486579 113037
46293 256162
354534 412832
701274 668871
195031 211042
357936 157594
561699 209339
620571 933815
786505 171728
477338 548416
835776 159253
35583 768952
801793 85031
80860 459085
863814 435546
955722 173128
832262 775174
32939 615438
774603 481464
714027 818010
770332 235002
426100 585077
465840 235056
711494 743828
588224 427461
392753 384997
102375 772947
461788 971425
942420 869363
457863 192535
757325 478572
349356 963725
160271 270884
175642 345938
598529 111438
293210 750055
638062 638855
455595 597285
390814 83219
84522 664988
753609 116205
323429 649178
776809 643208
704362 248478
930494 396791
754984 390838
35354 525876
761305 486777
544729 850286
905535 833766
65664 236236
359895 260954
293270 698497
849675 185455
30232 273613
134213 830785
751866 20203
153411 496443
666126 177108
151809 349484
933556 148444
960061 381001
462598 457019
465426 156595
958790 958649
748228 504840
231352 960687
147998 986488
835099 201481
899939 707430
136281 350860
339717 212239
624320 563371
821531 447352
486088 744185
241173 429446
941662 444517
272519 335178
592595 697755
867493 180249
616868 499072
861743 609668
499810 14799
796343 234123
424336 871555
18578 831668
216078 119922
137056 8306
969643 691018
598554 282550
528904 561403
836946 573703
392896 242379
749829 927930
436768 996697
405677 264777
985079 443779
56414 16854
486204 448929
721959 547776
523263 157580
706111 422276
140410 593686
780934 723197
111598 912431
793869 381766
80581 472976
751365 310653
639699 551506
560523 779819
503617 254877
784010 119701
362231 898475
953754 586688
626295 73003
629755 460307
408734 633585
714002 287986
756060 873815
548147 615574
699496 520952
439984 156557
884047 200710
90647 759162
144325 104702
795710 262798
45829 10229
16718 218179
943764 683811
633619 426725
993489 64382
768221 28388
979677 79375
173568 705670
444665 612351
786094 122089
293876 685117
545005 33320
588554 665854
903060 896057
906446 558244
528161 430196
452343 574066
113273 299417
730450 506253
502616 325093
783335 723658
541517 777182
862702 280096
515685 953500
42676 652027
605116 878001
250523 519883
915644 65829
589824 431581
506769 749642
901459 731274
809472 25944
769297 263072
728829 10742
679659 187591
662070 779328
400285 481390
279330 190967
255221 119080
800172 386456
746992 686836
896755 473671
252836 846154
263837 628935
377686 483851
776553 739261
307359 989822
424546 725576
460859 478262
861258 399919
298415 319240
377103 747919
407440 981967
742604 381864
919823 734257
388220 964012
487325 66484
179466 337801
273746 362778
505975 587973
733501 636629
511850 3277
161422 357341
624942 527359
35984 746484
489441 797852
15953 704903
459627 706334
150709 76986
590710 136423
896373 117300
849528 356538
495276 782642
243039 765607
28239 247793
298460 882952
791226 278203
598252 902260
765224 239366
98523 586969
557945 777548
225248 327238
999535 865341
867229 573998
492923 68015
765596 904017
912935 27349
731906 186128
659451 277825
762683 544187
720594 694024
980058 642531
973554 746799
150324 620447
339983 84887
909038 915676
421511 750068
219483 576845
766537 58341
814496 146881
14824 800646
573672 539708
607049 706493
500095 45290
152249 352685
479775 568854
279835 363465
826544 992834
399429 694506
856816 454929
608511 205587
828851 870759
292879 565878
595644 67980
947993 848510
92288 820171
377701 631873
838459 312912
506824 197500
638303 214439
756338 552157
652409 452400
263651 940534
964372 46485
346463 410296
882424 291875
901710 504417
166543 775886
657245 892042
804511 836356
501455 693250
855772 487854
661201 232576
540075 640699
253476 101260
857443 518015
689371 380066
736915 655638
913005 767762
529801 561024
130134 903712
116546 748416
101850 614207
613031 405656
205538 351188
280870 758710
933267 122788
836781 463912
735467 264266
263400 868404
171017 58300
75215 78678
732822 733940
700042 405937
562627 911712
609478 49974
295357 100704
312258 100975
482696 625439
415049 229860
696412 422321
766078 373470
57014 650821
256638 934776
606038 929318
462879 576630
343064 949685
425345 307292
3414 642198
348635 905586
610470 698171
132938 548194
172720 440395
74695 535159
322240 769738
737862 878744
852491 436355
464335 688210
995392 985647
734596 461985
415029 627700
455679 444743
376424 67375
28821 209215
75986 949749
194023 579981
759961 1575
507338 594355
301028 488065
720260 599087
218405 600684
279028 174107
406355 402293
58665 379150
251736 955791
331187 496507
695505 280654
773628 752361
131555 341045
33309 539820
834866 895549
579674 373518
55229 527392
967931 220886
273504 624730
627139 755967
201092 906141
90778 568907
244970 566304
870917 747392
858745 430218
547417 29980
250380 420204
900881 918564
316791 570853
658901 218688
337537 345015
411396 839208
634565 453276
34299 37558
915154 695203
492736 6590
369057 996948
527594 811107
462545 227988
489714 91601
108077 101069
708461 433632
89899 898460
540836 925434
665390 7025
334846 766533
183446 707812
608820 69527
860172 183595
134266 977562
396427 46342
878712 99965
48503 20692
929014 175781
954897 966469
211081 668330
214594 290807
847928 885905
709739 289347
647521 443370
979734 858303
461594 234517
638989 785345
492696 642404
638749 980076
498696 339694
199746 836434
202749 602417
58139 819074
311472 498794
724455 913473
619729 485635
658282 757071
917957 55734
783268 941398
9770 977
30866 684383
389632 580952
40325 672434
890141 760158
725001 793409
113364 26599
296713 44096
82297 631896
180645 851426
405129 226492
319524 119802
693383 513918
728363 370336
502615 308109
971711 181874
674808 462430
646975 402037
918010 762916
34062 265483
595262 728066
865375 913393
735416 817839
449797 533881
285060 74063
619250 392154
981238 514294
450728 928710
688460 607872
359760 800530
873800 351555
327552 772488
143449 647613
947310 828629
290134 692488
535556 410314
48307 294545
100004 106639
424733 218883
689266 843919
15906 156147
804769 196555
250619 7173
591977 823094
114661 300
120487 579299
455829 883716
996058 262717
3517 808719
637147 318711
876278 113168
858109 711477
127916 54243
700808 508333
7695 119009
606105 49298
132247 7120
592574 963297
843941 322257
872638 245229
435170 844996
896347 810642
797142 127358
682203 457611
216748 165733
542103 207641
978 766820
394655 39445
631587 320723
284927 238917
317773 266306
258043 218241
97771 310588
199240 771187
369810 695547
11572 575310
68897 589370
970583 684772
940317 494076
184161 123732
47668 186216
678397 600341
645228 788751
496165 886679
247649 327361
219896 520530
617145 2188
680652 144409
852002 690741
243896 504448
199218 617759
738505 649837
292394 485152
323675 120566
521169 48547
862159 107449
498473 599623
659609 741675
392562 407289
474869 59146
554461 948997
617708 534021
563499 683084
534793 795956
523949 236449
356428 468559
931665 992786
612668 898534
340587 726051
570813 991493
919596 166507
468290 567200
777066 414964
500384 165785
461212 390928
866769 708529
2394 489544
729966 835430
260923 720935
828144 322952
134290 983639
27944 243636
339046 572259
145687 436378
673126 159726
731859 759806
959466 632647
970958 700902
487783 467404
171306 76690
216153 311725
267672 674851
272434 108253
647871 518423
139322 980048
475585 292057
991520 618430
793410 968234
414689 89643
204666 817064
610209 790819
915728 743907
653205 466488
36295 429336
356788 194705
927811 811303
543732 369418
636495 907243
739221 75621
559188 101301
388111 774885
697295 96093
928101 99404
482956 274988
713422 127072
900071 501692
470374 288319
669182 859209
888012 214086
68835 618182
464731 326555
776360 156750
347372 239697
513589 305014
264441 258514
11404 327649
510545 184509
868985 242084
263919 503164
578850 994311
872970 878095
268352 40885
116914 724686
60286 820772
976387 858032
415891 447828
156797 501855
693031 620900
500073 632785
465200 710412
105080 902441
376086 827828
844007 301642
96306 10990
467138 422539
701936 621800
285042 932350
15522 475472
161207 920159
41702 212340
175493 681829
726879 873662
326574 835669
912472 379280
597459 15975
456845 449864
531250 179533
748241 804638
973416 662163
75682 600195
535215 548803
899366 917153
843287 249172
605960 415755
814926 814433
965106 317026
771362 139084
308281 246774
657544 186696
718162 480910
372960 377396
689327 785268
63361 222568
312396 163835
331752 209288
982311 997314
782185 808909
100515 692715
606074 132884
28893 699995
886046 779322
147020 699771
343870 362055
134670 246418
562956 223088
201211 301571
212280 161754
647522 604710
970481 859162
245957 235443
107255 338927
894529 336823
433567 912619
35569 176313
20279 673633
757133 697219
982822 179333
812727 765196
765699 28641
863099 570017
778306 525359
291160 406731
225493 682701
884904 861762
7560 763615
53494 544247
743400 305808
463042 49027
361671 832258
579600 177600
518440 283079
118926 141902
92098 699758
132999 322557
987655 919129
195881 566037
646397 272750
54711 11221
384686 723068
809423 752522
369522 105641
151774 933867
674178 457378
861122 32006
494912 945747
716083 658573
198799 769676
202344 757703
342059 811658
285231 132596
565793 932642
522897 788091
495313 787813
498416 381423
796502 44203
520557 771053
787572 751651
563316 731961
56801 134333
858763 975541
206034 861305
50280 449884
725428 744158
913836 468359
557503 810548
171108 721309
922483 400874
470410 93687
508363 725837
125414 656749
764476 752555
334206 885048
669477 144719
283817 950179
992576 907552
76617 425766
667640 436569
518709 338950
285462 437828
576940 559053
507305 81621
890747 480935
537306 302162
725420 177050
332674 618216
533171 868620
962819 677570
986947 148973
964561 705354
153628 377292
230642 981448
224459 385300
541369 833871
304355 356561
630203 525401
468262 93086
127627 648023
334235 598291
563729 278032
248852 845939
395450 221616
404577 678636
964041 315789
508771 875407
942231 162247
759621 921964
693197 101144
114643 343681
471850 72321
100730 63153
444235 978983
95908 716347
428739 341413
110007 832017
712202 516108
749718 981993
658684 846156
843377 280133
989763 86460
148704 245056
660861 878285
177311 688635
747519 18258
307948 166750
836492 858500
324141 708030
334525 160979
628416 350100
313232 331425
185054 96398
3095 452269
909781 734324
383965 83372
892794 380242
330393 673421
35630 676443
898854 252938
253321 841378
170782 967370
419485 620027
142329 625351
150735 326184
143172 543142
467497 110049
421743 971772
311631 474913
285872 416094
179058 703814
25980 280780
354128 953474
126096 32674
740069 946946
62673 309454
576356 355311
544788 115539
917836 122245
590717 297500
913417 612740
763112 50306
256969 433543
577619 84373
534189 874063
858068 153661
197766 345943
198147 573087
516134 860702
266681 446801
205456 74119
972119 910107
497330 980793
708681 207837
285636 151062
825321 786647
709975 756226
985310 375713
322963 367060
462411 862430
75447 427958
832011 3155
263214 709065
889459 180169
895669 597638
252392 895681
168571 446504
256028 798497
858539 485183
48756 772436
550931 179745
723502 492615
772043 385552
286674 481737
237988 94325
501621 632617
398650 133716
523205 2433
492844 268377
905474 174447
946036 912066
955053 533348
474980 930542
595999 271443
425098 117407
695947 991825
805897 331851
812703 638986
962211 552306
474260 126365
352941 350892
204986 545202
153320 342698
172891 546228
144991 427364
16409 576831
441542 238634
902630 80454
647258 485947
974983 166665
643074 682436
454949 487829
597867 226200
199249 965878
337352 523839
845178 3291
253134 295359
523272 592090
954391 765579
620099 396131
423939 869930
839651 352175
459596 684120
265900 351470
77851 292056
193787 878872
289512 103838
599013 481880
751738 121041
951979 130455
854792 826962
263528 34086
746910 80251
657398 979096
413719 617973
869137 235396
971623 928698
703279 581785
320962 22748
660529 272567
501056 193122
313586 331921
92599 161692
890859 393308
969388 588999
742306 49774
226718 753799
610416 984143
176192 20993
986974 112526
370790 700841
460932 87631
979553 184038
585086 849886
238925 248665
918679 496858
569238 430771
867482 710501
642977 554208
590402 609969
88956 13474
498026 475848
571460 152294
604285 84012
475876 42556
196092 74882
604204 373871
627918 161586
758472 760396
714106 797489
477041 269565
569061 175703
539598 874447
999167 649252
628055 852422
483484 724822
96475 882986
377997 751778
320489 657165
763131 502857
566382 800352
486080 568102
344015 928000
879101 277976
132961 306752
473383 711000
541058 66964
27075 244080
281899 528786
860654 519653
211347 439196
666326 854992
574245 370342
376493 525638
656209 503713
41924 811223
691709 943423
118579 889806
52878 370799
191988 686330
294826 370237
802914 27013
992309 286958
805316 58844
199872 936212
586343 117300
547253 38725
809329 981862
24815 219133
438566 655278
189160 521812
296844 842526
914420 529192
263282 210906
207650 651044
957383 679002
83613 987833
199841 180965
655552 607171
983464 796529
96953 388887
472361 434088
71052 548431
953362 666350
461154 280656
749835 294792
507662 709723
2354 431381
506405 983416
161244 463782
857704 797988
159743 143707
956401 684739
384562 641748
463005 751272
798243 826092
131497 341392
931312 517591
587103 598129
3255 866479
848885 524790
613433 723329
56389 642001
248163 685983
336345 286901
931872 436527
83300 544153
395971 973691
500091 396058
755809 844343
497791 897700
546818 106443
292051 152503
668786 536401
287178 95374
583167 27334
835518 344896
590257 618545
157243 854868
862174 998695
771184 678624
383417 111915
369180 640894
351770 268002
313429 467382
588474 732794
672773 442504
582167 134832
95604 816402
541205 324962
939583 699292
344635 776120
328258 205401
607233 888501
135523 187392
476666 504299
811320 613979
452289 58637
106706 733621
828668 269211
740100 941919
851042 558592
970462 815363
43601 289823
597782 42296
696572 16925
315040 759785
54681 435895
695506 462146
214848 404561
765441 163913
596522 905833
161037 41640
759930 697061
418814 975228
946567 525241
561692 732902
759768 761342
668864 464212
767106 536022
108981 461229
822981 89341
467212 810790
33037 477403
996088 22933
168292 105178
978431 220607
817634 806887
319825 383897
322184 759324
161444 841639
169725 336390
291155 23439
137076 977321
979085 219328
684141 183624
591857 186318
395012 54877
297415 6671
745257 233930
966830 376172
386327 496812
606938 771247
74601 40626
964894 719081
809158 279639
9408 757924
240619 800083
417354 271146
814430 653537
480865 880094
570036 857590
911532 599051
690965 827646
408671 32243
312039 698347
831446 432836
620883 998705
639050 500677
157157 412037
336961 782745
430212 659653
517845 748303
638059 274698
444849 206036
227413 689369
331119 536720
128209 100451
33616 641485
490926 504613
228879 906917
887965 784016
179916 494093
28214 487234
281311 653213
302364 166610
138933 641224
891314 992423
634161 553076
231614 88317
83269 241086
229832 247915
610562 690453
938091 927147
644512 892029
361127 346118
433757 520967
504628 299966
542568 271959
200239 541852
767616 248430
467337 531955
801681 5672
932611 584561
460487 626420
304702 854795
681532 101555
684237 717413
139636 985160
531683 209702
363724 42914
53809 241562
517136 976673
664834 958519
900954 685228
141491 130709
211073 23663
291245 832578
939082 356867
359167 49628
657405 249168
186940 719859
158060 464877
539204 193458
233878 421842
943936 271663
926964 878726
985542 294465
605862 778683
872736 209830
833805 866794
455556 397687
685126 120977
99600 604230
133333 877241
109901 830724
879739 320751
33181 401556
208141 725334
39295 546884
582560 74371
425703 620384
393115 11185
161999 870767
102284 30702
921716 874012
209024 441410
271567 792413
764617 720356
358893 149178
696314 225114
493543 138634
804339 923099
165486 517903
692620 686659
684668 223825
736875 783042
172828 751783
1414 649935
589405 659163
294500 529172
192485 852125
374867 691794
754383 33055
345976 913091
666468 465802
658169 583200
437255 248627
979986 228863
926124 998594
903620 35868
733469 327216
827526 983172
573171 186322
509456 682764
682774 859234
214118 889636
586713 386354
935091 434354
563990 417667
521276 297129
629950 439362
78972 896672
124012 835882
659442 720881
43177 336283
616187 665051
603837 892736
272541 239543
512957 492281
514222 769416
919473 408017
103868 380881
111370 458605
983738 467444
397995 394669
325207 78543
391407 415448
788572 809515
760637 579433
104311 933983
488094 998010
961256 395644
433157 706035
783908 632851
995976 538340
706394 530949
207252 996542
889435 579826
249215 525189
545089 940986
403841 617455
480095 563282
285528 813880
724547 605197
305342 739705
565749 610130
191904 935959
185944 710726
7733 117764
705113 18139
658083 402964
244841 318018
325667 558306
586475 527126
204601 27384
61074 345864
756974 911986
293332 878298
134154 817750
28515 777030
144654 189291
573500 124754
512988 925225
437598 935546
549052 797814
805244 853882
386935 238087
22437 371773
786722 131313
63244 186480
519055 676968
449743 373045
11356 26482
824725 470418
990218 564265
445950 704454
528255 50681
557970 694455
697831 380856
190498 96704
165565 550771
342574 47696
446305 221153
918945 302762
108877 314156
673986 448561
672856 24769
389374 18229
815673 542837
302129 615880
547106 447109
620884 134698
551652 961580
949567 337766
107192 297990
582446 561483
885497 111560
560437 461223
528412 63948
862437 479768
95988 787944
778192 430644
108238 430627
624867 135833
367843 274965
932588 929409
251570 896291
583632 87957
904996 539439
9031 365902
621142 390274
165858 599103
605556 391050
219051 172458
458652 637794
232343 901025
715911 436399
994960 126416
696462 744163
391467 554692
958897 474698
141451 477280
146100 446214
690592 887704
674193 546369
256201 863850
755050 925216
53552 448030
495528 622963
896610 712105
348917 755602
930664 985390
177949 512336
395695 966887
447091 887830
731220 280157
208418 902275
900984 265426
123304 714111
969597 728041
931241 172818
34446 574838
909383 264035
783823 702882
980522 163051
404127 624303
895287 871164
46502 801562
444464 595503
879658 748877
28501 521257
672950 223616
436166 266483
344001 899784
652289 794795
602093 26919
467194 859786
964861 903302
650115 10062
385325 294038
952746 915270
551870 715880
669390 183384
8910 961882
292248 471102
373109 4843
697957 435135
561827 936643
813203 389636
563802 196349
572728 798905
925178 995766
682195 817586
674153 272557
150844 294790
275126 957654
174668 797973
784527 535957
343971 982450
601131 97957
402006 572869
438407 546118
233495 124422
812431 63287
304578 841750
915793 61932
478651 792600
495849 694853
303139 823109
1535 651792
785795 557043
572312 912400
25413 647805
69724 789817
558584 565791
509127 475741
466464 132677
638594 748112
916264 65925
356843 769192
420725 164698
454682 202800
712655 569721
508372 319266
855212 560851
414002 776017
930755 818102
282485 317210
526537 88005
689633 405237
831411 321618
609492 203788
597700 902901
652878 451498
64234 687643
453238 422104
61822 621668
20249 461914
802789 449611
791861 16622
69149 924122
399904 36796
484412 542239
297042 670062
603193 984026
144923 944781
956871 671155
356556 875414
803874 647097
490100 274027
148771 107676
472758 273276
491406 229288
508871 625329
527723 842213
290399 690968
809522 494204
385828 554856
857030 411986
986997 413585
518258 821542
943571 125470
72574 990918
864723 307875
605774 124291
568733 292457
556255 947385
892626 501830
746812 180854
141944 756865
850935 181757
704194 311805
111035 771623
595026 675435
359561 659501
56396 593965
298813 482205
546777 228271
948285 935048
82026 592282
697095 827638
104158 300233
263590 877021
721579 266823
985641 578918
228508 229354
333085 72766
211596 381842
159314 321604
627629 333405
481672 444790
268135 335182
442727 794570
406447 626057
634019 611219
414190 220427
563463 125478
482834 445232
465847 244927
325272 405582
218826 720306
28130 461329
795995 358993
439977 837145
970114 652614
983337 479898
849193 852822
807046 757461
563331 637686
235045 715702
760175 864116
35180 214628
309053 905117
417592 664538
881188 248708
11930 412822
209600 468892
551 365338
751916 223036
677822 758546
642308 906361
482118 254802
435412 954094
828736 715362
364850 17113
597867 978084
771983 182905
828303 177407
171783 714512
635610 700377
221942 397118
935513 640328
471383 350935
729442 285245
451772 325543
537464 345622
128328 521228
716910 257935
885431 618216
26478 57024
8423 898183
166920 888679
770505 570300
550967 626555
940502 560120
660125 205204
162182 764483
172209 735580
551911 853399
312082 148762
506357 328333
233997 548327
179910 113345
662714 956629
740681 260248
172469 77305
232049 425333
759135 861363
568534 242926
951148 481176
415665 75779
791379 108251
22739 915447
559946 203844
566040 320949
927815 508158
882611 762906
233117 524884
182153 660824
151719 479513
385941 866671
362324 169982
746933 42050
805347 292512
681633 340439
140081 107788
214804 532158
360783 784354
362503 883103
538466 93791
990448 14003
669428 119506
250821 868076
289395 333717
933215 360120
532088 198002
827978 932905
324649 345197
163570 212462
239209 302529
423058 758387
663972 991610
993293 73839
11277 997132
968179 830865
259717 822743
631276 10045
58479 274700
411312 679554
442207 730149
554624 356451
486371 108094
235312 657599
696063 208404
150447 878417
109163 890923
368798 458275
975557 624975
222058 739379
268809 105266
652174 722776
76208 393284
597633 351623
219918 103269
54234 769566
701401 156953
719690 8136
487875 213694
479367 882872
952058 982628
313995 674444
134175 41767
51537 718068
464705 627071
961188 418453
261494 503122
68807 39808
379382 810576
117284 342691
457405 319283
34007 787636
399519 656245
408969 179443
529549 643268
378894 858770
111094 808558
957784 565213
378986 784631
506207 252020
581875 381735
45428 544532
192834 933594
207177 493220
527154 491161
235631 763203
965449 996325
685336 240571
149018 438576
985962 552951
327360 922860
196236 868888
266779 968205
503701 73023
802157 315699
621573 59800
529459 996119
755904 718436
753764 403182
107866 518130
626371 63840
940003 882383
501776 916346
149214 948897
113154 529689
37875 786921
805152 234044
498569 443130
327565 285864
928992 238002
205388 637805
872148 288581
410522 947096
651321 496754
112677 557125
755135 646395
437651 141177
524065 157696
30468 479791
157498 897856
51595 6017
134043 741666
217306 518422
587134 641672
17740 985327
904676 85888
75030 980521
351432 369963
302826 86938
312774 313817
798966 462740
651957 458615
422293 483713
933714 876867
854249 581575
621258 12534
919967 888445
448089 109825
584058 63973
388589 544235
952269 788659
596598 337035
296001 742270
633130 804992
166661 638572
61697 144247
574005 819278
629251 464305
225127 579909
384942 774973
59466 307446
898839 768050
881605 822004
301277 856097
977370 416745
489164 284275
756333 298065
346146 386876
789652 190163
432175 977522
512016 366229
873287 193829
909640 381587
494766 928949
403058 397866
501153 849195
783030 665798
517131 705354
606932 245643
858564 625806
637784 53635
855096 836902
250067 990910
63031 437656
6815 688761
127796 10432
72375 702785
505737 978932
784947 324412
600540 276493
613414 137299
283116 513998
493937 696689
943341 860768
839708 769474
427943 768137
774342 181193
278165 728604
645893 176590
296878 438134
53593 854817
875140 872935
39340 935897
202264 773502
859572 267828
347884 506891
539572 165356
571095 731067
44875 470282
189383 738410
369656 894961
587756 163494
295989 329132
816837 161875
703768 87173
12409 42361
241207 319939
139082 746052
260430 292175
227057 187923
278749 51355
709388 61791
195490 407801
554686 980312
725349 148491
967940 447814
390990 761522
943187 596094
255438 324210
787260 70573
987937 933383
869783 812312
203415 382578
948386 799364
690909 704812
222181 959563
71270 479824
157313 704683
664500 629175
670266 786276
958818 748477
430529 215883
931307 404514
2930 161907
306119 752298
206286 672907
347315 809366
78447 611980
526974 684028
783059 720372
281925 474085
352896 971716
593708 783386
863115 81049
962283 223334
379161 426422
535060 408430
468744 710767
884281 202770
137506 700563
139161 647742
713073 961225
322789 451209
799029 43160
688851 787707
340682 154013
517617 777093
180095 292809
91578 923956
699909 678746
310490 148097
849750 978467
823088 965926
897773 601778
14837 460626
713030 792663
239330 922605
365649 43743
922732 725978
224986 973321
405382 646242
924264 523
439544 492886
613235 255298
240768 938148
279242 729678
176479 389497
541365 943736
887487 399925
608140 741602
801097 48422
138600 132743
608642 634768
686203 339408
167604 918601
736980 89154
529668 291509
883920 181712
263593 343991
245850 513759
693390 478467
149898 732504
731145 425990
818561 257953
424935 700523
550759 613222
43480 433946
322922 872200
208044 266559
79956 439132
999784 571686
872887 247083
415007 912420
295756 207736
815770 596431
6970 405996
968988 69263
786908 716715
633066 216155
740559 187018
878382 977240
182141 115331
458912 435124
563734 686441
503535 817495
130507 199017
531189 329005
938000 229100
709337 250633
543352 732748
262311 966797
635204 723365
723043 25641
71049 810029
914341 530685
209799 852218
701617 598857
562355 348775
175458 313428
678039 934957
272860 487109
755404 377715
905727 405966
618148 927477
846420 875691
659636 605070
708212 399718
780140 414247
65683 838369
297461 676387
613083 636461
956865 530810
856423 400669
918144 264117
206372 778102
131769 3093
592677 262266
432127 912656
313526 962018
642173 118315
183043 198310
153262 764059
213797 461352
852186 596715
347829 70348
587603 762850
100446 813615
172158 276391
31048 577572
484976 298545
182794 697383
500568 209703
73384 424070
695455 253197
567778 121909
220546 709476
863287 41075
929233 107971
892964 659800
124617 850070
304442 750048
496513 639999
193067 915599
744914 214424
802366 999189
251112 835078
203574 199424
355535 957764
750652 290330
143778 479568
161598 335848
930397 316279
256036 657773
473200 416245
442328 184363
884747 414042
845141 266441
451000 495926
320539 982109
907376 579779
188801 826589
982432 249088
517329 650182
198410 574885
462157 383715
923873 535640
408801 100808
737029 920587
845967 385324
292834 970376
611134 272267
452960 84323
397153 843760
80321 407555
362257 466281
900201 724211
661089 972876
357472 519689
288908 681425
337890 535162
387140 101018
739508 403675
697616 955405
150332 655422
91891 181029
346264 805772
999140 701979
722494 519723
148465 168975
66205 450133
498194 643503
6059 205438
69726 477051
525885 532681
44867 333755
516368 611575
188776 443169
838328 66820
529932 571262
199253 263141
86164 632955
878246 511147
219569 274558
546297 832519
471619 661466
611797 393709
92900 714530
699264 774151
105398 431103
839878 819090
313864 761023
665896 855623
943161 622430
563057 68553
283342 498040
297345 521587
297819 943980
990519 814151
445106 598852
555255 882432
532985 345674
430072 302478
887434 482683
139981 250088
916347 381670
789589 480273
369945 857214
906637 441436
337729 39919
678288 62763
978 140618
810667 740790
541320 787059
382148 729766
96214 388758
889063 266020
462379 124113
317240 335323
478896 339449
924559 834353
225758 869766
764248 78031
529624 39489
3293 793764
908845 827596
237274 405469
531943 696637
50796 766132
133444 638288
412390 945728
695330 267813
691222 523237
725740 852746
699864 311832
251411 902445
115515 512844
392097 909549
581842 639820
615142 786199
531784 595190
689736 612208
19533 195496
113423 953685
75483 635219
11455 223362
244030 330
982985 764827
449195 195
302540 842342
971514 319057
441760 99181
499818 903887
533528 378483
404397 769044
670694 684340
127001 742759
450714 735893
408892 721920
729596 888679
364147 152952
491340 772252
165182 25617
629802 981468
294402 399917
165590 561840
509404 421970
472548 90956
645378 556293
279081 259782
545772 374845
278435 755876
698573 223647
248727 665828
518520 166445
19398 882176
235535 178096
345448 731848
496193 193984
517296 398326
922655 324738
245754 299202
455528 861564
94522 742524
506034 761228
345738 692234
99946 97649
985724 168126
166665 263364
783307 670558
34981 463947
651511 695726
42394 841160
777164 799902
34133 324438
667149 136262
570156 657927
977100 186679
201461 753831
697507 415256
996351 270369
455010 933893
525408 194886
252178 911206
840917 386770
524817 257577
999619 10932
944959 104188
589241 800586
65002 58237
654214 194716
389669 370567
353419 863559
610278 2767
194632 415852
904775 134040
210346 637665
164128 114241
105598 470200
307441 975347
615730 428042
628828 891626
65880 909122
817700 513216
769983 992220
938916 861290
11253 144155
758223 403679
725518 544137
682499 711088
102151 47182
492647 658818
668213 100717
243400 995548
956667 546156
281267 29103
177700 461735
853367 654395
946593 700221
229000 361308
521757 733318
461737 341909
248357 176076
136231 839579
797492 690076
790260 725980
647054 581739
833658 543946
816264 409977
955714 618105
950571 65837
641526 263714
825123 337374
997946 708785
607938 518539
807581 417836
381364 844892
193741 864400
213602 604054
129032 397731
254307 440498
325001 474069
299633 700469
713350 450632
183467 60082
130319 665857
15937 358879
60307 543915
731417 151718
683904 576557
572975 271090
403654 56103
582888 993425
411549 959499
736545 877320
171134 680817
44370 203945
775205 77429
397247 845309
100655 429684
48829 782251
87104 424092
805008 614644
207253 387594
876606 490668
797180 668707
534823 536197
574626 740572
771240 754335
782529 724589
380490 531943
887616 345883
260073 862672
65629 198882
77261 460928
698600 742556
115828 745070
115368 438112
180071 221165
877832 483380
139508 52938
657501 576645
189935 797477
156618 708781
353249 599511
369420 428759
741403 548002
260990 612504
908456 578739
546053 904509
186851 705435
973618 809238
893914 509335
588962 661824
626902 206307
73924 431305
650764 335301
577779 936607
183804 963590
46320 257771
454311 23863
734722 785979
102835 795304
926821 192848
706844 266227
818817 150939
193460 178295
910239 54614
819767 52115
581419 21819
263652 815826
562470 158469
611726 813082
632470 940783
652313 104948
146558 586933
39342 702814
958279 558680
569341 762300
457004 659182
61141 579981
234687 422762
304594 146470
587692 71389
912186 385017
553152 790392
230322 155046
641770 766785
925326 501783
596971 624627
116039 595746
98778 599791
435739 304503
671869 9427
989861 952443
835011 449502
531441 523919
324434 693813
653625 73748
430699 301037
576549 141740
359850 192620
422221 41950
962033 960075
257511 614730
197727 811780
932845 750682
41032 635166
372141 821346
748787 694765
148227 407511
703879 684659
452626 515160
369374 429797
735212 650859
639298 734110
364899 763721
556931 747065
587749 616264
403927 807475
105431 49137
876553 819471
401617 132033
109271 700937
872464 500559
289152 619042
719205 187434
38974 814701
271460 813723
649678 607819
41302 967191
829205 31621
604327 601675
85471 3608
785641 405789
940942 352991
713091 790472
927528 477560
344867 137985
798332 40562
188503 368140
809145 549760
514258 758280
371015 798900
830005 654668
693823 997071
144799 693904
868202 828945
963806 41863
395741 317641
764535 292488
895130 116027
514102 628248
138424 610111
197622 243396
61892 942691
450354 168166
222850 555415
583190 536152
933802 563819
159588 857230
843378 240927
920179 807423
315345 311629
275260 870178
480119 468701
671405 582976
797669 619593
593209 164264
97041 708214
578042 66158
956890 716755
154047 981454
624381 612591
521464 760297
849897 886797
387223 123825
707806 457337
