762579008
385008716
687761555
967232762
815101104
688569187
450062999
226569569
57453862
920933441
873626717
527607103
401293019
52737406
264390235
849311235
31890738
33519615
88401927
466035850
961772042
49228081
333241329
801420847
963974481
939784254
126531479
175236584
531218739
426725820
597792063
234328488
158222081
902427225
731418348
355502680
202019796
988342139
845949453
472394191
888172471
904481872
288430693
458199041
690201346
283090008
748834933
930129730
372681292
57788578
967137434
766363811
173559586
793667554
128359634
701112195
47898524
684273593
234515361
866801071
29108604
375991231
623607898
441724154
974898207
671821508
650756953
320787879
526316852
814600419
370768515
202656978
298277745
256608663
403491009
45975178
838661457
118807974
32569291
542104178
550159814
383453146
353114313
954438108
207517234
366131893
926981288
471860245
575323652
162447514
231688180
848336927
124089777
362559910
240835067
231333320
224247496
734328574
921493558
366404746
670695791
474203131
824445239
567675646
162966751
590745498
788930444
883224895
217843453
580070389
806791084
486393402
576196984
207110183
664448973
998087237
466576493
648999205
344787331
246293700
20654611
487523255
902012693
330474922
466336851
611293919
108407266
741802650
850864970
43743043
555360453
616394542
757801240
294634221
34318084
37202050
180349070
577600481
304281350
875342535
834243267
758137361
868499956
880802131
490907914
689464993
4168466
314238075
903302943
538951415
798656181
77989354
387100052
966815165
36992790
385294456
887854972
713310657
199162784
353965842
807311466
664649165
29974023
803881430
309809007
361870476
943030930
736955423
921072781
939891216
917784275
770626314
457394410
923248696
410661255
192658819
309895987
74903294
28904826
320992679
410089643
109859672
36163897
883503138
431140728
169680412
205381143
585438896
265537015
811725489
156349230
449924942
235169278
212991399
786412177
517310726
16675029
187274791
671964623
803429970
340862568
606688262
183925929
755747265
271496265
814967490
530926249
83474868
831660318
68759235
367395064
448397842
821728238
800903270
496038865
117256072
524794218
546767136
518078953
83674929
673011374
231084668
801301665
606501340
149328197
181163974
900581079
152518
495253589
888314975
997323361
552942386
761393435
246016378
991478728
907668219
122465068
252474068
987387504
275298706
496040319
622229618
405386055
367028431
918768378
771019060
245127117
743749910
525053616
879630966
908366388
64109235
286238976
43048029
880036265
824253116
671698530
975586387
712705691
202092926
347494643
406776952
162034201
214183654
515381454
627565327
991837238
905918656
978204949
194480639
429739691
503831039
776781722
224845821
164540583
220746565
487049354
934529429
68122169
326736344
380544015
541255066
772294698
784555477
361981827
394919803
222177544
197819161
607011987
593716773
722963762
880890300
771572744
475656839
650828819
639993815
681753318
889781563
16963398
647461238
74830385
536968378
463170122
528857022
308863128
862530514
458858087
105032254
135214471
784230486
370977834
351436079
157360470
418725790
390464352
514214210
248219005
393181200
979829472
276947841
924435460
919348407
284113380
449398713
997121216
802972703
381954174
62261143
260391487
775199222
514594665
206311712
490230644
320688620
304150972
5383670
383914634
691531093
479618620
593522738
342803105
211065554
99674214
721222561
821976260
573813049
405316109
426754916
390334981
82018643
44067809
197605897
115839824
570647140
214612510
292320663
329851431
171953984
193131561
619427398
367677798
639279307
359925523
916060471
339470449
654575844
273073884
870520868
538659422
990725729
150487667
564072816
557752052
542614284
570723428
223361641
141506433
861889593
644724742
695698097
337119916
632719057
936394516
959193907
25664994
182763700
991020897
44209475
308555333
804124916
249248077
639432819
12726784
689100188
530518101
786611396
568017037
625520391
173778306
715950754
945287416
614864471
52501606
815064508
235804384
373486797
136196785
758883178
264444158
718446943
458882498
763772480
512698698
204198727
27940274
304702094
369620940
99135665
497904755
398647392
893068754
203803994
677880643
917187693
263435847
55468813
628910835
297209848
785769390
138482030
391948537
466692454
764049291
302638483
87028755
513834839
34408594
193473512
536510401
605116401
946528925
145669636
556992245
43605783
935925972
472667727
363630543
911699027
913705534
228965046
243985730
280361376
803916050
59066793
720039949
940499215
674942660
306311009
857922602
884165406
489805790
311142535
941588822
38242215
185428703
900729340
954043672
303286254
54741982
365317144
272614493
968426421
228978777
51925702
41241949
751813833
977549570
77726526
722544325
829620035
21675819
621759474
173592692
525865806
366829355
22464237
721130336
548336653
741538939
463821316
816650912
313730736
58128342
540688227
508130717
335532047
725611130
922679960
914753098
92317116
164205389
153674419
775591882
462433616
493401948
244789677
335777674
630440032
263466739
473025362
169494097
277305542
165171954
615601663
479702685
728427914
120768247
855131381
443305188
456535864
969969138
642103889
674407789
969948932
516516906
34473922
717895360
638794238
850897435
754918976
356443672
405331808
936488091
276623485
976488186
328008318
758216305
177488059
813500481
130927226
446673723
229995291
588813179
519934254
630674154
319428937
931422251
165071793
504160080
17393614
881565862
909397372
244051203
578392261
75386549
680714593
292090949
14309811
426228402
472136988
519496838
258170688
360179347
472840795
309689267
821867304
991871830
930323249
861926437
898859252
985037946
131871868
995732018
166938818
485610536
116291635
381151957
830890635
918360003
701142137
241133472
86548117
957753694
991463325
640087439
966541479
518978434
840457641
818148620
837022576
304963959
719302763
825752047
726857446
985225545
711498255
470945712
270666341
746389088
669527950
164665409
741303191
727144026
421694993
613414869
24706539
265864881
64826001
978676305
845361328
645132981
903031195
263633867
241888069
920071285
908804936
112637383
857472571
21768375
70796503
80503829
956350687
60679090
686424156
424616540
629187191
254340502
588586815
601970936
768204818
295360768
254475342
730131792
716123801
445280156
863843492
604041664
891726897
240885475
524872052
527172211
801019832
322057946
252778267
396369716
519084726
52650193
264703661
601808588
469617799
978640037
292323305
636311644
754291766
284768509
814033566
94918945
616072687
793277412
72703472
296694360
311174278
220836634
257200236
274188106
209876692
699560155
895551326
580003907
619456599
47295625
710790622
973860638
511917701
119977584
606912753
956763549
401003084
866673313
324127073
879303716
610804558
533700913
912212042
790741462
735357749
234440331
332551689
796004431
73086645
198985335
401029535
310484255
976418386
266648427
386144679
928290945
160920439
97311003
349980632
243803488
932267198
381043130
285845240
246847212
65486199
205289471
433970401
244164182
159085834
765610472
565076344
560810645
151000022
536628918
948757776
735408790
173501669
356799273
713968284
484272810
932311941
175720430
671180727
227651687
633957758
239555296
80313877
10509536
559061961
507653621
195888401
794535834
233940502
102734133
842555160
164567314
490634583
548212616
28591505
380390381
191374388
695997120
138502010
29183403
361421077
638983588
858760530
335718511
704935327
594343723
258376808
585567006
375285970
186737301
852649060
404848634
616410108
534983908
426472906
667065251
707844931
702851421
311538715
193008142
373447312
34411758
847487081
102742061
408864025
861987338
468343477
412298098
886754304
456390744
868533429
538660896
325801270
998184704
664958409
896047607
979392000
454715288
706963517
67090239
303961849
287938840
387832653
215535219
563260024
676427136
266762909
213657126
327988629
936781067
363370518
484043111
295176479
748262728
695851535
271434619
462251490
163736131
227491706
522591184
712945684
572307148
466691042
987315987
731727041
253672473
847852473
141845279
339253459
615626619
264246389
193917080
244763395
606867932
535549761
899026701
794755420
732573947
578455678
307756911
365993043
29406811
532142438
448592294
202771783
641867286
563937175
87355855
754669005
753917637
973573622
369906741
277883515
130644457
906998051
949055436
932694740
857985086
525912711
38711324
603864695
159339946
627501285
47110711
243166690
918328102
502930795
195058037
590809124
43393215
823127758
659052556
595018549
515779826
476053153
495004297
90315649
370169808
558526557
833058708
818025164
294371068
783134938
538075853
219269797
434497071
597016138
196464065
246727765
245346033
522385848
301193788
11727883
904336047
840760499
183719611
251260660
516787251
332569797
770427547
459421655
994016748
133565453
941564637
723227042
282055502
26094683
731976036
32781405
16631541
325042177
402167468
16199811
297687272
823871955
917156408
21033440
418901289
766138668
22970392
691920234
127863466
822938954
231858383
488047566
709008202
177075905
472635649
62010215
97993563
611515881
57062623
848859417
249429672
228522960
256824306
935833380
445064263
12714368
12388357
729853858
524288353
338552929
805834188
513688494
229864110
569063568
235650133
367597761
720819122
940376938
532830056
553751513
466223257
610810688
75978921
738209058
357090376
635489260
271693476
758228050
879153473
367739641
507297336
697965331
607194030
585078374
580372892
378910756
416619655
840579021
169338714
379816470
760559297
349977584
923808545
705539222
109889638
810787480
534504084
570934021
271399644
741559769
340390733
661252785
975692583
105163127
330963627
44147090
318951711
351747228
947161543
367312192
721084372
743730173
895469145
147390404
793543680
990604932
93067001
726289512
415889361
693504724
4981173
193246172
261404595
769020985
214326556
53929398
132134581
320351415
257579359
312238012
280971004
873972789
439966912
471232872
442184675
360821325
691347532
802154500
561625509
702775456
453686601
171433501
465103931
800922841
498501399
609324010
222889443
498439325
122603171
732100756
611375853
29350577
462046987
431168207
84263409
768573870
895209421
738692392
40383092
391310405
79537509
935060744
842638136
969982996
954056259
379414577
876305118
538662361
72063819
525840936
964615029
468723003
123065676
84154478
667332591
951248626
974971587
787965757
56997971
3803742
525490077
821351300
95010077
96164897
977332583
440063280
779217482
883469641
74092405
699384592
967661307
216255591
666805150
333216083
445759859
156922482
925946571
548744703
442378793
568495221
850285178
862740450
528914758
36440255
981730245
821784141
112645568
283286317
375771385
444471008
190571855
879678845
191889670
874935509
275325929
833283638
850405466
149484449
540853457
419926404
164659383
540967547
959793251
284066059
595152884
470907920
577279019
272332441
270658900
14615566
842317235
222168360
836450813
97992071
179354918
742178519
816100266
48273299
356377323
627502167
166273100
144447939
579718947
564085752
285666647
824888253
175327373
316686504
749729672
683095791
118202909
786909341
726285016
354631285
150572642
376976006
631688579
662154694
618641697
156103289
910214625
363997000
567579698
200737778
166397967
814406706
723399843
431534532
893150374
893286078
739412971
987117785
826685151
531565104
837305261
137425711
10042701
184733422
474144261
821512227
927851397
193186180
784507558
946558828
788423395
953343052
76930785
161159383
541689658
229689729
598399860
245129193
881387216
599673514
185877815
363834771
726638485
293507192
763805601
935241880
982764169
494694380
717579986
560047377
170954179
765006954
605819037
282076101
483705703
655283935
560120894
16467193
616516361
202816025
151536235
533981515
267647039
543771021
411419091
62061074
925169987
377279001
647419232
212656361
446397056
680263132
251612275
144886307
921975407
245540977
740287857
904087404
586548796
258537821
18919815
97339489
778851788
666916568
287718905
404756564
982877823
152704222
758926371
100584977
696127059
537051137
411812098
243471524
534581937
153751695
943170341
103033759
803927133
580761856
155609064
249333097
825914589
276615548
372375943
981658114
426822090
21945134
451970366
705772166
236299967
596010612
986183473
214887679
115411716
121327158
623545281
520142315
334850992
601744866
488595182
854125913
561775627
978125402
759717343
986863374
989986538
278431525
673283775
419781007
902537766
650255471
724798748
952551518
270397003
360087634
764986978
581055324
788080847
775597126
589360649
471690555
55069921
226299123
535220496
511437919
33124035
458756535
26782835
916062653
185744820
987102802
666772606
425326719
140017497
739687484
917794364
770037565
766249594
455172282
948554608
588802802
64850305
402691448
570290282
817392118
812637988
570557571
360233521
12363909
338863256
127911962
4548251
908950743
729439834
932650314
823628608
623102835
296764272
886461978
610630414
273918657
766253987
300011794
978479737
449274653
834135641
655987989
136771825
504547416
321750788
33122961
183783585
462559815
99027144
88080725
123628974
679718797
332415896
881077138
843371249
26174465
279526630
589037394
387491735
228867093
461891614
874164893
71426941
545145600
895686015
507719325
508542613
224651501
104943953
882306528
465297160
355772402
985944276
61293816
179450561
808779864
560027873
46423748
701583203
303491561
159392247
307800884
350046632
512913929
767306432
691392047
980675557
680662468
977541893
66963679
660886704
129553617
219286062
989908120
225644204
849448437
361927559
358141732
351537067
775018334
449187634
268495691
87387027
911220102
6005375
800887508
919198244
555035378
220094274
191496678
489065115
547821228
527188719
827793783
979757956
15183354
226928808
768340316
760020291
711321813
833334570
956546363
452694334
548193465
34839291
577078607
77407454
863820465
161453892
870837750
401264990
551281071
205980708
399116841
946901830
328846268
370309727
605018112
397541066
824076234
424973619
31217045
922010640
616005315
940944371
484924639
624275749
458172083
826699282
274222692
28446657
246181576
168512379
116901007
515751047
866891911
667036870
731216262
742381198
512954399
868523402
586654987
811635062
202719980
380444200
992711013
66799254
564588668
130314014
131100303
716801964
997190699
506735945
646181920
92641607
255053212
594296660
746863912
341714393
843851953
656238131
249157347
502791220
601718792
208904469
70011585
752581771
446936653
324368737
582106449
580259977
528035039
168769367
549370865
316248471
199561041
130709755
882804689
246900664
529729109
240992588
620655816
165591031
751019167
3893754
226243916
412029563
796018298
267771682
771340921
155500354
878337139
242156851
863399249
343026258
331187697
32242512
246474221
82087480
331802417
828275255
921451824
944274863
849053105
758651423
319770610
679427827
851411459
170826853
436657699
866192873
369892993
148629420
867255744
325307955
747235816
96320878
31861896
172969654
944727931
642830881
364409999
696034574
314852908
21891382
441199030
964906606
586313774
893798866
560882957
571921716
5467170
592714524
763336392
516910863
26946957
825790194
942020940
77810804
414648822
385217551
98641920
249568792
610355748
994324256
487535964
947040221
956346024
179936522
314760394
24114354
59673908
959697096
931514139
742034778
93797185
797221401
144332058
924751803
557128769
810881694
484002359
542342570
461974824
375770207
81197599
744651451
688292004
204110132
340890892
425414044
447104577
135795356
536617302
536953798
606016416
906860833
317975080
985437762
202552629
485239336
697797078
591762622
680914908
293916261
573005438
761619927
812023865
599753352
511252979
802954901
239290413
885065583
989428899
817854769
609990062
705024614
116353013
595096845
138207241
129566655
737258608
583867085
471536098
425108928
240834430
619877505
168107104
639493718
895607844
268483924
439324644
153962775
124085840
435419683
278018245
756332427
917291065
938933880
625323824
349989129
93214345
882523640
15624693
817303532
102599772
411502213
527509822
381718111
926166600
280018142
232259596
401285333
624936337
418553858
213586848
960991168
347866645
820889626
550353548
580272467
758984474
735669524
20366721
836342741
550932155
533200800
682722001
775707532
86663881
140000690
650239436
179546683
354001152
661764244
425123393
171560903
94177287
773917535
878271618
935051041
281735178
604412667
239362265
375414521
222022510
184235692
594000260
800508638
857433768
476449658
229007689
602605948
285789526
748394769
65392207
965200653
656870636
359911524
307790324
906171333
636892323
35911614
947768978
559307688
503792588
626662999
929562009
631600156
512212890
369239644
881959032
1364652
848021719
652006093
274229580
553704770
335663405
280214225
132275190
976513571
381307871
251069779
832245864
811936114
156739266
971215633
426509522
135009188
209779251
801377773
960290036
927613443
33550286
940516007
813929304
102999282
749681273
254608168
380113556
681036526
670779147
562940491
315426064
704995582
53516008
943153066
464242326
820860968
296008326
631057753
807231318
257258460
476296091
952541295
963986772
438405423
908186234
550849053
729932180
647629533
99393991
495821062
917294892
917892124
731002598
164243202
176542441
297889140
817590046
536132720
584429798
157344577
76098858
415832615
348646027
90219673
59707808
387662085
44770318
846139863
129242371
517044610
6216531
945805630
728136443
247944065
44220739
236716316
719096701
330698912
904986517
448264788
218602487
895910336
346296431
203177398
934700367
713916031
690668012
978233950
650689240
28572319
379846632
656282687
183284272
566066030
729057935
239032344
224848971
367410522
424981555
898235330
351999938
728818268
28606371
935882272
178059901
741721498
390426638
438732204
101963150
951640459
120939890
702786396
131750575
171840084
34916520
765867878
724638028
91773323
794228585
965311396
407798787
240034448
498360327
271605836
91657499
977318947
68563029
511209930
487093081
647133509
89715306
218568481
820440392
598470340
681426717
170257703
125851263
473408492
65823536
652598185
478849801
207595258
359162980
458668700
661424386
287454787
639817422
252341061
473832078
114579474
447916418
783754586
196983971
429857807
174600753
496240283
464324167
332669990
234961398
404966584
50569848
727215134
299574977
12854303
159217695
129413510
508765444
873903867
389894286
769624435
392424566
245738413
306478968
590176805
897827493
795280909
566163979
984196054
530839861
979497980
600062152
675122241
400237308
909842106
136970061
754165169
368157877
451981543
621116438
765519424
72377481
853092888
471204530
255336478
949417820
906096068
972009250
204690642
81881953
872764162
62315549
381964743
404226742
784237618
412700016
982423643
834363001
410606870
811074589
129563124
114895152
928701699
92335401
679421867
206739982
47705176
589853900
254950230
388718517
629283893
14528022
387546289
50991168
52588739
184770715
838609268
633175101
448804472
256814621
496600031
332721087
247686349
995066093
904908664
898672076
970124295
612427180
274359144
228490134
612306024
861751253
437543713
186851298
305304957
423551332
258020551
704984139
83996937
829111929
743942140
138407892
452015372
842210975
654550683
95998609
965770452
882998317
239079489
214982501
211141626
755462386
818887449
645868182
870403105
270119866
228305404
513846123
884060645
679063153
947323513
558575026
790116934
232635291
540031288
824213057
762037960
173699450
507778251
980684123
473316605
354289709
839197652
739271225
156404845
293505967
130820795
77087307
935570436
497221326
11297424
115737740
962670610
431723080
374851309
157449475
40656533
574607460
840301502
372322991
517782971
163198188
680066145
66943071
347310550
994157455
644360732
110625616
40124272
314027417
101277350
328757720
440484581
184700804
236581375
61337022
252942844
857604575
673886471
626021489
123076635
973757980
505082770
125886546
231988180
600868823
862875697
390883640
527122645
971150079
399558696
571604909
702846189
118053340
795276865
896896005
646375018
426543600
975624862
50134183
752323321
785529160
786889225
505192408
243514181
548103748
446730120
761590917
318616926
454050599
823603023
43277342
273780677
316067262
150550971
746374602
190114662
883140707
744402896
191492839
470671712
458406708
707983275
364501572
399464031
759467115
383288770
651699049
455206226
661830147
750002334
627264015
587567553
542259302
135371808
90387524
712356265
804625495
580789584
412812916
970807286
291368929
947048753
407468914
23759897
146151217
316601862
686776586
158046117
620995032
867890298
343547858
456440974
478204505
771070912
138612188
977323060
807801663
975177441
315021462
402517505
102447016
752600870
623256476
11117179
493617348
574113367
291678532
906615899
400211741
343709136
945497471
617337461
774019282
533169083
789475699
928547575
355376089
528051934
80281605
311525934
146013855
298928203
611425794
14094785
992832022
265451411
573721399
659037970
952284171
152462589
844259261
170330553
114170112
879622521
674226420
717648277
580103464
466710226
921034443
60221850
119888962
944585327
262711223
257548933
843108781
948410416
659609066
109740536
560483010
28564086
928552507
120493598
171230094
951546099
585581511
227724692
794923914
231403062
979648054
334256561
883809009
303370485
377183046
210386601
29877114
484480789
293095482
484242701
850060308
938598673
862644009
86936200
696302216
243848487
367039342
777967628
314529430
522845341
668887716
197604489
505527735
396344080
652880842
39320259
78435013
364190900
272559883
232655758
928731174
828022013
234058562
951176134
486353991
42120774
216214196
885720601
561403498
427892941
412220712
241105254
75514626
626658925
90825868
522007271
652316093
883391045
805573603
883496186
74381219
525225691
399302579
861259487
303666090
4691013
280847234
221183490
16454996
119114094
545172654
477363514
611414324
415947853
211579029
486200712
6662690
876061733
615678166
152739858
389983845
343781039
946861766
43679141
894368426
561966792
80821051
808166305
370950261
809428012
995406092
286590320
582090767
30820073
752418986
964542128
29382911
763569435
199632357
20021307
901694269
359683568
112329439
810373312
595331052
806181198
827639994
535101136
26091389
602976280
892862818
714111626
567795515
402515965
990221064
533861333
774701344
228917785
923039886
119755614
701826878
86925329
732248713
636600526
4337236
394589537
985470411
737888151
24976597
753753868
717240145
212738072
186927515
627801318
99987710
394259072
960813323
3823316
537218702
273148576
666828454
595361413
483946589
910003580
683036893
488026443
524813936
306536612
346827662
456209100
561115773
891242198
489117465
47783948
938261695
483407188
447958618
153281824
791401260
393324087
926543506
969850702
889936739
791123731
677031141
258212522
556978564
188104518
884871542
159113760
896477500
174116021
139821571
190262788
340738260
861861310
632822728
837690994
23385303
934281172
878942892
698498850
442441474
92256074
801265067
724635831
871442911
486370132
880853285
232859422
988115487
597464857
383207771
877450707
303943747
863635360
893440015
617086352
555431472
926718155
212240616
727014964
330178100
173365892
149143998
580575365
792746978
43106815
784566271
255095894
533418932
651370841
793360721
698219080
17261323
663770327
557513197
455644163
286158251
158358765
430908090
975680887
624757555
12923624
468742529
775756684
246736581
499846900
59433565
525080738
617518394
316508216
532383447
188200239
967701704
578199486
887094428
524478910
246912677
842453134
424681328
474987931
973648747
855873072
667221151
944951653
390944927
112729600
531385203
948337767
38350463
361242220
726523143
996128585
215275966
968376291
711444035
179182572
425333190
946585348
697690800
553466098
882175883
970226924
594314957
435519514
477544031
438203659
727486960
610428119
922670656
433209469
456095762
722551802
125539683
23648931
399645048
461324550
199211038
254424413
211056475
119556292
192379277
446462089
875421715
589341283
932573133
480482753
820677851
901993984
198320413
171309023
12980621
821999742
612743296
72927189
729414901
18815080
993850353
467464026
180174122
276470514
960043330
377617343
552110431
707290653
537457950
186402429
264453608
757429605
549353504
678514382
632672767
715193098
33887090
922612745
842771940
356209801
610655472
777902921
544445147
393346464
613397025
226449990
386041703
571860465
81568813
231984674
35432149
111371699
101544625
832055752
212680705
353590627
780117951
745102919
284233368
476320741
466100400
826847665
273042942
45820738
492432178
410116692
700488813
427261339
675844543
443484070
286692925
948489809
460965818
871764365
974804999
121209684
261893221
694633643
67342113
984491816
850177986
459185336
580263246
283728246
361115239
182418553
353465594
225402851
564510264
81954372
351096525
840358988
553477146
613871744
79009256
360041497
937179887
718788794
614622523
208190334
598171579
49664905
906551744
436955114
756004372
165462758
724103821
739353587
310184780
338259486
652607487
4090795
240527449
806513779
306952934
320726867
72773530
563882135
770040816
864899482
400476185
926788260
204146627
97921845
380554770
493522013
457988894
970320028
559062226
783145787
820241491
379487712
695853648
41045285
497870921
491446366
406793775
567623937
217719769
2174513
173538056
359121824
524259570
733017184
180743642
521078155
551089110
159049935
758940121
150369994
721578863
26959449
361795831
527501069
748812147
292685693
232224016
183888782
625561000
285030647
976210079
739627571
776722786
559371882
840330971
84918872
150192981
388432038
267077138
273989727
628081322
419470546
75625192
823440282
978930632
697958389
511967919
662418671
903810123
699251140
212262032
663563864
704656768
449861177
330592051
660238700
790813153
530041541
581868601
430472419
747488678
872469867
588362422
322385327
70912777
676732302
724833933
774610131
300031671
406613451
127960911
42112809
651036105
944680026
991858267
831419204
405850130
368918919
850294292
511084380
281115909
576776009
873163841
175339674
534385537
636373777
840648888
126250414
892628924
316192992
389608627
899024100
515099347
366980476
95355518
876699219
571993641
608475504
770632173
156653659
443478858
530363636
139574794
112271149
627856098
726968719
713563702
108044276
44098284
423952276
267044445
979957717
854793328
881395800
981264747
131354118
890221963
898138951
822092979
567174965
926068545
854885596
463482378
138841471
429056800
257977742
309451992
899253855
819573128
324390707
50600764
175041953
89690005
985171396
322283103
269855310
23833701
446258568
933631087
854235597
560643555
825317353
56651138
719213808
579096786
252558549
79568381
445957674
659608207
972815987
532182082
695807879
105312089
334785792
301144608
951397227
910480607
292629173
902346641
114752008
9615822
928838719
26964632
700221669
404444993
675481668
79207631
544713057
727876186
795974545
1803643
364030476
552205808
124623431
26586073
446638719
422178881
748403566
297837834
540389943
207325083
384890095
45252291
226300916
640828035
879538127
40340285
39832349
610898343
866077285
472433351
785350084
496114723
285221937
972557599
767729853
768887687
451723167
687958692
38713496
903786931
517468310
806914189
327669178
103615292
967698575
31829317
595583972
181314010
941613476
460181143
880239700
181412972
793350806
224050426
678481504
942213931
920798771
355306875
193326234
830978345
161393545
33895016
19214113
760056921
879295515
730758285
640965860
312556368
134899486
859765808
160346920
195271756
601717939
149479942
38111392
730620379
246631744
694803542
563982823
892084358
979974623
549973321
936452081
787225970
253468383
78188915
182386741
46409714
788802230
823557971
587871463
728989170
54665834
251320982
481253603
225828320
71295064
747990895
245833629
191977752
449260055
73805990
139702284
297929798
186009062
704228503
497775181
34497358
750611810
510679088
297953438
241714748
597065652
790951130
477016267
806163500
267194167
375228164
195123854
114724260
835862371
691789083
541997223
704865645
500226477
840044407
317442965
646795637
822723478
597012883
240995491
983856291
778223419
527614574
657917193
739286673
731670988
805904676
622744185
881951896
536831631
820311113
817543633
718509698
219239718
281876774
100984189
780059445
684285901
451654638
593032085
300376143
275423539
188964245
69413128
771741470
443245893
320595837
418009450
345228331
147534055
873900929
201073637
109013055
744110854
617447408
875833720
435022860
553258022
523799633
433499147
526700440
305454481
656579350
480344594
974347694
54286454
180866109
583291970
263303591
952236097
715891365
652123941
223327183
500139499
246325906
207232431
715721660
15174276
997115127
288772760
703873425
679980467
59409250
124468006
101379241
291943658
146790141
674650552
332390536
820196300
651520221
281771442
269618574
17198950
972518125
731383469
641276000
37304981
617840457
26494412
402069128
328443449
248934168
195510900
236847816
382876233
639425474
403877607
952229064
430072029
667767570
134272191
671445676
964645581
482961537
110634165
48161334
236855244
996663777
197651118
470237026
110689696
870571055
151228199
127203752
872816821
348999492
390273989
30723882
13017886
596388636
274053486
58159243
871826047
169262029
589075001
289903787
110529037
58684420
867523861
70829956
22016788
356944244
138562148
737895942
501196357
73154145
883034393
627182644
536837046
221494266
497519250
944840593
527960997
769469746
57698233
352886286
248317244
251005251
331443397
194717665
361710539
650193964
856220308
344613597
904730823
64354358
255075866
557714637
521973989
446970978
457995609
294855327
554041930
158181629
637928017
31767853
274463873
104857508
237136088
836570093
412656847
888660455
31556914
662978873
870032429
587128044
288578593
42453177
417553485
257317181
868517309
202813587
186762102
788825650
795132366
627219138
803072419
228644136
109003184
333180012
222716767
921451854
796810838
501920900
638711228
251429880
560574134
116905651
532719972
217116845
226285113
832635189
117440381
435307053
143276104
967603425
69974898
365749149
635259118
498736742
166297865
626780621
745900481
763494362
782611624
619838527
853374088
851873922
528991967
527648748
808966213
329821973
911348272
436875318
629014636
88725589
974725450
652236241
541832038
381365594
572058964
906521823
331802779
209286701
837462354
448093638
606041960
530786199
991597121
625972892
507776152
273728624
251510005
531979882
993840615
269744878
208748903
334455904
902596468
979168087
547663219
296857788
932652048
524571668
767874155
782650184
822529018
168820201
857481044
888378730
171496838
837443832
954937979
941929722
313099459
868958800
742723531
768333133
129475586
955102481
886873841
903944560
974589435
659892561
862481651
53988440
176699123
750955153
866133176
297610850
593360238
666398051
508486691
15203695
491587247
178608006
507457140
795016098
364449254
141167668
161754412
599557763
80787848
902957485
252039896
625677471
239362375
636228179
284613459
400919846
608624968
927563298
547993164
877617220
875570637
653150191
466027890
246495224
534495554
290070394
736013024
996458952
346931070
557239458
930728740
360565104
777450138
425310851
991955698
642639042
627013065
565672830
67773709
866740127
9545712
997165850
90915956
224654763
219148388
967417528
64372493
982843641
292471220
791076567
949634454
68294143
265784202
585050553
886052140
965934991
889342724
944184261
96172189
989715103
822652372
236402207
563895848
135988930
372896162
448476881
379383981
240124962
303163428
227648048
547561995
315530324
88347448
978608067
870310636
23472058
785428344
528711362
115072792
216380561
393713008
738504897
643918622
867764191
441248228
753890329
494289716
434577184
111269520
826262789
520343025
158025235
826256144
315282875
856164956
438941689
736064472
727248491
295654776
383696110
50078538
351775217
560301590
113108351
590101710
282477148
951448581
623176686
531957204
407839414
598017456
204636348
231767453
222853235
191351345
849730286
21868483
753580405
887592849
612873985
11703640
410638838
41590624
341870647
281431277
811994260
334311337
802673947
887274285
392443316
455578202
406755041
435822415
724184200
211800141
905850590
397095615
199437004
928680521
745920001
373535340
258065728
595777426
771741737
556134785
543898674
991073709
967661621
262752453
437598914
320766572
345471921
397425106
806945603
480344831
916927599
593394710
940117269
482474248
985726997
476202596
290868949
424007841
218744891
97071494
937182073
781486445
181746925
799829843
481987698
926608346
705969521
248088563
122031567
534195942
517597804
207458284
271950903
167168796
507372386
842593118
347053083
707559535
646744621
365761418
93920185
386346206
778871756
982871595
558283082
87524015
891989899
488600847
230293568
784597832
721673784
327201574
470986084
433800523
902843554
520040928
200725403
736321792
961735637
335466909
657911546
942193527
466130257
212031541
149004555
800469568
887078594
617040019
951893272
733296604
220112013
638387587
688982629
33054233
780645692
628771265
592291219
925128712
807833241
967458412
369242373
720263167
885250081
208957178
513999768
773974761
730852641
50969753
826075023
244932530
773675360
429783534
860461280
452393788
257789134
859641240
124858086
396546490
847462969
896347865
43383964
962431774
328017434
835054174
465848061
281587223
539868625
536859506
782393006
747143651
649514116
86941054
654439663
477729292
521324422
508757575
98370338
541696560
739331463
108875469
15746842
274661165
289777615
799747169
33570041
2968307
362962576
455081461
567952328
291859578
983500897
974621979
506198839
705635708
724980879
415733184
407292890
800374618
889232377
266579524
484296472
720060767
735033014
350674044
693040002
885977694
31648311
560734175
675290142
145997241
496456537
510585520
820230346
480994327
719575791
545787783
495927423
31576970
352524457
746557753
891334182
659406604
951259972
382480579
720215408
221346029
727554661
523535180
733087670
868190513
978543115
941133617
415187805
169999859
747262348
542337642
155807787
822323513
393672268
632480812
261720969
558071611
362745098
82937073
338057402
186609875
457971882
149287218
200581617
268840789
223267918
317509025
863579285
625576640
232910740
905131746
160986442
6410602
521861646
903739507
245932471
453250111
976140939
393143986
943062539
52197684
479414658
374372614
978243632
414672604
484420374
319183017
518997787
329799065
263197180
767911112
312150249
370463228
521068875
749763768
311292166
909923231
170683632
59066630
937417111
963000206
616385871
693113923
58649883
121619344
538463608
992700
348790776
350487106
775766841
19284519
381680493
820111013
51447077
886736018
711163966
686883969
624497980
184587925
693360453
815836328
156570583
981802836
94675096
943117665
507041750
711133846
259338585
821914265
964080346
933893448
363090493
242561623
853673098
894708932
297521970
248600631
975120741
633450406
168899459
241019562
588357163
386352916
111876232
467897750
958275391
890482837
976797509
707300210
817431098
983449238
863098020
918266448
328769237
556738194
153292789
522318249
504122977
296280341
322522409
912821679
766647968
316122197
658569046
533562081
572515835
786884641
868561755
541881930
129788660
901768645
873350114
5232443
181349738
518713292
336630254
456761435
93467084
512306930
386185139
472297670
639216150
372903241
568484718
462122864
843671577
909116145
602324048
244446357
997375421
350004629
658513410
561515582
468811140
248255419
849224199
807081521
145455951
213984890
737700022
854795500
370140833
828989995
289925854
820430092
145132967
505942515
357759719
462104014
724002633
118280110
112663061
237258262
784384714
863573278
369136477
291355392
173405866
689233252
381526091
372461061
88885127
439230645
79707227
697204010
191822571
256959418
534279611
811104077
682110137
27621780
161924222
482518993
674518477
670464104
732096409
905581128
177730183
85686429
443372796
106190007
563755285
721859640
830216200
73440274
30028686
154166154
629012618
665662169
655594118
247776757
357703783
914005560
102102798
262035173
604177771
429497324
549544326
805028725
61233964
528414203
784059491
670933378
135296914
202892402
69333584
881046139
231560842
454717884
20328623
25731192
64199958
732264188
858057543
795954839
447998753
330571162
940280834
843457073
798836386
721918363
53631185
292290689
655008663
939228053
268773290
698438447
862075442
631079155
623374719
772250025
213640640
200692552
654467038
793872501
494879330
387985916
735224648
197698312
377936805
380308657
794455957
915426789
593095059
427226945
314365177
591538437
385584365
122873922
560266754
898430873
859267959
424750652
341983157
166987785
160464
923997703
869250158
522887828
97848549
997353014
570675642
455671693
903504899
608776156
97919536
908800787
379271872
96688153
865180056
247993175
210331495
201946657
26903655
384476818
532401176
220637922
393087554
135248951
747938404
213250146
913461266
352471417
674023002
740799641
61847579
707926567
69469283
275974974
985461286
498848298
347985263
87313234
766119284
937690972
689394532
742770273
429702698
106371999
485317259
448496774
377349793
975820536
490484903
801562474
986579353
513923909
180657899
566343513
304890055
370037119
200763115
228437277
764491482
364438725
809595010
312239475
886301692
235802979
966162710
437381408
978020650
318655620
243661359
576961871
385580644
120508223
495897635
861755080
319857173
983335761
619769354
548710581
775607859
136295533
542152372
746273607
763130185
69201731
473533090
725690071
148592894
42136908
811265970
230360894
453162614
760104042
321694349
862233763
494626113
716034338
533247503
904492282
765227411
278538182
821427457
62366164
485081340
467436901
216144213
452989098
671860870
870834102
909188918
70843179
929116174
396553556
21449091
228997070
244731120
48624774
504222227
665818914
721604504
459779873
632700487
516454706
490069688
459336951
741809123
599773
859802242
719093606
962797461
628135115
2541942
87400516
441742303
499276341
614713876
42618116
347037224
24965345
615336002
637313869
371590834
39394491
22245700
314955247
647755144
935980797
329065038
669408895
652411481
70509976
293133842
988867611
210775402
74850173
917015402
256271979
194549196
296443460
820621897
787228030
421789350
295690991
123126738
983741463
172700180
402374428
637617055
963234361
224967810
277372590
657145524
290524464
926536329
657688979
119845986
743654119
200732244
733891748
223667661
239438331
992555934
594204880
631908071
287528220
97919329
682240397
326214171
873859331
68411826
687576890
808644047
605290139
275027377
129485485
907277393
763793423
226902146
201876527
831867775
917368079
570606049
31948627
552581343
118671972
207566865
465340081
62249106
326334748
325560196
349608183
127700635
146515235
738800470
538014454
548036842
394801716
266790289
62880380
681429751
71834315
955479222
307717995
687249728
85350059
311550744
237310089
403887005
759866525
991222269
326661079
292573342
278180263
993152085
544512566
137773833
750779167
850762248
182725618
711816545
349778454
301026916
190333984
215958661
800607389
382542276
374027530
183063947
74912413
212916278
241189450
102024579
345395493
84637859
990254958
728381254
176789732
499121429
733071244
584197010
236775183
50938576
512870298
773268768
181523624
132889541
653610504
200270210
122033592
68518211
195904671
594421811
96490704
27895076
487521188
372179857
297104426
405152136
497537338
97533868
378561464
947497933
173545211
158621543
654343878
488858825
15678331
362386894
492717840
808342608
914695562
313982111
480124077
506289898
444484110
880220826
892062470
4238220
806905216
735404421
714571925
419556047
185345986
266683702
992728676
787792367
783660568
133535369
155561306
67697571
990632489
299924065
799178587
694101192
351881078
7924640
838847575
679967759
6442500
853807566
504630983
358596662
835149561
149427380
861729094
45226060
482294604
683641550
56161079
742946761
528462808
310429994
226084849
339226073
228820053
815601430
289769641
326544710
573775759
769241777
242800647
758924422
352014596
181568845
128921984
884910700
803958123
990154946
278661252
12789334
488714787
445866922
628057872
864599701
163441184
159588486
402580249
24729211
356825786
80765515
563486770
95370079
534647802
754783276
294149510
728958452
277599746
594939563
841774937
886825986
805860267
502528671
595419334
863593735
794284637
588162872
870045894
171606543
323029514
680110041
107188665
265196591
639564038
461361982
915883579
419886361
577025547
882113793
203645260
536387327
250685408
323111959
925111611
862670072
558654981
839912865
953656654
497230388
533520936
485584528
296745794
713553556
680530660
980794003
494997111
658860828
430978608
84382049
817323527
460863168
246841681
901812960
845287848
703707794
693150413
148587992
584247062
655887288
314333445
886956764
643164299
696928970
147139439
119901419
388254754
501974478
615120972
305155503
109976869
561122703
445043707
508249636
559051329
814209750
948523967
561905735
49878128
524781493
548392504
319887066
261155714
106497271
106849959
277028788
311536377
197547334
164393736
622589888
372288221
595166174
880164103
137984196
7271735
161605247
308546350
250362401
479991141
569907017
926743540
203513461
427192794
117664385
846787097
306429281
992644697
682924312
114645165
544291056
298577571
660850155
315608003
368919174
924229482
228074637
238795485
126751461
599558425
211850341
706292205
116523442
251751086
35954314
673777319
748143607
749174391
755926370
492898441
25333248
105690829
827165593
873897765
303060993
490379137
726767407
822189279
842097136
622524720
496610244
169213732
440142793
273700613
474194925
878306769
385455563
118973266
99623570
740692661
85546601
903842700
86223912
878446451
580940606
997798872
585765251
205610193
701895576
931290095
874784657
653730066
617992133
845230233
230527226
27745296
790846895
198194729
833937366
399495988
836089886
227353002
539921339
463457723
468329666
193094233
174079113
593683876
606534171
247504469
476352553
738380210
47066882
802818204
750517309
46950836
508560067
373810976
801178708
975491820
732827507
109951798
488316631
624670480
24573309
346418705
381740595
165332358
296658826
79714052
464124167
61966789
329559745
396151387
346358381
985804118
805339111
657807605
457580842
886497122
522033375
61519398
492879406
941033045
654610484
802941573
125623893
731993131
41165039
288012975
221416604
862539672
784478054
57632052
287208579
749589063
940938088
118035835
269162305
610280257
612658453
100885962
124741187
394185481
988740787
1799298
561814934
733023578
138325279
276863990
341897350
789323104
206792226
729168842
74189517
732291857
980763991
879957480
363188418
620773989
981200389
871917269
198395971
926757529
386161635
677695732
770133384
292465710
988182655
502070655
619111242
338735130
93194442
565186678
981442830
634512473
312422756
630410126
184815814
968585107
118362322
960360617
811343365
335037833
194626523
259145531
589022369
408921145
988988255
273414792
718850932
714141389
796611447
652852987
80491485
475201478
187879736
902953732
136380871
541311198
972775019
474842910
818939596
13231938
478445673
103114220
916450772
414251558
484733555
458152147
679261651
309352070
787098468
929436409
58895396
285480636
405568643
122807023
323797595
173828365
226965068
693607191
274427677
804097435
719598186
554533546
980274717
913921605
618304892
221919075
49206409
497272131
91722987
763763971
496199510
505179401
775310009
685957574
22964992
57018718
209869121
429781243
299809008
372006245
944065478
39558966
129416322
927975460
864746095
678462115
733098002
125151055
505627229
129825416
486215101
883221825
759672267
95435688
338618820
284776370
580452060
329589754
282919580
380586216
496684730
92810172
297064860
502933260
659000458
997396807
863612046
844040906
938481325
247228079
218626288
431863563
798755324
818173966
718733545
928374962
89968787
635625638
185403162
785571882
493463069
84629967
549058973
964541444
705801142
494653408
114445367
744792238
44872690
604254166
9558292
562035667
942296355
723721115
712113431
598229907
845624959
188552976
266088903
557261849
330366813
253258530
909920509
153948027
96361477
827944326
685219445
80110653
69611920
167290135
256483084
672396492
158078233
320273088
979815624
857050391
369170674
398384424
146327629
751776703
772463273
334336063
658832232
612216038
448355188
511878802
633612603
180100140
323182642
229772937
196421446
409530321
572109288
744663716
553143668
507620790
260772521
541951496
751265594
670042184
457550112
635207957
112915036
93826268
298146717
103796654
674085406
864181304
102925579
517461660
158439874
36050232
670683131
560117659
437595134
109448897
151260683
611088437
175692096
221015413
534343831
648885943
19961492
962375648
219144146
773771512
376758564
866527370
592443394
72335329
659767190
733534602
914539465
350792096
898276171
844854518
43520666
175735280
104057638
216523377
379772635
737843892
753116043
657453745
532178546
237089885
451246524
856808918
547378825
296719216
55159079
927862149
190060228
792849220
117471509
649050070
44983884
442444720
632685316
166634519
825163656
494319455
706459938
244921325
508814203
687328825
827660181
330329258
475034286
282124898
286066363
28066764
536106466
533570622
974326823
424185098
971889400
997265527
466584484
791362336
928463161
823004535
881609928
526783301
663156963
278602705
182671091
551470924
620293590
785617774
858794192
174308028
408400384
890371240
709803740
823089339
241520986
485448598
790904927
556195374
612719080
129500500
748035990
757434388
248664959
812027149
807075708
190622046
100775856
279395129
450647173
791304629
623689168
413736772
356528174
589334243
541046226
487018727
924198921
505106693
815872294
617151881
553790621
428033966
201233873
876693483
661834079
590531727
108477726
145243827
156569905
648935513
246508933
717390679
333167518
508012992
530477055
794980943
861230875
617529381
910650802
793750068
92725272
153382496
505008444
272266223
960716630
363383154
640916379
915646997
362745239
737549991
690119702
624055970
629183702
519296948
537434169
369957218
569927572
733808412
570805787
675765510
499267719
821721589
211497009
627557712
559561107
684499808
67100246
468994085
942295022
8011631
425857712
12531494
470195384
856110396
725555301
681074265
94334402
753049398
628787373
817955758
643780363
173190887
268612468
948425453
295159696
35950042
279222148
42361312
808167824
7865007
738143331
777720913
637741561
857316451
644412026
403238222
719415178
702604022
119407778
101632170
866069743
10891182
859397815
516036155
984636152
904569893
912979417
446823645
196880674
101946957
279590944
536198035
376218584
498589725
15362327
553669539
661140326
986670773
533289457
638500653
660484036
141206759
109647457
480281319
361920594
843252589
547872065
753952416
704145722
655302155
920634213
869291574
200619718
749954180
559403984
564832533
166880646
885019268
457293219
254963472
794156707
786754613
417117670
943559961
496300936
761406996
279793603
776152729
370874110
363924778
679737414
248292142
966817517
575079401
794382739
341099911
461567729
858467019
978108508
530096538
128253388
584048467
841628969
639261924
958815797
226477653
311199884
211981155
795118517
41815227
772126973
419872453
306176
76939427
428713258
555923757
993085233
456579690
864406848
87726303
691135297
790291238
49744410
707811756
713422790
431559084
286975790
190719871
125243649
877772213
296978559
499017009
169224947
491625174
960550065
431099471
678508884
659835858
121148521
909447746
655787043
712088744
239453412
649570425
727418658
356078185
139476625
789818621
564795893
448049831
846707450
365659450
82441541
443289688
867349806
505142614
535177871
391044760
627627904
531871440
468946671
232530703
76931258
798492322
339734199
531563668
872063276
510042688
456626290
108392484
979592288
968070996
841805299
344441084
33346316
21589927
434860719
854140735
589906276
202403010
496074191
914559111
75050653
49252653
762970340
127650064
546339462
326120578
492695584
734688515
313049760
628083406
506540056
887093726
426321113
776137779
203749548
701940530
4749186
972279785
238523794
384815773
681739505
205151168
672721982
831622181
54320722
723636377
412881102
722874879
370630102
935513222
435022757
949670899
16495335
755846722
779675344
939689737
812718248
280975141
649166319
758353553
872171115
456796400
699216050
218867425
61446834
7748487
975316192
78256216
68354929
135025369
62510529
43619080
143697948
157164180
74660747
495490363
164410964
83414311
5952154
731913444
709175315
480180756
779385469
774348370
605664496
67033904
985612900
199738626
810759266
380196455
29105142
774823445
387781866
200993357
506351117
751606099
38562133
60726765
396737657
716329163
722047832
467762539
904202478
61592077
410716636
852268783
715427061
800636975
279313530
896908334
77141260
435026067
270253538
812602091
763433737
342339505
352319344
596263398
543545724
668085168
471883406
288831374
736070092
690637960
350435971
414193984
743534070
64485393
647555913
270348703
769058254
882666092
711184512
484466714
509712067
119906351
458816931
767400863
890456947
256222649
899982181
60025478
839169222
404088152
433206830
103988663
720985310
865916221
927149415
583005774
674032578
878451569
683369587
231500331
550850567
535173235
856468156
768582067
102116136
402641622
334936032
336892585
663541682
106782038
245806460
266409875
219619498
296907382
426018620
639748035
155351252
439737155
70468122
659289355
927389093
393672747
921664164
281549437
389163399
18868689
446525274
554928857
338790548
723424905
716697854
880520330
564573309
377185708
571861875
817325009
757653239
368089031
991800368
336537072
35959274
555775644
646614974
752903222
696195638
337757103
829632733
52451503
45057070
72674305
522110271
910156116
958752541
756235818
393344557
822453122
188447478
891850381
307942481
693239665
856702783
507688957
733564959
22880551
510580575
968233708
943374683
160746559
41511306
554743777
822570684
641039079
892328492
307848395
769662294
260123896
581332644
691774566
457291488
259507349
70807795
415508941
252143252
884504986
169116790
169445758
29249921
144753036
487833939
260461950
197828536
784454329
977662360
292466547
132555562
352033530
386642356
553542854
926701213
878808508
187729593
601740378
116791819
270103578
186577453
969652405
889731383
458341497
416878764
357026094
90436660
330604702
116580748
36941499
887449951
250131829
956524630
200977552
625769224
316156408
62998763
974996655
11719263
919920032
349775266
100333760
815035240
419216636
952272614
3387706
536591453
921897309
521081396
273040902
936017576
500093449
318296768
352037527
866748714
384164753
810097523
900336386
351046156
554366154
916120909
42927680
246010749
703845574
704069345
830290279
970759644
135660382
191630065
92696314
365222078
269447865
954476266
371905513
363004371
244360570
243389625
245019320
705990609
303309979
623621387
635130032
572455733
882392682
678900950
505012740
903126137
954628258
312666823
169851419
110795896
518613718
489577694
566913546
677607166
223882923
29701213
761392423
632258657
370923087
295499347
501148349
420899936
791986837
159537604
305192181
704182247
364751251
914918336
948459303
736457812
620264542
928296365
590748470
350769708
112117979
444114653
467552719
154079446
516987454
580034388
277435360
856458364
966681818
975496155
17349129
275465355
295593155
862071003
776526528
877005170
211560698
468519609
822479510
665417157
400198677
31236042
701199241
933701908
138632170
251888071
535731143
518491462
443264815
444860643
886554811
489484387
995440768
396439368
17506199
781254804
650494672
96293168
528176807
586068669
701362412
996677320
475190732
239624678
110883730
885646093
632153029
146534271
939280320
326625822
396798703
244659163
355585811
14633606
384950403
869562682
818302232
78440793
115136921
501432970
279781655
751502701
788227241
330237886
342936839
918874316
863488522
690695135
598050221
931079773
785786667
96793407
340809193
974114180
387932137
915921001
815244508
647271901
405332077
299107825
681570715
297641466
881070823
882476582
569737027
927210609
634726679
403426861
995556907
466597207
208764986
925286442
514473421
667282802
16102211
4156797
427760341
770579942
30139303
593252366
9231847
541095234
433791632
809224784
402207814
388932439
822277295
743381167
647784377
135761210
320399397
464471349
839400121
974181783
624346379
953612120
311936367
780112714
543605894
555187261
548645731
403471205
607485607
647544604
599827798
510243131
734488546
243269021
714236329
556192323
9625574
311050483
963852424
534540348
548733440
571058622
230742379
827105443
57777135
232073619
422340721
25257827
545151391
961649720
421988605
324553169
529611199
452580368
867757109
357023086
754411923
586036074
880685309
498347481
662731909
202375960
698585613
329062566
506134043
962296685
890340901
528220562
322690583
677301204
451414152
48188796
259756307
577679379
551773810
358048586
296798818
796066015
826206115
872631345
833752008
767370405
961822725
889992744
523432584
943318314
619568714
974779190
582136885
137380735
858777552
576969278
790229249
112523159
294224843
808885465
229820250
62439327
22766695
415348775
629308157
867904947
403992643
202805532
469836673
398971668
82352798
830822625
294364082
330034971
950168113
379470645
412391063
752717728
384332115
870435466
69292785
417572558
817438712
427659405
718146532
759646232
35602725
217672279
54458264
741276461
920342446
784161038
237514491
181905881
928710441
67664512
258334710
340661850
495314603
250809121
610408732
229639888
677054148
949435725
587614018
837506620
685507116
872369720
368044201
116828190
302662543
902063010
515323609
123544699
512934413
135839690
756728093
542563023
560352016
554757747
787814948
321024759
158551190
234257369
201035272
788843004
168853247
741759636
369147630
67444610
509963596
366386679
675481942
130205796
741148713
386756853
338928153
444377522
498159266
166892928
610509082
81317856
529843061
621991295
520930167
397274114
768947477
437829732
961427631
118675107
15707835
974894268
788459380
516342284
796033264
849602234
783087831
350745780
624255854
199149325
342007630
453354823
977760930
615596024
670722003
367422561
322439473
189698269
143796992
698216402
658222752
61776977
802297478
683812469
429287856
276437172
686126696
223120588
152142477
184108164
467900052
54150531
229829829
683369186
850587352
435608676
582852098
973428218
804985952
207848790
657905258
385793619
842802476
696971655
93050910
790874374
974363105
159692284
514589215
210999796
181148800
351364577
994506845
955800103
960062023
920195363
227433620
254368771
79442852
404073702
608194577
367344425
490418180
173128612
233401796
561874082
327238387
309692173
60453303
451452554
313462159
738895831
651443310
234074974
220178047
567738883
154551178
444404214
193945773
925548538
713074870
757361666
847608446
987346696
691853023
761045984
583322188
601452709
648790230
198256858
199841571
90222600
674595109
877138150
666726079
707981601
370007543
16918360
594807178
526276281
169374558
601238510
76030898
727837736
432263198
357045527
641655405
614945882
5065662
361574781
429629575
700781425
208969746
786287623
503639805
256948700
322672309
529252876
973241316
585760785
419287319
516875562
908790674
417168114
734360995
806228885
441092231
931505511
409890041
633786005
846055815
687277502
959410477
763713515
571102945
195662564
875127245
485693369
929799049
126970723
476503774
591355472
357856118
249941004
263698414
853054661
974566598
198047373
861884712
188338964
879962655
173120734
467098307
798599451
625101227
960653886
302683765
448978156
94687583
964601641
31033798
293524282
634533274
492673909
689753320
292328702
839476964
940716368
422561121
659231860
69506581
537002640
566267147
817593044
433297548
860982350
225699502
92127427
164443598
69395577
66143047
83510377
418711381
467929221
224376680
727183542
49812157
668789548
60101815
849830522
165084720
340310272
417207780
120006091
403048006
909179230
345512749
146566990
442301223
166633623
298561234
816110820
800264658
773746786
346112332
252226979
304274619
58035941
77084322
367729751
118259531
666502081
776388128
913994927
417522228
601398155
40728545
706064827
332782936
418061508
305547414
638025506
878687912
831791698
20637587
672214673
266894068
857646341
444854271
559092246
116256379
212335237
546734692
569539629
350038139
903971385
10869674
489657625
742529852
362001460
25193337
244026812
64323553
669193973
109794884
282751036
926979858
378245144
461583478
279806086
800953386
5329056
798029013
357946491
651123602
340504395
570304838
592459059
529062060
943186934
950648604
309761750
424494984
893039340
850625745
515062017
578437842
657990306
766530684
771743881
872511444
173717873
225810702
895058384
692011943
148913623
956225754
942415889
380969892
238346296
567741243
917991409
664028240
567730424
188645390
302316526
61899114
355417573
329149897
528540563
674252104
629209650
174271065
539298798
570207395
836830033
870016449
234845137
240924697
834519226
36131826
948296891
127518904
199698878
295992246
286091591
440312625
748782251
85635930
851382491
793767706
355299723
12007744
785474263
819212692
268888208
40381902
893162465
365659706
682792841
306210696
332204687
759403390
882992460
340676952
143993072
488441647
666018002
784696724
577585662
36606810
761013397
169980961
903596861
98533318
488296810
102411272
374043115
315613716
84472442
596671883
14272560
579314853
185631989
411571595
548998357
192063061
642672801
846772494
142023968
319659297
750798811
216696440
885226143
973640470
430465778
258647056
190231002
936346671
549658466
210614832
15123955
400548334
399223040
965903524
776674366
312911953
412656453
362723668
632051066
688084330
937340503
231728309
228672013
981841280
199009256
797394160
154373010
852146217
399768184
847141641
258784718
507353335
43152824
616138336
411126373
72360304
573068311
56841420
748058137
723342214
943981575
110120364
54229831
663706278
88303299
111814132
726170396
152815818
513641901
346815236
217423004
459101224
866832804
372569239
105131093
293208078
79299307
677709288
583264300
427307073
822212711
223836577
381889882
425282643
948989194
534914909
477352648
808390352
482808613
233067734
481353103
384518169
277104255
126021969
65092111
190805874
848339298
287686122
970939374
139886470
88883765
390655068
743192845
99059244
558680495
727246656
498504464
744035066
991747720
972287010
580889974
242213285
134993194
935684433
265332778
930046335
225862476
49605185
596139844
241752253
211227173
848577422
491160680
58473801
176659136
618106325
824840787
106080417
246971687
201923365
348238520
272153525
629383372
852054800
413180727
593166988
434801774
985645114
342056504
161813960
489800959
957682060
585865560
6398327
235438090
366849925
174724880
145881532
938228473
248323617
685591763
5747652
192910349
587340308
329951755
411576289
70435369
458097850
193480095
614078114
504127331
640557134
461296513
493615946
70779366
248154233
645256558
636480079
434289575
711146431
282190996
307746481
241958090
398660042
319886541
531194509
267306879
906588368
74561485
794734475
567047271
437301322
158149137
501903784
968822169
892661113
706991038
568474802
512071982
778926157
542988764
794311715
667433251
615968100
310652670
368115859
392057237
255085795
161130498
880077561
532106587
287490954
736167978
932761926
643679812
396342460
629434023
992684252
683863051
500081451
228549783
722514738
255068787
161505405
408551392
234051624
40886438
951229849
213328015
799097495
317124561
770315620
328231089
169349090
473801560
504379280
926067477
868569957
665828016
93694926
903195820
22166054
208421913
406526395
422222010
592122239
73486261
308674783
515862952
865172526
171674754
511009919
914015307
712491561
514262339
426490041
770320623
555058779
210962628
482116983
735465798
247151400
516820461
96118945
393720044
880040788
932532426
475365701
949223476
569035496
980071333
955942635
588928074
219780892
874743163
532312326
128568791
690390234
637240139
790414770
139627670
287147801
388738653
881575669
843342525
808353007
613751718
543339739
757510052
243229461
349049086
937010639
918312720
475623431
632543640
260155237
699396103
441455629
746347550
498652569
778425728
585956095
19669862
628033987
52104414
903159949
131406785
260028232
267822578
467889212
125607135
119594017
333711247
352635755
518359344
781333492
660399117
953842821
355259349
227843410
188153309
510940226
870705444
723210302
778540715
753766920
575012181
902094856
572279300
809788162
145073032
550695485
595554879
226536240
297031290
539831140
700717767
646996465
190576795
483845541
467320324
614605969
936413771
411061030
157929523
16780069
615734799
235728725
693391401
446246398
518991762
809311368
869957948
440830803
982088248
846045750
936855322
711558759
107910611
874266382
519193442
403246869
427964823
663127818
282078198
318612146
907519641
47243685
83247217
487493575
147227312
337805410
227635196
452094778
456509829
690274585
705924640
262843084
285217629
587674636
149457412
760335599
959414246
877482058
950918550
646515647
558711272
639978960
718437201
430886647
118115171
172951969
287230360
885918558
56652033
108412012
779707140
70487362
390533320
235064694
52081394
143086305
913405546
981029602
534447084
873693793
853192878
945673203
444089080
424711227
606213329
875202684
335114473
37810563
40805485
510391908
333837476
534585964
763319678
739901024
443166612
798201158
736169278
342990685
937443826
428700670
118088280
566425427
766220204
444811202
697967545
768167224
655921905
640517080
598391116
150561981
163126781
857073012
838399959
181518032
868263539
795731
417505794
185517108
529114191
939621237
564017158
983379424
682214699
553219285
138726484
950661168
972345616
281612360
450155310
49390810
631730737
905304583
652937546
727356955
243684799
583398877
121067359
755077
993873680
522841100
873814646
378362830
942639343
442626843
932221017
294077578
14042964
805821661
774489045
809385941
134737648
857018913
502664911
955252955
872981844
965971874
307101444
985251841
882850065
309457917
148047779
233013055
429048915
636593741
17907644
821604321
175764269
631662093
639222077
555056554
163448801
847116229
254612914
578173949
381907505
16857484
84683707
471982177
934091931
252095100
594329006
292977731
824948305
463890928
712857537
105503262
815358710
700173132
543110397
433689477
780766173
486583420
587991253
317253769
363115299
385623417
312915346
264230834
57352228
308047806
831589667
550389480
375753329
604854477
628893642
597763009
13555177
58142477
616657862
669609263
399173472
272330432
319118968
651576858
281521271
572409933
274757863
89797132
635328109
430010743
833041365
653497206
365001675
794050517
965822638
836596289
124571943
407118610
641096935
723227219
828300578
947416633
30497182
933051335
48900498
63114258
775224271
425758592
412191073
309189849
16402935
65991568
602298282
568737971
563020278
535259671
629559246
309667687
917241691
505157720
605097296
446289145
992524418
828340316
188009640
209320606
491712433
144264723
22382680
230597277
866036924
622768895
158256184
537765018
219100734
421241912
437121037
664715620
63780809
799755179
823212379
722194848
580530319
873461325
645934442
232442094
439595988
137842555
747408382
704964327
711596538
95482072
887322471
5724078
386036151
593787351
691224632
935738961
335561490
661344788
869509731
894191722
692781806
840668076
628848056
313674577
383526390
77753896
43960344
559197503
461594209
73119157
94625918
157647249
972226724
879074552
20519845
222159825
70070353
542666547
55453970
360788921
944961752
242955984
908800555
360214863
169868900
928662327
370212994
164739509
127353402
812333793
718292510
286065052
896075836
298929336
431524246
219386475
664097234
124856389
202845864
96282495
180544017
505676625
217982706
755755176
588737400
520742265
463646802
493306878
231732194
869377652
559528112
970949865
627746427
146706148
558721226
855843161
192613891
523188393
238121045
384484938
614040313
703885242
318547505
689202617
633117360
71720036
256753596
557399092
324756577
134956384
618780602
564005877
327400682
516694270
477154619
183864170
955108017
998170707
18516417
291399136
897519618
652849816
224385154
790259819
251515619
474485186
837420771
897552603
865663262
909701953
830631440
75065571
123258956
193397459
627667685
116356677
123070635
696877213
757201581
277808529
678649533
163751557
737264431
419711806
162752073
311717304
137513918
31308897
784916237
868431182
846790923
325620021
908208677
732043551
199141112
600140341
594861277
420026158
725110091
799816229
211292252
872607946
395568532
762324330
569131965
148338615
625727578
139434649
106152690
628806020
922780043
249966301
653617659
939931055
380359347
340718520
853035926
714307390
833762378
158956161
218981382
89222908
453685761
460066068
984235254
50556201
835789177
949617365
848061878
600642102
572250758
129755094
248918064
869304150
803690822
119066557
954757791
536125716
62448574
599631021
624675800
408964869
348255025
509660007
947955728
225770281
293879418
155307816
503045984
158135631
221012846
108270878
746167671
328623249
221612860
517237562
813801927
415953634
396446841
368835443
152012651
836919598
157860952
94123620
31922817
439269613
488267520
903889631
576586296
451836793
256334685
501798515
613336141
718493110
351053336
442732278
923855365
424069117
475228013
2276936
948465317
768499271
27155229
433601922
680199215
230871426
990719354
711958539
627188470
518761509
854735400
387597549
140358801
301748269
304395331
5683429
381101986
588993149
924981858
647068523
674859924
495557307
826780277
368139926
55873420
718393266
898683789
99510762
480582595
353832954
300928497
749104453
131734492
991826874
859435850
210180210
29588147
765998493
469047089
784316038
162318294
159465962
63828555
683493420
264624146
45914123
911192939
799131657
235075051
970772185
774920178
490812365
363718976
120848652
743171645
286431129
98144538
370633824
419959387
865651575
376964705
792621636
628880070
280226511
387756203
475213934
187260649
603552434
481835744
340193632
511456563
78283924
791648829
789014221
970052085
373912189
252222804
475557989
719658766
525125579
461096723
25037306
301177081
90229643
359237207
526064353
920949693
297184002
112884301
517234955
338732129
137108417
534583579
448219685
890045937
435681595
295287638
415197379
2804653
38427804
791682369
273706976
942199182
616501298
955236896
619465718
265889794
200769998
728604591
117078228
57171169
839378083
348086275
786544981
734185999
653547955
598674547
347561912
605728067
30126775
750338122
670394481
183345954
584401349
217056415
630501843
764466411
113495184
211892069
108804735
911573189
172513094
739100159
785294373
891734929
373235003
593019751
884275494
843557675
804371463
788002806
290249568
149544569
463153807
652087249
647159764
991123112
141151303
123233074
677735404
241485440
621441894
535860805
751928849
790350942
262644832
201127597
880338526
177479155
695961728
591895808
942628145
133253021
417760923
490640750
453403808
766530142
684658400
129109520
503441644
548327663
993128731
106170439
88047562
175735058
2040640
939802884
627871260
839002022
319994799
150776996
467101849
564765456
984645234
754999521
729764690
618673115
86535979
26752130
342896629
374857724
360313712
211108520
924455835
233235024
534298137
840221387
343298913
209002260
359673635
950250365
421430592
284989689
742260797
277065796
29397732
125455707
863735959
224143960
508384354
849952822
480197338
694013439
451926842
148395603
283507999
967276736
532844705
121132579
888958793
401900067
307988724
911965844
79706641
163535654
738904320
752168245
185346540
42321942
108211532
36066896
775585325
304077999
188982277
894283839
634955398
797175232
121376184
589563641
55922788
774020298
201627910
290010826
702538939
460017492
634574343
229310335
62485284
778610085
128454774
187849535
444436474
320808995
616906440
330833834
967972603
661817664
328449203
420472781
517758867
350606974
623696387
101376524
599153152
587471956
842173276
292712858
699667010
410527292
622113905
768869381
904040154
468671364
730267165
868082910
417855224
453469413
65386074
238007805
12332762
365346251
108151047
965978989
693115965
951756850
505232260
33084251
993165868
696553378
131594911
810342924
212923153
528852631
13685809
256271530
66905551
73176371
193652407
892243013
733555326
554435114
922129230
816662050
479951959
14555452
550838564
953644078
154193015
337302024
594154572
771901200
383050644
23417404
413989825
838787978
397298990
608811283
160021431
795953170
981900644
88830908
271840892
742617420
423483614
28055039
727109446
445015898
962027920
980049859
777820675
309627433
894936532
390679500
682466547
439871748
223099757
868702347
697751774
952780040
56851251
677899289
557795562
701999960
220576402
831410707
208967493
690394113
705005712
637455801
29873206
537069318
841416382
104635156
932434142
287752810
653165460
703173455
82525029
37750888
216939617
445084
377652091
595516122
515616790
766900409
490162277
467849260
4720380
580434299
181942447
425148321
1856935
333076266
366886666
683823856
173063765
844149771
364664892
733787349
771490125
812050856
742271536
791995555
337575248
826261601
710132339
902594182
843974626
563921066
373673205
30480075
445752258
404905849
382984019
632900329
534316093
717436708
738717639
776927372
263991318
982002364
319600287
672501863
126388374
316011107
241066030
624907915
136428881
821350737
577646141
341711127
289521686
867070708
296795024
790034458
521887616
146951894
771100967
797960220
911051329
363866306
785621367
622906699
675986391
872042780
480323454
926093246
750045172
163712195
705608078
725803126
457141566
804234126
814437624
644330794
221214407
662227608
537904639
315744709
698554829
717366176
852335061
508041812
107436836
663157934
272157343
960339397
996888288
917435577
279062169
218445384
830568708
524692017
115135347
552189886
536407984
988429408
18171390
787155787
299864027
741756340
898224628
31398789
879032773
770961513
866280991
728108989
653911830
384858346
807722576
88776511
85227598
17861264
106447109
782325104
377128622
115054067
101856845
326995796
62002889
159020052
487030404
230504953
537821422
101853643
415401367
152349113
146308912
378365991
489507277
954903164
252544643
828862831
237110791
327646020
930734615
982871146
913178369
158203734
20349250
950224922
381858251
727947328
116735597
612249656
727400853
76808337
335004854
691867137
904641327
473223296
439315047
373114580
365173599
320834630
298004180
329301975
14778715
258438472
264356435
386568403
709389654
80755822
873125682
742647212
949993796
262606514
35063529
732594207
328021729
689186843
667778343
676414809
39072772
374103636
879611903
845887992
121249391
752494496
969699728
781023559
1956388
205170131
765693572
307848921
673023788
951183960
976515933
637527230
863158544
590420344
839808406
630761599
941581921
437853337
992393578
892489496
861867815
375026009
88583886
886246529
698568660
215059451
323170054
170818876
654488122
138973608
405527381
385400103
315886152
900444676
425669395
323019259
595465564
487797620
646591802
714546216
404452078
374953721
773626487
499760580
409120914
688911324
224400475
914079726
556224181
353674249
674478018
772995900
835661035
961114219
595288490
269069655
399542785
155886017
749473396
261920574
350674757
632092187
743306327
164521548
246387322
60964597
589079774
617305982
312109770
582935541
102447544
124242620
463468556
528082217
347077370
414501240
544208920
250139871
970250257
132882852
106421609
70827600
133976169
62492757
314725585
181611711
166339105
762623246
785251090
324648781
593621369
816646916
634728960
858780908
859492673
79895952
9622740
803370339
321879195
899797283
838388338
496431650
735993944
355429965
158933628
191351547
413103714
486320649
306646323
267443755
337581532
412643304
693965009
595252173
384391196
192231867
859861044
360645339
433069570
392451892
930764894
86701608
215047473
447118390
631996350
913702451
36525871
439649306
704632189
406484183
915587898
629575033
46265217
413606974
681740710
648683917
958521958
834849149
882498202
714237164
84288256
714155330
702393784
477809210
729762658
732340095
684573832
205472753
583300397
346383572
832233981
265335599
793702287
914346920
792277340
610616800
148774384
78314500
378369431
721351231
799910970
707012682
134926558
99163413
716926670
602296547
691546582
858532179
248909286
172977147
323727047
229858491
91890528
317425942
63888049
125698272
73721609
598466616
174832521
442887774
337117423
764042400
532401511
833088267
606008089
494907118
579455722
167772720
609983022
595495835
489355469
373972986
443753475
790892030
848288577
106572309
562816577
977536425
567245524
619278233
757741257
318537271
79133207
622984372
702291506
727723656
558359269
668549589
977463255
67521886
368990895
182733998
851791499
695798952
962319876
270490715
604146012
432945566
203812329
571394988
92830636
804280095
875547446
197703080
212832315
909176516
95140714
208218109
344700587
843369273
288647441
995459399
87212113
768330600
233633059
725814700
791472043
791584352
612201936
820519943
764757798
24405340
871441996
866365283
18411495
456254825
678366494
641468548
72767354
187425240
567523090
348491131
53993403
889801783
440780019
511503196
621925974
534090711
87812126
325741350
640527820
415979893
262786400
797294600
700508027
642799471
876896102
964081392
399829020
610342572
967662314
438877815
372079391
680554783
517898295
398704155
683344166
364618814
198494738
188522209
702849871
978869998
643916285
241674483
799689895
93943698
912745486
975511768
534297119
39839787
554435477
513672949
210886296
210719418
324631505
904390777
430610901
987940230
530328304
169562104
957265120
576794667
433961318
628499610
772625386
632597820
372629560
781629592
323299695
404175784
902182421
206802753
341503348
315936983
684929812
356738544
483593508
144867398
184047082
959395693
430420619
340302082
421332034
145612705
601023494
78620254
116366143
88155149
190178173
511099658
50714344
283419448
943068753
303411562
891411423
321276404
443666361
990689180
145728298
548238003
722866187
661670843
673521523
464287609
932858940
743215815
378149934
22035832
484736345
812146269
521963395
235460034
571724375
82878801
991848478
278967875
86274850
174008228
103843438
270335185
1314022
842074771
555523449
713053511
442031326
814636200
394967094
485424891
232168134
239709137
136386850
403927733
940751519
306134572
289518488
353231240
32936037
977246503
670861136
103444060
982462288
990435076
659986232
163335346
536114505
128097715
443268816
995498720
138290362
712992079
212670420
198146108
528609222
528534900
416091812
278089728
290494116
232601779
766054186
90640479
244962709
658524343
970885857
619637141
742110280
397965543
29321759
243616674
858959468
538221728
852355298
556884123
639796966
98948590
569869485
254264195
359425447
171258247
201499913
229164254
541168358
587282353
245108475
765466818
302004472
236001121
677615630
155386508
124806670
723994645
749296484
637581869
831522722
484820974
363864055
83983882
143828553
648254378
223287783
775568967
475431813
338467279
845432639
493889808
514598887
746685971
201569879
301495962
157075685
883083188
598262890
964164609
402258473
312980770
545181995
838535119
440464939
585939850
880689013
256288985
100348818
269784893
563509464
328028985
567913869
245206389
910231121
930411620
258394101
897734726
352579427
538080729
663340390
837259706
669700252
502608267
651682606
232819585
816759297
609782002
54539135
131997854
417956574
103289091
39547612
494891137
244215848
379682225
144662134
47173294
741939891
620254078
993721567
319860975
40682725
218461363
286454994
930813332
499547108
812833008
642800447
884411569
17897315
304514806
929003324
973972244
43054624
140483287
974070900
404534760
159872465
635293347
332891101
652824779
954050161
237203255
229267011
358088057
138041081
59522918
172311664
273617971
643556761
167010508
613476161
148226846
860775347
762687524
333864129
663214411
839093411
686304203
492720726
299864314
678373689
95667277
585026549
299417236
509656111
938262802
418566977
841994170
67643198
975040757
57972634
113375376
386364930
285277198
722663506
776866848
410308585
951847990
91930982
198625086
125834292
885384300
183063709
223785732
441563700
151966236
294284166
28014230
67870596
520294991
455596517
484040089
505511755
607843754
184577479
268014001
73626931
931057098
214240564
506968495
670266361
255064049
462874362
514711389
849636334
541871458
65154382
267917903
707585502
665568830
258183502
680879083
695517920
876124495
349743467
670824196
635296553
121712729
219727466
602068567
420926557
616070145
877130502
917991384
703144059
580877434
747147446
889879005
156801045
116120661
676132150
468205605
279151573
945607578
298740788
161200230
600214885
668295663
565233641
101593678
416654510
765894527
946380768
122967608
807160728
230978815
835002242
259069940
151320297
742693066
982846035
669932676
602840688
694875749
847878098
285265737
226533914
133980401
799235419
255171360
143137233
443976682
596117244
44272721
408863126
968009251
392703924
475820862
597552851
455325282
585029748
563936583
729038326
830551430
507347610
259626407
278967685
479043087
318627531
900631098
563254666
442433667
489588295
544683299
787135981
858861078
37870583
161028565
76265253
479795231
717855441
199424709
836986701
457199667
341571820
731107712
939380458
644025128
538565328
217030804
75923234
744017356
540710968
870691711
71497393
975910370
735006580
751343294
755091305
259577101
64794467
657251523
553100712
262734717
390454801
295542402
663488216
706369733
89280532
240943312
825860619
460163036
879153771
286703036
485119445
410920644
452128392
615246396
93724768
824301719
730841382
778134426
832270539
760786502
2833795
173789204
869644990
818158233
803983984
299586034
961919303
957385378
434652275
705837084
347646168
305048723
121037101
819741391
376737900
667401838
977611065
830375240
222046466
678860044
790898893
404640625
300187525
57617084
605559366
782961470
250967325
506073535
929724047
351550112
123415735
632597419
288318978
245831717
720045534
696945037
583408614
740317088
224446925
505812742
624786532
641676877
533069339
31305886
478505304
410267446
220244122
663044031
743518856
441845910
303797068
62273845
37489736
111915681
427736249
807689808
338053470
778305028
185650521
153365421
588264356
974450368
550135884
816895401
969661944
598907773
792260643
289225870
461013022
296137860
178154032
534797297
960050461
590210466
42734763
546856101
833417018
68118780
150609873
596444598
533889037
720350889
405796620
209261250
610504061
170093512
768648674
551499664
461124183
580164089
193671085
888464263
1842187
660980194
670555262
34318798
393000574
129415927
299715742
577220165
599874835
959810551
704255494
634412669
895018466
983936269
250011909
613092370
353548647
662233444
865143777
177301630
555216837
574470619
335407821
956706660
911040867
281538424
416143701
203898759
492967670
956372963
594068512
622457067
59688944
907880613
77450364
43070448
427701562
610283048
823731985
256363349
633774226
142730802
409857163
672591234
781544088
362553056
478383720
728823940
858629255
12048800
188060468
454545354
717638648
233560056
151400586
205336394
252249108
906507469
107429157
572436977
145323893
54583934
557049270
309417553
108502149
259019928
623622737
121175507
720771682
863438650
209012994
321855643
531959776
897870214
476855750
841771026
122108109
452241430
761792280
507979555
990820057
634344921
449572398
610076733
542165087
249416838
968301690
84822107
411897642
380548752
888932302
514872508
704891820
360601840
536581513
597025571
989617085
979920243
375753701
99349581
57985672
253566495
422547889
724077154
778099569
983750009
365575872
60751625
729102278
639509119
82076054
5778876
486290299
11716327
333356251
510611364
711009714
194589219
324261552
849154961
537337046
474912291
542223792
678752849
240280773
271286418
179643255
749244865
501740690
196167372
331223723
767001749
241447416
711058043
605935563
25162642
449342397
789084877
66885400
964074671
586886373
247585190
192258652
490921324
487741557
280644913
672213099
397091653
724633209
868571533
814742362
65059785
346896620
481707426
713061774
299293419
209246479
343249721
640602246
414733083
910681817
887874270
942837950
633157374
595474302
70003018
53003230
560337479
83390687
775742165
415862363
257489602
507460279
96419867
324821696
450105799
633742425
397394610
337093028
754495119
61594554
661581247
72306808
830411641
840990914
773335553
338745605
269169323
140944578
622268732
52998540
24570215
65158726
269941720
695552936
909073013
326442599
699180005
131488811
497074217
737618834
803114970
101142037
161251234
575722751
913830400
70678224
309818205
190749581
416994209
176619090
517259834
10184912
500526188
350852503
187385709
849682322
65297099
478968688
281292430
685692739
216178785
94090019
416257401
614651473
326915812
454194434
809874351
459684186
505612234
45873459
727842358
757059516
612384272
158436788
665823185
184170217
257391080
870064058
787348805
349676029
336606541
369106128
681576729
10040291
691121389
288970257
776079186
48164826
450198038
489584301
481230423
804191200
777368747
542520380
354356052
647760281
398170656
855656343
797230614
176299779
750164441
144849001
860430991
453459260
562392258
391572142
254838330
16026167
494541934
303495296
711436390
277562764
750907237
783568715
740929899
196834918
834326836
803270868
118182528
329719080
445511250
819793658
924558712
390642801
872991675
900056112
563121167
50533566
541372859
71670590
996853197
541429184
143908893
638122942
985810187
7765242
435860733
481358328
716322526
847936650
828392806
189896815
42934685
759160098
58858259
717862079
10875641
391513633
632306657
160423522
159767861
967901451
874216684
295898578
668074229
139466691
700817549
987037627
596597330
307713533
660048632
314301576
223848692
911356068
798332165
216232772
263318091
165516183
715010982
662803648
812855332
900201979
834039663
882631850
430960223
584107340
610620155
699089112
311560656
889557271
218463517
298355010
574713872
696709270
426201946
574613349
253016715
256173551
839879177
895066037
387962951
685973547
512857016
261012066
601605835
686748875
80514362
114011382
974814064
960295967
796366948
507239378
937087168
797362245
934604135
914484256
815285203
344465140
335262600
297610873
91170960
161287189
161925818
542994918
925255702
552854140
620675263
742471107
644133058
422924076
620500430
243555847
440982845
492442484
197249114
582644151
981642871
906819885
840547773
942317229
212102379
710343839
905206891
316607890
959246120
139712770
507517395
22222925
951458432
798463787
615398675
90302984
20277303
111124807
551074581
703536758
974072092
861343769
164325948
106639670
942008543
660532717
74224627
799736514
24827025
516777225
872242978
231651850
893964063
12497016
697201307
193419000
4854138
831783843
130637706
82862569
294907888
971916903
525333182
715520187
460546842
603620928
241200892
293175572
538153804
825300166
841207818
478184696
842606742
142882305
724456441
80888560
620757094
671547385
604909749
323466886
369104360
476928601
752407530
964925272
996390837
678743899
568816432
306185058
771457916
440330493
296254500
796767459
213566371
24529301
581856656
759714184
393445362
859266448
124390842
77921464
476587202
616590141
185185630
81504882
959300848
553072817
29237028
993918069
149953464
650319407
579816314
55217999
145991152
142543855
801169902
688219731
989281186
548850271
698516790
847942661
460677588
45224254
117589652
476100792
893429016
675725620
422000513
290320902
59070811
68796018
156187554
883948948
934910520
714520063
548838640
732764666
238949384
84429891
140404068
607655115
148467045
268561639
351618452
833315348
254043195
153528301
268097177
275275259
430811413
823373044
616228598
945619049
8973943
518847727
61590716
116964247
753502448
87301800
718071288
134614736
822565595
323605138
266974564
57431867
35737578
838149510
915216953
602530460
697576781
644459788
516458935
206462756
940099271
193629938
684646881
831944493
266896633
988806169
556945716
151839065
853189076
666732547
156681121
812075011
40542007
94106059
105338367
403475875
575867243
103680362
356440525
617015346
480620039
819106741
768323994
667548502
119396433
943490545
793310645
877359234
71761158
587414002
172987432
89216029
416202614
187830265
150598025
360091512
557293309
932978150
830410851
29814058
84735758
478045903
737977995
194109123
500329106
736190158
634758250
885296069
950057519
758811230
252611464
656664101
660563718
21145278
525531453
923832655
977880299
711402044
756600253
176152813
509127448
399159678
880505911
278867692
982107739
937528737
626406462
360181279
320726111
467813221
737322036
842669316
835824443
484040665
884788363
344093739
435784988
435974372
866069222
926066106
817984079
802837651
596588464
180891495
306019744
594211155
941413414
423139123
772178204
991903261
174434445
627616039
44714876
361817745
291248952
879694490
634596102
734193497
223347564
317407215
271815999
79537580
648358900
807026307
591555430
574583176
913237633
643513474
372416745
648907676
963810032
436593470
912489530
277186086
400006113
89124521
320297911
137186547
39070064
165229860
488849482
3342631
425184372
618585975
887457362
488320069
356763888
786597174
572335443
654173376
46321342
791312398
915570577
621706699
468989151
607926266
196670963
464342365
804268881
252592143
158278491
178255417
500338424
731404573
640519336
895551837
259146649
960851088
808098201
685621637
49111034
345245355
39000472
743508393
628939957
580344808
283914226
182536794
515623361
856625671
985327564
457050591
536673592
636213044
617706664
718869950
944372348
768906611
39682040
617819238
198914266
233256303
354222815
249755322
398884650
850714528
181813866
892341470
566500203
203405810
494161718
262768531
591416773
713851966
225417575
612258824
596361636
10070763
176193786
283344852
68808544
962517391
523260679
91536387
319480339
136585807
309620642
30723582
474758506
961284616
671976596
807479788
783461426
903213222
136172585
572400165
245434138
777250022
889147025
353785644
979291209
859203288
861049405
882442829
356054203
721687158
524236853
733975382
378806687
577921619
120309131
460190632
717958837
179737331
416670569
41985261
898059606
755024262
62478789
851581918
491215710
172749499
282131628
755124335
314603500
718971535
843175011
640775889
84587241
110505833
934156553
112577139
816844440
378286981
38444308
276547402
933318617
905668285
969694063
845924389
60944821
160819466
230941575
781252114
894475054
820695013
539291905
238103402
575234360
193230177
758738746
845640206
597715756
732868313
265027964
260895883
365188981
927580765
4376327
168744436
890150593
990970035
816036260
700567763
587556599
189464789
650178354
403949062
589546271
386008652
470882305
373180140
176667690
80125019
138120454
976479262
401013499
176498343
701629479
650989051
353732210
196304125
762414157
182385158
46374019
309890677
883447095
591527100
874487161
988317731
443315881
841207135
704324374
749055656
986189897
34874759
220525778
388145674
189581153
954967301
836176001
421098757
108724778
693713151
425613451
738119398
292059346
453645769
689187582
818541806
517095739
959053936
460248033
302361589
841284308
382772676
242314678
797334055
222638777
834949762
586659177
502320571
472239050
370964322
900400219
562933170
74182009
466825767
870895190
551263462
82184869
718537091
67580119
598911712
332696170
479575561
325925320
807546590
785380296
772511343
526819137
401033167
430378539
279274691
288721800
357728406
248845559
913764868
387726118
193487487
359173648
478552828
268486229
336533699
325192826
203886793
58608947
594776567
402828910
212263499
242912058
221688210
745018402
420191786
549891726
416776476
37518347
966569157
891142161
198111081
426466126
588573802
748576653
622689351
268351384
785196279
636400699
840773725
659610900
145372093
235667745
703555137
424434868
429764129
434932181
231899669
831349709
503244612
39771435
710324760
388232586
127612463
544825295
121387663
862421744
240915698
373523585
838581707
469138539
408449701
18548479
891370643
259053316
329396955
554312289
531794152
375228209
634622942
556161689
568493578
361555218
482334242
549034270
500938986
358351135
427443383
927504519
378936960
42728255
802113424
707471709
606891348
113566185
580872046
83253567
649278089
549339790
708378564
937171796
774451325
73866792
936625080
734011001
486245937
385516178
572271437
820668441
403041731
885458381
584402894
552408625
944735001
506627214
694861622
316221944
797778595
745482881
434557729
468342219
34124374
273506373
535631486
873704599
377494489
121921025
621494440
671097097
221541008
249362231
884674303
189021334
254245884
395912886
441020215
345085407
743768156
961343304
866753673
7139008
754321926
443521324
378676340
33705217
400720943
156895551
187276368
536664905
238789128
486287345
358685972
306720120
169229232
187311370
347937754
527278868
122487986
973475670
902793770
622900318
157162368
688868030
102452909
635659825
268056034
565453202
7827314
424098145
653754613
252851128
451073015
184584244
954946620
619854239
599321419
191804133
546220234
767539989
82722755
617498077
112178943
930196909
853788835
565183704
926934556
21923793
215931563
379183695
730682809
865672477
982606588
843198170
532110684
594868338
105562099
201092368
104850642
149068380
660120041
401432339
120980679
63794564
283779904
855399071
957293149
132774936
292482558
494095505
256248703
64995164
458225263
975883183
731066972
474623638
327005797
482915040
116605693
909587522
521389999
782727514
894386339
328800529
978215826
606265050
256663573
145660452
167742345
486807213
173009512
348379049
539391783
497376992
811714253
957783916
569919169
291490083
339625792
425929409
555849150
488278618
81353810
574306170
54610446
406824009
336651581
668743670
210082299
945458729
294925853
896187323
25433516
719527615
935892569
958324518
164513566
67162246
985061431
249136269
908061920
749414038
301868405
203934208
796676621
82040669
222628718
36608786
458632042
972916896
357152382
614578156
50656163
752290624
379660385
487808408
319211651
158821709
646823246
70690621
256142176
747336200
517141674
584181658
913144116
955663031
203145533
655834312
475770071
319882123
462715043
415084694
680567674
506200849
244265014
270579992
345797783
561359896
776939418
319126704
748625307
130239028
233136537
647191493
900354511
736747534
256574286
211149836
768288449
505294640
33570804
322678166
605245327
282389496
890129636
671636784
12902093
686141292
721555763
360022621
223223039
457528257
524988613
827977374
301979116
214531028
994816415
902326723
399395024
965519617
468918082
13816111
628277361
276650129
752101279
932226765
185943925
76743386
811799453
560882370
214589623
39351252
359235582
112624563
49072792
574150526
446477249
960089057
344832357
824405136
405323174
260787969
274202295
18920947
733758741
539595395
193246538
357657743
898112516
455602625
909849043
344823658
902013387
557617073
314694959
201110487
541346090
800279293
838494542
768509581
750717997
676640778
146359590
157262409
623398247
779074543
633311692
861934901
603224071
883151027
894805392
883887803
725178066
111202858
680637532
750974429
850572454
196431875
367184451
142096455
542327960
512949394
53920671
148370919
429239493
717270322
992281191
986075912
881513775
720615604
902593234
412256353
596074210
451307861
259186518
647059516
111961414
630961324
130412268
43780594
724681392
79642125
125333253
238179242
496119741
226183372
629910543
647110182
5948306
760632723
642015779
133213496
367071898
884013484
274914343
81462439
447261833
162095826
927394051
745054281
821759466
413100843
85805858
355154739
635098033
124477732
284485943
639477929
131023848
415623151
988850900
496689848
706079188
634347966
369870954
545789972
678746741
629075090
322771743
344479562
595386307
245761698
380760611
141190777
237108272
709722554
564794909
731591590
774687963
86083791
263966013
971939394
375008235
29965666
711474577
862070478
787783502
501871732
978186172
631819910
193967468
908371381
332970289
730402665
204941261
506118692
6489569
355955121
112133881
821668415
649724005
288487763
921090235
913354416
211646279
589389503
261142585
906913196
967120272
649748116
990694431
54467257
631490835
413790070
481102400
69980783
800664587
648116431
231355189
956256938
152404476
942769605
57554351
969708358
592805694
186674891
351274655
271726927
47576139
718976711
816678948
101765889
812360053
564519872
519736076
40137604
741222921
9397814
368479011
247769347
864036192
596108218
718716683
985706056
63987050
608208069
199113333
678417328
787849785
574809069
113464545
908063199
677070821
405298071
938190153
614408072
329523115
731197297
290109264
905568102
477557504
342646445
517184409
495153254
407232678
677838235
616301717
450372169
763179250
338613435
620542860
884555788
242589993
509784349
908977962
386856333
919662891
575528990
46168196
236599449
583815757
12343228
130594307
73041889
596380893
756755665
612713774
303281994
314747323
353932441
6100588
367185404
301415184
898891524
425021015
758268761
935296734
83489086
384108613
585221224
606221760
164976133
102646869
652065690
994096553
254141995
908033365
671745863
730781662
263363386
59869806
338209811
751693601
840771234
820058404
935052677
632607097
460487717
469549446
191621665
958955337
396702336
630248935
921032536
456889345
747066479
136214920
372484436
169058838
954070599
236878597
795492323
879497634
242503982
374333970
328635720
970198069
543961843
969600367
156223073
996045948
294185246
87313265
455116794
647580300
420535094
628085808
830974466
442486603
2098950
800020686
783370174
351949517
950112488
667738579
333190747
921702514
261247863
662729023
977688684
710660937
304204259
120953618
388839434
568151860
722201656
916130024
901703791
844531774
956815021
258825077
863477077
601841236
719091689
356540885
456802600
119709380
764167776
103109483
900840608
701827107
234712471
641616179
390525242
895115170
173555200
237490797
123184008
174046314
952926512
117528315
893694817
221748189
986862569
398110105
751128984
833276035
861726934
740342326
315227347
468766250
559510632
174573546
9067933
367052771
622289748
314934840
111455528
831936777
532097801
634435292
795364129
450153186
689934024
621963794
471093530
356636459
930844414
312078391
420057849
236793430
881050135
192656225
339955551
105541057
935738367
649497717
599106768
966984890
962702934
573939830
199572895
462838540
264775477
499077327
641583802
36793115
493277626
47531479
735211694
117680865
911775901
533396650
454177393
145335725
75077468
585417203
696264368
834414443
71843350
659789771
719142336
454901475
66892128
760716862
568286615
421512097
175627017
45777074
505742285
50474095
190066344
556798349
500087815
304411151
124630484
960497759
66754173
416513871
730703281
529701143
106255422
441530931
799815808
227997154
548970577
645880939
572828226
203081635
571275500
23572806
442679185
231649326
207187991
278819261
22943844
935440339
208293497
554005474
240299213
929231822
165626472
918284967
246106716
425745097
826273437
992834227
485294718
15805369
113223490
767280047
757697430
290598359
897151505
199107358
382198004
209316498
572554863
210990726
323983769
180510601
318091328
807453208
581151522
984903223
816589265
973601775
790338300
644831604
224358257
386008843
285933319
70825293
921777426
291983171
542408201
202792380
891291237
781754938
573205691
31449822
984625952
102003121
769920
351833621
582938043
323529090
674271290
252111886
529526185
863218388
46614394
488865938
34081372
478877928
973545066
862406432
830305137
737166909
667765467
527017981
484401004
634080831
485517026
114115440
779926199
171879031
592859128
894145938
177006442
843382780
438698622
941143089
937178263
541699725
672194469
973992314
752995346
878483471
606662618
668594353
605991535
837966921
36923402
726188112
473106679
972426495
109618387
419971921
128635736
937398293
592472951
43451213
984032877
605593209
989390207
96608137
433491728
763221262
273233291
661712054
60181595
896169917
742328566
45934397
599249109
505164689
864084846
802480117
231335271
505996155
718028946
430695658
896489209
898073090
684057691
464989039
461926095
354554690
980472708
459935187
720124498
957759646
995095385
176505351
83180775
49894025
550393135
162068573
57328962
355885884
885247716
231613048
156501941
14702622
530105459
871268975
158528274
186957568
5709417
233868904
738128961
356767795
627483677
476825546
671457580
101511407
901383724
494386039
714169412
923815512
522787058
3354135
212935743
517769516
207999280
438942426
73122918
66201080
348025696
427615024
309924554
913170375
395901396
470736177
566413406
442854759
504395897
127810448
435756328
609794361
644909399
77998180
194293511
597482871
79494431
506631062
1858026
236113965
156783060
768186584
983774256
220720200
84667154
290629454
398814062
598786044
369322895
831238152
264814899
609754106
436318369
567638091
699401904
847704654
385402112
690146291
613115164
12579715
114620633
690972772
455119112
464831996
768250348
941177765
715333093
2055563
572884366
50382031
911102670
866352924
827085861
875650767
63803080
590410937
772150480
171249920
366082892
858014354
628319879
663236999
782581368
957633270
35504911
824586141
612270367
191904521
941014049
771202840
245565523
580982621
886738078
272107277
133328568
768713654
336560903
929657458
41631071
505752416
578701624
325931331
502092445
928522960
570334800
460426547
350820181
236500583
156274788
802281187
724224619
874391202
176141728
672010759
424273934
776328483
91491899
580008450
356247141
944538991
885188782
315213110
957172802
301942714
753894017
981412456
247696991
569845931
152594544
135053550
116410221
847854905
400120003
203344328
269734550
739361520
963896781
809447252
277731962
161091972
396819100
138602023
697637670
483605896
67243187
705157587
731016542
538027238
125266531
346313139
522751037
980267687
965023096
73246608
459160888
428595979
223065188
768070067
825976080
76058937
251013048
613412388
14449559
566326329
176474603
558389226
64336011
337826435
982361035
761158731
2971385
237049327
822689570
24884409
281776289
312790892
841850004
740287325
618889016
89328468
359915451
283436691
754422407
873626224
112299408
663151312
447594091
790980146
369122966
728543015
156662189
171882066
130571485
384174222
616859759
955315364
817897011
365897939
219357978
470363636
280791119
735508511
596010976
177477841
889290581
158318293
593520916
591062814
882233088
275978318
182776499
233066369
923538463
204518947
643276169
566300673
390508373
83470768
351814335
794202308
847983454
71327948
932656609
778129811
928565090
465471269
841601694
743239776
819159335
941699411
730338887
358484006
578304522
244863051
106695773
85134067
781312554
270281522
9158728
806840027
617833141
789358068
459292991
799492248
642097205
645055117
818294409
50318262
18904785
388361228
454780862
977840040
768549554
376554841
270950651
560770689
148278996
137526718
478788924
800717501
885262795
694490581
770086604
5843882
389474438
347947225
352073758
278204154
797034966
268511261
668003786
512185604
67930969
789338012
633797348
677208529
286564077
288979335
83149980
220261735
756218604
349793334
637675211
600254310
149867093
175132462
250892298
271671392
876069840
491825753
114930538
786980875
495672152
767647873
435188514
869387609
761952206
969141435
314376189
239831071
420459677
324085650
390534861
701742626
827062590
69526404
956667034
39700982
358270131
19769073
142509513
427881259
859764522
607652698
237265254
327935232
840827717
905417019
138433564
518950438
589619498
478734400
734900024
326521200
393164164
861473445
912427796
35871124
329786780
228795686
427585211
729678448
27843772
240569331
25294722
641585113
463858724
533866863
825187533
602690448
699727519
251794758
553869155
174757147
159976308
67747192
179116741
751013114
362112924
54258073
704925769
840955998
943208317
405105372
621572510
48310908
107485495
311204675
491800602
153251577
891414611
618621813
439597156
239715365
959038976
560954170
185713166
226299222
948006337
870367675
756879200
686404479
161721120
754494387
549299003
732724674
175985613
44172555
808808048
980631370
133547607
774994664
516654064
390500694
942255754
876744223
262211698
586585444
886346735
478446748
937164088
237286571
236294981
891461299
755739289
109139070
450021148
20958353
267605531
811055746
152426513
20606941
824051582
990089077
832319609
957546784
10276611
28720946
810433593
881046927
390884514
51102287
157296574
34676535
225822300
687177281
80112918
394549075
993613039
174347261
175081936
884821409
318613618
766532116
449171799
389701012
307669672
394537533
783129811
308166018
743082190
137590116
326432569
325189037
58210355
744406817
333211927
406669049
118588453
925852911
976876771
118388416
71821792
31492473
885862280
814982102
97044118
390917606
255779605
939001715
911155315
938190128
127052667
714684418
699610548
910726496
831509359
161014075
474293751
265374340
743999727
973794085
26990118
105335625
660814358
189013976
976928261
216451806
477925750
242524607
642199837
205871435
780281796
427025207
643678674
504097962
633273590
85140639
484332014
838376413
281854869
135046930
360026290
436155798
263945387
198467437
350403481
908285776
162671653
513650672
894457295
50013747
605504099
428316414
863873821
247659636
112184479
349386471
645575127
813506731
189538110
996767341
992795167
942462699
903401197
352467482
407427655
751148726
551140752
770483501
772056436
380641928
867715315
785491112
930086642
508942442
643592680
766132155
733519555
919180250
448599214
418909684
143362930
142984930
310517462
174162573
354724998
407741748
238886998
392822064
989776426
599358773
647893083
914889027
803032371
171199964
160855419
383037109
796733693
335744171
952131738
190230391
795910633
599204794
474327718
381630313
504449390
484133253
607594063
18889338
473962767
743867201
696258462
208953926
42245188
693623150
402392957
768180372
587309608
282320875
178271346
827530462
358740938
446314878
367536776
662778360
722404189
160663461
247994679
210571068
710993975
554877807
752944704
358769343
620745763
416512554
772181836
529110173
348131860
27689649
160686003
496517505
874078589
228179743
416530025
760814339
368350805
233632459
278144603
823390464
436734066
476584040
92454933
389607452
674700837
298390853
576341518
775383833
504164140
324724337
278412414
793990649
684764312
876446123
817487333
169676395
326957733
80460969
520141883
719578673
647068448
476698140
734796843
556264211
633043718
991287133
460329310
412568883
158444965
359534965
307758943
362222649
980839425
715837966
573506457
245272198
802244716
32337823
719228361
819894187
110958700
627624526
832333721
615537012
330385855
25261403
345741920
740593620
278165598
415851846
261016351
654617935
650482181
846845830
716789956
887826582
706768096
192373462
184706592
593435932
559882223
644221680
351123829
858552402
866173689
429105445
432751747
63206968
857214113
518005618
172030220
516351772
356825819
939725447
289174594
510316629
553117323
607448480
668921899
440812192
367374224
324963770
852206038
928732609
778067817
88049776
461902868
163362548
685478498
801715092
949216261
590779936
467917063
409227271
700805403
601520849
786722362
359504040
109103992
920225322
171036665
710489499
576832181
699859464
425600764
935586694
835298801
83874446
417831328
461908331
196703222
297151018
368660067
70654446
694176579
745503452
58076935
34124579
742663002
120258948
130703474
682500180
133647062
194695364
507205747
517501532
820537554
34378471
141330372
302822860
152951291
56278880
831168706
289296393
94230353
604349505
831317120
218925512
714043352
480324715
753728094
766424075
901536322
490863400
335532667
178388551
591540401
877923058
711947379
893709183
637068557
732888456
409161837
247363595
415589158
126829212
653208986
263787488
811858419
604396645
468082758
698763042
830766667
762046982
738885710
149341244
683487784
91886542
945339052
333826826
740795761
734690179
421741979
559158928
986413468
295899463
725908663
41123065
111730443
617650488
858618199
797702468
783657851
735206274
443287333
841673098
21422773
261259551
538089180
427027317
836306672
381588159
865491556
462906400
757208864
813164137
949968755
369987955
663407430
313413727
824345126
566273567
740753345
840774422
150256653
932794354
514815517
302926645
338433424
207628539
227423840
671314367
933329418
828008999
872743191
675184894
938917590
267461359
308509077
658939735
699718205
693805997
599665280
561645366
983913312
413848302
984639095
716931007
824289373
616948943
481909166
626801236
496607038
736968506
722435373
972643430
969898329
449844890
469674186
951061063
962192625
299008966
137787265
874292613
213148381
282080138
825874026
765114946
663177688
211133482
583271286
884992094
145684544
413656561
934511694
792828974
123038567
103675575
742246179
733684996
391101321
768550915
960521539
581840926
748044705
532832539
274729078
175508846
499190333
827062839
520136815
767046326
826101794
989152143
890295045
769636568
614556134
164339700
660874017
742331868
130523960
4515149
747939711
586029603
891583983
624276625
330293875
70357465
841273574
475768684
24286022
229284854
804413982
941352651
413613626
682236059
702961863
58721237
581477097
90549950
856587232
912983876
904453988
24651334
806140042
413124202
225300324
597938388
7743026
766105085
548361093
403419618
310613699
146329838
105245850
688219152
842280938
709884289
562329882
261046804
745801066
385586870
961928718
223322362
70664442
314446093
864195554
61613175
688397938
950726607
373959237
71903113
330558993
219289521
812957543
312619711
66459960
138999144
180517118
242596616
819886954
652811170
660933190
540689520
191727975
384437419
571411647
575686
356074598
918312974
737031600
543192610
856955380
517248442
216344064
100798380
238781658
833281192
484678075
640148003
555474484
691115004
882016988
526796520
431102513
598696011
729115668
259065725
369491534
507786442
545044743
572209393
854526588
687042605
664235911
414321208
960996619
71583388
803888300
518850135
918064461
266441682
844120832
526405123
699922989
846671945
371750570
386094250
326969162
652480970
836454236
1912104
562783907
827840116
350489838
982608265
585923601
847798353
981443911
200781996
763583656
357280723
996949994
926883010
324697809
408338391
170608794
1619698
984091009
912024404
820671056
740345730
824402052
929648340
683612521
307718546
946398295
67319752
304968694
108437058
597371119
51109080
373172144
907393705
882781586
848235772
454292082
167695210
28047185
194473090
828728104
78075226
853215503
661833436
315020767
739402084
528146469
114480206
442887875
85530736
730240827
695028401
844234857
870137483
767065665
224151910
572737217
410217513
436737230
443054560
565940987
812537161
239142118
715040961
526397605
861350626
895980927
94258478
74292644
139523378
749598882
589975705
17512412
908596403
654453458
54795412
763060287
30916763
702123546
715216471
269475636
331640269
587836310
325672360
517174933
711029420
278679934
926107214
247909812
327833362
576109037
269962670
111966018
318081497
448829143
722435553
667439742
980603889
598617568
273087076
823302913
627215676
942599011
327689662
224610818
344130989
86470953
188607691
604639198
947540997
625001261
143857408
938918270
972626983
94393622
192685198
641384623
241885425
914486936
21659715
82626686
285808162
501311185
793332527
982769444
907268613
240308556
549134389
187737461
111437028
988579732
635474695
782163796
416324657
485590521
446945486
792321086
14574276
439785319
1278031
894316559
955677313
586825310
499525460
466821331
406620099
801779425
780698523
523849511
413377063
590847513
909320240
46812315
292233965
347310474
535450838
714759122
840564609
481500897
424325888
406744494
216039746
346569284
164514871
947387215
578834831
821058959
925358464
634404039
921918478
118928594
515037529
135411524
570014788
707423173
570392036
762016879
90182708
649841570
753246395
638541942
424213634
487790215
464202435
41695759
594444404
21515896
955978725
612180130
228440108
195622522
30182656
976363437
788530640
871338088
918476743
561512997
485461784
242068464
214733871
524887745
937287083
378278071
969864778
512491648
49932496
950977940
145854403
154504835
48848747
514620437
768436540
571290141
33583160
1705799
191124375
92794356
730074513
881812657
809989395
164263774
261790898
227381245
617984198
852791993
815000530
738151095
804745163
359887930
43245454
703184057
593175328
516275408
853781828
78305833
717023107
845803408
620911662
620504654
421501185
331285851
988863165
749011742
979405028
758425884
392867281
46525507
973580169
659316043
403052911
462235729
941206416
294698243
293240452
837002143
261569132
179264273
976534031
679046476
789645509
734093561
951198775
784786732
191993891
812285400
740830646
723960379
808006728
937300869
158335705
82610425
47821175
621454122
177625544
289500913
714335231
671059779
180543771
218314098
722023754
801526297
69573977
149635215
262210711
643766784
814750949
355661760
327208099
258664339
697859953
408395461
189383666
593199257
88844357
151063337
442213807
895231411
659409116
257434323
746309983
205281396
985952800
389239572
310395631
326938216
144804790
427764401
595078006
252031454
734801849
885860433
526721218
34249585
695598945
904170543
115419185
158472574
387328398
156994666
456606749
699105323
630710472
646165729
685947490
731066595
213660693
553794063
245198031
707935709
696179320
18929588
575554181
83464256
492038113
152303793
507977068
626774607
696385119
435755713
489080804
626025056
512862162
227727799
862028036
398636895
751591107
567975166
490004396
268776424
172193097
926214664
755860429
727430434
754751693
995164626
495635829
845998914
472204590
547212964
621015964
194625906
244087961
726348490
64964045
208707173
16310763
350302953
262646998
971320451
734617636
696963448
904982136
367838158
400106819
391939212
951276994
499784997
683293246
613387592
623597771
424957851
804490969
986974292
68368355
616063461
312307780
299069230
661633562
397915463
523285756
697141913
136155025
644889751
545098048
987944369
489654793
96041312
814561934
357000306
419018642
892770664
610249010
340759264
949058004
463579603
360612973
217352387
650646329
783693538
702264152
406214963
405453819
794735053
52431370
280188986
802942170
618432037
599571211
146224495
987911666
740301268
502274835
718493818
379220756
744541884
646075504
953539022
861912638
610024701
109002203
916528817
921674729
144858925
725876119
442781944
941104882
682888111
63181581
967127969
549767265
33435523
40675257
307456723
255833559
741880560
583835034
876449882
635645479
39637887
142748642
229601212
217003243
749911722
51291163
309487623
810869993
595125061
258551626
420089775
299311092
910954319
130088197
743454804
109264012
364495263
543996424
225705432
191878289
525251097
756512777
856905770
348960111
667739998
274434546
245800480
929796615
185987663
141680906
1882502
634326589
648166078
843366826
754545060
758741397
668512188
303069489
618176858
99302542
913054996
136640837
398210614
261743288
519966270
293438974
941614612
635470218
627731360
925766494
837239680
116535414
217218021
594048938
375441060
65076945
595440647
459152251
483741999
73104926
503215128
296876500
740391590
772207804
570779511
191822476
718776325
296223953
214239673
782390185
168508816
512329368
153518750
784384586
455210005
22504783
887922311
391543379
931120040
704342239
108560316
832340016
508165082
498055817
702452267
368531585
287963199
218173103
982609247
791278319
561119546
873201312
376428515
294534739
742581209
261412496
596975180
640934107
570596547
463808710
506303278
593610132
697679418
276109740
331368147
406294763
997730214
695740180
747167487
497681473
286683580
287111022
234882184
972815191
47973458
165667910
244730251
109339878
161452471
851676427
555710566
696104924
92654873
562461452
710159977
459193529
736218247
642716629
320774372
222909541
379434038
5585330
563185738
458703288
543766343
684378056
952295660
934865919
985663792
808192126
551204453
763431392
713436804
66810676
382652432
494951703
788182043
577970297
774522370
390615116
900806755
655051889
163366906
50685898
277483887
407686592
599078406
929021606
443437324
68153684
225848511
750196639
430543689
220658296
119797868
188500773
565744348
296411909
372529023
456672483
737752377
498256870
811165838
751798835
147853439
759841819
97840951
721211746
341809985
525082860
782464242
818801909
782360334
871204327
402403789
597884258
97631477
715292567
487837648
428410388
523004034
60994472
367477966
783764899
529653138
551834811
460676289
492884827
363267127
898454959
641196112
350933760
385048018
638867400
271503416
608231363
109517306
103109070
742892922
251062092
27548801
297977012
658184690
203686107
141687725
41547741
539340162
931494090
70899540
445788286
672220596
323210088
359637126
261747322
393701234
576322747
975291118
606916030
904695962
426291559
600621991
644352330
529471651
537204292
147852453
81591216
959387198
704335000
489004671
177160984
328059075
4374829
690405042
749865040
612251515
958064104
528516638
573512733
44789796
485615210
50115945
544168772
503448657
861719396
769343149
787066210
102023381
419774265
567377962
691173955
571095379
396272601
308379688
59998064
834538785
572132028
984733269
816332419
697907437
419784667
76315787
716966280
879227565
738902758
774045120
352205063
450985156
392789300
251126155
42530627
932983359
507796896
31378646
968851058
512652440
184912217
3680564
315795755
617266528
453133204
571274776
429308264
718553169
271390602
887934737
741266246
791001432
126047915
835066884
9921745
959230287
732223267
319278011
777022399
735978782
130068159
576278555
482972823
762114437
190055165
309471020
592331459
2286871
310453919
965096722
569332623
266471590
226405929
630586261
634021486
541031009
41816188
399427015
194313061
983734074
491807902
504587154
509415493
469968177
42890964
345071558
349560872
774501091
328837308
829108960
279572718
742561259
660823119
891640012
15888481
627356311
203993455
349384952
742855692
273660403
508567788
349705603
387911802
240677368
840144895
243416799
197756228
587943634
830831491
616427495
66146816
150437937
476278129
230354559
991073198
899894604
887898686
835730399
93888166
324938622
459952727
880101217
262805154
745001610
499581945
42208439
686250716
461435394
773566535
445870611
521026154
152531904
715343818
5624284
170807074
57352218
909487693
186891745
901888352
488426592
405932283
631710700
382836619
66679374
993244566
764486073
115840407
59510099
969094002
84808588
122789639
626204651
209583714
991168577
491857097
731020766
93119402
623671240
945237153
757725130
351988612
886615912
696496235
786860450
935851604
496050021
157180401
494881998
819160164
92354191
621210440
807168772
714655733
299176819
184314590
325614699
980402272
362793804
847259938
908187627
31366944
102447980
875037330
67527432
240865568
859963750
670669440
998151006
192100120
852700154
746919978
206289465
983879145
221084027
46487291
936209132
379398924
96290244
814814952
6978736
30357713
522644042
29983830
22809723
50673429
373376588
727924550
123734624
635056622
142678806
139688574
265891076
781485526
180983600
141951525
243360517
790495754
238358684
536002816
501518780
857087849
960083854
194115748
60102111
868222453
286743309
274764859
871879773
86044398
505603299
366733288
676839971
773892838
202167084
627328749
725579746
537195404
941169486
810940193
976448070
218128894
265573063
3437333
164102312
148551017
805794560
938589587
790105713
685020692
734263473
424753266
355526898
675314994
397812322
891636121
213121621
488134931
360120082
83185253
342675073
465220384
714826573
484434944
342561800
482199610
709261672
416650708
959288362
207895997
431138333
162835452
496138985
601290843
212305028
457805682
794641227
252014514
964192748
341976684
350040885
876870
569029404
968915088
411472637
526620605
490023296
181186753
969163066
751896356
801208757
933736453
450635589
781420303
546849105
939425836
613067392
372703887
735350723
540128158
491267132
478358050
642450503
323556744
736354307
887127281
279146671
993056424
247859675
177529053
145833083
252600719
537240799
256764083
399814184
780150919
193851784
94742826
732304725
233639486
897419599
893015943
46017858
82926217
238126443
90127703
289095060
404347013
644206016
566589081
167891656
311278676
811346493
462581441
287815528
913515994
48752668
384995814
661637254
787102601
437371999
946426904
93041466
894822398
734436668
30567358
754196547
810935904
659692209
960208379
349494241
305492691
150051868
589336146
992652286
658279809
976967566
415399070
486970062
722096843
796411902
462694129
513697398
927456213
964524238
583183839
143115271
371711353
969768866
835443822
524626177
39370783
960682652
862647497
796299276
394550427
698375712
179209230
401686145
745150619
35626780
782575663
178853748
443549411
231808605
462480668
92767717
837299806
514293434
700799506
832329843
753282819
510503260
928947028
447443860
432090853
900200463
757467378
593768771
84356832
684561639
590666790
617996296
14279593
550104818
515943381
691888850
490830407
721969850
835759130
15111953
560730520
988435061
94501761
656739894
460110480
517243553
983677954
572329720
793495960
382597370
948762367
163095629
241616043
687838336
211994604
249634
366115163
659727271
444304361
683096202
984281337
973934190
364418135
432318648
263414727
87864525
594023411
465354982
557800164
584580887
73367099
919287164
108499732
674818138
718289973
219005363
265172713
374668518
76877987
693193537
533156029
863447678
437827607
319559321
561608978
285334411
822813649
509255851
898760513
953827258
576753856
557817271
935882334
964968806
138230676
120814587
450887337
383835480
774299402
304067906
75468351
426492096
832645658
215990292
667848307
259308723
253629874
555293093
429852673
104046836
101061015
866066329
235762191
948091084
562478134
747959933
530453964
224940614
22457173
700742963
938286459
532787089
105252889
890134353
608555581
478233665
435921542
44277061
24712473
948566794
667355485
944118210
808900531
923875080
851485497
101085633
294738814
789770052
784677019
797593627
909903310
44737982
563991620
617228244
477643462
546310274
120304702
550001532
678801417
624539387
363975643
7542029
170440552
477521326
55446499
106929924
381413958
746867034
553291006
634038042
891764017
875120892
595566112
354509271
906520866
741962016
433913481
521998832
772752013
689791861
155681450
866258768
460400536
537187792
770412723
204704916
26190389
427923865
324394547
254206605
635061022
517086051
614424902
605691200
249513936
637066847
36531104
707685269
832202559
481778367
791119753
411871029
525518845
54777550
697634554
166180879
134452822
988673666
985589042
547920476
101515937
452453624
523699661
671837581
477372011
954288264
497223597
19688356
353027340
537289847
632230216
877426384
626470203
125888405
872205062
566322043
41459903
72010628
826863676
119372562
355229934
424703940
636778669
299007907
353141762
265609339
856022468
431976188
728293531
261126764
516105268
174882960
583701366
186790316
687541896
268806409
819243110
494673584
156149893
354372378
305688862
86871683
274452055
783245236
234910634
371008344
374792431
585382292
234443889
324180265
922271373
8644872
714528909
26117914
390140080
277782313
936471021
523515332
10153732
700849748
346250349
704992455
66647376
225161177
37908117
442587141
156900152
437865674
587579104
275763577
996841362
20183142
127931700
307112221
909789028
50363979
21623965
473164681
916451097
309221988
298494042
374537395
658395094
626516094
296558248
623927959
379956668
708885183
136234002
332891053
400924189
298650937
143145801
354184648
308742767
154151257
720759749
291544101
239993544
155433383
966021094
770134694
387820374
795934861
137469775
552653971
334065191
45908504
638703244
651506857
55721340
253090091
931049409
803209587
327227695
909866893
206781497
319585054
200064460
912709280
426594054
946780322
804789338
105529426
482341401
513811579
216656628
629921190
935376897
263694902
349760912
529857805
459741572
889502131
395309395
193958481
597456095
82437138
302825175
324858001
511086781
973412364
180693537
594856757
597906443
764591586
43121009
318973073
102442349
270903888
175185033
306225951
763742136
86177055
729072515
201558972
301190212
645779034
222790824
734408860
618412384
289623181
44444760
475648685
766303238
676566847
381228122
944353313
893646339
700515891
540759144
770993334
664368731
511251055
647236324
952990103
881394111
619500581
223146737
632850058
886553931
710537093
327557930
104152860
928609502
363535404
76539545
89315306
866332670
343401097
397720573
668151455
162160918
868428893
378767747
655109019
499047151
349107723
228724619
348223971
299326971
659514537
597290700
765775964
991917816
674024655
595539018
582068623
793169820
848667246
713883118
406596373
574340105
628718629
848773637
553738462
303750915
114147221
329736880
945531561
74389518
725908449
244750389
857411804
709494784
223861282
761570949
987898426
301869350
111707680
650003223
517295462
198087301
85198304
642687089
901692297
943854307
530915355
714747462
183904507
578304497
717234857
779068141
425323174
641935692
710748854
249313612
850995752
532935729
575591902
63100454
545309614
44605991
964564955
298479405
764913942
110443128
977075721
61880836
738522376
964098340
218373892
827541458
504216926
623401601
242685343
958208596
650655666
425575143
151107339
96942185
152358860
188656337
32360855
521370224
560535583
216883271
78784208
976385174
364465457
144754205
989736638
697131406
536681592
226217421
272684143
391696743
694294541
694876821
691960637
947301407
369955692
336530406
209143075
200815715
740654854
707975618
303352642
456980982
343252792
309039303
375516990
955327454
983090475
541947177
598138010
190507333
649846406
551553941
405616002
173767157
446876617
730392271
250738218
667466844
639364471
597584077
735266041
349881657
902624131
912084920
672476957
938460625
520919003
24844377
866990608
576306220
384072956
992206171
477491226
875784623
173680950
46537804
67409971
116371087
468906582
979043690
210359744
35767440
645556610
873747161
180055125
576822310
548569149
846013641
926531587
680462588
819088461
228372415
811066237
384223397
77209338
296965507
126467146
236311851
72552351
799118435
754804792
625520306
76513310
510520099
824349518
310013777
774662085
963158536
747358663
803036337
700374800
24673387
268507137
951854602
243735026
564918672
923084472
300518454
120863930
492032931
552130698
540407825
417333308
341005879
425702277
658546754
477693253
475354879
37790554
31430615
502502135
913746500
123386331
765584472
392496760
618893343
56738293
115449705
625623886
722862859
307596818
15249250
259919280
967732297
664127281
54231036
694243099
262281391
845069371
892936625
780843201
457123534
893985598
716509454
848815147
916137440
497837273
393286165
258807244
565723442
84543592
863662024
78702024
504925069
479379959
973545793
116982865
836744624
912310654
1116197
93528890
988879539
471377315
700949022
52978560
3205320
411531455
752704083
254582528
282417172
736420135
905327324
299488438
361742431
758430968
402412990
743726564
912403594
811508572
494987952
452343330
91781874
672907783
831391339
573642506
950664809
836524491
925792054
666640135
260328887
372796343
411155538
886118155
94875879
938845978
309943825
727341107
597111875
456810010
587134061
73632664
229876502
497783086
431125484
758595194
228677973
760892287
846465735
161453024
574949641
3013946
469925378
875123088
939535093
895532348
737282448
893215295
252872572
38923372
250000398
251344692
427147009
471643371
908701056
402384190
233377246
231634380
738706730
656330734
782529983
608320520
156509638
233129638
144614830
989871273
778298352
150902171
468083100
283727265
646102727
339686411
307284878
97851271
369117250
872018050
490163065
239179337
895768079
784637837
469703815
464036830
33243830
820311164
931234608
809279537
958446309
780075273
58819575
696531328
536052634
262277338
860412884
394279372
468356674
44681816
155079197
633247650
496593519
803790457
164074438
934558172
742285629
154730186
362817359
211385030
799736121
832244709
880448314
260846167
636104679
98466067
342340975
218897632
951605519
816439585
153321532
830102214
246466
85421096
793031597
159814355
456506848
425056964
866822983
158299871
914681115
840369296
770777603
787107197
754689226
29839517
632851397
359785365
826406647
35368891
14957270
959806705
981342901
124631676
501401990
472470702
123089847
610003688
532831344
996262849
506539645
426460216
131415498
553828479
983981061
39461463
908302282
190257324
54042393
307344001
817099655
86395418
757580554
730404084
629726051
480596996
804213069
455975772
268890490
962986435
867918313
833750004
298714182
896087401
305685050
223129436
448536848
813402069
390706487
115631414
278373882
930268546
894442851
322645186
952121789
904294729
457763293
658789561
724628604
182436159
859041801
90287329
855191736
858604282
331782598
789805378
30355005
500221720
485152244
886704494
877057142
710538119
973774086
124422661
178477209
805327646
297683381
129068394
59492688
751498465
96346508
22985294
539625760
789148734
667536941
614819146
406154490
862288348
297355165
648788845
681204982
936967626
208222708
889964928
277990744
434866207
120636510
609313354
686071481
260228096
14487649
166544836
333290213
217137715
748087053
736000616
364424386
961773373
259812253
27620929
321886383
921012806
863301435
604891208
85673585
627827922
194449959
441190556
126988393
184490009
598702050
9865868
9459196
58804934
601385716
276892119
970190426
970556761
514987703
345213369
703993315
109498992
792021911
223788005
836328555
568817888
477650366
900141427
667559505
826802371
348891238
442132686
628379530
395902744
802215532
957391312
415993555
708607482
538596043
263217427
667296440
206715742
584733031
103036316
231766849
661529065
562780199
575230633
765332101
635913483
68118284
590552975
212520357
652592241
725147245
720742966
780122341
384873439
659011512
929256813
705457447
859509861
55626836
282866356
340076878
241502009
756401431
582803301
774207887
84548451
940032643
140708019
285979319
825784289
224596586
827044518
134759507
667345760
493248500
461381525
685530286
778812268
211787394
845201688
916100106
647988630
209775204
521948429
632721178
976855281
310835532
926811799
574111813
312904822
769781950
277251232
714627036
849263574
470019541
486151331
553710445
973255125
126576554
628495762
47582447
651377349
769110328
561087530
188367091
205103130
715605775
731647666
826432846
797648914
224002602
408112681
989601739
104656003
967737521
6096957
659314767
520464367
85929999
15054381
41841914
395780031
144918693
359179925
235817360
741564983
275568529
827213423
89627938
914322434
441873133
828662186
900164611
643147649
941484844
620392592
499236439
131263344
379049810
524650134
534079489
920566058
706589710
120251999
481051820
208174235
145674916
944550912
185178406
298228974
587575007
93522259
178383502
261084395
97012157
469745384
675167870
617666206
878455101
253851844
383004489
106929987
271287883
91764678
407597588
417059472
117096973
148030724
542762780
488350222
398474914
872967005
967669528
330577840
494868229
114221663
280895268
707037313
854923853
209036276
292120670
704847949
537958182
262479666
729718037
362827441
26891408
58239748
703202263
842861583
804919380
209307198
153005741
755962029
722579743
607571290
233309158
430664218
782514087
757043696
61163461
110876459
113828597
574594276
635169378
823614499
682889524
877339273
987947480
611988837
139698056
869966415
645569736
652065324
784296414
475103636
610401823
734665122
348146809
964571147
532351212
337233387
133467453
481413040
318486882
561031407
79362178
766949717
923925220
403887052
262478957
75016946
443129256
224720731
318927614
75046081
783177421
473688942
359472913
847648951
275706025
86006408
98701357
395291613
290689967
188592770
546909301
827467241
261485806
604332300
339341276
328744835
343422469
800993551
615096508
146136276
336004181
353818060
980975715
741721755
631798577
152521279
396929937
220039504
500154431
600292218
711687744
89629174
968069636
708385167
777232964
708966921
922923976
25177769
66374911
332541546
684237008
872853260
758939773
985584930
724065742
869970019
210741390
767224654
25064358
290711068
544004918
634285162
559944534
845337346
700188647
42004986
35587229
225019995
355928241
814372937
545389427
595022348
881763106
490990945
21434295
347514333
858528538
347954739
947508604
571840474
783137886
148895018
33988773
954246338
113560360
496464777
840995708
151291317
597019992
534306439
796743496
352450065
115299486
234207883
517701977
748893941
49731679
100982516
877803118
888424674
358066030
499785062
194824662
821285940
21868163
343851697
339151008
825224847
362241033
193472864
560308771
898238855
23828179
659099113
509305138
950978304
597021975
322382117
536875191
603318886
13069997
511265236
291289724
279348773
664635484
631248379
284949705
645757508
762560625
167328472
34325510
170311422
767382562
91525220
800422911
239400386
343755907
455484644
156454330
645827156
615579609
420017462
383347484
415088581
503992810
777713317
194649975
594802024
570084541
998196491
738070699
497407071
984235040
766186915
553333251
97614738
69051181
312202279
331296663
912975501
722313637
107203378
454874060
47037054
676376655
399748922
31006172
437359960
152400993
918143736
742158819
728657243
807869738
197792976
515974095
641960426
829026732
485864576
753686227
415525530
927466067
921071867
32661456
645491165
195394845
548474979
378574651
45192671
772557554
957376259
15991943
240635580
532276919
405282492
241398269
832350413
955464205
365583392
311128899
928392864
396729872
877998434
867404806
708229046
638182204
562152217
425504732
217986095
345784937
474639599
89714732
496941614
958808466
934996810
720852961
276613662
395590907
131303341
923530150
609154131
22251299
898376296
883124237
480956562
657756269
148852109
161057168
288658632
870975922
155329734
272689005
660572204
1623490
392897628
902779060
831595052
150255798
627224343
287160000
23811768
107011615
161849423
989979632
882626852
395620628
764089164
546605694
977803133
190418333
86141608
90614915
39484123
142174117
355179476
203603796
870040357
481795896
156546219
192989685
364423252
45147863
99403299
918838147
242700247
104082109
79577916
530282359
796173561
66085451
717707334
146860669
240437029
495386847
413480186
715107449
817090107
320765504
687091273
449343711
549512251
64929126
182739059
771007172
35101989
712347395
55337184
633423885
876039279
13102680
112384257
106699147
755607303
316955425
528582404
701044887
597469293
127275644
959738591
183480456
291712524
290120663
263514001
778667437
91764908
425210056
19383384
861844610
448253015
605015819
214948528
258597291
637228794
509150403
985730914
593590115
425645681
9328800
85167532
725610292
587953796
482153268
199598516
798919826
998290
355395679
814522367
73238629
822494495
529293680
143554438
630454220
732225423
827438510
959430081
430011751
504545992
139837920
693441653
728264040
990275203
921897284
613781897
828064070
451215457
326631624
578804211
173951229
825615749
23380398
348252482
249998155
884655751
902405769
902700793
496976924
840185900
939091726
812918631
483937675
839756616
342012492
254418999
596262767
164665865
960570924
986559069
824290693
819747415
687588890
643232267
984479536
655996137
66235538
758282685
758376308
553423894
158367499
615215965
937414536
815304718
49069027
886194776
663993813
344274192
632344488
564050313
260656210
165719062
372887173
215721228
579537826
932220569
586307786
264122409
114585962
985137222
657171666
168102652
845199320
465529680
287308924
600250337
920129958
450106794
175314148
698423797
536663192
620639249
322123470
661875943
93988642
809546212
879868632
757283113
782769111
182164280
161039399
535282543
968823936
990271
602606879
525832651
236528156
818912113
15085769
158769418
297334478
599214635
475072435
696862655
823556290
708896199
873968765
53240487
185039172
235764563
216556439
312925409
839614713
679272511
278525624
554983482
948588
443291521
81445944
542983270
199991964
820431360
527372930
523609591
52677795
207833598
483640050
559470238
438744650
593101056
883191419
355299402
491582951
259441941
339609050
708713276
401344924
374215330
868701123
233770363
461490804
326091156
2418947
481114459
306452446
952453787
278335324
756991754
564500753
91138301
90825475
746179030
525036414
929651225
431894029
299570119
764609547
943683742
136027028
802531825
800542013
717162407
680951995
755884627
354521119
669726227
927717546
527866535
667602530
233585870
54501816
21608781
987003324
764918258
650887771
4009846
488021337
219962746
259036686
47035750
923074688
436426572
481726077
511577169
868870314
160239880
761535436
857602410
255825872
32031062
796828779
49579053
340162038
704264426
215500149
549029266
591114946
120113242
627319465
722766925
271774252
649169752
726296023
606521905
879213010
242178609
319071311
261905271
549377035
10853765
147653233
251836970
178890159
916455077
148642231
516041604
79013287
982311620
804764654
716384357
338642512
10524821
456603226
296335897
35852901
545629748
443958184
970302892
217947320
526165030
28411285
614002974
412342197
471543201
607035889
997559356
150003578
781275355
587494548
177444259
757481303
752892542
648881235
565878143
214137755
335701989
497996970
72906152
974049432
300248848
462729692
798272159
746289500
877425457
912170698
563722331
485112905
452335398
271337512
859160566
510311237
345128232
566774519
856965879
144773135
829189549
983503373
508062945
700822882
776516947
767776624
87041459
598842428
265821826
100478694
840520489
835784050
452447343
836252552
260084085
152329638
778363212
139533086
550671500
989528706
630327044
537173449
696041068
952456063
901079663
557488781
712919827
141770060
825054825
752530963
184389086
275546746
578521245
396677222
104600397
773560774
569363589
997038374
501356453
827897763
242744022
697971924
777344923
168566153
373509497
295412262
402594538
198310244
968609069
743179435
137726043
178805825
478902557
102999981
944555779
609781836
373166900
128888001
244390243
567316246
492002815
667199000
445161068
738731413
364116169
49308956
775994767
816449803
28159696
926990230
42876998
959389910
88969411
549150871
943040377
382135545
118212253
331206292
774589139
497707203
45945382
305261937
560056098
703433389
655361933
717435889
394258471
205555135
827003043
439847302
76887208
310633091
638499026
233418067
544363541
834256643
515009313
387883735
48316238
679781382
445846263
346373656
392066418
896932336
102379118
839385477
661118220
117210289
330885346
968754086
805937242
498641654
750264516
562237460
873595561
185917985
660342599
183970734
10021565
111984569
994762651
789872372
1737182
241642308
572281014
180853038
766550488
610941410
577355771
733115498
217301486
651424387
303576456
473351858
889606634
490603704
673110555
214024744
418237976
74423254
245485784
763110599
550245027
594112692
776920929
786911945
175646111
682163796
86119214
375246463
351669163
36345085
882046349
710309164
486802099
432598992
795368046
524344780
532515195
640808540
521342968
148566902
388862726
943930439
418880140
6383225
160811716
846592563
570542212
985296928
94945860
818167222
725404935
806794533
362967196
11763983
500788702
154910147
790263342
361491151
40051210
130050346
915970479
266028375
100366815
989597711
850839688
648897308
271118324
474582470
487305407
361263582
341350795
713591828
946670225
753060340
364731132
526042113
67668274
758254551
406048090
906858110
889107976
809048845
761404806
200655857
693189506
953730770
711172094
586619611
18853677
617058555
174921837
250176461
199897900
688974172
755054258
176702790
752807020
253213963
844123101
705302177
341509054
84609664
306161505
177723268
756518315
269417805
862189344
352693069
521212338
706183972
134214999
16312971
963589177
801366103
252897083
944997871
184969774
24337925
849687409
576269778
243926220
955479305
841165178
235771741
745690403
672106028
90430934
272195254
831159314
206182526
288901578
973007963
800695989
235267215
611146256
130395073
396295898
308067740
516116082
644303785
396451587
42294750
132475024
775556769
620110940
960900030
813982800
346519267
235514924
577223641
763325065
513035984
488939151
302395689
790762613
648123907
416980294
62342391
20105173
581695994
542210753
212085278
577598807
131993107
15664995
318662913
940564383
526702333
933179552
334905221
196656410
63574336
336924933
789287921
739197986
808161589
257586519
371584209
258613816
892638480
48280781
828556445
561304103
660579941
946769357
204246368
122071954
539820222
675046438
529672686
591025368
663069977
143851526
395661036
645274106
705146490
709997149
355414740
986270712
956527232
728486853
823135842
537691542
565073621
750158030
384888081
556996100
694283110
503996853
55474558
384773314
41892973
820329407
73550396
444239380
34648138
76167862
748619769
365174391
978352645
565547460
641238224
559110799
286321011
132363311
251069092
677666296
542666453
71025655
691951601
298182216
28404112
789992526
537264337
539270729
882248866
539123348
340211035
625091875
155094483
231198916
253564799
954677397
67148967
779237548
749387163
912635891
136590829
988399778
86036857
568754705
174964457
965077813
241630274
71632699
96712042
124812876
576879135
14530721
581024576
226305437
863087141
452320750
904194371
421916230
869151879
240020507
440954181
855612093
870679323
497898331
949475390
996783407
468286725
384983409
476650817
422802116
626144412
269871643
286079569
269471633
425848967
994006395
616574433
872917121
190514660
211756184
678858401
8450064
162698221
435660541
493605858
317398728
64362022
630367915
657539612
391696306
558737513
458675517
613138307
192490819
543118904
62045616
402364239
83140007
724656344
850069538
381527909
187835531
232883949
521398099
274135541
934655185
839336580
13573196
67913313
509968918
398618019
322074153
444267245
589203162
487666898
519167012
245913628
680223847
767181085
617110762
355310356
363824487
741337983
381510824
702415050
517490375
876663549
229416341
389435522
688156982
612409020
441799673
207489550
984050500
424177166
587316430
522467300
455867888
830361639
397964687
534291711
814935470
674242699
497331292
465273758
926564725
870042982
942938062
903525961
328089688
201593305
302039508
755633050
910154972
230787638
255205322
97790804
703153236
215787123
391660895
173966338
480416561
22552663
176147631
136936360
716660730
70013866
58707582
561353608
100317382
674699737
400168421
362966777
434112984
955589151
181246473
609147996
803496652
461504431
499274266
362947510
540791175
351916160
861228258
470568296
687152532
9380509
261126498
334393853
490862004
294014049
144753449
645957151
209471241
951183583
783765427
822034932
576057725
670067485
252668229
718404478
611739994
60317430
795735729
543423086
344419433
771796280
925585132
515645954
349146988
514074730
287667614
10702905
351915632
230568898
588016766
285641903
371642146
789384403
657688779
304611101
12176755
448216020
188016602
776977346
218784242
460061453
792549847
850410559
348694916
761756039
446420391
480867711
701575621
502209868
919811896
702303821
4093463
906225867
29138512
239402077
139602821
82528567
117913298
119495468
352506635
868865225
57103448
296703311
165866881
7702329
258268571
533304388
756456728
800841569
292593117
755637415
777733135
603236979
230814230
696417111
445900805
953349219
821951
427305469
931412442
833493108
115003818
29918591
588767139
418944634
859641809
343467976
935212583
985861398
542326344
971706051
368430509
459074928
901627746
737896033
736987150
504101211
466418624
135847141
255389861
526386264
817980753
698284746
556076901
831717175
654178840
971159344
777221668
765602443
373093498
618997744
673817868
214467400
629728460
121211896
521580490
629095002
210632972
663732417
449352545
24299392
823496877
820345306
114375353
136767364
614784990
879569494
509905856
628998040
179328458
4014554
755587103
127341843
251031089
861982265
226970066
127905515
863815605
969906995
131553628
471610199
787912799
764011188
627001831
592901977
509433336
52746943
644917291
280393105
129011449
110794820
177060043
138036581
754259003
357318054
410360494
910686134
136893204
183317733
34676305
266822048
507912653
799583437
843116630
104657137
683209854
593999112
959723668
632633941
918554544
471658043
199691788
40107798
792302997
706731483
420588692
620307835
750688340
78527395
164467397
575602119
894925116
291869415
660855822
241185533
764619932
698916893
140811202
80688785
388712841
302586915
751468414
294150818
945040401
888894713
852634896
366644291
791829447
545477468
179962002
559286466
175992971
11297257
447866012
670447669
226435159
599323177
947703963
16424783
348534744
150450593
927346443
256042138
431533652
239834710
735092959
495831474
264151796
411134891
527163135
968670202
27269652
315755926
37910749
573234256
216420780
164609855
719080181
605899084
419160793
424034577
225335875
186954280
433634961
537594648
585833320
791551652
366442595
551440623
489530649
52796714
736040762
439984806
279007202
661055130
266708632
583965101
21805639
424577780
118590611
423660537
342218189
223680508
171672635
588384941
665137147
548536428
2787415
39589686
544750616
685891664
896213192
949342267
111354372
708325700
969961735
798087387
232992436
505427607
261425961
720717981
458655632
877973326
358153051
704883652
26508474
256711349
915543324
532596370
466023740
359936429
19819745
306625224
591617270
338478090
9811246
411594388
766039594
908442868
889252360
377248089
305784081
836928656
301800472
67857702
234481068
491991517
339080502
222876108
840355982
595329824
100043756
182962833
887855188
808147743
597396286
726016200
688791583
70886059
934267449
721499987
440882465
646486062
3666085
532119669
542987677
614852191
746638957
80701556
635023033
122236710
47920075
904902102
820992201
697587023
675966017
946880435
175238657
969645878
290099034
676192058
462810992
735858224
35702148
822581815
321261923
302283786
114353860
416683759
846850502
748651827
772475251
958988344
117165986
470232052
530474599
436619745
311080236
969296707
460318987
552084784
789413580
851750622
401294318
255055633
388794638
353249931
549939315
306699950
506888372
951115798
861982831
826636488
539667056
667018618
644089049
400342144
53224781
956673845
13441469
186027665
654713731
831283408
680216511
642329961
213528305
691764962
634468968
679741726
832129157
229169081
630936516
898426506
657845604
559876119
449320601
191450434
2641288
314388003
232621103
165800410
289438470
112746611
833769829
45299757
424334951
7213323
214530377
456063397
941770630
455434951
42831148
684490843
421604708
799017173
270648225
392751111
624493892
747211687
358518378
685755741
122234863
706300495
3088572
546160618
568549919
814358414
673407318
456424996
466979662
347261289
16243416
760802901
120866256
163029546
67105678
620336298
9216524
376248169
423102709
635235587
731632133
323136437
96868197
423342516
593989480
292229151
530667143
652221868
377699502
400798012
514166245
692934777
604017056
39492951
936527608
944110395
583390715
593674042
794908992
340439874
271155268
421249275
102129308
370804441
627321592
21182170
861368253
550663725
18393416
988384211
601082192
535456866
378217183
988958276
903519788
597791834
408365579
87739862
381764573
577958555
435496522
381026036
442350533
975417851
578268515
983650008
606632200
446259563
529573135
619709133
431212938
725959593
438553160
157394410
841996885
447447201
662173048
981460237
992757828
857773986
980110864
961954566
906120510
438750842
110033402
71962619
339540971
215134986
983403052
521494341
857087014
501165118
3780656
220436343
441722729
240216316
354129548
311763457
271911996
974070699
39540596
937106351
321143801
122014736
690998217
29108836
906228082
133760675
745198353
12657650
688841026
295521768
477834291
890290267
822100340
303302788
78253129
653875584
364961518
352267578
642005065
144426936
950250058
756685238
649617118
800614002
688792055
41213081
456645910
884710041
511029536
960151561
172278648
459585851
852002518
726993889
867601624
533834717
906520041
235214591
81105199
643315977
528301087
43296828
419019206
976009835
257009467
306599206
25641201
460403691
721673364
288637737
582623096
240364508
738499784
268797042
707242587
83986736
414309808
598813856
376146890
578661717
661331416
217643934
396928665
687437397
784120660
24230948
983138378
162056557
574636025
63845192
668309268
420212567
686185243
620003919
551398439
733862857
24670010
566339930
68139931
703852254
751944410
538063532
401542241
266015622
665616046
481252778
881553688
877452006
284556138
282104341
152493941
792719660
417546687
848774391
859043031
822193909
724722433
393015264
805914513
389704372
38726794
878283029
734773497
929832331
927031106
711618515
929631822
502702909
261363868
951120136
379891675
853615129
890132765
768185176
63289557
641769193
902865743
358303873
393381752
86506551
942785866
848088363
95945868
230138671
271879108
168393266
422052777
844034165
765502042
786440185
89086270
793512562
19772562
963688202
497777801
740461000
954052431
833128985
278081453
444360667
8391376
194515094
921939651
125971848
826837192
409893723
238001026
217163834
493383556
46215683
790936960
371139335
756829162
556270563
703815309
356519560
185332680
240998693
688159932
142209103
914612025
144098578
367536513
149122205
963717911
585402483
450279473
997907591
530149124
986029656
74770698
544601566
973616345
152618165
706054828
834284565
143880688
457844906
258598847
689949065
690703679
951569805
748276275
210834575
328308613
801295934
582860015
687868347
633253738
669639110
620739252
290059000
724727993
686696070
322945267
597209928
469285937
110399982
671058610
798426267
707046407
711362329
634791188
97580914
109291
261305269
892737701
482200278
226078547
233359413
395665141
684518405
273191907
699872803
833845198
298500495
11751374
20154603
916719684
462974137
446013516
190735513
712112584
316245845
509104174
780665550
14999875
360541364
249267905
19138167
878524639
691818144
45211436
548585455
899020651
727108519
709794960
162460096
476148711
995366736
42329945
992202961
772111683
622224049
938144108
809435516
907339560
515055115
452772021
712216443
357253486
7187869
928412045
641289928
530919136
694874576
798165701
809507864
48451025
579919143
589527345
793151880
614480481
675987142
839196937
481662260
613393656
795371948
629936678
545243700
490155894
420505187
152261952
881447058
237943701
192381640
613737869
161015688
890767508
538274822
989977281
175088725
851736863
674348032
6706394
863753690
506873904
374686678
555611567
625232299
769952376
448892536
684164701
486615914
212297204
62602096
48640280
758427321
166385431
162374463
253693820
107370989
751331802
89092781
105349500
39947447
873098766
345268829
368446449
968183815
620395860
13500457
282960803
253521599
282950644
25541367
616247149
514003690
768559597
631686883
138614478
24812188
288832597
263285623
673755985
733042813
54212841
349660460
324560692
131019585
740953543
159382065
725736798
481372439
776865257
203586498
930421377
30205467
583465592
257530427
739295578
60669783
223825266
311146015
530079086
529286311
631082445
656454400
604934363
572748484
536384961
218676393
538452401
366381913
795558120
115332951
64087854
473727122
275346238
240841108
704101133
275298878
404825780
466214882
920823944
310134057
225395577
400932035
715074766
200531794
582986528
188445260
620776121
541470954
769657734
754420576
536404294
996915007
713809621
910833975
13401137
445017464
775871500
114314498
158052616
673857270
795867006
982180418
868123140
133077948
503089199
359350798
911950859
722255344
134235159
578460325
239302987
619748404
805844334
439136516
616219092
475025745
865521446
568289255
226256581
645566042
502858201
64711493
666036355
376071323
733972128
567032132
921857310
380121532
409747579
578624743
210118629
132023221
737304718
375183559
602492287
657340388
894871593
48629470
757411278
88885271
153106635
477982583
127195082
859979083
526227494
814999095
232894582
403611304
541344737
299714221
937441875
508819340
559117780
319210237
837111843
280972894
986564427
997558951
924982471
689837448
489073987
869027578
709126873
298403289
214476541
372477843
11436948
626150453
733619057
303556705
194369997
103948152
158108545
632564016
122640405
869369194
316304359
932912499
295683614
718193226
859522877
743599894
77810374
765008734
550045865
607745196
243305983
448645876
451271580
614942450
951712239
330319897
353313503
631186371
304106922
782382173
952072483
499848588
104958595
378741409
860365261
225806732
153684302
520375705
722873360
256293487
147303510
547877005
26350545
397586451
419261748
38995216
620268392
709952234
520106633
130410222
18792666
264313845
868402199
85106317
676803396
982432072
53081357
401497647
113068483
172051036
710816769
833203560
938497690
329823247
712286660
145880442
825863598
163227959
413405467
616640911
376957629
548565122
346790126
924022456
991453881
403270990
442303650
194323689
322157577
324801951
534377883
567374218
64401217
320089463
304087796
688902079
423355642
715955666
61680104
545867361
928122010
52990597
328812027
435799131
878900592
864079378
872944233
739497489
21535549
59664949
928505098
195386068
180157005
254386423
324485296
334215347
540473452
549472597
964306331
995207708
928355500
325106731
685461495
988648840
34264017
436758403
936289915
644900874
247613423
674247771
326386610
161469339
949576202
15300103
580675222
364666895
237385434
849878180
835189833
918023715
228282662
179939742
354893229
290168865
858898961
839617287
884015303
107185627
411389306
31397179
961912616
772653305
997717390
260058608
651913614
986890008
363871474
141181647
453851358
286434276
731952986
674250206
84706694
100694820
170385189
528966979
195128273
743798432
760375919
145001306
86737141
130939394
86329322
474523029
884062686
259158476
622844197
592602234
558794098
383920859
356880961
230700671
231339697
626442196
222557874
358707161
37404066
193465230
700941917
201781830
630081328
534701199
76868905
35624524
246410135
765633096
155443666
107198009
946059437
115616249
563587944
195049240
307038131
274555550
751781640
636468803
616939681
614095714
498868714
753504705
950175154
380226537
359727678
806638692
739241263
214305079
228293679
888776871
850833580
339665324
268064393
108674716
910296661
24358465
950236031
789462336
933944866
891163134
813363346
450518043
422714025
714536795
771115080
820238054
31198289
3518539
880545677
329637872
100056525
995448813
599382431
106047172
135596977
919275246
973701996
253850079
892755340
108502544
331551997
659653512
642351780
970407856
276798875
751844289
842852020
148288393
963804149
123108083
620664872
783178010
21789884
510772921
753509921
125104713
305286025
397496133
919558820
592816609
402749201
674903728
34061079
732160335
480083668
670783073
32243447
287716803
820916313
590337634
986950472
241627645
991548003
102749331
971884936
267970579
262978789
419341855
449903231
270385196
325468262
29702377
257887241
554204841
551493049
558435562
149440894
776374112
743546617
767059230
960997163
855771685
119759875
241190264
477001826
44949433
273810529
789832414
556002142
818124707
633138773
75540769
212790567
206051230
699226032
585027478
312939084
19841124
6090301
715563243
936892997
207107424
595116683
926660182
497764633
407270447
471721913
871419576
229434997
245515770
135114413
127241215
853311511
488145565
723380894
725285328
700100765
337729761
66726870
56747996
841829795
36393490
126834566
265216533
591669744
160334229
985826674
751352294
96262832
767638528
569013217
717189956
347482667
371143156
85225137
664662012
561377339
451222436
722696913
109388357
501206056
713591828
816181774
347542983
168807107
1030860
645446621
499886791
475065570
111539617
4514275
503590597
74509893
968543286
724951998
567355810
286242602
670614303
80332359
322242223
254426545
882339782
846414173
148057975
136208847
115981913
133350946
448187203
509727394
32358767
730960289
501407265
237350410
799884223
312064510
422728955
587714155
242043632
797599631
856814160
701323538
786777511
868451811
883593935
18564350
659922713
674996004
888817616
364693102
527441384
368933656
739412381
798380672
253737025
550331821
991978488
431782889
84167708
940570024
489920193
722904878
483170495
113122648
807630464
577334999
237038950
133848108
221014673
653206551
647618395
927597026
134845781
952905535
94111403
570818988
296600082
240522859
659896867
6902194
557622229
639602279
790095394
277909584
339386095
237980827
459593062
583971040
440768527
460797378
556830582
279237013
123890009
908104357
170963025
570131020
744653694
300724664
454971325
619640549
226337430
782265332
303479304
718353573
862635220
98382081
829764325
407438858
972380269
969909657
968655383
200421955
740439982
156315711
955258698
179344299
165180078
647725476
503416612
109517533
214544697
663984604
43248227
309477693
598272378
727290443
211872446
647804149
8317223
821461224
790093218
356987816
298042503
687841016
739699051
348437573
231755036
940810601
941325389
741148748
370724317
284036737
346612458
698971787
512811447
458880880
721093559
930756160
878252056
126745494
335387633
276619300
578329542
750492454
240922307
409418651
424921321
794928301
556509646
274642680
926979503
31940900
612066995
713572776
273320554
948572378
810947034
456595990
872816336
68818168
906147821
412947904
183220077
874768589
588054772
734641872
172447590
888295392
147064673
61294270
551208703
972882676
340575737
900410353
923220772
332959921
768094773
591004163
248024302
614255097
899513537
697142249
194220599
609030418
571650114
761929642
296345629
487560701
526740501
806783502
745353797
12980587
804594685
924951470
345196087
445804169
714302029
501462194
524638932
276891158
143726531
392997975
400488948
165610892
774408860
708825011
258660592
629966975
950837870
155612302
123504152
853333856
95806807
312642750
634424281
127151077
458624222
914340530
484893918
492185142
967973488
644452659
885870994
460470341
750614198
929277789
929369752
363817198
245223916
279236742
816292290
730734805
173447691
619270394
987478638
894457395
280045415
241818606
588254032
327419722
726708534
530970861
14381037
392151633
89296468
384251068
776286496
957686268
843349317
285535536
743096030
591547182
864737847
880086101
792218971
887462828
475363713
479770399
748455848
676362173
804107058
947439216
889298860
440903224
100271554
913086635
561130586
834143953
944137832
104419510
742655039
855287013
716908778
173735561
574640417
417657196
81837968
186426531
152896189
88923816
919410239
199612197
104474231
7106143
44621632
382390684
415918142
946822255
51420247
511791467
187454806
321178040
982709180
951943485
538985796
443974120
687490567
606117901
217802926
853080035
685849676
837623411
388987315
99851517
580488616
772253428
91145170
8681034
416007557
311288769
761577558
42157436
386801191
152542674
729112494
825201667
779325390
990432125
772366608
237098082
178866595
821058790
445433079
803769338
820907772
115520361
859847557
574602842
413793166
498658492
900887716
192714079
406811455
487839838
212815734
35924829
565845547
354854461
786615599
329481073
517524337
459844355
630604870
212789257
33479614
380237332
374706645
350296173
583499623
488758774
983806654
207918191
61883589
273372866
224556839
502345626
420074658
37394538
588852720
8689837
981391995
576970587
974374965
440820754
426442112
448042010
820264600
785590265
634975120
167074208
184171364
180166786
94866914
417562140
568998241
577920552
925718795
157791248
618288889
676582555
544618395
585051820
785659539
401673531
208266813
747452289
464124477
254455464
763620059
532350802
372474839
336827090
971825501
746815744
455276162
883365751
689496491
328841755
448347327
138464716
328101043
286615488
387336143
528676162
231177615
683732536
839417641
814815439
183744532
234818773
842965179
420918542
674235842
518890138
421052372
772873439
989230382
671030162
892769698
108612370
161997747
607262306
86886952
690722236
920522668
188538103
688693490
562173652
168304712
653454693
464263425
916125182
774982907
160874776
405237754
268905185
217102401
300756554
916657599
817774471
855786396
215566419
939575394
915933456
922148799
588404031
583828847
105881436
129911342
686869484
876398500
825359287
165083440
178374509
353214872
747400717
41544313
62997080
598635978
446139521
546474015
382666818
606870154
55089035
721328795
585530563
688209637
316169721
660490311
452258501
195145508
254369368
164362180
820853256
238801102
487415872
761101474
7376664
646986855
321485780
927387663
371056383
928076698
336331308
229257590
458063060
38976930
558529459
42477301
898291335
36118529
129546087
452332025
439091711
15299402
915215671
589430504
737771371
489580040
848210158
109316118
983986104
11022914
972914981
227713489
153762158
748937591
537690860
290240952
927023469
311490804
885715585
986161618
989503052
960242002
408013765
149618003
850320874
232051291
14970262
798756881
807191969
395019042
613478480
150305371
299335593
980159558
207331527
91649965
23478516
200201717
790975406
248283615
557417833
900048719
802714033
104862809
57484100
313252908
822262617
579114579
432746241
287970633
673487400
205989065
45670242
933615784
714089368
800838227
609544152
707487781
379891660
273730411
316343108
590495006
230246650
104182801
245616754
171530623
878419684
862112002
961925128
467964806
863908063
362014317
632477623
135759260
402247526
25181121
801646262
851984921
44804272
111676687
585509703
102790245
601548461
212080253
899111950
340535217
170488982
719445518
51304511
178853574
728942415
293748719
147540052
113170142
258688031
66721203
590390612
573307278
768097886
750299944
181972945
72238467
324262514
182982660
43537807
732721383
212403280
883507575
932013629
702393016
70722281
607131223
528816530
834428341
649467584
320998367
954246281
500460155
783551332
736903191
263816405
16774393
476982101
517914396
573773630
588446332
551625519
530651214
33083829
744063774
276469352
685656048
923682752
573481938
939939892
451196684
40947506
86041171
145248517
941148761
557934472
885214984
73914038
645156515
69252064
83896043
989219650
441531580
878408594
381921351
210346605
726997945
108130004
106007313
501674412
890675052
403412910
653183587
469932123
128715740
497724127
188385051
19922438
521355673
88444809
293390211
850706248
984194167
609325228
707953416
176719090
28720940
976227784
232417036
535811340
657207124
814731978
839136884
14542275
343563365
296042479
844316216
314255903
489176676
590660854
946845050
49003695
415477230
973910154
767573362
614335621
945365812
945375190
315609860
500045637
137409123
900801414
349147533
71354785
196409399
524186531
374586580
645393661
602808678
903178307
4373806
971957702
333050074
604373717
348106949
729296748
798666285
609642277
108900752
281440927
945814953
378449519
847159105
475514127
296548602
793585480
612952141
942282593
403943594
586607529
392382972
774162731
742819476
813896289
690156357
299159396
268210892
71514151
486859981
217847781
872463161
640625362
231639175
510519331
611823751
280335456
318471695
76733535
864253254
551285387
519200825
247738094
7306126
126327688
537598786
282292574
629080279
62686083
365477966
516198124
246338191
802391614
527048731
666600976
922576147
821886855
943334646
401228000
890050156
885789288
600513815
143478277
598407017
572866185
402833053
63902228
952870737
522820817
591776271
137380126
695241699
96451871
345741590
345667463
980915983
202863036
819593093
159155465
931060647
49478889
839975378
939386546
940929488
755110727
228976955
204369128
342060363
897333324
508908570
380081555
527032106
679450303
588610449
503793636
897290376
327129053
813312693
964912876
24615728
88570361
582368096
835084657
969127176
104379962
951465273
180535783
526450526
73231966
866117450
587290058
917461790
265867914
726443046
349372348
780806008
210654951
967353541
614296823
176565120
990939255
739162264
165600927
237371380
963503043
468036001
185064699
948930997
341840570
270050392
631202743
666846569
230636129
279253105
844794879
973461452
526704576
477356114
548111733
731471707
955987189
881022049
480838766
596945553
366582492
711896199
671354005
308762325
625124128
713890749
957513976
395078316
485065019
448008580
48801045
91263025
176586276
371677985
873132346
154099003
899433337
417297797
687458884
205392943
892129130
124767797
662202566
953258670
285689049
962220168
471845079
748916046
186185637
297340386
647192597
585795417
453434070
623548985
264026284
692185688
880424279
631117453
183727519
325201862
990997534
737263002
368326506
111633313
252231782
902510598
899663003
637907354
11078583
892614875
315473599
833433927
979119747
245602161
278971427
274710850
979896224
391608509
584841805
221510732
461014958
452126561
201234751
430255294
474950118
311970130
914468866
678979464
85288029
229625130
549081354
840277807
64937756
479984400
806872928
959409838
626694089
779059752
683888659
493040813
339802844
531657144
299290228
217521329
259065423
559997896
30258847
723053672
154804448
931557430
946245450
596515973
295693899
747273387
110657433
390595852
490843828
638638750
467897934
480475535
754128690
170882036
389083345
388777875
570992142
849844016
215133402
940743079
231237293
927333988
626485842
659479799
940616675
49328695
304054393
817897958
48474428
160280631
257686896
418809399
347907156
766400348
811614564
92258156
355638248
383693535
909284475
10227131
815154616
329818658
706762164
678617524
756105209
284167003
105778741
218012797
137666300
112864520
145565211
116611191
253357114
81545024
492562197
224381663
366154473
545477013
613802944
607106792
812677700
357505539
418682198
739887009
965519235
391874623
909365299
29067707
988382062
785983954
166180778
936188245
592754226
66360237
938048482
877698496
798297332
290829677
887428604
853121807
867235499
246277111
578053353
650140400
447929027
892537673
543475456
430689863
961592651
329130448
856183617
880937735
514286109
349389260
774766241
519444591
438514250
269842390
955075087
207092823
940213869
650539868
293390898
468252654
718091004
893594050
794094154
236915406
766290144
210464528
240865921
890912597
860723076
725314814
124799733
932106381
390667980
929644236
6440212
770004151
967594414
211168299
555691823
31096755
902211078
594912578
634946252
559312170
934378079
533215151
251918365
361718616
735625559
617270602
493427295
672951305
271100659
210826864
207005771
697432107
515691394
727834009
46514157
859194157
925573559
92968914
223150880
95548342
551559843
595443218
329483677
668143544
534682503
368523647
795002377
677765577
96623282
295927925
756256967
814686991
6803509
895042048
669869896
96828534
41583264
105718869
693391276
532303749
778050000
829022974
215110884
118394079
355792664
495183033
981407618
513774877
766567602
168636181
227281599
583976770
324160827
480191611
327305820
359134030
93063214
631939673
734983326
711127375
71610878
115367983
403034427
444645447
934817102
904120557
247264312
139125457
505157434
348753557
39201438
371361570
95176470
680240739
541687662
480593470
234808275
812755689
185517559
778686722
802371293
714735331
357948929
106597918
956466492
686209306
617854658
410024598
244387422
320388717
36300413
899048503
538280185
197932659
87738895
520344274
657119034
708188073
966021800
773855304
410749499
62226731
363733705
381064475
831854595
614548882
997745497
459193171
650516977
365352738
601093340
688172728
240281252
632325419
153716356
524750681
641797540
989807851
781691546
597889488
457873055
637202984
568896506
855681771
342370505
592236367
552826112
814518738
825989818
473727641
948389436
492901102
994817393
911817744
431118934
783728586
875919853
411269354
984721502
133480396
775012779
457783665
113101184
996448280
418877378
907609431
858651402
176364666
166168413
734548384
826847919
836841183
351016950
134589213
951121471
474816974
527523257
414885101
206545236
643574491
184504035
930504453
245405561
669949685
493536559
382150592
607141286
731749236
117630038
799178085
234708281
873869495
960760291
922921837
471741984
521204578
525823625
930371857
341260731
285926921
784730740
189746419
767121559
30215145
387822571
262836343
201087347
438422009
3458350
585648926
902681581
860411788
919067577
5278891
188823846
740194568
462792192
303416053
270852311
786984103
802697740
363288391
635369185
311455508
838741333
786465618
6794984
670633962
258223972
416905578
290127337
423420013
686475165
484223103
120424801
410562406
285057891
242355147
423883233
969995372
363857799
444639117
206406673
254846422
234812667
66006263
248564053
279273262
795577704
901694434
373519184
725890813
658603396
969847777
568558066
426980138
679596555
355659974
10202851
679779241
507906442
227070529
196011326
293462645
741132525
465138495
514182992
899946262
271927454
774272953
454137461
79846882
253367670
94529241
346427121
495301093
776868670
397658174
637294604
176430386
865023446
600834929
354465042
82016611
199260370
943316474
310700384
604476695
512267995
406987954
108750642
326584469
229295257
867478980
910180587
155443308
734778494
541828379
607434046
996765053
586773956
857207285
325263305
513641537
562843553
397973860
56384902
62305757
255789616
693197755
102534227
83394100
358159828
921569389
194408713
867405206
12937431
368871694
801815324
258681169
786260622
401153976
383474241
82381222
708070094
399672109
177833233
26327889
948028783
831952067
249079765
503348839
522979584
84521862
260942261
141691132
520493136
616629395
308305090
152646760
95227152
727370875
643639635
53225450
913002929
532737807
66268477
133246462
682155098
168291130
781283087
748634208
885293320
681088653
521638143
807962889
603791507
844636477
22406357
543071171
441007289
399349934
414834487
562325592
371041900
344114563
90362016
353208369
410924345
73182714
671598665
339235254
126034757
919657832
667760204
58546750
180266757
850134292
551768655
53454240
85480123
593124243
877187081
253985423
423828697
270077194
811602233
980381498
984146343
284308275
188360894
219093403
970434829
488208266
424245
397064987
492804116
248651008
489972778
315518731
604926851
660905810
376486460
94197269
759205791
633860736
369978464
44438803
356658076
755093888
283229221
247005505
373178878
984174000
530467642
749569806
55227670
594500278
202179025
325618291
453053217
353802495
215652130
300005995
835413260
929075663
559027007
964801039
896669367
335927360
440174504
866276182
866110162
930218886
362142880
498535177
442249218
898856275
319692752
752340970
401185348
591022938
688031674
752217999
80586
355889767
645719295
550008312
324182845
717798255
784377281
680264096
447135983
982679087
15387315
498097012
687281746
785340629
735656072
569989224
448626464
285280349
361739995
530100486
28444838
208853615
203538614
198610388
45107189
91144328
732092387
207763338
734393594
385822979
57275355
717196140
711062954
601758960
245909491
210778137
949363321
239683851
517590037
314058949
11951511
543897344
142172868
983101721
501534141
362595635
800103401
830525865
202853607
531892893
677217341
136239791
513779637
568687392
330320475
365125337
240170249
827084095
371075624
446753816
193191626
641487979
491941192
882774987
653873028
464338271
760300286
731819267
309180332
518797512
644716115
218778357
829513040
717496504
227328280
310486022
662021933
201777224
142554923
76688539
870082319
583729065
335913317
48946668
421553279
516014586
400909172
562182910
413868281
422969283
372536018
652330988
716800966
644693298
401682106
934011602
910201694
633875579
673499713
409017194
416678656
540809118
827465494
514975792
817959113
285802319
656451616
344041104
52995453
21238158
701644323
799099775
754337309
632639735
238809627
842051494
32562637
329251249
613091762
388595201
961996140
356932605
498277729
594833624
489034980
837898892
257164019
294265745
298592318
838025066
429096664
664646151
847766377
343657724
925915195
367010726
358477505
468501551
609549480
87604224
985491611
475989926
921561112
49460669
780164703
989932199
738787246
130848640
385216419
186217214
81365392
444951304
414868394
437414310
440997905
697794344
44559911
471435376
441857435
597718997
895401797
891260951
360627762
993305437
990707695
191032549
781718649
490050317
908396887
204382502
682477245
979716195
244001894
106753600
127816684
474616127
700164495
434264535
712220658
619374195
865442787
591101542
93932707
499749672
865682052
982326743
182911593
519682525
381410599
42339518
699000410
557176846
918337529
309811237
983179314
593832341
889085107
371493670
574165731
552670899
100882259
809185165
526873969
391189570
481461465
183063825
806647907
102260910
869639075
543202313
571685842
647929902
481555246
837223497
536482430
404933233
471458620
260030724
878915783
464850099
122113601
845913658
473007057
399911135
300428416
833603279
188175731
742381395
111959122
451276288
560264508
266485993
522483185
241146526
500396607
180215268
685734895
605445982
244196096
83115603
719817420
314938368
453792235
570056582
148089588
297209202
915136764
314633848
528843166
568498247
920194298
524465583
405504140
525359018
30629807
963264365
948194341
992348429
120158988
724565908
749540371
414666360
428352595
357024409
473067492
20776468
801307965
745969018
816967645
77553284
97348941
601571976
1776154
416175640
603956423
870746554
619214315
395773298
4643201
565873171
424989561
510992214
33567411
319444021
75040249
955271486
94345769
728413315
507291689
108775468
462697416
191825289
782710833
20407451
366511812
679127093
716045489
527206170
632011495
349801213
525847306
109164515
772963821
647391020
618332585
528460574
694936219
333870990
927711924
898264091
31965977
264708979
78893148
613191514
651543040
963623486
634786105
461728689
595271641
843903974
763304613
179936831
410265494
353997420
201768249
362820277
730469011
349825848
819614761
219042801
849594279
475140211
403251970
985659375
745374879
568276235
866052699
491590283
388138369
528140225
297813406
226466347
376826988
264132763
856913858
85049686
465602202
360663346
114983713
100911096
15984104
201441657
829194930
656126411
661660348
358669687
381509581
678477065
586365961
516314935
175047690
565997072
655764465
368160090
465405863
103922975
237838147
155270697
558694231
579221742
669492849
418294615
26447079
171602987
541916417
106093942
221500674
902973932
871600923
810593207
470681157
708998994
138898354
759486468
199996170
689480621
30169813
660570529
959225804
286805618
456618150
633166918
479288180
93455033
879083882
580903251
439398859
753637138
935569638
815045063
233523183
976050583
908467832
327819140
871559848
166063264
561675576
315532901
955231055
802368840
118925282
317714199
734942881
59056086
457020316
733552269
136869965
403761467
122646931
134296401
395689388
262206472
671245226
556475926
419767075
307896419
19614664
287114890
424677171
906905094
684587162
593386115
635692379
918657920
196671356
601762994
956280191
74681356
364676130
549318026
796002978
218643098
564824483
825929894
204887626
313524707
954946745
992064181
229700616
580910242
444033456
293836857
131462322
813176361
969403241
364113999
205164785
416531318
528594843
166945616
758586557
417023997
11018929
846565043
643126034
362146074
2820389
840699803
664603053
59025862
482069258
692589995
565630479
385155017
190383199
571444748
168395746
30065559
316013037
187249295
828122267
653691308
3510342
574724934
316369922
235690879
72182565
20819965
236133391
644172508
109261305
444528583
540441262
224074152
577032701
622391852
897724144
612052263
933263010
365967849
513359847
384935358
123912781
894365516
997462280
480920783
767540167
888444311
445789401
236678246
797897013
400568421
439891812
128607741
626069951
686011625
501704633
635281129
823972776
202689117
991883620
96872423
933484684
394730292
99132518
458028624
433238451
221680529
14913686
863309750
426167998
630695824
134252698
485835761
588671385
160407826
65534081
810756030
429641888
42409796
583956251
477218692
74992747
17511563
704090920
801885981
960175925
589082645
952440650
904265145
662086389
259407843
38907700
830888474
419473530
416049033
938887925
246404752
315176825
534533630
431388675
359303745
535783507
841496383
959591483
758844701
354251527
798113216
205204847
194908210
479981723
610541460
815617305
665050791
691793280
420904106
712287285
286405192
529789521
156392941
750097487
815973110
514946707
698031735
935971858
319133112
489771419
671506042
587945095
302434574
853627216
915727330
839568269
974440291
593650273
378034049
306488889
845026804
853123927
930072235
355193623
316978004
769014060
150271490
441269024
254564727
309842624
965635843
696944486
286779085
91152243
362350832
731030195
693571621
283744937
750708210
283763321
392327365
605339568
139968819
333036838
227621501
110389078
545373354
364861042
972341916
360013280
768544864
785033720
381053921
242955108
76009695
135055964
640194218
977312341
63415913
551380334
410191419
730167673
346525024
503234557
564977897
103489900
881910409
892363733
188608571
135356270
98534856
822813910
98053566
535183800
616445618
747787499
69824720
993570119
450430118
546083606
499235951
300029353
292932152
578330206
770445150
520350291
914645231
160274511
738633281
617319106
766595197
44154508
148115996
425097173
929870329
272690524
337689163
700274908
705954929
399274972
901455398
9227957
605822902
133024783
954587959
226085718
764792285
488849442
454664536
247906056
412798301
303260978
494212823
548013529
817181643
465583765
545228291
930256348
706339316
858425048
607248478
175663393
433351560
33276262
826616286
635785998
903335015
776040462
502609546
844950056
56016109
92285388
129397263
792496482
173789199
920486909
197982780
373115852
823934226
195311858
835050132
948258004
837877822
661237841
169017043
591687836
706632770
861201530
351667419
981727018
19940743
271910259
782699513
665497078
566485187
976757032
476027016
796132676
450288366
409892313
882073863
516389254
36259691
931331784
378248315
512819003
707774122
500502519
108396076
759658272
695174220
610153852
948313120
47574210
769825331
917473978
577936777
571457067
328638019
796409309
30401154
448903800
69246842
799055278
8138353
408850615
388105286
488315308
287619755
87329731
710168222
302334147
66990845
119310135
97966742
17098756
474306345
293422174
978174451
165643361
249528224
22607134
188883008
535857602
651839559
565764655
305749532
231013779
976329174
4107271
338942230
639687961
167620834
134348956
260915019
154050550
175788846
707236718
447560808
48965904
948129610
750055301
526492756
468317154
762535581
405779148
848717014
308374242
771658742
763248719
496191871
107165444
30103547
414413358
851721750
72331902
121067202
644740910
489932988
383519252
698730600
268562230
319239088
848465937
125668313
220517979
843439040
110584306
634255764
783008575
586216691
790142572
501606962
71592154
834383587
805858194
606248842
538845946
329103309
863001025
450249331
273587820
637229866
371548093
520727365
988254964
686292438
74327766
414981611
331062330
922365553
271775777
405570525
407460857
656655529
538268973
985060989
815135043
368393084
201479668
81305551
947653188
741342247
117104226
447821399
493318683
410717998
672604872
33101115
121653291
147772628
102196948
785683239
393567508
344157739
2512751
295218931
772203770
712962057
283403425
969085412
94716584
707185419
761132376
881123636
362577821
330510209
573107482
566038590
99997602
261731396
415916803
593486557
582290785
4907504
879233056
249870241
882301726
485443460
773412125
582187569
355615664
835536191
199167381
332377999
401996537
325512974
812640057
303909332
955623322
622008580
8141590
47116454
945858820
427465955
877669753
996719048
384651231
568243021
861599465
223531246
480871889
326374082
212150046
17357076
626071400
908186628
626893077
239415286
959161830
400077127
789977726
167263332
125801152
430169391
417549345
522683313
161575711
527298815
318113557
22136430
193834955
780735430
808172696
953882706
602054080
817401179
264863471
782134302
236333476
292308894
842003114
98299930
508736721
819441016
241717132
543813179
58641183
695431210
35106043
408808762
445212756
851123323
986372946
12180735
734308837
859981694
468026585
612417375
238737965
946922545
654538338
29597445
980009406
304628167
125515881
686332262
7649592
899179654
879856656
110061761
470721570
625619436
685864167
791328164
243900098
772674416
347416523
81061050
870255099
994865723
384097717
903845202
59024278
4388217
149505952
836263689
758751170
450719762
885757238
540072468
342014205
80202544
673571334
625750481
176143878
847024388
964509193
287864079
146227619
764542813
17308492
493066773
666692224
755292916
667390337
931068097
493473361
311649158
549161417
238507242
212779745
569390494
225985711
986463910
36157821
362439363
892502453
285523913
801577777
122354175
458483748
836266231
501063060
59500161
861434215
108070920
698553314
816651276
822878411
350900443
716671212
915488672
888220870
523880357
971275399
318724451
806608111
963748011
983805808
435154046
286569491
493118203
3135119
411906361
768796253
682134978
924238331
833129569
783063782
966421365
674071171
861831552
297484178
600102630
382547982
306751329
367828841
791396573
516526249
698184796
911567619
326811307
787824665
158404389
826591175
190953392
693674336
870848689
355676175
81708799
967665756
454806965
738751638
147536310
210424771
608827406
611836534
943635121
702724386
675780497
959415577
298440841
510787298
175504035
672398376
788078085
606804736
214841493
630999848
795589357
31095777
214263453
711559831
41236877
775146818
828719860
955631744
801711629
720098723
166319327
505917891
2198406
889613970
583025626
502530716
499767073
73557015
726950198
487023074
970270681
631579843
239787636
129609091
868339188
954326006
389881384
56862090
879550000
352700236
770778338
117247277
594465646
582542002
87841585
228623803
387218839
308089145
151866031
239687557
476199216
337252308
960745998
217057971
585092676
544131211
454228348
752839858
836371617
902323223
631058403
9539654
404405132
808755587
74352148
81170391
987720801
768802790
532042448
71204337
434493555
205024624
496179983
445771761
286852549
752805051
296305052
579284031
280023653
911147143
209757292
956460514
937350863
1594009
820449947
709702365
749858075
216565481
712711530
635387195
56647353
278703652
22552025
166839983
639974422
143602796
725547050
669993635
944313222
783736315
186515135
684242003
644095394
583303248
734079598
840837131
19346349
185023490
394130996
528911928
318995581
383314824
450546495
348590603
962048675
539088001
911602640
789996491
505179155
103949637
585749801
718311327
371235803
964674219
927223240
490215654
541106728
625690200
723957387
649024861
902615695
414125223
970121405
993784032
525541076
828979646
623160415
667243612
2502307
170375387
22091863
486700906
478145415
900402259
770974922
172294354
572194699
940412117
635095994
304310477
672279592
791236932
359730029
872534253
875507042
164095613
847805514
820141243
396574494
242985911
222921401
762587907
21170907
381249438
32851582
379467118
323952483
404823672
267090441
224860787
631934499
453145013
560853323
775732866
322839065
517473339
102076290
534982719
911332070
950042409
3425752
956502667
913080617
168004383
158255917
369725472
67989774
690228874
956605678
298217015
876140686
445377950
199838221
659608033
136784551
26595997
717155870
82852402
202049548
47719019
409362924
670418827
463244768
17199940
811365762
778481594
656057899
128305689
325109973
333863221
306525504
235747576
948922087
916101842
312534280
801780744
786076730
768409466
455709220
145905014
942527329
801212330
23251597
45110922
219580183
940957190
215987003
521208221
296402566
537553521
874627522
269865710
490902617
507923598
871819655
602906145
801051571
98616735
635299431
558087078
29420550
884121313
231049619
32475220
985690987
509926000
603951586
800745011
488571211
608184203
398281277
1394497
36881270
305682172
559119991
72861794
462661429
549838666
557777566
173468996
319403493
166120820
653241493
670676212
391508863
705166723
818545745
694921383
659711141
593779290
716764873
630257689
599967935
455547866
784965092
975602396
711032071
968933681
162599372
15360396
67791981
686464820
61311037
272033027
397250743
914108628
885140831
983093663
512669836
93750485
85200340
159687765
880648956
648939617
612894722
210252213
673376534
75253700
689770186
36935293
284694232
994278499
607145636
593383047
73324103
556500404
837518242
403453236
51918688
142783002
558796050
72455146
831538932
510057665
479272512
463358027
125298269
16764571
662454697
63962404
968176941
543002929
978245862
246736124
318335080
731127731
517711702
75810375
84817553
57388426
59912217
296320507
696871129
193109910
520048033
617806642
730249074
875742267
545089761
34570943
571362846
748913771
95715304
271572019
278414280
784231683
733563646
873236765
446965278
311030977
152748697
595248041
98251638
697353459
760455165
549334947
300162622
387692996
439943406
540394878
297248587
721234894
664997662
957546334
388816914
499797269
212020
435310034
469092625
176645850
808605281
605979909
842739693
491259738
581620135
833127246
650728599
432286958
946825018
168895204
741008007
797326677
266658194
280142622
36098867
275103368
900919597
893846796
124249782
919039792
287410482
446224752
235480058
978540919
922706073
184255077
6900859
51808199
144913827
967958879
259356018
79611207
585333309
950823655
617412990
722245885
124840455
120629319
422167703
798273493
231175895
558167691
800417482
369710731
842756728
928704075
420535429
786962054
34135487
558158572
807692681
74201515
619383309
554511174
774937612
506917522
574843400
610854115
980197953
755837483
397635223
624737255
828549359
21055209
173416365
680741475
725849935
627673767
9466615
615671444
175220634
779544799
404200908
552309664
195533423
619386856
316984469
24058375
111886249
888890194
863084590
273365682
876289377
251428659
70352572
129985909
194951405
541290007
469599821
699460983
635345132
460691588
728134951
695169138
735872088
426301794
261321534
901443228
593272282
230811329
840821664
353907904
794751364
573821038
658518593
633454708
453175027
296179672
666441359
519442427
436369850
187987505
583034231
608132248
122393336
517938313
450805216
704490791
979603152
88320451
750923528
843497441
165635166
269383538
604099550
807220789
139297653
542719040
114136830
978474678
813951581
846619259
976667271
658394869
45692682
451333906
824524616
746925052
711729873
376453653
9301067
522195543
988823854
107407971
290717649
494971207
953101994
995622565
968633664
188828542
771032999
189578666
619506006
151604316
230120530
478577884
532923072
385867961
923460194
332783088
798061795
414961711
422387015
651711322
698619588
353274596
442128089
181777430
514132030
424087296
225688124
708772585
879988500
116169012
396395016
604557466
220682669
132387181
930170170
260806431
463395203
513490615
459712965
934153203
874965500
136125657
583565394
549370857
129222073
22916582
646292727
129014169
343228405
181334257
601274032
951368934
106721562
670947533
807274482
253264784
870192257
915926388
89482994
133533873
699829235
934891967
202613773
131731961
887145987
437210861
364132
705259750
556592639
310259413
408357227
792158132
962298090
821962585
424708261
899466455
794173479
487429221
140185770
599488078
505665593
9357565
423751785
715800057
164828062
605844864
212940856
273425249
106774566
30914479
589077512
187142139
709861624
57438527
269413686
653226955
222207575
25607287
474101908
784403831
843850102
899949119
484177113
481542975
948786379
74873063
597300165
50228407
594613398
933692961
859118558
920001813
158063150
243066049
423959864
85414809
4779269
234674693
668648835
139244117
147660377
57956353
20280848
658222186
665155133
565931405
482446924
365224265
572771287
682457481
493890486
877213174
107336450
714742761
164472513
452190294
668354657
169748282
129211381
874669076
597796016
298449043
543839111
856394043
72074251
657779612
115490138
22296739
312204289
778921399
418618868
190514271
836071654
68549606
666747668
33939356
891370698
8807565
91032252
2549792
26617161
490338785
526859639
57964396
151304465
866990752
500195340
544527167
466860438
862284834
225937985
996470314
810433578
766738231
626469620
485437072
292952788
875512435
153970889
731543881
309770795
238163138
518325210
434547739
976656260
170343152
63480858
270837143
86105969
436263399
492323461
901833919
196744906
98141309
535759593
634383792
186595804
888682012
775154012
758295371
647199358
595228154
284746338
538294270
449564341
825740133
321438173
767547645
811300944
521724433
318785829
478183309
249736834
611841154
391823805
973804630
552837639
908404728
310387916
697525204
376589323
212324076
315407840
704006992
306065126
941461676
415042351
878069379
526432864
82260826
636858709
712331136
861242458
777030564
816775909
58218126
537348023
169119645
457251690
9945204
104529721
267769794
550109774
610672340
237719404
935163437
276819098
964177761
486046237
88466075
986077537
73384041
571140922
577478294
776896969
280133073
929294390
672998333
432128536
888705696
913014994
69665751
805456395
75774807
170597975
726848403
329245220
567683555
737685835
870052254
438120646
794411259
710752165
199229257
72099416
169419410
154526757
731016508
300280927
182173051
949085595
431826755
755861808
634037755
888731318
117639981
549230486
909810603
405698090
687698637
218583743
445745365
323478627
836228158
433628881
884447751
942710651
660169388
953289273
737788530
117210600
257888299
991525878
609303226
531255727
110431005
74294748
533050499
144644688
637157276
988893965
658261759
789553483
100146283
467670919
810378835
2630426
161703888
75931494
145338010
597843497
560627755
83445543
127708013
264523154
583575469
666040001
406397648
212368227
8607401
579674047
834563299
563653129
553824795
28745909
222576703
743267857
206320830
890080578
730256369
489229713
643599726
31939919
326254157
338184063
751100594
168860088
659557625
109109993
978569156
93171404
551309963
98984107
519374381
786734792
855598423
418600295
793667239
504515139
68526803
594493459
605434693
398571566
719688588
569994817
155165859
896109867
695316202
425128199
222369809
688651042
301081061
560846129
143829389
424182947
155673181
306184112
836622633
693352307
100318039
923727069
343383756
387597244
527710733
249657430
391422636
777040741
593405111
629335039
256758265
8296874
266270150
138385702
472027216
198409078
893217328
869901735
637712218
289366423
978622435
743572049
412245436
465258129
424058379
803859033
783077129
631789869
138066585
733267703
862539114
645814692
981697390
639887027
278699380
582037838
773332544
478954056
333939277
399230958
851716210
331149341
690053135
100791365
29356779
442984426
217281252
788202199
852059982
624177110
372561174
739844419
930945395
65689881
944607454
940267400
120196486
889472383
909047264
559080450
70740442
461377065
70336258
862209787
628575221
68362768
562192024
200708319
91652869
533514076
217887357
760000693
17036922
839773656
484164520
991664251
303214059
943062903
856849077
580993762
301191330
37535389
171729840
667969248
918057628
536679873
110838511
208163301
581961831
840554304
450929336
115120577
47021583
965502536
697865689
812274035
294821725
200792917
100224571
644164223
574713849
817683709
425895745
567554848
743439027
365657264
764308321
330962795
257684601
756200390
441553309
9006862
965169310
214785926
899924084
169475614
255011621
814659515
599569449
24859336
876993840
35076637
373392364
876688914
738970120
30145627
224990537
297247372
614678642
675110550
678061018
895782494
9793436
772265439
660028783
61982089
483455709
203722294
754799279
819396163
213415223
942201265
368566677
311405664
563989122
8251447
470213116
188347877
553678904
222909439
671060894
387555873
73663754
608270689
730730200
32999292
85767879
277282274
630901527
311302508
72504064
451730459
240034704
423132061
725202794
512202944
627593745
868437251
203353376
562845893
740907371
43502677
42106182
387803024
903010092
126906038
260154625
39952297
576999043
687596588
857823086
196826821
879640411
543294991
10722330
252468091
597766199
371134019
54582179
851461491
679446986
728787580
29053262
971524458
388661827
490960158
50170557
524008020
937365909
29841201
93375441
887797895
283704448
805198133
998014724
858782407
675089633
688900227
734223573
711727538
839499326
354395355
459625481
464321743
987399908
953617997
384854618
215730275
860902882
917212051
348176672
532476277
485012554
496066428
424730208
872484339
582458077
841032693
193741101
278038067
490168259
788486402
149105392
729632556
984999870
708552668
719325500
472356732
208671294
471286094
260610410
632847748
154926751
661547598
975208133
484950146
640013774
857692352
565326289
484467406
621994309
635949223
100012208
209676208
877290341
579667074
43014179
537638539
868153160
494233835
565641469
363914095
597714267
447553611
564213122
867918506
674092543
712677774
564315975
881362483
94256816
453518272
106453725
611508993
51579684
536024743
81873936
151697656
495298258
774004385
729424913
793212498
764487676
773170415
832475395
750671633
614268503
11225784
278184931
967930691
818340723
282743613
812148423
725005094
792315947
406726803
610068123
898157642
694118229
568643502
288927525
982835447
165942580
187816249
699052725
29250114
491395201
360180533
976511317
284575530
295758274
520188307
932615187
13446257
722861129
144337994
787723695
598177260
252758501
119108386
155568536
912035600
336942308
18413246
639199119
793434679
988231306
381451480
181159704
677531407
626093705
353168808
961590716
638780565
430057300
272479899
293339830
664738885
797810827
484013072
388281867
924337571
468667530
131831431
463556466
932494776
993873147
132611925
272962918
715707608
93199414
534906518
784732679
401387827
970597869
126754319
943568468
141949640
867602685
373904827
88334836
796103447
514891327
683303575
339378946
949554933
149990329
346611252
683912971
771101955
439641252
450263818
281605725
710105029
638157580
501323321
432806309
808411997
774614572
253884387
73058460
672123301
361312529
739735105
638558049
577615457
986423876
592745260
628846288
409151895
569706211
84992768
725281965
397257246
103959600
978021472
25552119
272332853
467413900
792066816
227724614
950375324
752457325
274204942
568188538
769051764
178481962
349433710
304395234
445161744
165114683
719274361
870298555
745526892
886290421
497369220
850713423
213228512
114820633
317630185
783753315
164059445
109899321
351861632
180837158
477212965
867479646
149331548
478123915
648798122
969956417
178287509
693364079
752508125
190332415
129298362
366902481
261577003
503865245
58768667
484756154
505792984
634228906
628264342
892216974
16814129
475563238
784619429
820036579
780264142
969532995
141715513
640373739
55778361
146536336
405878706
863032768
755503183
705180552
228623937
73841678
912052893
406115750
487143449
505108768
346253
152727486
632925819
436985181
892886290
580730770
73150232
742566650
37357269
97755847
739026159
56191908
463540445
195831674
644420912
805275477
789802958
490892554
740298581
687963348
885522991
558015199
645268180
209208268
766050517
410511189
538842152
677026037
287055165
138304301
670646164
136307564
835625022
311647535
725347540
231518992
714774453
225932044
440002599
845830345
727715383
418495066
294955742
709926998
875197274
751403523
530951287
873487196
906792020
626368359
608572154
143075462
165311389
466529495
607778428
265398872
637428478
589051730
502670747
366653250
7561728
11752695
13972423
182599683
350544809
983036052
838328319
15991850
182616766
350707750
951413220
619742059
396449277
843204215
413311895
250032384
127912188
856924542
462758515
462000835
825707810
479749098
826442509
319119022
429482307
510615495
726602952
494736652
464431454
438752079
912475832
403029010
527506342
555585938
375952376
249358759
74344817
788898259
232374018
872779978
717938363
30770928
933970956
401085279
465729702
846957684
808927943
114509299
498530480
890302105
145835432
358680176
982030345
265532400
698269331
645390333
686060859
24789426
130304079
639763586
246383047
73985225
208130988
693720857
223646319
776220575
602311655
796120907
438139901
625176022
9174646
460549465
605213614
418576052
991465662
117784803
197243780
95565882
12872230
393817774
611619269
825556058
130107720
61259719
166449381
882134875
377839762
371831432
164962833
738507887
187173317
586841606
548256652
125058870
177682615
155379588
810702046
681928224
186723894
681504370
751969194
42218263
991063846
656198387
924117525
101134618
798619650
296224318
590918703
26825194
10594271
446597157
497787835
422776053
224858827
671111474
951755120
119566453
69560282
851453570
721083513
899205816
931755591
614275162
256688722
100144592
777725936
456918346
312998017
209056291
690005571
590697928
135149742
868799615
316810801
420753924
267365563
992088784
442028476
597864681
276936188
800625984
292129603
526552858
402546215
855675992
135849610
615761976
4012846
416091801
12024757
550332348
201059859
382433506
784982936
103631923
523273441
293949215
852092711
212620040
735874380
319425105
460806766
885037483
769042155
682180421
423227981
58310372
385034842
684403137
1747237
562054207
281429024
337268759
20233145
766413210
295519588
96516955
184391583
471883802
362696490
883955363
688777642
152548524
284545745
689890482
62634721
199005599
203364907
117794033
143714749
834413201
367886622
564979276
276169519
461097706
269159868
411439244
317954372
631598921
790871133
986019155
622118112
411975558
417897231
385962509
392963213
51113175
958301044
209158897
786627387
158028710
159441411
455799787
799943236
153009278
168473527
399590605
944191970
728848887
579806354
920849865
102320882
897350170
464204967
148196821
530563172
941168547
711457920
111346661
717914081
378050009
557520167
67347434
231360901
954233835
397797499
832160090
358859221
212249639
538371692
340463814
995821828
227551246
54116635
394086441
899254570
515921485
138236628
202393304
785871508
256230790
230260327
814595263
801156719
376740072
842323779
153509568
604056084
928002625
49433432
759741165
927843138
53283875
19555544
954859335
220217795
283659264
461630450
840710404
231155192
414502618
78893129
719674945
50204476
79190776
65431980
742182820
646639009
751807314
13903827
843954158
476723030
115170911
463326262
275877317
796368888
937956976
684341362
62671110
699992219
853641418
196680316
89037755
98864936
20703468
851539841
427314386
758527505
996184302
668527577
237344241
747291026
650366436
794283078
626264934
656749894
180481304
597109469
280496525
739882417
201903333
620674860
33122415
102431633
722547046
712600657
858630118
849922038
78707079
5055067
755549810
902603697
15566161
383090657
595666810
898767913
169045041
337239524
975477723
174414739
944084695
238956732
469252885
249415874
710423814
651339203
522033336
467415686
497662516
438560288
151009389
392016297
345256322
719686277
250440260
599037213
877524924
507661941
606853327
454896357
603385331
381675271
30876719
621758237
273125558
553157693
419700595
607230596
669405624
602047493
197182438
591832233
655225777
875872278
921556116
623220909
514195344
898282258
874076283
750263117
534165404
491612217
550094834
639970890
334430218
938565314
128615502
771672652
796214563
630603379
774742023
152397697
840948740
474658551
417947848
794928512
819398824
819563699
928886806
859599318
689409400
227058392
465385619
483186411
833855194
844036762
941938958
117952766
660450088
234530243
479469746
37194786
689137044
519313667
636140578
991662438
896314281
150752173
93899873
463364532
748217494
667994810
787945194
29452359
633207183
242727772
52037815
139818201
585072596
665273568
136623286
920494791
217404788
516693063
172587087
515839110
257010761
728506845
948102648
108714398
506467057
229764620
719866156
880761975
934222334
620925623
804168855
967034779
220350912
369005827
425027088
258985046
297570572
322821958
898483248
950526471
187411687
892009384
380934982
856775681
679369209
752565915
925790149
851077305
391252234
492246484
851741565
287723726
339878483
598653411
711692504
178855393
267858016
669176015
217029779
658378932
456856940
104749786
568220237
164900150
8283510
272025971
291594366
729577951
883268975
613990296
854523145
903114274
276031018
251311313
28133905
11914845
653293403
655712691
970590692
107989409
358524367
395686794
664178851
668726888
886897306
339179807
68258414
208272678
892701094
748064789
742023180
987500467
322669062
688711529
55183957
196207523
141652717
554966771
156341234
956063445
265674849
926448061
904212462
157604324
550789279
480686479
790267372
878165853
263832575
188262958
65358907
80655335
425427208
454542821
538105572
155003679
627805170
162765516
164849758
325064594
485263205
771463217
2945290
720792344
202297856
900313286
116941274
954458180
26043692
179671676
682732281
865026517
47426506
192133232
670612950
320495130
990875485
502311923
872183580
944869575
451099071
653853887
624669218
331549501
7683826
879012652
984064278
849536798
118441809
149970112
34222457
650188686
688815714
12553673
513033651
418134843
105292120
789913563
967465212
10845780
660329863
501474145
2026437
592882380
125111982
685943060
564234993
901981260
293508410
488129886
481590728
796421921
287673348
100995143
725773251
183902905
693876674
362377059
568617319
557365682
221569675
875206507
262380643
578959087
714305127
239382238
514002086
338972462
234736480
369483435
402128925
871665667
478963023
724158467
978812465
481599512
57199158
926313778
462098357
790768346
580993697
346038830
996891132
763258937
865131249
116267190
943915427
184859842
199038733
588396167
846817963
94685701
220199069
710514159
842144640
846134819
837019324
435605122
340881239
626348353
847279822
578381937
14806112
414747104
835544491
503532257
9066478
442569002
283036677
955113016
14498873
905138554
961511652
650865364
837748651
942182104
651566683
990090365
660315963
750275782
213151229
693284042
951235261
134946483
589652564
555552118
540319648
526747386
648025772
985838646
469565118
18661881
609945276
971404156
16036847
194655846
86190089
819027134
862134963
784138953
627426777
560351685
637268278
309105610
331144833
130460015
743878858
666461398
92172216
927318822
494053670
497668049
673116385
368978151
626542517
746496115
122002675
605264862
875533824
805594223
248189055
264714871
890078634
37568733
450646031
294857547
42353783
697376694
867665478
830465188
61668250
974770258
816584241
448102480
654563890
345704299
232401075
400651866
239316833
319009653
635815524
207091886
567542609
287203193
771710674
556701976
742621373
105325527
815915683
915007310
359632354
29003779
950820290
388925326
129537168
747248165
485056454
878311617
675938697
943340279
576470489
990526160
122611849
435984764
961711627
812846385
49123108
261451635
907555469
488276848
173571273
63025095
385096818
947040141
760395960
102086450
912697347
363000150
795337974
208329891
820002897
4704213
125759231
922243827
788713005
507309245
183297404
527335274
758737539
890686125
582923424
710311933
804830957
52249661
942082876
587233011
348681611
983545799
193835021
645039095
645379242
199122148
283679350
336212684
284996713
105059519
86541656
324483241
546281457
132088024
979710985
224982544
341159794
668267199
834645510
319229107
920921236
218930417
497752705
504324333
207170516
294299531
943627636
38869863
125262405
826117245
667189310
941599170
907354729
775438554
922205138
687091156
973836400
326233222
518610590
477021244
970339487
372008799
377843
18459287
645448599
206707238
606684047
268652096
515848748
379619227
35692754
557124270
742878754
151406332
874973481
932889218
755239088
762421479
695410207
258704844
655142217
360137196
538113588
661394153
629565715
988931720
341236580
709915201
561486203
243947259
306727735
47606517
364802434
848737712
477872020
31185421
551845373
16658820
994773590
573418394
931019028
416031397
99255493
877272557
10349944
73233728
934668693
730943887
489509991
749585339
183615719
611383252
66225002
154404969
172410808
412809759
192594283
717218199
490033791
457803640
987318537
319826878
522217519
162489668
260922133
238873765
68387845
498846138
958151639
589745540
739034704
474881253
607555488
766289654
959709010
762625812
582780427
59330766
312256239
736695508
644920677
876666383
925766292
722042764
299048503
39130536
432841239
950645476
906273107
221372655
706921161
807714342
847196465
108790923
854874407
164775326
320980392
855061844
812028990
456633555
206008616
165349281
659911617
677431010
326071655
813089673
263032714
974822144
738055053
136697839
595217254
867323076
473893172
894945037
655040042
850957515
352533266
138586361
471937085
702538205
100542951
530023631
362210473
524939430
659020223
110422178
232009828
915174873
651540833
324725207
909893875
412924682
351800702
691280775
37278467
490996925
486105489
773442138
647139743
744110215
724126927
458649016
16119531
530257467
488740578
877456606
857563252
650059324
726008590
217520669
314777738
183518888
389580420
28556374
652911723
130593801
594871947
224828571
746962811
60266355
260010148
17098040
858687850
93804881
480502924
7562470
130017785
172330938
139798807
179890609
465892520
780798944
402813574
28079001
939080688
976890232
462929456
508701639
603433471
845240416
634575836
936145917
869333477
995728872
192117945
540836993
764016817
108946069
150146949
37605748
482367720
702204387
454871981
447770516
202801096
412265207
751144518
421151015
404693499
528698441
825186466
443172994
569821454
611432621
621652921
617453445
723318728
541882261
799465508
63115444
438001159
865631566
560462170
254907064
272178964
258024445
502086594
527711811
245666782
185991822
401626865
956440525
17091590
119185120
390081771
889762024
407045248
157317352
306083648
439730710
457849589
58190548
755796467
253247825
405397563
638268792
163222105
944765886
359642159
868424934
365135378
989034247
923464633
654866474
657344870
433600925
176360388
364003570
552234325
97349894
185521645
588652895
344229923
705455862
747875510
802247930
69525048
260211068
459830619
688682390
585239990
504970909
595422055
475486413
107655372
920376378
981456237
955088165
255785500
54302614
5062482
474362969
819452189
947354928
655256384
651231430
122476705
363024967
114496003
95762243
95362543
969640451
826421564
239623504
834539368
371916539
764339869
185786991
54177351
664506145
876528791
306900085
18771892
431668444
562404898
552019225
129233960
481095599
186061160
488080775
725839401
25440250
18243529
626041244
723876243
551848975
451755178
290643176
151827873
902482880
981087487
661265758
964117302
388708662
703397374
129346374
64526929
564794724
683238689
663705934
433929039
61604380
286952648
670780321
281270157
119885057
831520558
162795830
895127770
250585573
401570473
549878113
814536455
201964843
595805249
154535737
448476861
759196193
949848378
563587476
739962225
126382904
872632561
605387026
574343339
492137652
59943786
740720670
914574652
579673332
629103786
597551502
309590041
312336263
260326463
411403809
845446227
260922864
123019969
452093791
524832091
348065133
925751700
729730444
622461475
539960472
505507957
741001045
619012532
698368583
886218478
818601216
229376271
88384530
763364606
519793337
681816733
758804702
517954709
628493103
919157947
73499378
882278333
393282938
180441612
767366746
205087706
598478359
937955398
744491063
553115877
486805312
245044678
904137390
353894335
350052252
83462279
471041116
805396149
515659547
323595441
36585393
840535229
688608972
738672495
950246481
968211447
47681053
522492537
538514492
252626021
197926021
878661033
627049538
547573127
178914973
832036966
882261352
485203820
402684833
287217158
144948620
690684899
961980308
156643247
345334273
641663504
354572781
947192390
921069539
397751979
386257747
595368046
430871975
540226089
723315590
152427767
665527677
293239106
512804353
667142937
570343921
548110280
563086129
424284326
474900639
946065667
981130329
491450283
466297637
535893976
663218657
720609996
98089465
41288746
832619107
26879661
874318659
372744753
690910397
831633818
819365987
322457531
408628686
267031430
474749059
536640942
571018256
209670191
392859556
278808095
193123116
575503897
546019392
17171627
430758707
642830708
987943357
971053845
496774691
586397954
285416007
736070491
4999705
169531694
463500277
574883433
134258291
50877929
174301086
964841887
734448531
385375313
195108951
791700028
97962459
967212619
144284639
126923872
686259200
113778191
195096663
859375714
600519365
422197389
855941037
224120331
660373271
754483347
156512448
732633228
867101316
399061827
555975814
317687051
590662997
370850435
28698634
445096316
454285991
150412914
741340553
586461119
49886554
604058416
270058048
153011120
587163189
40172199
123513310
560034595
197768120
372009545
954029271
889011656
109680078
949826398
544506295
662055289
303113192
438355323
407307448
276128108
978255348
824057226
642984583
262887477
830227158
348539734
418901511
152705825
76232660
250227711
787729896
296828398
700230222
958841983
636223066
224711428
622505963
936161043
791096309
965940508
472466079
285366419
630004708
202642693
678510308
721223085
510915365
555373418
551159753
31248341
659870541
103986858
291467921
941751370
854923241
514352637
10136499
186276691
330202394
597995592
260255600
253508733
347563110
504477480
127643205
570328015
871453390
78689802
713934590
928963089
154056132
921863250
768016940
638339485
246937322
72884548
552643577
929479207
976072237
763302120
982010339
276328273
964199231
705685863
811989649
262624125
236247712
241120008
568903632
187517418
308074110
537412387
118662926
91931212
520305953
711335201
647091584
180058644
448698892
790714313
474416760
344068347
594070456
247422632
11867431
644731871
21537603
775380673
230013102
742865907
605928545
636542057
861589357
514511815
439775288
595520703
124100069
134073724
377422127
613851109
992445944
272994472
862229612
971110273
197567496
462509781
305213106
665524495
103099241
450953670
946174260
244892757
190242179
791767715
507737810
65764201
596773510
619835942
289759237
41578146
706358479
772021969
580589827
778959733
840066484
786395702
688592241
816915187
2768773
121390032
412788287
283784853
510336141
256939150
207331581
594131718
696232198
29770220
549235595
882855631
547623250
973473547
558543635
550704183
531086903
158813514
822376905
992150496
587494543
815772809
602251048
965877715
279886866
348617006
401725541
948465991
637539363
986387028
693285175
678861181
218978813
976305203
526589898
734107703
834995572
62302920
783717871
113374359
367332784
634426967
32827071
852604689
644454269
863278547
606900388
604723311
740535702
282546235
788865328
216705859
248323358
882505533
651462632
227678443
768816270
53089185
773691153
707730386
610999123
799889257
550385425
563815534
31336709
583996251
846879007
545531989
682730425
657085250
350614420
576489369
387518233
796946427
95480451
803751818
500135577
382119202
535582410
59350162
177972544
86302342
461504219
245208572
491174294
507789297
333280589
956504485
564922300
854624713
359335354
994226898
421354117
527697484
593522039
820016076
756487350
475198505
984711575
336344670
424221861
979490301
110878475
971872421
633061545
48593714
491064833
398176626
512957591
143315222
85773002
431443515
801471906
469878664
649088548
976459539
345710103
480292438
947431082
937709241
123071029
386743388
718542825
984752948
570730020
680038176
739209054
321394052
474111625
712072447
242364790
192620051
819836633
948453698
997605896
313853386
504966300
70830856
131514382
533090869
949688852
58117649
893143459
701688569
926068429
541964116
221016628
651201246
293624024
48095511
804147474
183792713
617502535
332130489
394073113
604190862
982078425
6322207
345280628
520463015
387097681
691595389
196622853
782714095
81160547
684547668
786768087
401977937
585405409
685566417
576764400
247195858
863955911
622903780
144855977
326747119
757723294
6658195
635845436
358531867
783955994
373060181
476383954
22475478
891830306
603529147
120160508
19827132
699408931
876678698
426855008
977989304
162669977
457875743
330610399
439244567
929580878
870275349
631969687
442077512
559916365
2874356
965531035
858818267
499868658
487333792
742366758
249316806
700004932
856481807
474642396
770605464
786408181
961167737
470962638
391239198
372216524
700420733
230803625
209969153
158793484
178256383
626194752
769508275
206295566
987799584
382079468
636418817
103496288
228449673
175021888
963060931
98579879
537179429
854452621
387171022
984512487
185415469
533341274
43875190
922730288
28988191
964283503
327853977
30502542
692353676
792043915
384826307
665682599
187952969
350682816
811708357
932785691
119307075
190000515
269574883
837728573
171226151
759094566
233815663
908363705
550585924
704692195
644707863
332216567
193693136
456675110
630149580
80719559
334722106
663005430
56755840
954222850
16278437
569665124
200880030
149424513
437952028
613952121
574035375
258463764
35206900
683243561
891525851
302121335
947266614
307005722
896520297
736208742
884650604
483598060
549598245
703809395
182516427
524437474
255321723
492718311
117017873
106628365
104000309
995800646
73105015
18143626
15575513
769479734
740354013
206124124
458902324
885645927
31272104
494700777
110508609
885875545
144870475
74038489
327190426
346162821
332484385
154392873
419384525
7667144
461956269
951317125
58249531
366872774
564876982
124307488
324093615
589378170
885758499
481098189
993362722
64621561
629833969
564569515
868788045
486985740
413990992
134945276
342085235
396978667
996839313
484049452
407766237
479053676
641733280
347177307
702428840
4212638
782578867
864215432
822182344
491529368
802675188
554285926
511828550
869073582
168456987
43336271
877192047
145380695
973807784
824021713
89834257
590432215
311228017
157616976
626597132
478960015
596708562
427863872
765166521
554020004
17475905
83679430
687962084
403024618
894226552
74443658
434026652
856343445
948252735
96699580
200193994
625923388
730377267
843499830
266139631
4908940
572398813
145138294
166941126
139942873
103472423
218293188
747821269
15566999
21547111
957987615
431758194
561931465
55976154
405489758
776954615
514569639
456012944
730827902
219612698
348331110
609434497
252930950
371527831
308381207
379751176
33312132
474797688
586583426
964286971
981511731
571096913
491169892
286445652
271647186
869011660
857773917
292899308
76587582
150498830
237170228
872815337
574740132
795575663
478871466
62714245
807022306
301018302
189663152
601442571
931616834
578705437
541133669
159908492
471820965
97960982
854424063
147789020
17912519
629703896
458490131
983412165
219078257
75117247
273285633
422984146
769458995
674188174
971016698
793422065
425214332
711569600
904471275
43470618
369111101
198644471
291605493
241144919
630371274
360788988
654465218
743252129
945337286
566449189
928566621
189084686
232105360
158977584
378706841
310540711
215104137
817339424
107061098
322926336
14244252
464929154
637826878
108294417
983162414
658299218
20765661
486939879
784569633
444307595
488805190
175541098
311900807
537018439
458605543
675775109
592837009
603232335
962277808
298916976
539938780
407023899
491060506
969262416
976317742
232310727
831108480
427588224
862441223
182199819
545857642
980266901
242295964
207265770
805214371
872543895
857685181
536675406
76089893
790592457
276879875
91897157
19710719
115757874
898489789
549352250
504473476
188364232
759751584
868096150
566222264
230831929
520307955
118831464
767110221
843246122
187691754
919865082
570175849
511920372
101388018
814877103
41809731
611405502
509385699
255136721
230150830
980831789
953551113
103023862
804954429
769630042
547882459
7025094
542712398
625103213
942157030
304980831
251906835
123882787
550169855
626724921
922276051
225430385
919101368
953732319
704795715
244339459
973376558
547620252
164652846
895903325
148232794
893362629
332091158
694507365
407321226
110369585
150380608
811791389
460187320
399514628
643651510
841805290
207421921
118064176
326816037
919089876
634815139
639852040
968687685
839763695
252179651
400665378
185009972
434094998
821336743
413247548
965154953
841843767
140949584
17296966
354675196
278877269
696124165
852320242
414806793
416661961
356113111
266518772
205643616
314558567
27438593
539838206
969728977
554011281
438060431
188499317
45199522
774901987
669992311
440778292
354922420
855557403
158580176
947483994
347538651
434610884
371712918
218636528
692078367
214321016
813642569
212802072
24717689
645705734
120178427
436477958
243323519
915627873
991959491
762040976
231595739
438190017
420076410
716388144
827402972
62921445
147449800
361630757
921081833
141210899
583034305
248096681
527495769
113064962
334333931
1591553
943031299
542498538
322823692
634110501
632183635
739816125
711507922
931086727
982493960
886827506
249881056
313977497
296590051
477723258
713176890
873211967
567041330
450928541
459031573
728590491
279166976
651914639
408792206
740839059
38007820
868591879
937190690
176233803
122565107
776072217
462249047
342122645
146128895
732154584
949086689
412211481
592160953
821258336
621589581
635683332
578700505
866653751
313996610
564403140
245217958
516586566
99282328
252683239
270445104
277368591
715622053
390248443
173429385
145094810
327373664
915590158
634683781
495516187
646231617
396699882
832438203
238313810
623189944
311175077
164349595
604736982
487002342
545740510
513182710
974852744
88573688
529850426
654763309
476603554
898098976
653203249
436250498
53159678
128418640
737903671
533460701
939686433
625244982
235606017
696756958
364720169
677676328
611401711
657115495
396102068
615268569
462991907
391272073
121356348
506171352
753411392
526334841
569019611
160302430
476820873
99786278
507531436
642346393
30851514
125654177
799795334
428219927
574258679
102105347
724684112
70474583
572960791
338338138
209198707
959511410
367055546
127729334
633541697
26102235
879901165
196825417
140738655
103154153
448524523
682715104
695054005
795641234
579026450
858570060
391188325
833903948
647482315
88686817
925989093
406748856
885828810
551915592
542506493
598771900
546761858
281422689
330215939
844561989
989832650
215569164
338265215
997394993
139339590
940101094
744490361
866103250
817084336
423329848
362885151
203488359
838030122
355869633
172372160
911385446
914031804
703573538
740275021
702671107
569572709
481586213
254491138
601469634
861840495
730101656
270506765
769534055
560310860
848362181
366611319
431654866
535671595
916399632
586119131
323452912
127720675
469575795
228379075
851111853
14596262
994042543
414715855
671563434
231260722
440915456
10729253
874428772
892371675
897411728
647444998
221477565
876629378
841232729
568993263
454618542
100122563
196435179
680685355
451641547
848914905
198892489
565284903
411249229
577620691
430989358
375122164
958780966
198111605
908780060
868201678
806730790
217880973
242889759
834450517
819319994
769630763
75073395
982023975
589972392
530945012
249152235
281725704
689810726
174025515
931643834
644322766
622727041
731260860
760123314
157052260
944460795
170163002
670061951
264775705
813293381
328715368
241754970
623827256
887191299
313437383
376267755
747602633
48995176
281155099
778943911
816571240
266311533
6425198
124548676
588778946
370903570
346702958
173121195
116774538
776922938
906020558
344686802
103047719
881749419
977821820
733793434
394968382
902620399
772842580
580487213
764377861
404205432
709114512
944515416
973329050
594611646
71650472
976538034
343217160
480897326
92303477
659252448
34958076
208393436
348584481
467867998
74021424
347816998
822567386
673519685
140752432
598206441
422178277
587760529
610616741
715311469
990575699
977639564
51578218
52568465
919095049
918418876
563044519
761442769
904135702
781311961
884123870
863514778
405860379
294990314
712481144
244260727
261410818
362160918
351758816
652992897
59279738
870912287
574197381
499401846
732713219
50554881
534988849
346733785
801211529
99594952
788793365
389865560
913145072
432987035
303237536
57729582
149292455
496463573
76991200
278330878
805754776
721862730
214955369
400358548
146488196
89002039
739517155
208513806
96693525
930028907
795505017
244762834
426510577
198834219
90518441
649521076
360949991
503875907
910346658
711454811
367430441
45141938
890359923
189280736
93383055
212821989
372550130
444664573
417151646
931005049
650762193
350514899
247201041
45054065
312506907
81635244
789288747
740085230
212546578
565280938
665269334
209161567
579248664
42553659
286231991
538546589
380839674
704484573
125055961
224654842
263302012
105226389
813479944
495495517
613912493
611802029
335372580
546871111
952868577
573689319
51250925
782235208
701124630
995229571
845580298
911352233
572752360
93651969
664665468
437970669
860054639
143564331
69574757
496241518
293160372
815903410
385910942
754288955
668170810
325037388
764627208
753039233
461566979
261937067
41233957
332796728
473215151
103227964
525686111
34351009
416622629
426270741
674430061
676027687
421110905
874768474
498001288
107355887
588933298
269249400
492567260
558176143
278359562
619042274
581085516
376247433
842961019
170682693
637723033
309674271
31330691
388426358
823582177
282230429
821344800
4748134
447833895
691629379
640736765
137531479
876200935
910557970
827130460
57878658
333377687
537175535
400227060
682986438
213946436
417116372
943611982
985095033
919286756
582565147
708824735
430523545
63213736
793255087
851647929
7153736
224086591
227890919
825137081
33217042
695185348
918815499
482429327
303886318
59471638
383340627
16741891
963611579
751762020
525675604
835651639
400421942
892010182
820688289
622467431
322724135
237960801
495555693
634246113
321318949
778256715
713675383
252320876
204861473
996249563
161753753
166180805
120095284
605272243
317440678
994893334
570296414
673431861
22717754
356078425
211837203
718954820
71322321
803428773
317975649
190735238
198556706
63019559
503886514
584792145
954764455
151220965
613343327
695000974
680028052
17284995
890678638
357740742
757978154
623111625
237163309
875874595
569044937
539627859
972855824
694788488
528488254
45417166
435574310
682455032
203497433
661152733
611199471
823590612
66849009
590298932
925416243
558471367
952530837
683594856
367396560
8155953
570734745
892994249
439697924
892806065
302685119
949394566
764584387
848887620
350224284
555008947
974967197
16857846
170751301
729866073
581113779
502187795
386937822
737404694
270021343
483167920
853923928
78883671
397357314
560846051
962490746
106596453
283603335
850519051
667191383
172920102
565513580
830105505
99908806
54537998
93659381
548058045
622775794
806304304
665009290
483944526
848876880
52611256
866700984
783772087
99510584
412474980
197192989
570610149
238686578
381947369
387127804
330081544
340580100
478238941
379869574
100001529
497108247
819434544
662581079
352793602
166126916
956553718
29087334
344470330
444189548
718503123
299486323
269938723
561237269
82114240
844502584
389137703
618503604
939051338
565897740
380283642
144871370
996587560
181697851
219713417
392921141
308123437
920921359
887889339
293290503
246908817
499158978
189385479
771579502
701703287
287569508
950804990
85023455
105234592
605590188
849362838
170507900
116075128
416378425
508685564
263589709
46505740
733007267
852459768
330290601
969512765
703455438
574624213
746360216
850582453
758599730
637976440
422037894
533929237
16641005
415918982
805521932
868067656
505850469
435382778
706492
972071556
339181025
216700873
900033986
593777185
633682420
440485704
484659764
335293598
659648609
67444187
756792055
265101084
756855088
273444672
956900045
830910736
497739068
239583
446168901
761817992
727803368
61122110
229173390
160718442
849291274
499492963
85057
249242119
695239964
65961724
499595096
831662772
369301140
898410480
10916687
756058784
960823758
929950018
786794423
668662821
986811735
305191488
4306540
490406622
672542109
719768476
956440596
735355311
591093856
336184763
47487563
12632359
497366490
424091745
837922239
810891982
454148831
8399347
541097471
239848552
911951221
714290543
52354383
25318330
996470488
386293014
248163132
14253428
513321043
301073784
803756614
135976676
657836437
696646599
194296831
114181330
391755639
74018339
784457091
650618431
167128478
532325510
852647752
44378534
42854904
724212471
668080769
783106310
351611065
144866413
297579712
960151600
543075729
992414592
429722533
617143404
899947277
522895183
684148074
131065369
484118768
565537543
551089993
314445606
755887269
564019809
736771579
344331018
909162397
103614027
929493542
812320890
932339481
69983114
867586019
207165291
791368924
876305351
637265505
64258116
159619124
607256476
961591069
626237738
779736814
100562069
891358553
733959273
384106155
179354333
848708440
474551972
75569870
8694913
863323021
135838175
475416542
928215428
876036882
708739997
884594421
570762440
609854221
565613941
351283234
827453820
648356980
773865637
888517951
954901375
699084441
714109967
498629972
22767043
265936383
950123082
484670132
859794809
408983217
590399630
6170645
880186080
901357299
963170892
594679644
443549197
985643841
607749245
901792060
402690941
32253579
63810517
199227970
773183214
822925867
608321889
102972049
353269119
2373330
417364841
622989748
199780988
103282364
711877952
490085098
780052963
232008753
326004008
13989884
96152501
61340610
333066070
278783937
590510157
395201835
818524520
275636945
632522356
1409529
883535442
548200104
767255330
896456191
601053024
787719909
716798011
572505326
394437572
997723714
460389050
863927271
576621255
710574097
834092512
462713368
526048444
980392759
17879061
323046652
672089287
80036890
94206331
404128856
617940006
591665348
193228171
657504806
164578139
930162458
957781657
612510355
267773866
151937863
190699192
436478578
454675113
995524504
367317010
596364384
702206442
669236448
864238840
46837754
217268433
865099379
983171718
305308487
148145561
284964883
114505796
785887462
540079913
176678707
325126084
46789026
319282464
529615403
178787174
527393191
604946104
907029847
160863488
362166269
466099916
854796185
929299713
192784501
326730796
491160847
562479968
290806114
24870945
991076736
708030374
776214181
335731816
678495929
734205145
822329770
669097053
119569019
825281182
975136896
498353979
558962029
782464380
761693691
355886117
905532342
97209926
395385253
303326874
97368279
892728974
693555761
316355466
929618954
114545195
378634898
631464026
818196024
682375015
525164698
858719857
912478670
822576326
417288996
864940857
996848529
889989807
4188153
400123092
959375320
995657159
85034773
34679715
632229444
799602306
428640549
469495082
72848617
950350943
606625066
658798440
784202910
887897027
870644854
299310609
591991032
871156357
734863861
768790613
480474158
165498976
721830058
706460667
488869420
365120226
403465714
745956827
379454151
228707401
454792377
820325379
709127683
739584672
564818375
222185591
608730504
623067495
162505765
822202145
305906084
274555619
227104423
966280791
130745262
198151606
226488279
175673446
22687910
555616040
423983454
31525989
876123089
583137260
818036875
242274856
91213008
164478228
722757159
858760778
325534472
353608977
2364584
153954798
734175318
206896297
535056417
136571841
115837523
392568990
504911599
542351885
559299753
190308456
491965400
774789441
305039713
239327575
360854032
896403637
519913280
285536350
981608556
358780798
770598386
762092402
996715632
386902446
468486263
440782874
344464453
319380347
879352527
54026737
993215111
32573418
356632379
278036352
135802055
292170636
831385383
567113615
416630741
391809925
189558725
275855967
261095201
457667199
928410031
382919033
716165967
654403819
304454939
547517321
888312783
954797199
972782792
707595891
188552377
569786488
251756789
408468684
90677565
703335901
232260067
47434844
593048897
666959043
729945457
599179059
572823127
920571471
279258174
823586535
296981994
759649523
953551761
590522445
498276069
649192419
972825812
54092265
771476944
387815585
90498902
60405658
707435000
42674633
981149216
742486524
342922234
737912917
309625019
944991298
970749732
256297455
770821820
989674928
764957920
974222948
629342987
221224473
218624943
396928569
527322911
160564388
339024229
971549335
200136489
775596929
846377932
890295563
666066576
316423864
678731733
767313352
194818374
808503960
31468534
855401961
123204423
260659130
801231066
99664363
314656642
879237847
346884545
595403429
378582749
178720597
907068465
546928351
354942656
657999210
119995201
9528894
548107514
707523648
426276041
142627935
736700889
808185656
577689995
890973676
628951963
126972809
140584107
375402981
961828592
650074257
981465178
820149562
210233907
601002348
689911411
846784912
975857158
776673035
449875577
908288871
772025134
306163171
296746872
555385368
839902465
770579346
916355073
762182506
257555682
416825874
695657360
646222962
340933554
851565439
305376811
22985891
785490453
674472438
929536161
453733555
256555880
420856667
839744903
591477483
666681574
84592592
664800007
286251446
449793065
524250120
488343150
614235711
34422377
767287361
256905451
148961598
256695851
813177045
944766230
952225191
150101858
751457106
156925599
991118456
289685824
662611077
867418083
921074227
12456571
246694567
864084135
768505267
589574551
32017218
62362523
403763597
483000942
109136529
977108849
452306036
596771354
929717089
694291653
136423097
977184181
904343897
605926675
521774656
886751686
549211231
472034712
526463460
856466351
573551458
903348290
774049475
243256599
392003300
885314019
230424760
343460926
372506446
350493037
301825057
410220291
397020486
965083843
276144882
309433818
372401491
536000030
63638925
429300572
137168422
746356868
186360151
127099578
61754779
681094787
970513332
861341658
473349506
783676227
769513159
177261101
555833044
956904284
905929587
217222761
591464234
314924691
422757956
259451839
459219423
124179407
619549191
754747090
377821109
40646217
441654565
517127670
715963295
477136794
523022171
392647118
218809331
276122509
529936279
866398326
450203133
316045414
184719732
70364120
536737441
834526319
974412948
248217550
525875959
104475389
463744849
387150149
917039983
963587976
565118058
745428923
960657269
300304514
488234668
448227
46406647
2792322
194512300
160568699
90820329
832219310
400982217
193995107
720444584
410563052
283948188
932649234
605095693
35859855
172165061
563745160
451636912
917458207
940646125
735896721
217306303
95910272
277832985
384993287
528096615
783879192
972010865
317584810
495659453
58101276
954504510
169749276
300534457
853875049
672366375
64381675
587121747
156382292
676432391
871829251
635268374
868610864
407381846
562294201
853676470
625537628
604402550
369679348
963500130
280537221
947605958
17550923
155597375
768028947
799244861
559510055
473255773
654558321
845371273
109877965
820229240
847756297
22515578
791872558
659292800
919411100
36576146
106551679
744578780
510421100
153772037
757788731
359717525
296867354
496576192
502509750
205665097
908804488
586313065
342441266
661271041
795015114
248322703
376536518
670094890
225302329
655350146
797381266
706018558
114871188
87550511
568842578
841335195
207152142
488704986
365996089
391063536
430931177
557488168
283575657
777692845
495570956
419563271
449573857
218879668
475459872
455233489
293660599
870006378
215544304
310616798
587374242
179139700
995944769
732622107
803926305
892251990
532208184
309734699
21256982
185202756
43972586
573910748
874218470
879738780
206571841
689389776
346991553
484952150
857535751
692608829
551213110
15186944
826353293
686828250
526997861
45695646
714676224
539385992
266370969
543404383
943494325
851507173
495216873
768386778
592531821
766899210
823844048
626409152
594287853
957433435
132380030
340706151
726341466
585816428
690749380
581100383
38115010
731699002
459479498
152736774
223995954
383968580
585485898
905342311
972159563
275304904
192714885
353987574
914394161
196834431
918608657
716521370
903428904
255853548
132132272
583075972
273372260
74802101
171132876
662511046
625536471
118191602
110508425
913952989
896510509
34478668
680440754
924395930
102096171
907861767
412067080
673378396
907072633
129347360
763948928
22507385
9291522
444188309
724663689
149368669
262200584
731074188
793588950
471248017
719795452
345373999
249447000
619410186
541933890
767153185
707575849
114871318
985072387
246294380
493130316
450427347
630597799
421504714
181187431
314298058
94783243
679454080
447305256
349939379
633376086
174815596
780019736
178134712
781069673
773120061
383885567
727013561
991050865
170136195
408424603
919409447
465448161
986389940
3084520
808606860
790103593
780128421
179531585
196345453
920774087
510771471
127150803
90958834
17034881
991584459
729004290
595381481
232492422
347983142
722864203
751164395
257251616
975905758
682100459
571108111
585385837
342607390
626474824
951404880
643016586
515807636
935584200
372414425
972156721
969057071
815047197
159791939
657963264
569577510
86213292
443660501
852368251
884681002
435122165
378411183
539188867
525992678
37129722
207355029
692223955
341365846
759752416
600546127
47384141
194593974
271573600
403229344
291469808
422243404
207813773
732517691
354319857
133473024
929394824
824628375
28357142
130818492
880129521
662949023
911152922
727382410
21483236
42651806
632241522
194212590
613716896
187512022
170261036
70044445
937317184
405311837
345551031
157643080
481736959
452713959
456882601
811513005
800498123
326795053
108157113
93529553
362891038
591512514
613654944
919983681
90050617
266657632
546043366
721287476
463113804
244945349
91909133
811323340
744179620
840371211
18682171
602211929
73047385
23801942
331513304
504767066
484830217
298781598
578737495
361544106
397505785
90659450
969044114
160831427
579837089
952944277
940627455
373989243
119704510
138742723
83994520
775190812
586016783
178624538
762280074
922651273
841311208
737302694
900977126
261496915
438476532
537583136
820909900
979595166
422434752
913987579
183129025
95976802
638355464
995225805
261343312
561689662
996612625
948007893
193022113
130379342
19035201
782216890
656122683
56730254
480218229
989912081
87307739
963550874
758531679
764220380
540275145
346722703
951805771
666379514
6406369
539400821
353960932
805178734
292526228
292272468
147308390
791706149
204908575
246341310
471709981
256287547
125925744
599988751
960745473
446086146
304433894
429885303
362509897
382929171
515973399
755780361
509750072
584817557
801826062
760169094
685129725
224505342
522924929
100804311
28166339
393633423
817805943
71983888
790067360
142435032
544347327
785393238
303304845
986398033
540330055
194651466
320502302
914801168
302530928
885962678
271603104
310500711
895921566
245117477
903782522
880613823
207253452
342845637
490061948
470715954
19803585
507919235
646871730
907800037
226710102
60796970
133907484
823628533
667484493
53259256
36942174
321225159
418863823
431712743
498081437
106557217
62219992
962270280
871724414
386506952
195280607
234837392
397243284
367375109
498881549
758744391
255113286
955313881
51154606
939610005
256837827
359021566
127737701
982508128
400319579
852310968
36295515
634425057
815385371
860982937
974759043
29271299
259722885
917364894
496026930
913163310
437275446
350567140
398707479
225117870
568023861
916281622
459469591
343854892
310089082
248567729
645975197
153457141
43857701
885388317
129690563
446111808
899118186
319288968
781648895
528032809
357415995
244747354
948101005
368116092
340868520
741201867
511816457
881255455
554805885
552731308
64284817
539388487
96282728
770569740
905579262
41373032
666304452
649085273
466184002
762032045
463755478
34884473
268708958
832282657
531429994
264139819
484597257
631033021
820129597
580192706
368650053
556340547
130078770
16843469
301351395
492299030
137367722
619202648
549619278
488580973
395389194
651823363
205291650
347121119
944078620
720167733
497247847
616890021
412389706
180599093
205076479
180744590
479439856
544637524
894916440
433410971
470059413
902457658
514852443
768923518
763222358
76340829
597424178
12089687
574377985
969140080
800794392
304977996
432127521
131954821
607351323
243685579
932268518
270002005
242172407
472710830
646898708
706514769
978140682
356253493
789685279
980576527
845088173
305098301
118479494
365936806
562290162
338787669
183032071
600214870
366047058
462282002
269156019
101568197
660097691
560639270
339146228
245541868
572551422
118209710
203590384
429135619
793830819
399146229
132213875
596966150
902065259
853030930
562532629
382036667
82465536
370459777
813643428
300940338
627191902
297426676
600919800
895404612
607916507
254385335
537433630
610947860
929408356
546719401
308607675
555989982
808051111
44827518
624211250
605135290
89546222
893430674
598247522
692147225
46377114
284595127
707381920
602473638
185886388
534602276
61990898
312636885
889382056
369814176
803586633
26297916
846061885
991281371
146810635
445325549
323936674
299766582
934988623
245734967
147560359
484748057
941953619
382084309
971803644
620780773
21674767
407670473
572209139
218218108
540911996
658922129
581926803
939902988
494313568
105050936
67519663
778514581
405803469
72500181
497748683
745620420
832628560
240422808
973115960
546477176
422604229
644662338
841542669
437605147
67390394
537017111
934047
685537258
42718937
664420768
535896977
313347841
143308609
148201563
83416485
396050213
526271316
639485580
87291362
627923858
649383860
527609914
21488753
733501222
218626752
908384118
575698239
108507870
120925632
639205814
66622471
48017116
951183440
560054824
750162896
106446027
653302081
886496225
694136795
966174256
698041226
348704370
967743889
82462848
703400770
860356785
335236451
17167029
632320053
99340829
682737244
878976897
106948071
193011857
974778938
85846800
59344752
338297123
390125826
99395269
516023320
621109410
822607371
815873502
966749950
887709402
519314483
61707589
130759917
758108988
480893138
696474075
152829190
135793144
836586864
171715034
119709714
168483808
371255846
877040185
70938103
274906739
75101293
752264967
761288661
778135920
742423492
275342210
733432482
202735170
386425578
339631764
307454553
461095331
91800265
966901590
410279782
258802581
778084218
657928048
454287298
845163535
22466342
427520141
919882999
586882907
838928548
734387186
395297225
811088064
795353629
707364835
208054106
208738657
617474578
381816854
731444658
222177689
195771666
914400371
519000087
664185691
551281904
691262096
256486
881405253
809120726
30875733
841751378
365330358
990031267
918566951
257254748
566434093
105580815
467227259
410896151
872606608
249681833
51272491
121633100
557623223
275662768
348074818
600784617
885948537
490965158
882847388
2719823
276593130
289600808
236756201
860086062
226395518
898282808
799170133
880695056
495421537
802889106
827248844
939276063
137480551
188747417
874493184
215591863
164495818
300434823
381535996
777521968
175833992
570680799
584799258
754005477
200715357
488268129
257534191
395181794
331530837
214313630
655422643
599401101
200798858
570014772
38446731
920575827
75618216
3721536
267196508
800486594
822099729
879759864
664491580
706021312
455228373
980970233
76629172
312776640
659598613
10426696
114331408
627849
960160129
879724893
207022623
494111078
429947029
663030451
451894784
436543944
269619356
930506766
86515280
361026122
767237886
394107989
838414539
69191868
807153479
584111886
977888289
668494025
215538917
669519668
76154622
565022774
253302483
450314794
307453011
637746934
679347433
758763274
636223949
155841322
533460642
351322815
13727977
952499997
5884128
489427499
998082817
77704633
875520418
849803816
709471184
498015360
503845787
528863148
990808514
399776159
55293803
951699383
250245314
954657194
805823262
425764454
831828351
315807735
260135341
412698682
155451936
750311355
473902579
31958571
932738578
833503913
252123725
445385580
255970460
451393753
764302072
407374288
879539839
531955734
897411208
167281495
794070610
47538450
342165012
922537278
215036949
989132102
424038118
33338843
724565161
712788380
730609873
607134185
97378530
317903346
375398192
389336701
261259079
517635809
940275875
597756646
716417286
605965805
312025340
823389939
149577878
138325128
529906828
821173307
236018357
96015259
161703290
525279698
749271755
851433049
693434061
697960693
32381371
181134637
201103674
896408432
159309594
719215854
727575582
552449569
178757311
866527203
27664936
8678563
275724942
175595516
464311245
583979220
587730978
589437563
882340385
245374278
757082475
542655604
226737040
271855905
103204443
273045001
253298047
229417218
991369826
720531870
472422678
189127900
941367615
179744264
840796593
634656751
116296386
369331651
460092638
851437746
80366570
106558189
214391475
480383468
646216063
497583651
689960023
954667111
505083907
966306159
462589928
316188477
106224427
22517809
544198329
774393963
601551901
135419100
416390539
566481175
907508664
518209710
710732460
449925402
950942051
597108772
125145352
307396636
880801791
132182263
318321593
566688635
986424304
143594608
575990976
981900781
403847523
176397270
491547252
453843017
306326087
986810269
348039559
911087799
63475137
372904468
900722086
16234368
433231553
982508693
29029649
686129068
483912436
505205581
984600976
447795028
887617815
253091871
681621550
621385862
485043248
158726629
622126855
245276385
381724133
972710885
42625884
936764187
67042977
444409991
797684574
952712927
2793572
821944272
318157633
710560036
630652510
39598652
412550367
531719263
23715420
335600147
653324557
885219774
677248371
420990175
741118731
827774040
135247769
869882171
731963080
381955710
390688818
697241296
813092803
872845752
547996349
301679090
719491005
156783259
789846245
491675325
647674803
443095795
361514369
487765791
372797660
757392623
111846148
666257628
452406952
877760066
20162259
884598547
349939329
757659965
125216206
625527229
976471414
312089604
902859362
275692016
254292979
355763033
756428505
695855015
810300837
942592748
14551659
64218241
820669029
655174275
129210685
806434580
209076660
576999788
13664762
390344688
245638978
517970247
569501971
425263012
967146092
187038637
191637894
312071230
424224558
372757624
512998130
227648427
90517713
806034903
455053327
391925815
548163753
787120294
15438386
666354442
636481063
462786631
271178225
559391351
604163525
708633533
871806307
368610235
371643351
616508390
422476857
416227811
194366343
907913903
740260789
101979957
794689598
612953598
765480252
584721130
304293389
873068652
498914672
463784597
389243798
18533115
924744061
4255701
432794968
79186977
502471471
688905895
264287060
155634714
657236955
679846854
213033251
934698500
681407014
474769522
513165093
677379989
756025397
341545483
587786752
765411185
700502048
951806351
395451678
32875975
481870862
825411100
301832333
887466149
544629511
351217957
641021286
609447748
414137961
930705471
616011524
636803235
599738168
607984723
419138467
788613461
762541574
51184380
477957454
992205530
705667255
982870417
609185242
252108086
294921341
359337763
655424940
337102526
185666846
433169347
248960410
29601860
240712493
543717983
748556035
672261203
561658418
400049689
314861386
376580785
977204937
322000126
685662834
974961487
183970076
672931664
50459429
855591268
606628756
36880026
2845496
211838365
890453616
279426705
348752070
305897210
109268406
627710480
140333573
813872761
850186224
148631128
757704246
428196625
945578785
682224144
893699928
615584234
978706641
753746423
762611134
48150507
8515845
700851425
635168642
269220300
963105422
829780632
820957353
340256348
810153615
539901225
737815786
461733767
229242577
321636573
81402314
829506942
789146265
703483411
117878568
321243268
534354773
386136502
755974906
610089709
153389379
311787675
619078778
719606409
638576280
850430015
966451142
60074656
600510531
613806617
723798802
151177776
314948243
761107625
260889587
667930184
578356440
279163183
918229510
537097801
762370334
487964870
836898651
956565353
814845361
592645430
438120961
669700391
642164996
452628012
768844663
984831472
365004481
524132984
81942470
230110732
193117447
81152101
90794305
211480119
171373650
470618497
211474963
553080859
620353975
129185924
976766605
690301415
482240980
834941010
397634677
75406278
245136681
647736329
389571590
779739257
409003623
358466553
529448548
169576389
259947898
950626568
358136830
723474261
607749792
78896952
851918010
706848296
481564716
663263305
211358673
753741990
3043478
135253846
751182799
5883972
742677887
159384703
419305326
983797841
367084598
822626431
664453879
715023303
91872641
52151340
5641252
366926364
120291124
341027887
771063404
902663596
462377581
43922917
318326170
718641880
944193656
971213385
274824979
877018855
366653269
359243229
286393798
781777809
953808695
450369858
204419466
927005527
744727055
162656239
149730098
182734061
518299815
941067962
412567933
750597196
90445656
570566920
324146608
233305155
663928480
798310631
252930604
984859008
825625494
964066586
896525256
574824567
430067276
719860707
855507638
708622913
438734575
862349922
370739677
203662834
83512817
391038442
301543158
16997251
970807278
83043642
55183668
920003536
872743475
113205104
799880641
448035754
911022319
436866443
53308649
285814340
885738984
201237233
620039531
597644159
647997840
922631379
43053346
593449190
980961857
390338986
295429268
22149971
620962638
197389967
731813542
192058244
662789883
197044308
519093781
403413770
445864571
972571623
623055858
544977455
788122903
580553832
767070494
899676187
6449374
159390280
135372103
665911272
345612403
199799824
629362997
963254111
591912821
319561244
987973886
896390006
864533547
995697978
382501164
480190447
72253772
638988688
193123789
130192976
698165531
193845872
814675857
709357627
525677812
28140820
770031246
499352937
517225486
68902485
485811801
958782068
2410599
318377271
344281112
505677997
771869725
61198779
895684670
325737433
154392853
483444161
217069900
370462828
227271733
420087357
882323396
154926968
179435023
153916343
523444495
719982584
449460290
345711729
239505486
355009345
113944489
740660098
356618899
266383715
457336265
298703511
909342560
642802855
802494319
623045841
502299229
580224585
733021159
959194557
60353663
917018736
973553018
81752284
994931605
182260141
607363527
891363728
841628661
720942026
283083051
480244244
696891808
13055719
345187377
22946423
436277644
434583060
529543214
814659870
884481659
13848988
570807234
977121681
315939262
543388359
140044427
876893551
134969437
291541290
809376474
600789599
502623245
237402456
468129046
317531400
537619819
58488824
53554916
934191491
254456526
905284960
733234973
860064246
194029876
490055392
970619247
12989549
584478654
146111061
288567407
958873679
414295051
535077953
823935581
243173636
420870160
519348050
979925358
48265922
481340016
114057316
864682495
971344812
466385689
37171735
793822824
59912491
160695021
929833432
823715449
901987616
382786583
166371832
946260859
431568377
702837885
418979615
539171775
345312773
518473175
825710191
580850533
463482040
52670922
354411958
82333228
110749425
718051545
301599426
769641736
127261297
445742223
228035558
70431189
180907781
796481844
142078582
82452570
907790748
413965738
18440951
588495778
33703469
853855611
411100198
661676394
70257591
895257285
733343883
248059021
893123311
347494956
578085202
841946991
336919397
96246761
140327982
872367937
429335692
610704789
664114266
464025639
148275802
696757613
128143802
468261354
574169405
340932407
146606818
486268147
311984159
290658578
536266538
697592925
972329974
733234350
107318
458099503
39525139
235435137
253997225
591449385
41446257
432002140
325925616
981294840
404510456
63737085
750879425
774509400
741627982
414298462
171645929
552534513
749489660
66658451
13600346
306022148
512921195
338287935
30272717
661775944
335548003
325702476
260158294
202562850
335938875
388620475
300595618
351787996
510801897
942210119
497904041
169044322
669888247
924418915
923292224
368894413
550087516
958702842
944126738
831149988
581251322
453319804
15872286
300874130
781262682
847811910
214094575
21549136
239750676
686457275
6810279
107823145
509600807
259194773
699825351
169353967
95062548
296317080
339586563
223171527
72860661
643844864
79911582
582114051
878076042
345900950
700528240
839159571
898609186
977759764
82910265
847518499
297256297
72220890
583169665
78115867
874881481
528279655
950382988
480178623
694147822
457922987
415587461
119728378
614414567
761652384
473034186
97842680
782508160
516167034
93602996
415888364
866096073
655348146
632370609
285277834
242050131
287376077
256101018
854522302
452615145
353338921
8113395
630645721
878649758
348921309
810836006
819495608
317541421
528632785
76731370
623859942
696597688
414567941
40866804
219736577
218174416
221736822
736165731
946283355
825031826
65062396
217143006
734592157
956175488
480233960
664797274
15463810
948199060
936601165
238617252
106009718
824605735
648361967
785846808
350334300
920057011
287328123
752972429
137751185
276851070
203938232
396715176
170965749
643582912
19874044
984599152
891937604
895274891
279065360
740039871
236845256
439500717
939108213
379937674
647276574
260065171
203073491
278862867
340287609
514582061
608714802
783470436
996404626
303663834
850051282
696815267
331534962
363056126
576149075
418011994
397410837
986299615
1733180
668907314
470937786
956792000
81739299
863707587
491268962
917850850
297612246
24036720
824852691
610548855
930787345
977824722
200954944
66829524
662430031
42142640
926455821
591926771
881383972
832843287
407270551
717478084
716031473
384515232
53742695
162020108
553192213
648209616
142423818
132358072
151332098
908283444
611660076
300181898
754613676
304788534
480770108
771071531
544056215
435422089
64826697
150694295
378691863
14839588
504821942
29164482
419711390
475904288
482201476
943954281
697208396
630072247
385794935
722367953
992661358
155630768
694719371
868067176
480823995
837145315
63670178
971961999
42349590
133823594
438939165
231837339
788314404
410152575
910495064
25692902
75808560
24390334
159119806
422317992
766794171
583947089
634772487
291404874
112489586
783395433
281772340
720142158
900964370
368244672
133267094
444891198
995030326
394744639
313196376
660524404
298265093
684588651
32646509
157139662
366105341
696790141
436446717
359486501
582538481
456039226
606197731
393566721
606059093
641083677
621452402
17941123
132417694
303494318
340304206
249055707
70712783
410839265
733877735
233543356
703652082
825459798
373028481
400734648
925620098
154835917
215374653
903689382
288489647
246183927
801471906
93813291
361240004
970493679
466301078
890716469
739664251
742731740
993569182
794398016
488003402
669308777
707496218
545655498
489421366
406217550
734142227
186646871
751013564
586014901
773520828
473034662
58046149
484244731
614713693
324368619
489310242
551953264
702561568
887840072
265740067
8941641
35337582
208416845
660718777
487012052
53222159
423352859
751477807
378775185
9149212
416596532
352414689
21193668
928491671
597234954
974070397
158974714
215702760
186442375
925654123
901368883
391670562
126717460
833228479
651098995
958074410
771282013
228332827
416277594
831811641
672907067
766715895
916361776
785237395
63853541
547829595
907550508
46381759
486854493
442753558
864692151
326980082
61655561
779323170
127831165
475907424
987188286
415468305
514706495
13685505
557903137
497849097
283850122
118260432
787943698
492694974
698298109
606688824
674643049
844400088
262947428
135645766
921678998
200887597
181393620
566981254
308825683
948843517
25507806
699325408
455610345
864981915
456294769
849353793
207494261
417531187
76530853
242225686
792390660
615957743
182739063
44675297
390349919
528637751
471106807
576560315
453961413
85431310
557310639
715330708
273044916
598352590
158248914
560480675
332782547
699415340
18044781
981026179
384790700
490475545
435465687
339055588
372217160
832845447
278816192
281117133
175840509
320181425
289522197
593271171
513504340
198339555
342323371
239431873
873508214
858768325
771896056
794551461
227056366
486060375
694874247
275646423
868805560
356903705
323956099
563073476
680199171
166440000
592226971
55317223
116866275
462317187
674135083
591895174
688238817
648060568
381520767
159264291
745955329
993065914
63339541
681187846
772292487
678747560
608088950
586766281
301303885
339519804
166250756
623334630
969177258
789314815
269339611
540377624
501194527
492996367
893942295
464937351
596522995
969999522
132484781
381774562
857229502
325670717
201158574
470484801
922529843
854608518
330501233
882072935
67149800
239839318
939479781
316374710
323700345
536989699
336797364
690121924
105768374
313545906
592248770
338500567
312991653
525821134
406918284
561981293
976463699
130841395
928042714
244928064
479557484
966593858
351200359
785772133
586960955
400891880
684999542
994460811
481943605
129551007
153145222
722844730
103990163
294063940
942891374
452185984
428352931
147736547
424915834
900594439
604847510
218582457
549633519
291439968
603399123
922526490
736762635
351742592
846665091
257839380
321664551
625959769
222010929
564431866
883800583
808896673
853654680
859223567
87157865
838453567
139490453
328006887
610105561
742371524
889815971
463382832
350895777
362425184
597933347
102373819
425945154
9702347
950761400
754314913
520707211
178329301
794268531
103774312
95044885
962388201
575649943
327864695
503064569
712679163
622610780
344129480
293358941
734488940
752003656
542988648
258295331
377386398
853794988
488865136
889180765
676372156
600113612
480345228
705429743
583229258
920609611
639947876
318244923
843815796
530114348
199831326
221908574
359451516
974430556
414531519
331112026
711950907
104486473
843359131
140754104
143431967
353309996
458420879
370986959
621981832
928198514
505392304
537895986
481675057
144533480
701518271
5543312
709884066
582131122
371163976
686397324
471409707
322966413
652907224
249230292
924947219
505392306
699708058
364403862
421305369
807633813
946017359
629349409
198775131
710958015
726021011
472493793
964576501
296137410
935778188
100677318
427780757
808269590
340394032
770432838
976341315
67029444
799372235
258505129
469828820
782739770
420103296
796400036
289796493
319728560
458063949
731679626
161115491
659723739
964355642
687751280
517819081
127542165
960584219
526569896
931279610
764062136
176473582
709237509
520688031
400014714
64755546
37356000
959539255
899324157
842891936
311818815
486009841
253640732
907165942
500538119
730739452
187148226
294763878
173429218
827161779
473165062
786137242
566831726
922844881
189645839
241460415
612867182
374117714
837954527
80503245
974480124
12004086
185980176
246949672
97125275
443859131
329002664
467483252
982824175
189196376
105531159
579593721
59318114
568733356
489378516
320467702
520480843
158750601
239299212
140132629
667809447
448120968
781415088
809642691
505567531
181603691
399368538
155901169
858506823
128018800
417761460
276490810
619758915
840576793
440840251
590757404
944940527
153985872
918063342
104547701
194030475
622048530
697273979
286285412
523160619
342056652
781639102
40859174
752123292
33182368
16217999
409423816
740744470
582812774
414767078
144419406
653421947
961996155
589807603
110154503
933669943
37121875
788939812
646871346
394643568
616287326
635280379
193426863
417889711
791549891
759907502
366879091
832038977
982291632
899644371
220614386
859170366
696717841
300210792
163537574
676234941
866675924
897471454
220529794
712636692
626667712
139864749
889905968
792802235
36492022
600461910
293783191
975084515
126643907
441783813
172180129
178751894
736037580
76224066
158544580
196966010
976163990
234442130
786810818
350693688
118009172
778464019
851747582
533449256
644740384
769805789
569337698
889559026
749485878
653009936
55816794
884793375
509914996
851800984
736949792
82576204
503184032
936784808
437905588
251157386
488739331
605439918
122687185
29556295
355237459
922018798
333018359
405078280
757449886
913103085
139168532
842781134
200754504
821863978
602174335
64592060
812903081
748177829
562824642
955007641
776409126
167167037
341075800
572533003
703765640
943520045
139029686
647286811
770485020
383533221
656021534
218470006
727917135
585961858
389720005
360271543
319765353
771418667
511063598
671397149
599978630
800070812
989724573
555881070
639604361
827110567
510974668
630749545
650590044
113874743
168257741
90889759
92845627
79811563
963377208
25243647
786647975
735849872
202245032
652670005
38078525
92308911
222679364
207370960
217996999
201641676
854305066
277608474
668128583
150379103
13258276
907507628
731202515
881121395
104446206
809209914
185543619
935135961
835085388
200609055
433914037
878680880
410326253
142433929
525913590
764597452
107573762
301368495
142871579
273563360
61551495
113964237
935918032
664956584
651620196
640971215
210429319
784934573
133495086
101881716
150049775
953261427
432972769
539496322
603919249
887858919
327655763
708226058
130994472
38810912
53738763
885044505
368554258
348974684
584393253
506114597
987037365
922311065
917891997
820839647
788219246
910769128
930640376
731689591
485592803
88349463
270046692
369389914
168087018
774937243
212694987
71237051
425164399
976591273
42607298
505808583
747056306
265812014
990595599
64737200
494709431
734575280
92865816
650047432
717763301
102404858
977761571
677922084
774020264
549184370
354519949
51417295
908512686
92533534
653921656
615367702
26981813
671454951
773776591
607695441
720041167
767860920
805030984
700647190
984992349
862611098
157280158
10525496
176888539
878857428
661822991
514099364
99455204
844811722
969015635
382158852
973299774
821114977
87202041
978965603
200165569
220914177
845151513
325113083
199981479
435484486
486051406
241986555
774791206
604787323
221185513
672430313
618461030
937788700
831416445
733646522
374389429
353353131
124285347
558576666
470014830
521879982
468289667
594634553
757639052
949435874
319377440
695073913
510199329
368183354
627496744
132197642
593492057
660122340
377496221
561790791
812978637
309965940
894769292
204973589
527577840
894517174
639410428
859641247
776524960
715512612
335142518
277967731
640077467
265312430
559236977
641973656
332909705
807652120
702638792
402818330
165917324
416294481
479801918
282797817
375639992
272976269
898819807
521617457
209471137
97912479
528124472
719610718
763458256
717384958
636166445
794742303
916161803
774211349
6197257
388224705
426102903
276662305
715208038
614501830
385237499
885699258
343503641
362653042
170372740
531634964
286193780
767157648
707263821
129304209
425655032
563545785
969003596
925318615
876400762
895600396
528557931
182290930
201699927
917345580
284635953
95326472
95138445
227347129
986747930
793437615
371489268
371758101
112425176
369112798
215175709
162474972
76846628
901147717
438923716
860181128
324815923
83749624
869279659
407446023
841440654
605345849
833062766
456680590
42142488
554201103
905797705
221275676
620222733
691583803
422723347
489622805
86669661
438058210
795719048
436532836
481695704
411347412
250701409
358287400
411796881
516540514
102124694
7742113
319930280
763100473
891377673
877964183
566635173
595417469
39926640
650919172
405359572
260393302
211331984
829684961
121586157
181932812
658395449
878573334
283662685
150537449
972460331
839968627
869242061
494179887
702462424
585558499
218960778
433243693
702619466
557652549
773769395
804355870
902910613
112555082
659410097
260629147
689567080
414170160
984488382
954956526
429787198
611861605
691369779
218189705
783687982
266239915
962919231
40339063
828789143
349801408
795197596
468593470
116265653
608785640
549320556
855177462
554242004
944952228
491791862
395191435
263489526
825874084
402571026
597949936
108854502
665398197
604480504
753502394
264845743
602872577
178420820
868384313
43079877
543059991
457762573
184628921
710036455
626987324
86532820
988534191
131965597
63733840
224318078
616065197
647718802
309795719
830524280
105639046
317953969
885498899
962907405
364226589
532811406
724558510
380336834
344137160
211061364
324798405
114157452
515614236
321102285
208373492
140039028
704428870
466215182
617919831
7144860
814915374
91530285
416833574
639164306
49654528
49178637
758342676
743276821
456234055
500469532
556234851
922287091
475416976
189791057
444518408
216782409
318567205
201190747
372350166
900454991
882809167
692592111
528114750
12429488
51644285
188490695
601770760
13899690
720901944
394978447
803447922
476981060
528640269
141654497
584670898
76304870
495221656
43155428
599258520
473912879
462794967
713655356
784969497
587804793
519511309
785563425
77646509
525486876
105399613
310155811
833878865
655535198
689708605
227991072
491770288
478167556
578304978
552411251
645838208
842457706
315189204
515246220
732728662
752162285
632449772
872943145
836696659
677982017
518938451
825610753
110686051
148653787
283204107
663880880
222389102
788417057
553582431
80266710
321734972
99068407
341512182
633457289
606637279
674514673
362076527
833626717
703385488
603781769
23084392
293060201
466584909
209387661
88495900
749272052
157441344
73709137
217955930
30248373
776209843
660891777
300951593
899201035
739449549
702845997
211421424
657783607
740491684
936528278
758535617
604503715
774328395
619824515
221108875
218916792
479490915
58362025
920609272
883575837
127694584
175129187
860004354
948288478
423183550
549803854
834102465
470478504
858659110
405905426
517062422
653985340
800412334
588742103
345449294
840517017
381488003
405449514
311343328
851790303
348004278
120463508
396570146
527257637
833579369
248488571
343025708
686184187
891850846
256229272
25385534
755029497
13035205
317688364
617500875
962578448
433945929
524859699
251620155
244699738
424173142
113203796
311193543
846214193
79445017
282159375
150874581
995535612
337752664
571613702
371089250
378391148
12404512
851157123
234374769
452179089
322023014
669196414
990302054
823876828
765891437
885266843
94835510
498825869
840356206
787915512
569830701
959597219
830024262
745235581
145737624
159954361
667683570
703085879
559489583
744859249
641269350
497581328
50466792
795042383
575325558
869723513
328604546
424503017
971128415
272283755
537909672
203802950
735728459
641925432
408131279
214969750
833552702
660491035
160327495
629448477
288130115
5047478
395445282
811900755
401422312
640921793
229875232
717335522
796818850
912991120
920824333
901358643
963843328
105444716
720495020
635594076
829319580
981594036
336564443
553467127
75641705
321924795
755033091
387280611
411559999
577595726
501154883
186075207
190537851
574275135
242446933
552225863
886689659
753377339
618535863
211659492
424185996
328787506
987244193
986437543
698786766
915740039
815579856
884066201
723882863
298360607
395518707
528009846
59531903
452024249
833464122
940579010
759737557
273581201
561094407
799709325
61517619
712670346
81948172
779716651
621873733
907952688
555100236
706756424
689575665
743599810
256909825
179188045
76587734
197750504
474351420
243095264
488811072
161206342
94840232
461798602
989793619
712131767
767594655
558588990
959921169
591276610
980387476
531178302
816951431
600908134
637237599
830204599
746346496
79873653
112357006
607527111
542143181
318411265
18603736
967645595
38443818
16804172
14734363
136271107
616452533
477155735
434953908
713128348
766191109
84183000
652832298
166544640
703820047
179898906
342292043
834268832
513974625
259708820
281484286
424089129
943523580
398008332
186445009
441994884
638030182
485983692
608659909
328891329
495716310
954148105
301427637
615050086
953745000
674011103
52924263
633307048
140037843
129918769
710919115
494012273
804892381
48588278
704627492
979299740
407148471
17385354
786010038
68845750
30189257
745524937
686332248
833849107
38211860
255990599
243591749
433870179
875988554
608440951
893219600
471903382
649515626
148817436
9026423
473481335
509945425
733119094
715497784
422344599
446148980
27296974
452938901
443880628
875337863
657220822
43581622
482129430
543532851
730426000
610542587
698209295
306737917
475012403
355585872
88870819
352375105
180917248
548543258
807364415
281720362
328339218
288715013
180074956
923579467
812912455
697512686
10798682
466924631
516514855
130940998
440007669
700137421
225534001
548046949
242591121
159103271
72597933
330160709
20442825
668576425
293965519
608248061
420530648
621946820
731896487
657788264
524021969
980604979
428413026
585162566
643605306
242213154
277493787
958558410
534369543
587247645
132647868
800375274
512130948
723954548
46240774
163425715
389906098
669522174
326531288
358574927
529859729
36453408
230916110
17798197
733583402
70517046
142328638
640701732
427299782
146951474
486182563
601314490
933088010
844884564
766660884
136083346
447966073
519250405
540227688
106034704
289225288
420866191
638405026
275902092
99987519
833042013
32505693
581249583
951808271
471484898
305609016
659155917
566384236
435811543
527909452
688072880
282532062
229671743
241743192
193954670
597304903
446302615
256741049
270589008
599356030
601146580
267632242
66904818
492537851
287923100
193684658
409094062
932237345
299990621
102027776
66455381
749347498
671858294
736721349
378539613
907232253
500153826
893245265
973880890
923162673
330287029
716502156
321517995
729744701
596175441
862366233
378799364
386257976
778470534
572693161
810340709
336536630
134562786
417390737
92896856
562519797
144078932
136997753
690166380
13784143
722759182
22337967
405962583
658475061
90758538
940822227
549708415
129408754
30846831
705551027
502785425
237531187
301725034
758467043
238207955
142884186
521076363
115721517
658464669
439419627
997405627
606517680
972050354
299392082
505532227
113577796
701355376
32557395
382538963
834723550
435742176
400513575
527482122
162792263
883551306
749931567
836684040
534896598
289727113
120788840
709873201
315329596
659150363
9400036
904166360
805400122
321264614
885765769
568589683
9367602
80589167
723384735
808646480
968445533
101548725
169623945
432662892
82121006
844310249
440259302
719606953
664892277
377478526
745956089
949198157
572048754
229593868
232986495
527542867
737448219
433598327
698947873
440028433
864498323
150953077
395267467
845893177
316036360
254278515
854957887
156688499
892338866
265773385
990836288
339949711
469295438
279896239
73906017
187427314
300439490
29205441
439706821
700041084
840786850
128731
442455657
468933386
42956233
147929540
976434007
41203342
392433204
663328442
184709005
585539591
907657975
929318984
169732601
554568369
912807751
412737608
98825394
573237850
518595061
102886015
22491363
9454141
321839898
712503307
692185233
446898782
550173300
706419221
658341509
681570492
319257739
718769701
938312528
252456411
196712869
104792441
251651011
99935818
635702871
628811580
848176665
838323987
344576987
86975259
156490256
775898482
212346850
283428307
984146709
280356505
368148298
419282714
654367921
562405513
652947489
560907798
475076504
460302966
678148119
7076474
497071601
240861520
32969772
726673566
381033036
185741894
617268752
130744070
913248068
441751164
384109853
341702922
701141543
452018615
464135124
100934043
637144842
935703625
29621781
265944279
168854055
930717033
287274081
42390091
468793326
970295676
357046192
518768054
253367901
855767191
581685729
605861985
727045734
440440659
944405610
434483348
785545937
519768853
510401603
607139874
264538868
684951238
420206244
833670947
518481266
143436543
582179078
233254200
334485092
685331718
512526715
710737552
587110465
507477801
193510133
204739211
563029454
665237619
200180089
266863672
315284572
232899278
581288830
257761803
78492106
658062130
296754377
543756299
679886012
670725866
604126562
835700568
981641903
594437609
327444619
752683992
935210860
383402135
849139355
579544499
481052579
155120027
542042727
912827795
204381768
531527416
307696903
582538018
992999712
810009598
354088384
193939556
831491062
660354722
256241444
838772351
202598866
920614922
603885001
580632267
26908862
625137912
548022839
207284876
78676034
903021301
252578933
802825256
705136641
711836989
7371569
194741242
261367331
320833989
47332366
594420763
676239675
240869878
914221165
424878427
321491252
778451167
269985428
921157947
27011056
57982842
949641739
707998739
929385457
818327416
646021047
867136333
980405530
508137223
710832958
265754826
371995676
293457240
41955835
283572740
708588754
584631690
300931900
730506689
57049795
481723445
673566995
966710320
559382169
749774879
480772838
966762860
807672051
151026529
483649822
905973849
665194702
269937874
205579335
654764255
855714494
679742215
428494057
713417871
36719192
959162575
459247486
207909007
633261140
301994543
520793798
795506839
684100244
885645331
168441809
719950497
937343640
314165428
689002638
994995710
939393473
172119470
535757994
57868258
232080019
494498653
725342963
963034293
773826419
686944239
152634048
879140311
614302527
221999985
78642040
413261922
904236246
306217489
135172719
531653175
80109247
526036927
520561736
861370486
490914266
419525092
377391449
114941875
565856834
952569011
765470806
502869317
751880751
769993164
501723739
820046232
402230235
77840963
27347054
951907641
532941396
870149659
151001603
473840030
11156785
698269286
730567999
974760501
778454467
842448719
974127410
707407404
249395458
634604845
791453096
273804600
116432931
976978897
430563158
551260631
738400958
117357331
204360694
97773883
311383249
106707388
211529346
972620254
455494781
894083583
137477847
257618523
5958090
89755858
857550748
757794689
769632724
900084259
396727850
277591255
783355183
839289655
58188769
169499671
35654968
71751950
936645492
430383946
626363131
94771881
200591428
708316684
316738288
335228001
181607701
367144854
110526948
163742043
66122979
518850305
172618079
670960679
267136273
651119219
556740637
326180484
454916153
859407219
844494343
605018385
100116487
581250109
622006694
93999215
802468097
867652406
655244090
223194548
388474560
252160483
108890401
239349756
795368958
27650308
169229336
749395558
78780287
586490790
876770634
305113551
539717793
253260627
383041400
658595949
245943088
817435488
727636640
662082234
957200822
903566986
875145466
834120742
586453389
449646773
697865061
82193085
309046787
95577012
918913160
574659946
951303401
672142157
34047235
684490903
876142574
230004079
703845991
279940761
65475721
514910123
245426968
160866920
611009746
790840138
635319353
397179556
958068483
663230351
550707643
208510651
802845891
286895982
530284869
438177908
502656688
552630735
35836619
193283524
641235647
190200645
627403711
985477138
334033966
490921908
375151978
24385857
735825281
723782280
456302686
518395682
931248215
879252785
340872273
310858171
836457576
422720724
975273114
166500815
317511007
78266516
486313510
945499076
112542518
337251089
531449448
280375509
302336971
567969867
714626927
788846845
227351314
341018510
213074571
292675329
712449270
34020514
132393976
169151066
763303516
381476386
437357222
886829022
934065664
346998149
749884615
77462907
824220673
419170206
815770266
877140548
935035078
427808932
50883835
137373713
814605898
316175418
976213558
702984947
194390378
264239622
277492692
486587952
626114240
163996045
48135881
829173321
418866880
251612016
889539729
328505569
827219890
436516816
158735315
352619321
59644622
793924411
70929453
565350051
718628940
285244298
893927042
339415051
51486351
410553019
715434675
582043193
360727080
378134481
959033119
399574729
658344381
201299753
541954761
88101233
970801219
685506395
492896355
801163395
549795641
26600608
500548458
348256031
465421554
720139400
496869479
345551124
58878690
214869473
530960059
635741267
116716371
805097080
107627162
852481399
633892863
556740196
462465590
82369573
420345303
124042295
204084037
184799799
142944828
782839760
814731731
828338750
649028789
623368500
536389416
790375882
306067155
510129034
280154472
583062471
367230849
392802890
33356454
665127599
425750412
483097868
363061105
678968727
44863340
441243252
402049532
79951501
528307486
554522358
270938842
898366334
912175667
488893719
458500575
739679735
199131832
548297567
282573093
149211628
956246715
958066576
193970530
504945892
334864197
143429572
216284221
708219274
699662576
588942018
214972636
761576622
51278611
398711745
155987549
281136218
816263326
855519705
355598891
736215396
222770649
690266105
124406795
736980051
105635951
10009123
309781067
394863337
766763628
806813404
648299508
680402689
95947213
750300402
349381091
887324612
14482361
448093624
853413903
423841118
697468449
311273977
17068103
49389075
513302671
3048292
647649422
842139674
509702514
116986111
739359128
244755705
779279338
729884852
853623857
634628591
584467375
727195714
863928052
683722775
129578949
754694821
3863205
549342311
720224560
300459650
766442928
96457224
601572172
253509292
108865495
935998034
840770085
60135122
714104244
887917374
201499400
486119598
12536893
480260781
509257235
366965164
671945212
429559008
462190565
401745489
709388682
663265816
706515288
891383532
797329033
165090206
158086195
871579307
959032422
711001451
224279136
836051814
971601584
311988956
72428448
556083801
640098228
389396397
530001094
498123320
896802396
56894632
453314315
927758373
675675374
293582102
2147854
483217283
142734100
220992777
438847645
7235984
127315984
421881743
103936340
617378914
106720306
22559255
994684946
580832916
79315058
445598455
404223292
893571491
328649937
181113527
351627740
193922926
401166993
515846116
104745102
398679599
431072633
167553821
246526465
899734048
196262968
754298586
811953838
108642747
409986959
336337196
756095116
124471407
145148655
665848899
940464886
217764639
526225102
592423641
97912952
235713986
48775131
926937090
388582673
195290332
544146956
356714702
449842354
338250518
435127450
641855006
190706341
119692956
437599789
595210197
166275915
948073097
614922626
769049460
358625771
180622254
341516174
997021315
296183743
146836030
643549678
389588183
123300272
944427959
939463069
335195378
471403324
340077500
882045908
964172666
182955250
609777745
673638573
894823176
587258641
699444896
11242026
914536267
103351491
567828844
784833818
786139700
512364532
586997958
218473695
110725162
361657064
300657586
709203975
42651667
167561702
120779621
982502654
498620849
785857010
844700426
607697675
503361912
261516723
930411164
103358787
574178124
968012196
109615918
361045542
607389036
243664666
591855504
120358829
19421772
549010534
576813684
151801262
971585120
195911132
707766228
376136213
790087000
497570549
545378144
781074120
829124100
176883161
358153205
933051838
570933856
645031790
985804365
363941104
761594676
201953524
781604066
920106941
144914693
730360069
297997523
31401188
396673324
869308226
820618769
941800382
104649746
268549646
169040600
653658420
706058394
564900428
102092008
84015801
474107312
622155565
371238011
595249191
84057528
239422546
412620769
656009402
63003282
170362836
691867263
373792722
322696095
911393160
296680146
454286635
990523054
163885564
732510862
123405992
331885689
112789494
371358560
186095709
839828612
210852162
902850921
906121129
329801222
378306791
501001183
72743358
859624925
885103231
847151063
937812448
47516822
460716572
346282474
694001498
596503286
170072799
24879955
44775125
984502297
617521058
668436720
644798125
446079361
132085668
753156666
761288448
816360374
715186055
159084373
355127015
781921975
54565554
157551850
465710601
746921600
884299945
168263682
765429589
930445074
749201627
533164960
98495324
939608259
938844918
915257216
534033128
617090255
399752625
517812714
976865205
140355926
62959721
174748623
865741673
374280357
147708889
425045112
903967284
643304948
96699480
341117142
758728090
115122260
155648234
803037864
107582258
463504961
292669419
724199634
769014960
236461879
710897051
878903718
251867514
301101723
546444452
898524721
423198068
239757308
46783258
249744364
900574623
652546997
698149911
204025025
72301931
223481610
560284395
356911241
485405178
978729960
366052382
614913200
985783474
569641523
754628251
621378923
671691325
983345117
403575921
661537119
835412567
703023115
256187156
892046636
78507845
771343440
295708949
877914146
336888168
163525306
411052115
202109780
57288692
611131901
692615249
835459318
801139933
887953600
918968683
311440309
828298369
392865752
178292504
516887181
39440686
464004563
612592755
200868786
444554423
529758666
58363476
78056114
900333441
336075406
321767362
171760727
178152329
251304685
65087899
657175017
797334097
259635116
106194138
477089941
476284394
461868813
435646214
625925349
984578368
562348086
677107686
52661574
687448049
123249183
425723294
855804446
494611545
76322219
117767606
690175432
831806479
938349399
800616524
253839143
30114560
666127310
650346171
91983650
894116668
337747292
236058984
780240174
618601617
554108408
454649367
367786683
37968199
158526969
3440071
414988103
166350773
134440009
297642045
146608889
53041300
989210035
576668598
857749528
221625613
977179623
480018343
415283322
128146312
505461010
354227915
959167779
433453615
708465665
396380925
947845247
461170486
289093893
477410560
552097120
812919429
538298351
361769945
127672309
389408037
604994246
611667828
874670838
808819231
897355232
461668762
98311599
207368971
581955956
760992605
986124688
962632201
835924868
493267523
499093144
367823498
956360551
703960438
191239055
369532690
974162477
896929605
207674442
977713553
515314210
488898152
550618649
790885926
955742746
714014337
526154928
439942928
440359585
418279310
489456346
429812358
434779370
978200497
183768064
423476081
300306997
728647148
613535840
118232878
500342218
838139791
67655279
339488617
453635299
151440711
242631554
556287372
426660836
926966952
963079245
875706608
241588516
181875825
357952424
740407443
784511029
127705552
469361375
131341121
783462727
453960483
961897740
981592850
676764923
501219325
705480689
638879392
203660317
767259519
130763915
871626603
584957398
166805316
123477876
457575878
41618425
340951636
411702309
329177847
268145187
300904112
21247218
415075696
974099728
177540426
506536875
646472255
789438346
318385642
146935523
368081061
2299948
926336486
956282188
2238981
974095744
312310409
402233986
195244434
866128830
902925420
986533640
429879251
127234560
594614478
525186247
550747306
219157693
767716061
46810092
285120944
599724739
910348277
459617115
716742692
636553555
703664721
298068226
299526457
843984292
930199931
13961447
695672471
151639089
587274252
524289909
976695591
521967283
830482264
264269942
566145323
497775095
937524845
404370757
554838333
285779477
466112556
81740440
991231717
466797278
24997335
986926226
570134451
89717132
231793057
118519427
942494356
689539503
185416123
395367999
190855155
886705321
937859473
609617484
759875231
664199382
388464762
793813384
586215370
178521011
709848551
315052019
134542246
118755998
31199729
370466856
138244246
609677983
763702280
859062958
111714339
402434718
849920686
236778096
328352216
978945582
439769047
24213785
887856292
758878381
335539552
452366417
735224946
788122920
884544783
964032316
691960061
119187525
900716457
131774533
171629219
163362231
143394747
548846365
129418039
845541966
49613824
483931183
75725117
580277987
502997065
90104831
322847341
773081277
844979496
200480855
165436644
181767545
586630184
728567968
332616065
703260080
152720814
338848052
549212943
992129979
91339935
32204961
683449348
290242717
563850218
279227239
625223131
930870802
178147056
260180768
606198624
557512420
530133677
476772184
153754726
405062337
832632995
275320034
67022346
664273653
542134797
370948574
386549645
435169975
891056774
463739432
228731450
838408811
624749457
338995656
328018802
346581289
843873947
111861401
903569158
34233218
704608024
563273454
645221757
264851083
603263899
142868665
927933037
982132635
119898901
385639270
52571715
506032709
168372191
636556375
711154062
95418892
102876296
2007854
289255431
40193928
565312194
948452767
207734845
250560685
331531798
371162874
940909558
771612894
295218453
115259558
946402744
84913596
127270220
740817015
197065873
388698832
435092108
676394480
596377747
409282195
286370551
628835374
396248124
4193339
921552676
506236837
140479078
727164043
295565180
389900565
740253949
989715187
728949017
414752920
365995085
5513718
193131780
840238531
711998876
6921027
96484963
182536841
858457143
527107476
860263601
965886971
805601034
186095846
27401260
4920091
54242866
418147895
574157434
403030271
520025230
347380944
802963095
734668501
851675946
472525446
300226922
109786815
788297057
449704818
279146991
659747679
627028757
57083709
484984535
958818371
621858645
523652848
310533066
454136079
823232395
483806133
3045857
778305568
142303161
448061953
767235856
844063736
347407843
417727703
408273997
672367648
289514290
199224101
656828556
774425453
38713480
970146149
578994208
299848797
498826903
120227944
706191648
589834802
296407591
625205390
590544235
498147943
512303812
288601776
449823790
150822483
323157483
819483308
911390563
345899100
275725602
801459618
812337281
75929899
853488185
133444489
761092510
535422033
728103896
426919364
403039192
443626231
491464598
139997372
546224140
187049006
111300160
98608492
971340778
782036321
294752474
437040437
919575854
48154613
632579842
510631045
733347183
981004368
469480336
322846733
899130242
802286784
255517194
612489289
284438958
136456503
662404453
623897704
857207626
992723699
720204661
218750302
909749634
165114467
248941513
129281439
896310636
440305757
566463767
839810997
653771501
967299164
114455559
864857231
39983776
83702199
586091335
647328948
226345743
255704116
325493203
195007838
202115837
18695307
688510464
231969679
214832692
991824588
333963931
52583708
48900237
695081724
374501525
825105777
239513818
702325314
724542125
654456948
374902976
583815807
267432393
840986473
251413394
151456947
514016231
53818406
166364222
7937965
217264559
744999324
7570315
663575673
249515838
874631294
6761134
968537642
38103066
146211387
940158363
715967751
337499607
314281361
68077803
156501854
9645079
152876212
685396845
644920190
893309259
869556377
118627362
883591351
154065842
835998172
419027733
237038526
451958277
745724039
20846069
140586728
106200690
673350656
959203026
719963756
967967656
538927615
390132613
401736920
817307243
326082651
798616943
862485513
349763329
671796293
610975679
283578997
350399327
127743890
359298616
316325771
212947523
366511307
80230350
524567080
365122731
130659672
536560851
543894392
893951454
365554901
620365274
851415909
574384605
603313600
941250767
863082806
497949348
588770678
659187760
422479086
905992923
585051912
743055352
177186050
969195914
69431419
241695002
197333607
776274958
645884555
204018142
808051917
88146393
369680498
391056228
335654448
228249229
968520396
168104938
995355148
431515615
69299732
925673312
593330390
773465821
502629575
675297328
364587034
170071059
841460420
91957582
305199987
316980636
81194978
764195414
202312771
864509878
932136378
841263214
200891464
274182611
452899383
570105278
920288868
640816813
460803574
808492253
560054904
947976928
887172351
172607420
257908831
614565081
853508312
647558267
392896495
2096413
36508491
304718458
522029613
960058653
452596314
736572491
344994471
586156802
554433321
179430004
33096253
212891148
181940520
886423195
57565588
846057451
972643852
211617043
696126819
651400354
394337741
262105135
366459
540586496
868403751
783682333
489288641
876393547
712650073
520074865
789868357
499045152
401125602
861919215
471796480
623989059
570013582
234559425
127455251
831618837
441942818
876309320
410417456
224003710
585917270
748267622
924183475
850911446
406888919
180100162
758886456
216563574
771938567
520125784
565241633
352399017
398581112
429029212
348809238
666528571
935394589
294815023
664677138
407759744
479123836
46640114
610927649
348795829
99323177
226605788
410695459
996697034
259418286
479956638
125497016
15648972
939359691
349207738
331870540
714479433
210855627
402999624
738290568
559425435
460252916
499458225
585509650
908985489
727418794
938372498
624863030
929710481
446778433
748850124
256684040
912438862
282940328
904210707
225265966
714283497
324753127
231903884
362169060
574282584
426149083
698005788
295261766
366523138
822804078
829968645
925456296
766829117
149598003
655704905
748734159
715373135
825651752
453208684
158245560
540753380
393909070
506044476
822040942
965187253
925236150
482992357
174669277
811059641
969525198
845582430
801264343
870606037
864799026
188180295
51361660
351747046
528470346
345426186
185127682
843380760
690279756
191820360
842384010
448667545
891198479
793761512
511836654
975260053
8468368
482032363
229912461
131949263
907391405
330455804
970766844
801225395
763249844
32840097
204337928
45909479
380604644
103568788
571549850
871844301
863710700
990939760
424606741
953041046
968590403
352561782
27104461
570159803
368772295
565618553
269401819
8731337
240165942
355977191
444721339
705636590
496318214
603169363
402122875
524267079
35025598
469267682
858736789
734501810
600289405
718557796
904427062
491891965
351200553
934379138
944518143
634167184
109799647
523966425
336791077
979490816
920284010
764721692
116565198
643776844
801542295
484047536
279901932
199946764
666787729
559033564
96346205
930548267
703653038
521836144
799896112
881977458
896272986
485310541
23538320
305572877
294850559
649518503
379587606
686359231
757029778
726578774
909475120
681613948
239581104
370159150
66488437
418149655
282152183
888309690
469941578
350385595
118276283
778717279
208341763
628130485
355115891
398770436
377856879
867269311
393481752
717264728
155693429
359174138
987058279
76405361
43942109
423339219
341575279
407795064
948390860
485498516
917867798
379883859
339677426
655566312
360480429
324638777
398327012
59538026
106689644
156258799
41462564
819179454
102352582
913921508
900643367
342802012
474593410
271838943
558736716
76533186
576688343
803772302
85649945
139905016
71327650
499649165
926330744
128288652
480122877
178234195
196889957
605752331
183884965
14426827
247635837
734185732
242295053
687232778
990644764
612446218
461383830
604583432
616238092
799595360
260862355
546410596
707543696
897094268
958245576
688488158
787320852
563528019
698820592
610460928
992716097
787044362
602699053
234464286
216584576
429877699
245756154
675841308
653685057
540306713
122677039
238315136
415192474
534714619
896307037
644706042
111180862
508686773
412175326
522638051
809984896
81722087
303661452
647421812
705395850
732263613
700561885
582451604
448886350
787212475
715508
126241358
247366059
7997614
517283700
116480267
314548935
587751860
740187425
194151081
55216286
814204023
64866432
86162779
529128674
819946346
962904649
377060116
165935277
163269383
881462318
357996132
441388854
225677352
741690650
662380266
115388582
424380796
32783136
288218087
377095720
393967163
348916522
760700011
106157481
644242282
619435762
765576076
919995952
136296834
221775151
811256271
679377870
125930986
291137482
978499667
889247903
537142529
942546596
580850343
950916589
498861178
875547092
571720538
644139631
477576230
283355998
122696165
954636554
728837023
822549990
105986017
34713119
402064162
197429042
645163904
859278318
936426338
6531465
129387456
936743842
855564829
984980572
167521768
521256663
500258543
228261127
682583980
596366993
8490726
443731558
453950176
493590361
949230289
302904459
172078619
271599398
925265911
597666914
348547328
486656304
141112923
677072272
215295591
978010107
319444173
653801154
291197629
467226183
427865641
350549030
310414080
863512507
329446132
817583270
94943784
618264694
761802378
696926552
772537843
29522107
207627139
321336055
844057291
262272286
328061998
77209484
835513897
541628532
47695180
239635820
644843134
618868538
223171723
430328370
781111898
312646763
779963202
337992578
746056611
273390924
250707679
190797501
446611291
620978143
481430882
68669874
745477672
735090762
785308853
691421208
28168983
526025433
186590293
58491388
329337923
821547468
67395962
61597397
300701671
99867444
450677760
785386082
374618971
92237611
120171134
511515558
779527438
339664771
739157423
703091410
45234743
948481169
651865271
428953097
217387138
690760139
395214406
583312680
17982306
401362185
255727362
409073380
307755817
653685755
877401280
634652031
163846076
457076253
169336058
145848984
604080688
436655238
257283583
107365547
823975875
282583057
218536180
560206321
195459659
700502035
449568810
692419932
393755385
265358631
388297108
988961303
949977046
908140970
133284849
71321348
611850530
845248021
21247887
391982214
527685872
362976162
498142052
895028091
576065062
250392231
378288515
691522329
153839671
276755657
76138206
484367407
776969214
872067068
364987270
782452902
159508495
72672129
38164858
82722998
66911791
980913109
66518934
342906261
411895049
565838827
787919235
758633194
712228044
718734440
807897898
163924401
687666687
562980380
283806545
176652105
111038137
369412120
26772395
880355687
392236120
212130164
921899866
452983772
769409479
604684058
159273097
773740139
286633627
784557231
172587597
166925519
839755018
226431631
190312204
470194759
50636979
191640126
630991885
235798799
593231722
144341726
705268537
177074872
493209689
959966661
20089418
962540245
405784318
891287866
897210203
818066888
174370310
361576375
299445273
261178634
16438930
178205518
768307283
121520289
375415597
345940213
168380405
826579330
684928535
85566791
392610714
3160094
753912827
964786427
537782147
635332578
470625390
665999982
614444564
455903069
537318316
471015750
320181678
207393056
948608379
915202465
264107263
903923109
324187567
849044682
416286614
655690906
352617942
52867835
197287821
936780214
878300014
874280876
285897129
669259224
225659478
966696985
894178450
442181290
362126842
759841018
210431321
471600947
699482480
50535140
329280108
132806255
932925764
390609966
190841019
102045409
386443670
524972625
811917869
761384535
740407437
656055391
927507226
558636479
819431830
139074975
978729325
543911019
8298823
612786258
429708579
646727191
962839850
936800238
306834089
324554384
528240974
48634815
340033013
498602112
607294193
531435508
292963809
858471780
156340730
186245244
336755339
729006032
947210940
191978945
874278847
970680624
976396404
216082610
50032940
832250330
201254127
17145763
218754209
22733807
749463309
162651228
772137260
298362435
464785031
111472013
936562213
867227675
99368269
666750143
484953142
919457476
916438943
672305275
571497301
680185729
854899335
619010141
311859097
211923699
504359014
877960093
213702903
508157791
668817703
577863767
169908660
518592801
321273321
500619219
723185146
614163579
546767228
117677647
303670740
624497756
651578050
412856210
2839701
936220727
740662566
386482127
825804899
438216643
684438441
273068265
208792910
927537857
45633507
111163720
401990155
902297870
107445296
682398318
360014453
789946237
837730003
94053278
437090484
314182414
160206901
36800973
921954891
510410098
836473921
213241318
577118990
651003871
766501786
665668760
208484278
39269965
129988417
337239237
635300562
375811826
270267529
336892732
475421434
359493867
757203908
387536023
703738713
849443228
490072590
823402831
893243356
283902421
368573469
776852631
878011236
185687677
292990252
600071591
363505971
18124316
725980868
965692207
615240239
880759597
480815096
136344565
497370112
596680059
512649412
783949465
638069479
59757305
391297256
654037550
498057189
987346223
97969577
245512157
183261515
492500819
588471263
243753913
334217166
220292246
408285937
947413437
916648533
761156162
709343497
946209221
746858821
369526274
399350577
717773907
442303173
226883394
678190803
979030914
398209633
649628679
274029762
146388578
161545341
792579490
897858252
510698170
143477883
918767993
956523944
380963637
601218769
39664782
129433204
613592632
867859933
563692686
862540940
612084975
259351259
727677153
842051265
733710124
461204341
382924751
941236406
877128729
652917084
457028772
101013370
553266496
70858881
865179840
578072661
859007594
517130918
675207494
667778418
127606549
803510096
711160042
896452721
400126356
714017999
264289658
9021966
964838983
212951509
645354223
769231008
13395197
129388101
349229626
759339842
293216145
990524881
447873024
754650745
65103383
269349275
838009230
41723501
72114246
664943209
367378254
756504431
352547744
95328959
422938709
501519116
542950449
17560882
210349639
21228974
270706506
680142372
485791268
886829296
242544793
176664375
180532319
966295274
184101901
325596094
849030808
5532724
273107013
238358198
592592733
748867156
974763416
893830137
18861309
776468415
599915080
322840291
14426098
45898243
679958743
732708541
529130128
532744255
792566938
96518640
984284660
231446626
673251822
846902010
780843004
557654730
378627388
717773349
686840188
709737568
15156132
790035077
870614532
692758692
486744177
100731937
568824933
91191280
924684796
866809298
967904707
807611572
309881975
497313982
362505021
830249678
634847930
593050847
207005183
360567505
553496694
422466633
329781717
214442544
830090856
174672378
807023951
750468523
284922887
151343050
748197345
474550494
619965782
521243789
581611784
172903388
424355435
442334927
3316944
692644721
177551295
587494670
681836805
608759270
983712100
124107059
529283659
537591880
792777251
761471419
453930502
742400217
329987801
442453216
894372362
324472992
312070002
794279203
651357771
333690100
566668570
452419419
298420057
120347157
8914076
389618959
821626781
868845667
799312804
937805154
160091764
393055417
650545960
359495184
851337343
164508751
344477758
1877305
446412499
338424551
218792805
920296724
342128211
671340119
499234687
159504691
351730749
44784171
23538304
153845291
803082739
921961831
99553574
269599348
453848722
156220478
161407540
147488422
432797086
478997169
812723358
688207291
396679437
713505005
236014279
402735574
342167434
373625491
269489221
821297601
471502643
694312071
534366573
4430028
27531729
643947869
592758921
612622825
893229184
257662263
545768854
163314784
388229168
613615352
316058271
344984966
264949556
267657787
980356061
428961000
326901155
532566264
744248395
227745089
29317041
888803505
620093485
401386797
756090776
623190939
196923415
184035980
348279523
526493512
558399291
450166864
642432150
922404040
301973697
147884129
424091274
612468151
206615472
62726051
477793565
109615831
478347510
137835705
258559110
753538147
314857557
553828762
294238890
394555924
681262659
484063664
638829756
448580
757580941
33625201
297136700
228906100
333695888
789944142
815801035
474953168
166406210
267530105
105328291
257323573
256020296
950327914
606691484
92664667
693703341
690091575
972743627
389637045
647672917
226435556
493802159
588829223
881410648
838729562
230504862
388541904
264161573
292269392
194125305
617148951
551147837
981394350
123041919
133216801
42811620
540022015
898325091
402424060
515748025
74841299
803825856
528886119
78012951
921280046
176097748
312116791
432611902
777153181
722853157
810360628
256495366
620045498
154445912
483460118
1727060
523154568
795821207
527333110
762036478
933248967
397647548
22319712
118666454
984145233
314936307
502812625
716397851
104224945
451460943
297877332
88899985
638286712
12262732
389897239
909597422
16772459
330149638
465848998
115547898
56815013
50268698
636526000
192463861
650670395
886559520
594524917
686947341
139600491
970517050
795965898
776867663
797901451
299363091
222430747
227387086
590539525
789737783
311832344
101315304
720875098
103160427
510733116
50720302
375997930
249262559
615997307
63281505
603775247
747762869
746916088
354123653
195228780
807226426
216296732
760087222
937560561
462364342
224033704
741657942
870480304
856311057
65988497
640314083
189784783
43993678
719748429
965409218
705362949
347166954
1660979
647421241
879786581
915457705
128433206
772893101
816487383
287661324
706775184
780909111
40960114
122585486
157320537
582349471
924950837
722948519
300688096
445747725
57549209
476333882
783612617
495920832
1862492
557366932
151356788
739734257
122972611
336199111
204192591
513820352
86390286
205950201
816535989
595669061
759567806
647130142
585175126
560418559
173601427
146131623
755960047
827817063
712997522
550157472
197340729
867238666
196963575
336483843
251188051
439714537
929835053
707884349
17203987
705825674
910885304
659591518
47879001
75598914
676067083
423776772
664072689
239462156
941449602
430716845
85519990
986468467
725804396
497210266
996511680
994364184
301514974
380632008
90522066
342112800
899694946
701069856
271515187
551434293
109855187
28056682
265407670
44682724
47731845
306207923
254825676
624460923
935168328
83000426
486288904
335664069
267261264
242951146
877601738
695417002
144430901
607623461
527685984
685409719
686669713
292239928
649324463
617708604
156024338
792231591
362927522
314938022
520268312
164560356
96161820
514530408
150225148
105236242
212667368
671366734
239225588
507651475
605405646
116609639
238946861
361911260
106866600
731870744
750402397
766864122
360187535
554052029
866609439
32968835
339694376
497459276
31144313
933069311
493761496
967168549
112709829
152694456
624974262
685921656
994397895
338863377
834371539
434019268
10643656
343791718
651904004
806275045
213337644
311476707
584917162
817228638
14473096
927712605
883386999
84684609
761482633
721638619
678080462
916762357
236401969
814014952
141087990
54926258
977431348
734665136
401507652
712621466
25832775
815788479
798494370
357657414
984608317
543439636
263711706
569034131
103754292
596498327
547990679
331652005
844705634
789162513
900311446
906360020
71582981
106269971
214645989
928306590
178572595
464919721
127454231
247286585
463048793
361938021
39068698
222625429
869475503
833410312
613195140
7945040
620207489
820030894
277155029
170991893
127921155
59482169
773894764
589925269
108451753
120042538
195052216
542047999
440912267
21135240
757037366
51521559
552396606
508607779
797824398
110066231
159617040
99638580
448158693
434792249
367532597
603173395
289330141
31915850
553342519
778375470
698638876
212487417
699631166
416668605
673504943
140084474
855532629
579973531
346244045
645110204
852271218
259480312
405666512
833123527
323646530
887215026
913435231
139959686
167805774
263055269
750252111
97082113
182551026
940320007
898340111
690827439
923872960
520918460
531043100
404961198
450969627
368159026
944691859
989958005
276243415
614334673
82086474
841315481
264756528
709448590
675301595
127962100
960103402
209043008
408694160
783197230
298659292
565825644
260299410
577665978
648293380
121288945
98924104
657878164
903266186
669926614
81518678
532838487
10568492
766835983
311244175
496831881
809544887
519726028
65113530
824269473
904806176
921183005
438727794
785832376
521179473
364135710
55335272
616106239
687191120
350536038
985973084
878718939
585231203
904494831
9905664
608132174
59234821
572515802
613013616
65936855
89462702
265496013
146782066
551170645
871480179
236676594
53647316
919219075
844021801
524961324
559638054
379944554
860369473
493773322
366727230
164148282
941708607
554816744
82845848
135509568
411289259
159406830
287464530
947574385
277599988
808825178
800261431
376188747
74596116
957970491
203789429
521530004
827069782
378276162
17713430
538399653
509699648
743601099
26891739
768852732
34462458
945168629
879314650
922072744
190952949
660545561
907109303
852830372
569698
981238067
972879517
305100451
764112423
328448658
118433621
790434144
965242964
609030382
55442904
759303445
969873175
633540145
99614703
171727845
238104780
86873440
864195936
248167721
170387065
437756912
459723576
279331305
851908049
373794594
585290663
691367285
211977683
788851300
434794985
440091035
709888083
783542949
243529144
692882034
428410591
393576715
820423324
493282693
316619248
419053449
599279410
174721421
683438969
80966989
480365685
368093587
677064467
831821099
568211742
164592725
317901823
908721113
530862703
68083037
563878852
729179475
733232208
441504996
18777975
957651188
587201972
422203295
14549548
902241269
901683607
48876933
571060543
940537075
971163087
789902264
767134704
148354008
106430862
210572688
291776343
380447970
410329717
911873994
272471762
88668236
72688576
654802225
724587348
495531346
469528319
497561395
572553517
354159425
190898927
642868039
848540695
698157735
887160785
433020465
783694308
81899666
699994821
28992699
97792476
175765883
570655992
844847818
669859026
844357285
392030179
141013499
465995794
604140274
514256274
370825994
46101348
832700608
607089060
599715504
183477620
234542545
777137551
541070064
545886814
115294775
308320783
787045258
723731553
578649797
830538299
960812381
129142608
789399670
366357225
775178477
842588934
371022717
492052565
617641853
397698816
19788130
461196901
358685787
505412499
688919932
1940077
9089415
685272170
395670508
78762041
65878075
23638570
754690073
401809630
333563649
330222104
10582074
284001425
22957171
752794552
237849613
534648710
29544662
528048645
528731274
52335350
916705628
31984725
609016405
399514988
926463691
331151355
817432776
296663684
208254469
485063601
542368418
304508481
341699887
380754954
621732728
240446362
724993404
854294158
571886033
458747657
378047497
322419295
250762165
584836402
612577051
353570595
772234015
495218601
702398139
165750799
394095297
750603103
648406290
630895135
222650444
117238048
291129324
767396422
666806651
699100754
752998273
360054166
959060627
605358484
897303410
260936936
592898747
91739913
764110300
291379683
874281870
583487622
152012321
473959942
888388413
738637758
208926870
761678173
3607775
530296579
251021938
192196333
146420986
16056184
944001376
411482014
40754050
713823516
276769081
341036791
658538924
731863854
847114652
395969094
694638286
627013553
606812981
54019577
183680970
64030407
440718234
821736018
449632824
338575975
539811189
526051210
519743620
90709888
651539747
754690575
303769300
560233073
46129076
587131145
392197607
879303794
924073416
363206258
489130537
592360939
93307074
285446150
645016791
214538351
804008820
995973845
292726561
369000826
843342688
175194845
307947393
818851478
887264670
401734352
420906133
394406112
281649655
643979897
588570784
295512285
861502509
437393981
622373360
780639627
686797676
837902415
39004529
710542749
479871814
10507743
574631679
257502936
883709183
923919270
122994510
475351994
293979515
857413104
743126947
638812828
859532560
767319796
507734873
361720306
883562350
288494095
935339068
478625820
979656971
571507145
417799673
413139526
438689587
226204456
833092132
905834265
621510534
610069960
956599580
822845951
318157285
278808886
758756725
55451781
213346237
58807649
126735730
972304863
48882117
50053731
672966518
381355583
55778073
748180889
685527219
518380637
944840122
473641157
137898879
183778398
229388233
771234828
406934073
957168001
872351306
176021646
945497420
82701063
258621932
291142607
403626849
35512599
759341685
156651867
361407182
93249040
360568489
86839027
603265423
506549251
942823121
606097007
939801494
900434867
904219364
486310792
877183312
667658111
640168945
231914273
363977941
440201056
87781101
464654274
607200693
432959518
804922588
924457460
611250762
671182421
638494150
136698339
18840785
705639555
367011520
970967098
779537549
713191778
116062537
553870974
195627427
61217123
503565852
28841712
479949259
768859509
155747466
16870559
777044108
151880700
807890265
416677924
782147593
71592088
482029416
74142165
285888721
663291908
96990544
186964083
514044874
928067659
622619795
890081588
211314289
217354798
418763709
726843796
242111156
909086388
727882622
680081051
570387434
378880592
17860937
748009017
791549453
262594246
887747255
417597415
263266926
764356447
195192564
346322297
687183136
988432978
416931168
874197598
332055352
878986995
497349137
81640504
285604964
196157466
111770382
773985993
408237261
861535898
296101449
186072109
253483076
88546150
553935703
560492680
996683823
718704417
852304566
8684962
967892977
583169353
112869835
625380144
165298431
43490490
745878447
30674016
910705409
633971855
998074473
3943472
810017212
737760715
872903723
871128279
995484555
417130486
803065718
788356706
231230042
551386559
710946989
880049524
189986475
224812871
228591266
147735272
767576193
672223479
905999594
471029319
357641563
382012799
757523836
214588478
996264604
92714788
850830566
196770619
333460373
439114924
834439895
470188304
530532999
651347871
678002333
822218039
159273897
449859410
432631451
76855100
316559386
981677261
105814190
515034442
935436869
169089569
967495908
771385533
516606738
586313310
790227233
332490675
906447428
445036567
353109953
682108572
901065578
310068399
394767027
49425269
427879443
731880809
51630568
746833828
210622832
5214953
200182445
58000352
82035595
876233282
400524821
203808852
278889595
515134055
965432938
51912394
490311951
166944956
513429029
676589207
191542070
542024591
422912823
345225451
280977759
511351508
849747259
891604402
892642649
47536420
941774209
938312946
498676739
153344648
396736311
186054442
990457027
711448229
756219624
900463688
269196807
935470991
567641746
58898877
893448909
843197918
336120020
661948809
303834893
983864017
149530914
33167405
148005092
897612529
343709388
951093534
715211972
667468201
22115484
365120800
310088634
713606224
701050692
967374526
93403701
51716303
499180128
714014143
741567993
886090172
254500391
406351778
611275474
371964467
39266501
659416308
796472657
937779020
371541908
891207541
39089742
780779261
184984370
839695312
577742353
574170253
669725305
629641985
513793225
733454835
761024017
275993051
848248542
788976802
871445280
992864273
754641462
405209688
679426211
962949141
79275847
420947183
654166725
959409222
88190661
677103276
639489292
69676501
167564895
226570050
205029618
607373784
933493382
539031675
223693335
161939909
687849971
904565556
845386880
614725428
546218875
733159021
27296395
172189456
786488411
473889150
639866513
943802463
460607696
45708126
861556841
67874729
239375459
773913793
601723622
312955782
360537884
802577949
825850490
98869236
553356378
337364734
484552699
499333640
747457209
928705450
23922355
11839202
345401574
538976032
708588185
409222110
437399058
914031253
964973299
886945814
931948885
752400284
397777803
81352193
478459129
594228321
978852722
402440412
977018968
660477333
661288586
676237243
259089631
434512000
127359968
9504430
798149980
284845811
781677119
124255501
685743473
285370594
584425392
358737961
977518119
634145875
836244471
510130914
630225948
13010121
434115737
289895573
307242310
910656091
195042001
353708259
754946422
121936228
823592707
531065589
96774881
926123709
720643263
922187131
697764613
967429435
836864262
745800075
873612169
113162013
594888067
95114488
335463476
98037565
554528533
446625581
46847540
247731913
220183974
295918322
265593414
680082949
952301955
592772432
363110019
864843222
135383128
711319510
52001303
134962498
765638347
711472315
532151490
33689011
951936905
853685079
32305484
356274954
193993001
857616358
274530217
706161568
740004530
510972773
83734040
834919775
979585597
957397334
561507577
808835644
466128043
425713062
382783591
141148348
164356862
95720763
795678867
707784065
473180103
932530480
328555911
888361885
665526136
458891574
96896838
871206027
177490766
143144245
384812305
615823643
295805348
812653235
561598473
415780841
780287181
562113750
6889313
527038602
573489808
703361751
194408985
541536705
783092219
327247812
482076328
222496333
381785884
45404633
127002873
629627065
242014035
436252512
403175469
342261253
155522767
122912441
702851002
997918810
937224651
107491122
297498768
438402915
977554659
954074992
224764941
431018839
15353217
167101568
931197959
280602772
212890122
166783113
325927606
365769878
716208602
479243857
202807315
727442627
788725442
301353453
246373074
106876434
717218975
348858058
518715536
99255120
884535231
112498681
556278305
245395692
411259810
445136642
316986721
80225040
705328900
31176981
282315255
25732204
395952170
495311602
738901245
503992703
692762979
147896777
126771453
410317092
177155425
359452508
368459474
124946290
38176308
655053704
361678070
735567666
332814459
859252889
765442951
393641461
382466960
506086591
397579663
598907586
318416810
354052963
933455920
990391736
786384060
751094141
579900063
333019584
370490548
307282250
375929642
632959533
541304919
342877000
585795423
547028917
818604864
370525575
327600680
104370972
934074151
592728800
99137574
512435288
850506595
810519810
567540380
539698977
586761309
958692399
327160628
361739786
949866910
579593916
59131238
648764424
85642198
956266601
991866123
528865217
484316624
774567221
138605645
649117411
722428125
60106758
743248942
330064682
241349008
118544563
255599640
765267480
236695732
9702870
761714101
862438774
514670307
53793693
919627003
733935118
34729678
160531395
650990288
357153301
978070160
498841606
380151696
325145278
491068522
527600588
671786559
799408727
819530841
692446979
407908976
822556427
188301191
179270532
381440285
250111689
298026991
377655270
96423828
550489041
879834880
641286340
450657231
462202283
687136251
449544880
12167102
766653474
814081361
189830766
292593529
189349289
341984439
123195912
662838067
41792847
494198546
978928854
560090913
496790450
303688797
269599530
411712811
39163197
179832170
991578214
165521059
741757674
510556059
569375164
193636673
479628763
975148422
393903206
649940204
605389204
228516081
738771664
561419954
779525002
740423539
306074808
866478768
954355680
708635729
982988176
65728357
808214628
446367612
731606918
476208813
439162794
72058038
138178713
517289978
261816088
155348869
876722308
203765553
56640718
577569612
112126489
617263901
15434593
663859647
648328079
25290571
61660147
676283560
48623889
304748892
715884888
769943507
943455160
394313975
104624714
206394159
346031024
166137854
68017654
408816779
600258191
922656086
230714680
48503287
338649932
575504771
617960329
620985698
686896284
74065302
198217379
61690282
965179627
993402684
660354458
331272924
556135852
83357359
561138657
412295463
35856193
563526757
824751173
112838894
77896675
683381890
56624349
908643316
292224172
201695715
302261525
169695982
494557984
957466322
81939257
15741500
644122943
14268690
685577942
371962901
863416191
78711972
365869872
147554091
301313200
680191502
23760981
262343332
665382703
318913896
709580929
176395540
739281167
853841182
296522950
718427435
52920320
4492789
549086481
168856290
788485709
313258128
903240134
615432969
848063794
71312878
710867669
389671430
298238293
762699394
511819164
894430893
909345379
56192539
21685780
870445847
594606994
476641726
398821752
815200964
599765984
865811059
416474543
732441167
574452372
651154906
401332476
771349278
238177149
773074317
339213877
453055694
443336878
232443358
26371931
888930475
105877395
665555344
854541393
717899980
326233773
300931102
136778179
43239780
236991940
439644338
93517597
673685568
113705649
955764474
24239194
605480743
356219484
812280990
282343979
568856069
108894545
304777028
483032116
9335755
642527486
577160750
969117171
506920235
64929699
379327299
963420081
578908769
806309908
750283349
556845819
933949151
841228848
121103292
445181253
412117808
287489285
567629197
345546415
539519144
626069120
838325424
990889927
187170860
251283165
510093946
621894919
606415469
328967233
812629630
406183792
80725408
222246132
326649740
189260
373328587
113219691
170078006
902896766
516318510
277339614
358517031
613955892
126576276
268803818
449538272
950205051
806352603
234866704
479035849
803718234
448879294
317031588
38078559
848862406
682427237
984530775
57884778
769110914
963795527
815702168
948510579
39299001
663376207
499310256
380314466
39501821
630080966
930810449
834518922
582861817
268209823
949474244
293204192
317933529
572984436
346474558
804115270
128042647
751011401
663663282
188786262
826044747
48703948
458733435
828473729
166973814
613973919
67839205
254517464
334508087
230280171
533633895
594771601
303155631
945399327
822075260
812438893
163437075
609331766
257934238
24177089
255877661
648980024
829641685
364381802
351901992
85801877
37356136
478618545
708438560
7022342
778015192
745889870
661418973
681755319
586506010
875554018
249196768
248187076
389910711
322927832
394434618
423837838
776742262
348631359
99388716
726287798
372080602
819459028
802016445
536812661
360458486
123493482
535688523
659817790
959030718
214430789
829761934
440304014
578414359
948923098
559469562
559932191
706046972
279139023
511976768
966134327
810258557
842181101
638858955
351802998
824412297
393344130
426650094
615866475
917388421
327180190
229893400
851993839
986308287
646766672
696246686
437052727
789299660
153615862
790145228
71205561
695979129
176200103
793723515
53332414
146193491
883891443
56136144
619798302
975664014
86492062
830497999
527165548
792364217
302863788
902279266
189649537
213228959
360396209
411932245
327979106
385689127
23802780
154568285
416801417
149942097
305619162
191724735
552378792
504008806
862895164
270635138
712519148
398296235
494137227
736029944
804663451
769071683
667629056
133972311
666754237
933901687
367277299
177138702
745019060
875446735
524401975
993753907
986212212
32097438
380923728
901825913
582910864
725782395
500023604
928422512
223361368
93883049
188187419
750187091
141841784
194588958
605878642
900429963
762127210
696263945
159508445
657971108
285826094
41674917
982264806
258274816
435969350
68842839
883924881
313083885
842365051
550231584
985704965
746681678
639941208
905972585
173209336
464486268
68888225
197653089
808197879
262110777
447424266
478256946
915526487
246187938
628789501
475216179
100581720
368835606
324360488
779064453
374957358
986758399
558286711
652954938
778305631
545627502
534864106
748626196
17741865
688345947
260458907
624565716
608989624
892768070
275566155
777067044
550089602
787122308
740743808
927337232
237291346
503613566
968079083
863307451
813804444
796878396
801586910
876276097
914542609
709524955
633087578
476137895
793205214
979852085
876142659
989604162
766108076
451443916
584657344
813115236
599021381
527564303
781746139
786185996
343604358
590132700
432904464
624425613
730425542
645000202
367171878
487450911
576625587
806615905
863190434
58871151
145186937
294056564
193780956
996596115
960374588
433652965
169869947
1438449
964727534
769983189
256951331
449002396
735157360
125149233
363558711
535418372
93793859
572634906
198932488
788875761
501058310
979550783
754567225
814666189
401155726
186166555
61908043
158949960
54261638
332388012
260940192
305466641
34855479
642056798
15317181
626260525
650893027
208551718
136688256
182103868
966504440
881554651
392034637
768916775
430877390
731862953
531286758
471593998
555629424
653357602
851823852
400803422
923408884
59735539
268356878
777746929
370514748
591505571
840595991
245611276
214199360
530757150
5787499
199791141
33061994
252066338
799917069
330303552
790069396
536241230
243384585
432342904
942653663
390825765
9173743
917818077
260008640
438944665
227694925
30964522
407924099
86815410
842533768
62322878
658171385
150321740
156076855
882513152
474747201
582816843
912716837
206662132
562270420
125585235
698094036
427974762
36798746
343232505
684607812
326007054
871749577
861571703
432635025
171251765
494518294
825562724
546635329
126006998
83213634
198769965
926100019
101538948
860707495
331705158
147277458
584728530
870650832
913861930
310792946
409019795
444233322
604367485
817401838
697270640
734420888
583027630
449483202
533815516
267030320
710223940
976032624
504760435
763968351
771332891
78411412
987217141
719554662
881433376
184503722
379651503
314853549
563479490
230282606
951596533
28330299
109852124
479289185
312927022
471542105
465260811
394805610
101607834
691992767
195795795
767514420
708439082
701961914
83526202
418743989
405962263
628892514
291911189
339989479
233682678
380522969
381613990
954919208
904029415
935241922
570263864
841339415
119110823
643176471
669899878
964640020
351719281
18849413
378273067
136823020
591771844
54820381
390255026
232816828
375202270
880825859
281897261
843516516
16489284
115660804
665287655
493139336
149707213
377846061
537330913
16315885
838604629
948133884
445216066
478520966
85713251
760232850
696058871
767790154
251714129
354842796
982340349
746446268
293557506
995518917
706416860
184024957
382568315
349333443
107504848
122878585
263034124
550532172
583577157
521366919
174979254
338049322
90251679
375985516
335467175
185599405
67191129
905874590
56717423
938279968
702199302
478192258
349555533
71471311
415740109
940487936
32939819
585163336
474924468
404852862
326378534
223651993
748435920
346035813
947838908
202858457
645665762
440694609
820288437
607994297
522716388
228056974
445480666
713075084
478850284
938605272
540993418
575779046
46721092
934776988
626646757
983273362
858281795
302938699
706042656
164239877
687843151
682579200
123082232
723500659
738824143
686108405
234300992
380321906
350492157
133587318
821477932
572010657
366601164
764575835
193581914
114007745
951030701
738432674
359116036
134429984
940264934
739362450
561347922
220168623
649083495
96856432
445540410
658544612
735539349
696651854
131631996
158081781
258098011
828033718
665826901
551117805
918422221
908084620
508306365
234141489
785974112
531815236
721785535
889878658
553198985
245324315
828131952
77283779
473554553
102059640
158625890
544844074
292064029
583116117
268160192
236147485
113990573
817593217
358945077
168746447
689060812
569497840
832665582
310787597
86852112
522880243
907558654
440324204
246999793
857813810
430981044
110897996
187692232
353444774
357379067
836856731
399347001
772609762
626526716
703984244
342260850
985113437
307396840
897666907
375285297
344370064
76854364
173580549
770098176
601165194
882541586
556617722
299967425
754498962
237107583
514313424
72286563
970919466
967544106
831619699
480974003
162905393
254095275
561619372
811466520
474864557
514850043
395089479
356838336
866669971
639400468
917379638
796928894
921065266
621753305
224663161
568008218
86754155
733575317
105990469
173297742
588615591
219631579
888466075
751930085
896166807
217768004
587644236
342895255
897699453
383872822
26195238
701097101
799123067
514426078
189820834
254107799
972668979
511197348
710203078
745743198
324976858
241662948
581246751
650167933
975170830
111144920
539506376
615515319
8066094
690170553
925398515
113724578
839836290
144416732
928674928
852503557
4944176
592300777
312532673
229039038
890469887
836927723
772635991
940613530
383589521
126635699
738866606
924489410
814316565
739959949
536581425
209057910
883135291
982340192
96239114
750551016
166924444
356314285
235643603
601843168
978526402
385118007
783149701
807373513
8911414
256963545
800643903
573829415
167288093
975384127
580458779
783926860
791937647
387890616
549333539
499251132
849852279
891303603
952370498
926209459
352144752
864124235
217155581
207796483
306232631
307507100
670231214
954678318
672086774
476938930
556911391
509659488
764135858
941405419
723917814
944706116
647492044
495953371
168732565
738291132
411333307
26604280
22053272
313925531
120102806
973819134
834429766
759022129
801537974
281872872
29658381
473901913
521300439
654503424
300879742
962246858
119621235
38312195
839167135
763154043
338221127
484636904
44908919
273539
15161320
9576560
48697889
105876440
964204434
100482982
653788589
209236070
120108551
124402860
616272890
893168144
8346055
777819537
369825156
840588743
764734776
914393478
916634151
118220709
722969317
663477966
968444133
278130377
873509120
745788457
993449236
548404742
947138886
186584544
616006338
940446723
594697698
987554641
53926831
936839097
498672735
953890281
104945092
966987718
441253439
993268325
427936808
607546644
185962032
136671945
434281747
19034908
148495751
594449014
921497265
19882838
638643548
35773740
127942524
697237794
113531330
439172821
926241125
188107543
43276353
829249082
683602814
217711327
828003776
657103179
566074556
12006610
242293720
851422425
296930421
380559730
968054054
862258146
104733412
359885045
843758226
206236531
704151133
123020082
154137881
979927814
359021740
940869995
447371425
213964890
914011980
940036589
679218742
804225644
883518375
748928849
879118078
380969146
159794984
81146294
768160
694391809
210978855
775818940
906617715
852302082
639179143
476882062
210701604
26984875
650852438
723552320
93007837
734965296
305834917
949782033
455303249
141024427
707959132
636334384
789728156
790498121
704168773
923588129
790254053
89039936
16764860
336986116
805711222
148057234
347095282
639488489
751048776
524515584
800267000
74072631
619152691
102611216
676154638
963578088
129085717
405115528
983664428
545338004
139482938
984623854
684525678
620035051
648641642
209627295
360109271
997803881
491342977
357463768
359730103
395935348
730117983
302541695
311003418
746799468
516010870
12951469
915402529
903044879
543397276
772418827
296453546
729883573
690369792
619218238
551326467
559140825
967872864
983539146
782664505
451797984
891383065
643598385
262641730
97246695
846883782
886533994
143782201
745338441
75082214
308820074
979030237
270437815
804127135
872512673
913341618
246575492
94458331
841216525
945420851
936663274
352776940
275298447
920875358
620337286
246443539
767076915
82377635
421660611
500999708
289625117
437355117
495168365
239616089
185379870
995946564
154183935
360732764
910328289
723459026
530815254
859616792
210630617
613807010
2371780
331818511
69844780
848500274
176361910
692256796
74178804
754570096
26497569
950701463
338029995
915352241
334297338
415312300
304165625
224907986
232185085
249178162
327282104
812570540
689110785
633170388
153501238
948225858
930442839
589915134
538598183
922009165
483109488
211210608
972511754
9425230
422035177
747685685
635505223
245136149
141423278
328862747
339149954
283241113
555009928
654697584
529357925
286532395
830471688
949099014
837759710
782439361
122080410
248837867
166238192
486324744
112875813
486396950
955155411
351861473
64263315
1503781
409759352
137495456
493757177
74459367
20681629
628361464
159615637
509230063
723882570
92624054
370151496
743403367
134971452
451073871
34600014
648297527
837057028
83067945
261416495
815793054
429046858
274728861
984280173
859313853
275077973
841904051
217584153
569106596
672295106
634795765
619598498
357105092
431901900
855352721
87387342
165679762
254864948
43705820
322254801
557094800
412174277
711327743
219094005
453776081
428737737
153366384
261225425
75369081
692058417
238091225
713835628
177796018
466589656
713691391
148877585
323836059
749142320
806262972
596208705
616739077
23032746
989130403
933807867
250255394
381248403
307719610
158648779
57726757
826400880
924367434
360049093
196474171
815386958
863907589
611693477
133200641
74262485
536241143
452076995
568808677
651745103
962614090
406544351
402431707
896082223
303229116
790199107
406364539
914423368
118461987
658528447
190365907
436336087
149767398
656536675
466709515
953963999
317274806
140090042
77913594
598546036
944033828
103558362
734430955
503249860
769132040
871980970
946670387
915491561
730925958
603501954
767905924
386047023
989076139
899547664
373847890
436639568
691270430
207230986
396931931
637990006
97783600
912692035
483256256
131697656
224958780
799283902
264585748
400211825
40566528
53225971
357932730
382362431
807004424
813769871
324794419
914559709
129964222
880847986
791062388
29338145
908775671
905377314
497829000
566474684
513628492
602218565
320126769
98750139
221262558
300211667
943171278
863292690
226913477
120986554
467290052
81918704
916457284
451645996
755942728
437548875
660790891
690156304
854207512
279978894
880114406
180579984
772051102
428514816
598195445
941701807
830694753
42019790
45884931
233930097
240017577
199642888
719587498
136714717
41998719
4963844
382473465
194957655
149615662
928857191
356539077
879785174
131418831
663499282
299568990
787575574
878007687
884918927
703510024
253968595
717150368
718771365
280006155
77281280
746899180
810117720
804721681
856298158
789352923
373329556
935153518
916795500
77344841
803138129
723797107
762312514
709533705
951401490
356206374
664348861
957432487
402012295
659648225
990571417
434799046
82765047
399809145
826611720
130707335
770791642
427221667
113915538
393253951
211251439
362934722
512045790
474042431
552860658
261864307
593308358
392590393
87059900
493425441
809187152
612623087
911572176
651242395
381714117
720378104
279512633
395890927
878119578
215063270
341829712
381435880
882712651
92405596
50696426
650624854
819317788
143915722
800381037
349977220
958100546
48968175
12937321
116817457
543115604
25902784
147536234
795954400
438852174
870039052
157003931
839971252
121302754
499240743
742451136
74163375
496579935
876924308
996682739
860651285
418733362
102635297
648759644
529421060
731462728
943413890
704928595
848865568
860684159
86923593
422350579
757850302
570458284
654501655
711954538
195872536
92258075
726832589
564527595
343681455
766985808
623492548
121633553
646317956
340354060
195274089
55880410
603981970
202230642
889386678
203560930
940928743
655500674
5846092
464478118
669646000
716609667
258206277
585091704
440079317
205793246
452690529
633984699
504191152
388048443
810107276
446774168
174973509
844203635
129280375
343740681
394013020
499473512
507742548
55444286
533208632
872263094
672492819
391618636
323198627
538287844
428481393
617151214
988012002
19938579
496837907
677712104
841649543
557337182
523541927
906355945
714692627
580387692
718616763
7798208
604376916
106408449
384122531
563182931
674602172
522206318
91850175
712116771
109946249
581730328
696517402
290935336
829962078
955730150
787305307
897086919
247408859
693208098
224042080
462727093
875419802
889514273
365704074
387241072
471419436
272861060
693243006
899514904
735459895
837871279
831963106
251912450
484894506
537258808
311231408
629032736
364128556
184374866
713577958
275638295
527239863
814402455
574887393
410006820
506019650
570307468
173987951
588582176
48498329
491621314
650910439
589882682
411763551
98433741
722310906
645656852
535500722
599552747
660562398
461301683
882499135
467236682
565577692
940667842
475471515
788276770
937897395
841623830
821536218
766553669
658164529
492372531
380406522
535659129
478533661
296287206
868060020
871110315
121111434
369253089
902022657
524815489
878936763
886735036
278160696
695011653
623018412
104567091
293933094
81247374
900050075
772355320
935003713
973624031
605051307
554153777
912433717
574384504
950121158
805733900
39158523
305881221
7726116
411546740
877401100
761465614
2782076
739542921
574695018
170353269
808031856
76011794
401128425
284459757
962713813
903922873
48270732
984878589
413473375
799844347
207547855
209826495
895735964
396131137
63597463
266725649
37940755
690948333
574581764
832896659
754951207
719184315
410600181
970991557
565732504
188620153
20191923
311629337
691854961
414734544
451239937
189780793
635655768
499586059
183269388
312740505
728265528
961907901
634303829
507369
352235432
52944607
264893977
193740569
983787459
26007476
830030636
863046024
731650504
762943494
902578467
641458131
752992345
74396288
411009501
871003382
636390892
20845791
514994006
722770788
393627422
726987767
563504264
823699866
454287322
449153527
947660156
314375607
807763589
596097977
112670346
186686892
241752762
827571181
975190423
781612666
984814662
707723547
336949294
872605339
604308212
834348710
282677876
872814526
389076078
803794737
74646525
280558763
706012048
834591355
469714041
988483611
285033746
511413775
838026858
691330854
429316652
838190956
270849468
528801905
229517447
214128941
156343063
356606275
749327652
299113998
175609938
273660466
494894928
640405264
432570867
231016970
441377487
9446550
512731976
938287517
484802576
988101770
947489348
173052715
197745875
574656476
907635914
876503557
174217323
829958071
941301734
306948648
791926506
635866940
260609713
173237312
338083570
885269885
172545411
761854655
381605594
919526322
906942779
371236141
765465376
459748065
4475489
274551573
693176774
694150480
399817230
700724157
877082344
684509355
774043730
326881152
849238179
310754990
454280135
657919364
448231979
428426492
853661442
225761515
512063528
767363054
681489400
432224275
13283769
769472983
94394509
121732824
750086086
542796300
93459289
301363634
47975395
882171279
767086491
168347984
543483533
346661222
94647713
801537614
895710851
535662173
520437796
875538456
106125701
969486524
694382260
171785250
824871311
745552127
180727800
847929909
615048115
398772222
739080973
546913516
876580746
987282915
889141318
954306207
42264572
783061704
996030783
859441269
308264141
579419889
134197529
614992387
62737360
356236672
986844448
122207247
100537375
91278799
745267503
583727514
284374375
387815789
426708415
637411809
161772205
518940160
816051435
829772150
842351636
538006389
4931196
341890772
8082258
544029118
942987499
328060988
349524529
139515880
571027947
97889830
329759074
413325285
968310635
556609426
42223821
319899511
747683092
110234481
406883641
794306563
221333336
781814519
832302981
839736714
218540952
697377054
582382115
251494187
186152125
837040276
807558695
614693424
369894895
502640000
440166902
246739096
336151801
170841013
203276648
8484840
96443022
437254235
561344935
34679113
396534264
584057111
176673353
962723954
387114682
262674708
605200300
926207216
412820471
424315071
462897299
504533189
642110608
361486005
127852583
447210689
145530688
395844036
679161726
729699464
316012822
461463323
599080418
878152437
811377535
131549658
248566269
673092042
712199629
267051956
292605659
484756463
301856164
346459105
679103754
371371206
691144361
426005822
713506666
511509181
126745429
459424302
352688571
361556937
668273193
480156858
318755570
900509433
842884438
740458641
290359780
633140099
997425870
977141611
584177346
364179882
199548187
824181948
635919560
497746541
238140874
876870847
831857509
843150694
877079848
237218783
766969529
623577754
781616647
439933060
890318510
447352171
461668993
471550655
985199919
963516669
709899961
231992416
307701550
651702881
607308576
230112295
35753614
391833750
63100037
121399390
843196787
499716820
78715179
291791071
893352683
315028605
278073212
159851233
566941069
617340679
797612340
482680986
709226895
141364337
923144654
177273758
36164825
231502017
624872806
564405995
700921630
235430556
797758164
22760645
400564359
519497561
421374638
498048353
355359088
5492792
955210712
263101141
660414122
2696050
85075675
191245703
929422317
752838989
676277715
339853368
474656785
889092704
141849391
371394885
913201760
698765775
636211882
640640905
68831955
564156326
516613759
880440170
9902912
994185378
164252100
884784303
256870276
414331029
335428411
51214101
754953080
291550746
123282254
63013165
563675982
730903237
28948970
369072314
482240115
875499916
471556303
44326923
663030972
101344488
212578094
893391665
175442597
700313363
589833286
384724075
737795714
743294318
651501723
731653528
129370063
71444985
318980811
768827359
237317192
213154523
274569478
961178363
4409096
249063392
93512949
606828751
937475524
34607559
346311703
699644370
325984540
446516087
762109861
250354357
345005593
201035864
378360399
196768523
625768963
169182285
769608532
183478054
309898579
738316030
315410601
955757850
844875552
320716739
574086852
622259958
732183156
739433671
52249552
810995624
127830077
701222852
452670683
424158099
927981489
97697030
121528725
660160261
893500398
65038769
62318684
841491917
865677055
826964007
957226198
489763515
582303760
382874339
483723448
648583919
994247057
659194143
501217052
403807649
764818116
931673677
448708837
235858272
241054104
8317285
275605248
975456171
459938992
234502370
390683542
206474312
447950039
908707629
280592062
935840384
873188354
663889231
757058815
84408128
405643090
818404203
53956847
335471523
786400260
510456149
389523196
811800060
105200325
518641265
336460278
61817606
243784507
940268968
897823671
491371652
272047548
261953321
912346925
558356166
559960873
984259660
675225848
49806087
776236265
280821085
417712385
631217258
717722686
222260408
513031010
199664720
535810905
972793571
172018278
948264056
898192281
569566551
692426929
834608341
850564400
149541342
108411435
780621289
418689939
524747819
154651359
67051788
461677846
516557562
817570184
807584780
479510286
928109256
79692278
684539055
626865172
332475180
11942456
428284205
606906008
663833478
930871363
527792297
790067504
124155917
757057384
359326712
151030362
534453512
650894806
283301862
325883935
158504876
445620778
906514254
794493298
348255879
156851427
708096517
62429455
291127992
945710227
429061469
184733761
137221510
241780506
230319297
489271388
660857124
308260025
614563758
761263217
533629628
662356252
19393395
139074807
817968275
958522521
960550875
969635211
325235542
182993609
310079845
702250165
452398657
345438500
931132535
474953034
250856047
961552751
112980239
961027292
826910625
618258078
963304412
586915546
433188508
874873809
185726151
74062095
116855764
17783414
286883517
946406863
6382199
33445234
618872123
686717872
603395126
184779159
131752338
7248132
119475087
936639468
191121294
160600139
98794101
520170084
351523021
813548136
428452683
729984743
886828557
134657433
177432526
951057009
614575410
349495791
116685135
465026995
925592234
106071690
498723775
29760418
858008758
577728867
531218973
784725710
21979816
947741780
660586677
352864781
298222736
654917881
189218283
911547195
895630628
779500484
787300999
642810634
168071998
849432530
349359281
241189471
748484601
217642257
134143183
767937402
92692450
758318116
451794627
885660196
687060902
182660356
533698811
881925817
371802471
423522498
565088117
54843559
297293386
59905911
6112271
16699768
485267883
855793252
134159414
933169307
124969690
895484708
68463599
487811576
96903595
360924060
949288000
997814767
392692687
781489563
524538535
828750416
362284850
568699111
48441192
811028447
349157714
484832374
451696110
684030580
624784916
204380213
804128250
785886671
55039517
794541188
305778734
893498902
640993232
536474284
361932040
440792773
480874137
430733378
204054097
770683095
878901529
368845828
724746455
320398429
285839485
543726784
248594613
35373489
826135206
128352491
582571997
348101399
118515265
660573738
172761466
831088178
474007828
227254427
231012307
914843216
720687509
512240971
982271540
731636188
135025501
888835762
285939297
638549637
346857071
71338107
946139052
558870153
965590649
627757117
368750554
696516159
563012674
108616266
755896833
636387830
647038644
200019845
491423395
664310814
677721091
601403893
77899000
361643253
169060108
313313728
515813805
596894457
930810679
988631922
179188634
607131604
757111203
952938874
793725462
573044959
834872998
260656079
129915216
352062027
548634885
500988878
642353852
354782209
397213615
939976913
422872312
119223326
776845268
139728104
782119961
193166081
182475663
930134068
723945909
594503511
529197926
690603370
890324975
534281448
605326812
319363141
35535326
853635195
72462539
629303821
58994747
695125235
384108537
797947516
938546477
908090140
643415152
693967744
420973802
117700577
436603983
532328565
108622592
921028008
471532172
907502091
377484668
65660482
521198269
428950850
880112674
90610958
707072399
244869932
416884193
441122684
158643499
453221572
725073837
730233018
500985636
964131375
668650543
427288618
197218486
257001971
423883256
244792830
640269344
906040697
306567673
861591877
75188844
626621600
403082431
920681871
720803975
696936477
552906122
803486291
703237330
20852044
655426721
477278273
963449371
348097282
461204580
692620866
136660411
751787655
485744351
19557460
383501836
973663326
202438040
298768530
979508223
130506821
13658975
45382653
700553043
418264409
732030374
678744509
943283883
188249289
850494251
47227570
577263222
646043999
411997460
453604842
208472778
206542130
668329394
309441323
762441819
809273166
620937640
547069557
189181833
919771829
427745144
244770294
654371684
403723358
329588933
173356126
288110685
564461834
417724786
444982061
495889448
285698989
828652358
148596198
52437776
883654227
153473011
730819751
935032669
551497981
347548076
912244059
936693999
202028853
545977867
833848957
854828327
419063108
552052117
641906200
351892820
803225449
191787184
266872494
40401400
835995074
479076404
180994497
690375771
948277321
685408718
854644427
635229486
300847494
134221885
332174302
236563321
841060270
97224614
271636226
923049464
603817453
141794098
554731026
222765316
96828621
938761058
870307472
862351125
115673190
292918145
170337008
737948316
118811222
750701794
50293971
682699697
560166546
278458941
664559037
667927577
768473997
516995803
798138143
892934912
887092748
954116091
282764340
279314932
788183523
15451190
490026345
559913530
320263647
558405268
658124803
154372994
312972495
308842286
519848527
318089937
700677041
151319647
479348038
346376588
786540221
217697964
673982243
282105649
720608254
422352997
66930615
416233056
177135007
415311173
415668243
741875711
643744296
720578405
524268160
228935006
925452364
228737936
662381724
969186633
464573616
740618777
896447558
982610161
458952231
624619610
204996949
552358674
603202232
361648240
979758613
22729025
468242475
826438281
321290824
774489674
330095032
211964572
503572152
492198299
719261637
623888518
685484590
148361442
563510365
94080841
237202165
815267376
805758375
336160724
511662620
95743273
774997854
688309063
357494728
783337028
537514137
801019812
812760481
865293717
809885855
339814024
291334629
830884675
942172359
18157768
235618579
771696449
875224611
113502718
774894367
437165616
618173836
342013160
699783149
955575941
844768081
877356929
963532256
137002118
940318057
810962439
646523077
441076483
691232287
436617507
468227814
334344882
566246538
29798358
744329159
571504875
804416249
428997062
755564125
892482281
835032127
367459760
545171809
857905068
882661272
974752902
582626998
240160176
638474547
371040129
571037791
642096884
96774076
768437920
16576707
281778457
320423205
572273544
652600420
35626888
205073968
408423457
951010726
559274919
172540447
986935272
88471021
911775343
930011562
127408324
847372303
958609497
372423844
752205196
522225004
730515616
514767187
678357498
842713971
785414571
364621331
511017246
30645578
978577818
266644011
737287579
953880999
619500005
478200125
252608428
234060876
60010524
464389884
163151139
64305265
482603541
803828374
670856131
844043683
927830438
509923594
613616133
54863289
582585913
726548963
648253512
559942322
95320219
508846773
985338493
290031824
499610622
692073543
563086172
195173655
483508831
544061805
901118905
111774353
315271132
354582887
719658251
816014574
377636156
997845835
109766172
603277821
680817757
766295531
295372827
547933868
376388742
604207969
296114896
700395998
430346209
231240837
798447950
396332046
405842675
184514102
647015185
650136663
285339149
279976752
249040760
927397946
450839475
388690367
411255569
757667609
778143621
641872501
603171843
612521905
573590567
783306189
595289364
835791895
850473010
925281537
205168375
167690831
988497852
736315935
156377268
303560355
779435344
702636520
466202443
260235234
422837707
958242358
168989274
27067801
540770390
885759459
521660115
716071750
551674426
238359486
809689863
981173280
733698774
674132765
302169481
878701864
547134716
144441022
529344205
636631762
939136743
747533846
941104797
181759512
825050263
247765437
410064611
441172466
620297768
56104615
601713797
920344279
663872610
334184982
540164069
278521716
133625
909012855
34727316
4629218
224647290
693541418
240712999
544972574
242775953
273408592
716541272
295175889
469192994
951018369
421490446
939476057
279632431
488808350
648653925
658961937
195982406
882672015
50941986
149413252
292717961
222181135
852589383
394759765
497557382
933047230
557272758
353891678
464369326
413344448
363858301
788901100
297500038
914740129
233022125
975090398
318996350
436072016
733317808
484335934
599465278
787296515
951612064
384685401
291116125
78839037
346540287
576363139
43831253
91913247
490655265
732708571
832514647
755579760
915142544
892114469
353564875
167011190
258034548
374846096
543802215
310637898
338415592
3121262
712071219
40382318
844202093
857876834
595934036
522687176
306590079
274651805
112215201
443344006
939640557
840458806
175935599
890331138
340008647
7358628
861699902
105474489
717488336
855015803
800300891
942469104
217945235
353740581
768124703
927995995
710269600
404653467
417839393
240542241
189236171
73308201
789732745
94780421
480183791
826003771
389669161
971050842
333458374
580078519
743169814
38506767
685743134
92860524
71884940
582494587
525815249
19753786
584180475
364722936
370323550
171464747
50242670
697345142
809701828
379993969
738009955
843914636
994258596
632232934
33291208
629153625
333520472
823309688
384035811
330309130
267583084
837137036
500154450
601463464
913866468
728691503
766672384
744850741
156382034
558415326
42600580
501438300
147037234
886177932
356229098
302860279
981822666
498229458
928829969
467756017
525353698
207524597
107768845
474643785
654896863
685068126
739025278
64787999
132322871
782176757
251313614
283337141
30762680
369374806
764300558
614172638
289515621
663393364
198832185
27791256
75654036
68614745
521635201
288720287
721044421
982602494
403760861
30230047
454938899
463989949
930828726
537717725
58429026
158604008
372360730
605205323
381392422
873408055
428709060
555824798
787619599
129897027
951707791
111556962
334819973
401874047
785962775
80253306
206411545
641729511
915372676
37409928
463554576
88781335
43594816
850104922
731030440
631983424
78793241
824279512
687795982
171646143
793274304
134595536
291217034
439166426
579251614
818859807
16298406
425711179
717535029
210267835
926516706
401693210
390172148
581795291
789850450
102567315
804282638
727768710
636532607
757517139
957197029
281424840
188688590
884279988
790191420
293998599
682751664
134683187
944506233
86775809
101940427
978951134
21532183
237889196
293865472
384211261
931126437
4252568
210822733
249995881
407184781
435208074
322247030
356049967
566815772
811085773
592007091
899266670
691209426
80886473
740462022
144904235
958093382
691062154
569776219
117523368
365255236
875741694
453280810
687802701
988803317
416096634
564300607
680755009
696897556
750079077
56413577
256454266
306094374
810555238
426847497
137620312
458207128
609535643
720001963
69202459
520832184
828346075
419797232
900071831
467810788
14288092
732874998
45109044
930659162
725946395
657825656
833198182
116001905
557261825
913673999
984013815
601296654
458376839
54432242
498720259
720195779
886777959
881915221
984471478
45612160
505303103
438619791
620137778
650043858
508539759
808266818
737338062
90690279
873917714
792316886
218582621
548806358
926758028
786130840
767163233
258286654
887589955
271116785
79066383
572262264
91323458
974533511
419671568
532098330
163448351
57641141
854340155
697370514
43037132
906556720
201922228
597133885
607372712
941722677
830011888
658825638
930648556
844603502
739227511
785158115
981048086
319191587
135147587
145713117
978443770
724463522
91350826
862831435
80640422
362944593
627529083
935139683
808741459
949095834
969559327
215770599
978289813
783637718
630442294
438914591
995538836
901253336
75271461
599288598
249320974
586496453
888744491
266781547
460663159
662373146
216282993
373845905
117680405
375454696
199422723
401359878
886440062
398159137
331191786
412487351
787194588
647711985
492244103
241344968
995706255
294065183
198445136
624787337
431362317
365631075
434195274
655402946
972754412
610148686
292963098
497275485
415748916
895446456
935606079
122692777
433886832
679173927
208063763
236410074
34897556
536405177
518736202
406782360
502374436
221661835
136531903
652093774
644039068
722142494
253463667
99568690
734492659
83151227
219756385
461786210
958998450
527744236
272762188
903224056
820509009
536729121
190133913
403402077
274664817
374330242
399459316
245568758
270479236
178096533
127325843
121399757
733283406
715475381
432915548
57159382
869443835
379978729
865817582
932350614
452234550
316888213
517826273
349058788
123934279
71692124
934019162
754162401
126665706
249228683
343584567
50077511
640307395
263014659
589191173
735410940
930263759
851240585
38526488
69980276
727750107
60889897
225260230
165249714
156357465
785679631
146025557
746903727
532913496
357475269
676249475
366125323
661621274
600603050
720525045
648665304
497241997
148594253
333115211
466475018
956409155
473993461
695820495
983433010
332581917
515751519
985865303
208339568
789321132
289345017
772150048
542347517
670112110
412883608
211933249
75522026
949037264
43433806
711854281
956187609
341352705
291039329
310536175
734398746
234646398
125118715
543777424
769837673
680694324
668361772
353025602
568046594
656751019
617138317
916190213
195757562
23038999
268558095
537645474
788380378
618357243
316329546
855442594
191393004
724180354
850937683
988955872
996969023
925265798
101432503
537660006
948368926
710511392
237348449
296693112
280911097
130820426
987793356
935538323
712342061
848220184
401507862
250909093
394356374
16564027
638664728
906388009
15523211
182318740
127043865
934920401
911053551
300345311
369837061
311049847
879363502
953336264
55692812
537721324
527857407
920755717
510841258
856661912
142448894
459621540
656013360
250489506
448980132
334530259
86902757
144369038
658492432
651929108
907813821
967248602
49884310
783181751
445697119
11158903
5757133
751129986
346474671
484469078
688968796
97964129
790291410
462235039
562095461
134554823
704315074
967377475
137066020
263488508
577045031
552309801
995731999
346145299
14160340
606606834
753228443
928634393
495657004
640148662
542953950
911235928
837360166
844862909
511931307
412539264
805805403
655577549
168544844
838883301
494266537
470603394
22312612
695348826
341273072
822057629
239233932
558208503
549057989
406495982
931368448
171606480
735701686
22976132
318767117
356234103
554631275
81126486
823463379
941401958
567504098
417801888
878321495
325202301
682395460
117714817
920163942
726057289
565318407
416960565
627866962
39713337
448094560
690744823
391897380
625183975
295368557
76074874
911612846
246917671
720685237
352277333
361509064
101123311
993451884
190714926
504618692
993588151
374717716
925105086
399074214
787848501
860219868
760632647
235883963
917682465
932113247
18765245
180317746
740983723
248586789
358217812
394597612
654394477
737681152
939091107
538696444
529826770
640798400
306882927
994212691
746755477
204926431
577476180
636265020
679263409
340543983
688113916
700084900
787799992
77387991
355907987
688375089
546805636
673060582
621111035
32219410
205963176
956734942
142223958
703384177
617259348
639289414
176184126
523926404
785788951
359854308
762916048
8781902
492825868
754496334
555238293
411019873
514190868
870448313
127238455
734971905
51074425
226335345
914458808
152738663
621616583
940548161
506206384
203401759
188255430
337843719
27612100
248406812
298631294
462547995
611240670
576153108
724471006
301659891
330426831
373525708
239074691
272976297
307302396
943454639
556594769
895567935
404336192
557975615
525955844
857685228
506806642
231955666
60064707
98452715
85747561
813949411
725694665
627638846
628948885
413551350
406002401
308951070
189325649
904228263
475371027
555040312
608681397
252557725
327108470
783723685
551410949
565451567
612634527
695225410
128970576
496193661
340332340
542833056
907082665
912237871
928070480
693486081
6373617
619100071
857682517
273699894
63608876
228825466
688166611
365290511
30389780
117770702
899804761
772993179
349956876
40050620
519130173
390395317
651346576
758717107
64402818
358075300
598212830
539012450
433374097
772024932
388927666
252600574
332971174
892936912
780483645
357857881
142536027
778888997
114126478
948080426
91628035
849552238
424512107
51065102
34092969
599746467
310434916
262918956
107763341
486042193
258459981
174786227
64514749
696955573
115004057
422424977
554163078
591234194
723457767
581173821
865427229
849741097
612651057
268285242
303714787
789948871
119288239
25699069
89483754
879244408
894988356
758737288
745135759
258777780
202655238
944259203
349643501
108215236
1576113
253230262
639534907
812912085
653725290
917278617
318995208
171596328
879362033
960169964
375644264
610458590
683603113
835619925
265400932
502172800
462773863
880176338
8209166
898527555
841242647
382901768
63209008
600285652
69862639
374117271
997375974
247098940
214966925
72256261
278076938
964489587
173826902
884961427
800570407
711570921
240721188
73448491
99385986
505746186
518982565
38751096
694592409
443371060
198231284
4548974
158701826
224401661
10646828
435273237
892155460
305706201
111695760
508202035
977921485
225905452
959951378
384056264
274930382
350457265
222744776
911708495
326917517
192516914
252637089
858033704
386009567
518534647
539682256
289341363
427983111
810433743
530608755
822637847
974485486
814360733
83759196
122628156
41530818
690532599
759257296
471354264
809913521
302294676
691868515
84194594
822524165
868937008
326789943
85215983
257304800
66212379
655365506
240920549
708182394
555065086
145236497
689222485
851293779
878424617
643477077
156160848
497251976
168203971
39123888
51698499
598559403
962587808
917246821
930968862
357786648
732808136
854010131
980644761
341105516
575409952
955273059
806804782
901615842
29494512
306955925
291084769
592112951
566280064
469698297
83497334
628313761
345026772
270706460
845502071
270001714
126168805
791583446
203682745
412834782
191888676
17780336
351078657
201698333
36528656
682828374
469201201
435654035
917099623
9803256
289468459
300753407
665288851
130693631
974796763
980793191
907451395
684632071
266402770
41833666
955260934
842044602
805835015
566561095
458401501
150850090
626301106
211672545
455383580
558210441
728684778
325320542
331149637
215623461
392546696
445816125
851040900
869913790
468989222
486381913
305320228
171564476
19275962
724514245
536466540
860980397
639847572
346608479
416966618
519673701
238959151
631420940
900826321
666287898
865657060
915309828
677279681
164698866
133514847
916518451
444816544
387390092
473058224
912396475
361563570
462398587
63922005
403288913
461138611
402048059
858523665
509203577
487829161
614997577
455122497
980549781
437104473
378335013
693158527
605899134
984016568
131409070
861262806
773224756
774944612
284790545
445859790
399078706
471128196
740845017
218605920
148328928
774393288
668852291
70370332
15876890
512163686
307281057
296274
872278991
283744096
135304613
262765557
916678025
258906907
597808969
758308242
251126389
911468068
299458106
304940210
662917404
33937869
529425266
984905572
847962381
461417860
738749504
569377650
152751201
22106391
192288400
205983048
596309155
756515348
280014918
639196626
317921775
414289631
920558053
692718355
854903400
277202773
496102391
541960303
383075312
213095885
384828859
217466039
406188203
722946253
90089234
922283209
259422066
801632266
53639878
936920303
828313045
103055216
308651011
916989914
517639610
18641734
86346059
430728477
954957262
675626398
867157945
850259288
309263228
168397063
460228277
840002903
790129013
585729219
127538986
538076060
74542407
389893290
509214864
139522040
681659654
409967279
482839017
741484963
499235942
101294303
128913076
641422099
464087736
762490089
916974844
516718748
380996596
425994202
959498518
983003535
990502843
2024248
825621446
33712032
819227673
172671875
758134671
980707059
83672698
87254273
469947191
706164655
476388129
191555142
265005393
233044483
550897648
736405541
72376627
332734302
920524195
126723028
283443952
181972031
587693455
430492086
997973949
238210050
623662944
450440534
263687016
316452573
192139388
766949207
660465230
983496014
808117414
839921865
459290162
851284755
116881495
823459956
734670590
670277021
537755306
676864440
284063889
166988505
791110948
827434511
770500153
832531649
219992942
167843958
655844466
291071228
54745370
155644019
360941402
937083961
983174301
500160949
124262305
439509698
874927521
85598926
914033471
226643751
354251923
524475388
788236662
915570442
417758249
467000414
491111236
389239056
120762802
410431556
961846918
229136584
6550660
150640476
83959594
717441197
640323253
890718652
154442880
562236997
410501016
963694317
686343947
347798616
869720418
702142540
884343660
894339353
53882538
253795425
734633922
129149594
670286970
996157165
39489778
942412955
912464800
591296085
793160750
530668650
270075207
994596602
568887806
860661276
819486103
486178828
674549764
463864519
135311967
742456553
646071511
287298972
406752048
550633485
503214305
258538817
592663720
427131008
530566988
16211911
660415528
302375738
937724464
936975662
980620647
600024077
130143543
705455147
206041107
25469481
515203818
531153619
966752582
914520473
314419469
184291792
745292901
602419471
480610629
961851545
212424716
152348766
94246808
470069388
295454721
748968200
812820193
63365887
700412327
898400813
40970362
940173150
480428528
567890460
304674719
807206404
27314889
490674488
124658195
915965573
957700119
802514187
515298583
235316663
949977117
345337473
104363017
789179322
273916944
253529097
478412301
411834230
56849659
89464058
110646979
428169588
580638097
968214298
245806078
580831522
858826660
799868555
147489765
805941728
45714530
626693732
69317853
170135628
173811736
816075468
798160340
575645970
92586256
690052120
972430180
658399460
426895798
554101145
148746602
543860788
286796761
189779492
462515494
941712688
831354903
962560095
972612504
862222509
605509894
151986019
952880130
569736509
14244533
354415864
564382245
620643293
262212252
771928414
998191720
472462813
179519891
318520873
654255829
959739453
778019519
246348166
43688192
831100565
134575715
254271146
356648967
934670133
64692407
203302358
105651929
133601972
524613707
791895241
953520062
703554807
636829024
649719558
189544395
822524777
801357600
799888186
133380360
414371421
582450542
337409831
990330190
394209610
146674413
150091354
767385956
489573175
656486961
533699923
276037001
41244558
210836696
631995103
556939379
28999500
148071188
195701513
805493639
978625564
87785993
381365619
484654488
233486258
133528753
874472595
74951793
548757486
889518602
274535200
143373499
485795790
264860606
106980677
218956070
943063141
555192250
679271719
915952804
475016940
478122801
206294729
590398626
589643363
445266718
828046778
276058698
764683500
947823927
982254343
796549674
100715606
247883544
740195661
635922293
135895844
529489181
772504680
517732218
478395073
512093928
420804104
369885468
143111137
303717091
61447758
922166396
379055129
758314321
95676398
173333456
866251415
575525767
166991346
76460767
840403384
319926623
148308241
698010352
972372100
414133196
260677021
170444359
262370939
842802523
263354329
947254453
161133176
37249101
49079413
759262871
564113618
720396909
744121999
971791139
214095947
312507323
503247863
689952502
279648940
630756705
98750885
846974379
270376356
525502060
555143564
828608831
210449008
486304003
677193765
950798399
969158200
582232561
384618908
695298958
986609086
936529244
298120739
275446944
210265884
753551650
835291155
234580214
153370654
23760864
394816156
11824447
384497034
990423627
548965078
542599897
494419029
501924992
899952221
609844298
884912019
405953571
49319050
665880907
784119176
186552786
256693592
651234068
223634250
590919789
655369524
79386656
551642702
956438830
50556298
710303425
888455033
968063866
384534449
915661693
67844197
280547781
409013619
223986630
843218213
110680306
196600049
89676276
925496258
112450841
797965972
762511416
180657004
211063767
138698196
31635558
751308209
57304078
916817733
829930691
901199155
793573719
645104863
723353153
862826946
288625784
428213984
692024023
92430055
347412822
651905666
533607902
783479328
385892524
539830922
521544589
892586129
702035548
740651748
220950972
502243186
718734568
789479312
14972153
129460116
513795115
148795421
88356005
420779297
433005762
131825995
924911994
729474161
684906750
154284553
715803595
513841811
266298107
426325983
709234385
805153669
884848743
721651408
325188515
672842768
119788809
913727028
174850805
110726758
415516727
555048638
393237688
555563440
982615900
736487384
15504380
277850715
524519329
838406258
224931850
252340695
754915509
385231694
812719089
927057694
804491135
120174874
152903361
222043178
512868289
317140229
977856484
46205672
654060769
928541397
974020915
863620285
378107777
400239459
797050619
69309448
405631448
671641540
676128133
904688346
424335629
212495021
237853345
76991057
505013
809950574
227850215
443443808
29958497
55078148
395814227
969780265
57196979
655817489
471337655
971909939
887979084
601225361
672715675
218813470
454027924
512220711
221761652
867537503
496644978
173486184
586813162
551061335
472780424
900197710
974945242
84242611
801821617
954910336
80115990
628412913
803589929
33113052
960222016
760046838
612090590
527194347
369156859
180679824
464522241
719069773
244767130
546072284
475733461
771079757
743911380
791952666
415737306
741682054
119415048
785298467
781547788
208622618
891658239
258829159
483322987
821963848
846053436
467509867
332620430
141822915
679834272
562873157
702217691
391118988
224472562
926343610
286711521
181062129
457104240
139879540
917515860
656799448
898392188
512217077
149519943
459865489
63564166
399021484
811715990
757130617
560833998
146042631
458263755
721586459
653225254
867462121
39245633
776737390
787816583
866559675
470673023
225538566
110976720
811534189
100783951
591769538
155197047
54575612
767322094
154584716
850501937
423123808
538725270
374515723
274751238
481852272
143267986
950159804
514528638
157377662
184251581
191350927
350431181
658440062
941398574
439013550
152376897
810594061
407667119
110643513
677786223
240829657
624958066
873384488
484540860
493400670
497722999
460954923
401056488
35720794
198917998
281793293
995340652
293471543
942729872
346670184
229985418
643965215
201986870
660857855
120579271
721327280
980361153
603007799
101583106
458891852
136309602
445528147
388756764
186770421
671085055
344220504
517444907
823460770
954135142
991283072
187122868
625195491
416019387
283706830
418543200
247936400
964394528
663180798
840569817
131840694
414459514
708046680
515164155
501742235
145582730
62315523
171533014
405819389
597042994
425484653
595734560
809832266
280447406
515751424
973594440
515546044
522156192
673288877
367801677
663106613
821363551
115636445
556301390
25067890
17541566
555561495
167339021
240089982
708708475
486135270
73850554
219999442
685732724
525500960
711601918
958589009
678910011
229701668
470580357
447083487
595918859
800143696
527992766
326833878
326457928
13035643
193192486
910301512
850388581
911691588
499880289
367043282
612856484
767541341
579646022
901069569
980853684
478699132
170539471
531256112
570929858
949470712
295963670
936810942
185542248
715991606
385477600
240494743
68221641
529074100
536038253
814785566
424811051
449028467
275864319
11140789
653847876
355712776
14662077
313908944
390510449
41844315
734113382
910077833
638691789
508559428
679288121
438771810
553407608
937551196
452812738
359636934
261008467
581362894
763270805
843475735
233644510
181344084
165394512
373044725
887397883
512807347
790008367
610331106
361425887
676654280
792825991
530224762
925198250
173319102
624456777
677565213
682168900
961178019
372914876
384798774
240105138
13052608
332972163
134080356
639214400
480486952
836051913
982848579
310977163
621008903
938798000
575202770
569286565
11197896
134822929
485109447
215227124
544670775
47945584
24402895
179228081
740158276
22530847
196153024
75199319
272204499
228318565
636920448
219657525
985738870
127489280
686683053
124482477
736050901
510014046
390118027
70275941
74612827
250909796
444825157
197704632
986974015
555224799
639708777
456555083
471696293
855757327
80280236
561091216
659271912
447011571
688910220
75559600
207544617
692935366
313704100
306925260
123729580
697236539
877093767
728495411
414841707
10109538
458015453
186958164
309327027
580976597
633138576
864905387
732711797
61683487
773317931
314908996
966618729
59643034
667261584
506201962
302404437
26680059
572469253
149429743
443259472
780795373
907233276
19616911
719839572
301667552
159921277
882913076
783311536
104041025
884739571
422340063
271787293
133220354
977711702
158887463
701079582
554326160
342228486
70483436
170490386
235185205
789867108
121638893
797237161
496964372
160309980
719403782
368069460
36782749
574111499
250903606
265527813
657776203
781714412
315577274
534264649
611243583
303624528
11063872
358852590
137179266
826789218
84665170
488917021
147012684
7277224
994349412
444091417
797530575
300214129
372366721
280509835
543763289
680027147
872638580
557226818
454731052
185993702
863759578
846630584
314364745
697264190
607050911
978571417
64999138
828509917
757332578
438156776
377139077
257060213
851208556
303543422
663138484
620982833
885712786
750054189
646864558
123236559
382366632
972408448
170163473
568098136
854781418
65636027
84109687
363643535
175035200
68524384
972499217
331957708
309123622
873660406
588915224
673117997
985980723
726831222
586428006
894458384
93500379
868694277
494120625
10966743
264221396
310567382
359718501
907551628
133907395
473885801
812865816
501529471
737975589
825738431
19968139
772600900
410471933
210555483
469804784
788517429
812333405
509872824
952553286
215489459
336805872
374223750
712038960
515476845
613424140
180975040
723826051
201406230
698478490
36908081
115179744
509507543
939554108
199933914
759075437
571571964
952400026
513462232
525557368
744166204
865300038
129645601
395599603
977328894
950495020
652031463
725641816
700881629
381021847
460066261
808758799
570982799
781061938
295475647
444552780
32875535
346266142
904701714
472773255
640774540
16391705
163312868
514949461
399674275
934651471
184968572
219057662
405956034
983110619
77097567
460438866
406293410
245314902
402984924
818855716
407105806
278570832
301065204
505894251
674761538
428237732
716780870
907282843
397411421
144510413
459391977
915963713
117858400
776182942
362398693
855866768
986582675
447772155
108039082
459588391
359574850
647354461
197168207
539782245
988561341
350050449
857179456
161026031
570758822
288326375
8902968
702864721
273972883
707519574
410404473
165127658
5400014
29738919
218579397
766845154
523956039
878295624
746047234
681759456
79182344
920468872
2648850
983892070
77115668
691743244
812304848
225899044
740219785
304556005
487564505
410108640
869899367
909764940
962377837
686565057
97110578
193905707
373237394
988532838
395282404
104580208
408888979
433464447
686183540
209765034
769210997
139097383
713485842
557292802
765863554
476769215
913523935
54785970
994270227
64302025
373424930
996060856
90096076
897638099
640341763
356560686
95140242
164782653
749558815
130269641
188210899
118852417
718558244
401218579
821840024
353129491
332126248
16643146
751616131
214874385
739192003
209372214
598827560
60061285
362795002
247468214
446451423
430289828
129147565
611331923
584524249
946823752
500919447
392386050
214838385
386229970
444598323
883297552
140709459
334859399
866597714
570463733
106535739
892774114
675754183
981667
661417106
180993710
946344936
579643172
409680527
798371774
454134079
529719382
441817368
458280642
769222112
11816352
3112995
419594510
437053563
61437118
186293012
970303171
815777437
792979881
882243833
963623416
64164832
318098956
328812161
70768218
349265297
863603263
202582458
183839033
154451873
514731003
46574824
802410074
195762426
163882850
822252783
704804513
130095299
577906484
535267204
52722683
9581757
557658077
925772168
214166485
53259752
406412214
218744426
480993590
96387435
798133955
539903626
210343707
423233071
98679691
845916850
168981437
754503297
136096780
513090437
249427873
699441171
297340115
922038987
235078511
412824579
877338438
459481059
361041860
22246042
101272324
349875803
178487804
773330481
319045119
65037003
749131298
37041549
327105308
395578183
261359265
377531096
558820106
121428339
712611794
996193740
61771398
275828017
258969799
51714424
758056283
653150154
580927740
788581768
364265817
588628268
858325966
975176940
452429989
489452861
432066814
65402056
396160758
781507030
429094047
164641086
761670272
512347251
665761055
966968499
866559304
304299700
500576104
429346254
41434610
352979728
159501446
687433319
628628713
197655282
388921044
514119015
171480817
473395259
650188012
201182667
20394344
886161900
103433386
244626072
639500446
198627705
715485831
937604770
249136041
800947138
954042391
200501234
913015751
701511546
960888406
823165077
775717571
205032537
844057476
20459181
63229120
310618629
795568448
664577859
84634373
92755891
842020722
543198186
280521285
434953943
426268084
208958387
424737968
609813039
972038203
886561138
594730885
126662190
250462825
124945335
441942285
448608396
662751470
617097176
198344881
66154427
828042271
377999157
359992762
16716694
261640889
612854738
755032740
382466784
188504179
718523156
990841740
503038246
220479743
665661902
84194852
312156312
706967148
151021326
648830741
497412073
543879148
450441127
133936691
99057689
111221917
979628664
354738173
288298387
244515283
358198435
30118945
632743285
313852698
43737406
745282137
601151916
140404846
97215612
805124042
776519969
190154474
220591881
804068730
919687523
551020840
277616121
409753880
724386543
204702352
373518121
444884364
372459386
953469749
528050018
471169102
429703463
548592877
547024185
496604961
746680624
74453183
25201060
380985437
24179487
167448014
799488842
142503874
699279184
550439969
795867498
773774901
651532331
631632973
393425994
502394133
77103989
37840495
997627254
331878807
629521520
751586971
810155075
219893357
954208993
895288911
471616555
57193578
930352752
390149241
906602401
304180094
566803249
360514935
648298755
769862030
409775370
523329951
159150158
470496790
43581118
273192378
51969619
55923471
627792071
485623749
424373159
137455028
382940511
781186445
593560435
78041776
930035619
968268194
233132292
344885561
973284932
992301813
699023840
200701606
204945086
858451646
374615703
916946377
370016595
38039400
410583134
318224001
505543068
672331194
459380102
536455326
651664877
111115835
271765619
934342190
175674437
172325223
783563780
914791197
375197231
97263519
210506301
684952324
483183888
492821023
390501055
233189333
589314641
280882607
987138643
709677500
795079454
472494131
950297675
630907057
78151855
85792410
581232781
602745357
717813430
59289857
994899085
524680532
937357735
900177794
239400855
355985113
556681234
67441398
497203184
474829766
719296913
771633329
50788217
780119131
495879261
462159274
97570430
88118172
671497538
666426171
525396486
526494658
745772999
562938104
216917202
765051804
565303004
170928881
673656781
622919982
602125763
172997250
38760591
765046537
959618722
199302743
851233331
33846519
283935968
435985276
647137098
339203370
777725583
639340780
744682606
307042766
290095656
527207294
704596860
117796276
426648842
171848978
910833806
633749145
588030066
94716158
777552142
99886845
117448050
824513890
997633417
780674012
600754988
578590635
955169862
891575842
229943361
860215924
10390504
375743130
388616147
255067681
657106364
319392231
316846396
885513966
705513965
992159614
437573387
566658522
820119732
409874158
398404091
760972533
621265868
820430755
816669243
496943596
61012138
414256948
291865635
911515860
74217003
730531908
520187572
643499514
596371317
779479326
413443107
176319429
348999050
610533735
852591906
600423627
529086703
814253849
641772859
930385891
484034455
88595301
519173806
669284164
238978216
667868165
358443728
375908857
232778362
907138784
573109074
625374892
185165878
403899189
502174801
241303520
485329302
407328782
582373185
956874670
810283034
291276826
61235296
863223843
861976485
787062252
418494743
895082651
762927715
924644827
783334581
699888678
706637820
335029596
516482889
112847499
364641507
873285970
314036174
908820688
738739594
54975594
593014591
954262558
381185083
219759283
991844221
374122449
187268083
391464509
433338659
231768215
368102136
649225564
22995601
171971455
971013492
936557296
737791296
258009380
759617315
538275900
259210530
146257805
444278876
840633928
773221668
712749704
13983248
553228923
134719804
206322467
205708278
371959816
824307280
902254917
694298271
19700510
743874366
231448506
84529957
880590122
504623571
909885359
901571812
104755632
811353959
53717335
564562917
206028361
442388970
649425630
674274769
573312340
920309305
214096604
926418992
627924507
102394973
204495385
208306015
810133957
529395715
79533089
592646445
401018334
473250633
749295368
397911212
114738287
633387735
549792640
741927877
942886738
810991991
994194845
851395366
97933850
108964941
346071612
165086098
484082557
436246776
701652943
78913720
725866656
37739501
230930790
114982550
994261387
568972398
461288667
975554917
558202899
306206648
324834058
319106269
425577053
179405625
80822326
49218056
537881347
577948281
463527387
289610531
453179377
635402729
366640820
922209206
624637448
582020493
395540957
834635733
991386940
655209193
140764706
432386612
373134349
819515612
907355098
268529448
626451448
67239720
621498344
263351716
853941272
160645237
122919063
215870066
392722534
932275672
684351339
314670236
611810596
925581746
3844518
364364047
746848015
514799485
290320417
527468261
360616560
175077353
965662438
773442500
334124802
223919002
370962050
57561152
494217590
74239674
809211966
669373373
758715635
41987616
505004049
524826889
147162831
69278563
564349803
353649781
540671084
529982782
721619176
229947217
133508348
598444455
344973225
78324228
929224889
402241961
435754528
389733106
361340329
177434909
702576664
623646095
832100346
465685905
986304575
37657629
16375695
922943579
464453133
211987478
522713224
880475025
342874418
383881561
222090168
499378825
393603262
223356740
373819177
211172960
232191935
31962922
509791058
718468755
140545784
130028982
321843642
955785398
114373671
192135158
798359555
677907650
378293943
869264975
620255713
657161293
990092603
459591640
482728053
86446306
758328181
442187390
279773924
95263206
229928836
892911066
839296932
920232919
776069869
531049445
208388426
971036618
187233789
612268971
388001386
875591847
536442318
109801354
541107613
356243609
95171682
323648605
323066262
859559739
401603330
906499432
873389815
246350453
152143635
111682092
978924395
761370638
572053175
783591059
312345876
832247224
513672351
138775486
49086096
659229409
180507261
643006801
483100674
347038062
826179863
394942977
271428
134159799
443715783
443513010
216297356
736751893
481194936
842608218
925903628
280345439
144294629
279884933
781347124
34277172
769079627
847757283
340782336
550761241
166421473
483165164
612575161
393153173
950774948
270368611
248607279
179562325
682682872
390341308
98636456
406443544
528746948
971569335
897399615
898455057
586514937
33709404
862679715
219966947
621529891
775284252
658785065
425169255
937269934
936683129
411569472
665490905
261928905
690322330
539063206
760091053
819023455
737585072
735423150
379202309
297861535
924720489
790096047
674546631
90015605
939421885
889213892
128945905
109471072
959033414
682373790
259982091
352850715
317705491
182950938
435791119
231261643
708820800
515106114
48127968
922675948
949755322
357953714
656335170
740347433
974554743
875194153
248845994
14134402
302062610
121217997
711899647
362088082
375752701
535908327
139852631
610213021
733943102
87562475
762604942
517741956
618076072
770375039
747782403
861671253
163054088
765636209
561291877
639773628
953365355
652106626
652735045
584459382
527309103
685962443
405923880
423803235
367370451
958927669
239476528
719935468
879696852
464219361
3234883
618787154
820893401
857880108
905007230
664958998
984916548
224509026
74376999
789779994
137716936
176635444
403083967
547951201
417935347
79950649
855123056
622179836
799582288
163400692
139145146
414866324
675495955
444143098
365502852
231956929
322800828
246297538
725907235
881726288
829629142
283376821
45528754
23601520
298361181
655344487
962986283
467488559
635888440
781785477
714115501
242157778
316573746
693522594
42510287
115744421
490957117
503509519
297115067
421613641
547420143
992232037
783292489
386881843
575565179
152400417
468205284
610287616
824397526
579303086
751265495
445236837
76033826
839043874
254399104
374579301
723430174
463884946
888747301
827155452
212827846
56501163
695629510
877365919
777100269
118388653
114652013
57659491
139773170
147012349
934467118
350946477
116734077
213450558
403215529
986884209
225902063
379967205
815575818
59514416
507047917
915341939
886280099
952323494
848943637
660344201
811993824
549365801
838042266
883992808
451812976
764031562
849369565
940268898
170523046
339666528
402406015
338154254
37975043
741678537
4823147
388018080
813622289
947924806
234133026
127261877
321399550
318629917
29051526
538540294
896683874
49209823
951625784
655857951
562955524
535621776
850368494
356957099
791335020
912161591
664408351
679543107
696987353
906531110
706283750
444512780
345122636
373864429
879539369
995854262
143520710
768756530
920889729
427826511
407595944
902325541
820532882
475312873
18994359
941583049
934290297
460374075
252588677
471502809
476037012
691621400
568188659
650121689
843701750
935863896
593300721
262698451
245955070
64909713
73894432
595139727
485081621
400407252
113448918
830881087
683311179
856039060
373556032
753570424
752523054
715386538
331540787
38842839
773172355
810898526
383922740
983189380
674784964
199144490
858848014
390806606
759137499
62436139
379422623
388077319
214279549
665708874
790707153
172938436
538416039
842431692
241436213
209779049
661030141
292772911
482033956
235501001
21605335
772315857
661590879
189484703
981180717
188713818
200663995
486524687
720153169
815801960
638173124
863234644
159135344
567474520
252193406
286135471
453730523
435175675
284462692
949695971
191627427
541316016
707957046
635322438
562212384
362612556
859957626
396975727
94747298
12761370
736788221
292151124
68198232
63905382
444135283
608927255
194904955
941508033
735771201
154122098
908322819
987818000
182149609
972364681
585558731
588579382
669969844
904328439
102893143
656769278
424788258
507867618
109540460
382037304
11376681
769609140
104695044
173728083
175337483
770854586
825458863
373946251
117207602
791878091
321814964
829734771
475822403
80271259
117940564
120901828
885549782
656517609
219552421
438533227
602458765
870961292
88983862
66713924
344841943
536314420
669214710
829839021
920273786
432871080
505045830
258168909
319342103
760423738
619917683
63356150
410624604
798586216
99147640
342535929
503771204
536794480
675415077
837506976
66385200
55316223
38409895
857160986
508636079
14649427
963776253
125791849
796775436
683674911
244284502
411664547
234873000
594675933
666099028
975940510
122257052
20332419
153078470
382779708
299933271
277347946
719251032
463900156
85687388
843818741
699945906
737839750
966738781
595717563
441498082
239329785
961393578
356850169
667480123
577279168
603573722
769397902
371031836
488560560
859547846
805212668
313385321
384459455
503733523
336693526
359858220
903255161
757189916
716296730
695330350
884307544
239789939
253040571
355853720
47682546
648578313
196941986
887790677
708069656
682197480
534687326
357855525
561339143
732835790
502739159
405165015
451377460
733852374
371784130
156887073
791722412
151585191
177619035
440694704
592758065
675576645
991346566
768698129
908044089
517136333
345773752
582559030
450770198
83096346
542179472
243549461
455393267
718392727
384054412
939405379
296662674
196232808
676356874
863099527
895243008
813848565
162618176
854491013
51971713
854028909
934355811
400734480
177269470
673970503
795330042
470737965
275021372
308374089
801119496
468012532
749326616
795720488
573714967
962273701
595139069
578651032
429180212
909505865
361174418
972364269
300108395
484181098
401366919
832564641
911686590
286968002
128701658
936369502
568279576
861965569
570343122
535612505
233522299
470610015
363248458
284585161
637198870
56867498
469424512
795033696
193195874
375276091
449141177
56137382
948215366
918344039
441415650
335731260
550574924
513379917
197133953
293407969
406705244
665553744
903789502
195643320
568211620
825292188
254531985
819491113
397745572
802954726
148627744
159978022
903366180
487067302
144579930
945684694
86875505
892837155
558215435
115239449
301729684
652396387
513114961
235621480
223194802
45166722
459863156
241539619
640177788
53106427
228048260
717229138
95289679
140089806
245977129
363307582
183228912
181804750
189139979
743197378
89397578
585461076
894499561
739916516
456313874
505260114
989920212
636768124
566180197
253114084
386034125
765851112
788923861
228381506
448670183
467289389
391489957
647953513
242764090
111860716
293424955
305037535
111030719
19907611
497634324
798439343
961678117
637773267
233268411
395548110
274466846
234374315
296384642
384551056
494166074
760308938
612747631
425441424
474151298
625138211
99676292
299551403
176066303
573480500
486068692
412183075
921834990
752137271
25915110
273694637
268571034
691074093
423824214
477521970
372108298
657652352
778010568
819245139
58488022
969272192
80466116
554859280
435919061
4209183
791044129
732425056
211888816
154022746
346752696
97780368
940136891
156466386
939090892
68385386
546733123
355748549
929299310
654711883
323610476
59708603
802405343
627890989
168302732
819420767
146167580
317323697
567470929
330204507
576904361
535831559
591105514
784867706
147417551
640859297
726242707
380162395
856389741
149910619
238720197
258958949
783883292
811529762
957460880
237960268
140973774
58682561
869412410
671839731
144163854
950003765
965369323
621654246
726083434
888713979
246391868
748410439
555317409
143538171
773003819
113620021
657743757
109962794
25170386
354462342
882194072
150548338
821448812
977589083
709555138
979793301
505570380
628673090
833692504
373106599
77250062
223821578
518926307
196941535
632836548
213643413
926181300
382397405
618276122
833996452
344758807
827996789
717659200
930205280
476642763
757054703
335221888
824669831
216707215
696796901
531122104
353080741
362594359
920546500
117343998
223526469
227834326
14290215
12743159
475831265
642919610
357420767
268268906
106265625
315051512
928739909
647419849
886309073
365419989
539156558
291368126
711809210
14935991
862431302
574797205
581916251
1482310
484617863
840001077
849093765
8591722
239518103
945372503
260824165
201883768
6111345
194495783
585368085
937568528
483356463
928787741
972993053
932474727
929274496
767755704
282178706
582183353
535559170
714160874
672024591
379677385
620185595
448516652
479215765
50384383
646052676
49418826
950548521
186999112
964440932
240222151
274246766
988857956
909715306
641978700
661096695
766053416
353394628
191623559
362910241
111135345
432161845
59649205
65475154
797040302
448593122
412531170
609012182
33986535
935466118
681896298
896520354
318848072
701418977
462948507
678190196
786121617
380533777
441036121
414120801
77753892
781613830
487175391
181687001
912200799
528721771
785046434
277002809
833277120
279372038
29745941
30427399
444793996
939729277
951441510
957810914
553788144
870964801
506742242
40883457
430280858
124801269
785950588
686641923
219053811
839790984
871667866
988841072
747273749
14587984
466861180
54811922
717051034
675683727
236593115
473496970
690617541
482070344
683943941
901330832
150908108
405714104
424781052
41923558
269018415
908182804
34600752
203292391
926711376
522492839
21178816
884485041
160610168
967541838
287663165
670115050
270125291
409157065
873660148
886156039
466724449
185107383
795254808
177646100
685671276
373764118
262094187
165517727
507236203
670849132
633494974
584310874
510213238
549715320
516330776
149575668
56984065
835210429
563507603
561508041
100854571
256241740
151943996
171940673
788388907
206950833
395535676
533075304
609131957
756153747
249251780
411926753
80918680
496302656
788521326
851588244
127022265
715730043
593348860
587827309
906905013
619847236
256699340
561085904
568648033
892570294
558203107
714040938
8046050
836573903
828843682
397213972
225672638
726401375
381045316
53620995
282308451
185627359
909040499
382775438
471511033
810490518
607278128
858556583
23183035
947295019
857446879
586558955
183717579
621132944
80649729
923884017
680978349
921251519
107389942
350663105
210954496
972695781
774643049
201085693
288191899
885520228
190877422
95874278
483651132
843452031
487306797
252649429
457362442
967843690
791741856
292036802
450570517
21707569
26253456
58286401
58043968
864284911
541650873
24437779
391130344
909105548
547613020
144796580
979629033
991521093
636293786
163334381
468383838
727340563
250457731
472532523
245133716
275653021
905144397
961141870
648140899
484997760
146450317
679474091
684849606
457132508
867668987
542430916
506759187
83230228
46079151
22183587
800484664
883868533
859498195
601522825
900692406
831131946
836670256
659189567
782047105
69832477
750537232
716168553
449314225
341632871
175224373
559038135
396672623
764269573
32318745
410359340
64543325
658904202
39260884
145494673
527974459
405570580
139663528
474723396
156282751
119288686
615273830
530548915
378588217
198923013
181312450
881123029
410381121
566574202
448352872
650302177
496129954
125334447
428017708
79164652
123147657
688900034
192664949
377376950
331633607
121623762
725572501
727094119
627343701
718913405
318156401
902117611
914672797
801858310
15276178
62596760
925287260
569373740
930332482
751917726
651733590
405778609
843825722
753492154
668882242
749417107
874753852
380438200
569945282
961134993
857696045
176571335
535630773
621416200
46239054
886738310
801572228
344160572
905272264
508760072
806888562
986565597
707051392
704324422
246926082
848593127
747449485
656460128
144571486
444925376
915267714
229139410
469563563
465015779
473906734
472378288
930697990
532669648
920055549
890499392
393381716
580068958
168924116
759466107
240399034
707076786
814533018
393800714
9952243
486433660
72813074
822939500
915012996
703846821
652310326
352187202
870201152
235701692
389522005
872045985
89941738
91603015
598622592
859421650
463111199
380209047
150758186
757710344
667024469
728424930
887270090
287459854
489305274
914803242
691808172
463927607
618221413
230998106
679067441
292730476
917565002
409086420
694919135
195354066
554884528
352422938
910326373
284269567
250455363
623957501
855199001
209643642
706350462
454294136
224118507
343289180
780725218
126643600
405667170
488034415
724883724
704433511
807613691
577908262
606979801
567994447
99627932
844679740
456831963
340549919
901929611
894188981
862919632
792324595
456141266
577741138
715568087
835767832
533841448
284581428
524138008
343091819
299567439
162635192
121158515
962089579
271676006
371871513
469060860
522237781
703939248
66813136
713712032
116437188
905455201
228721055
276505928
677433317
722743447
494073
175786944
135042168
632631934
107666202
30215596
57795262
966066203
991384415
640808187
735073523
988331195
365871233
343015078
53015804
504233072
42417278
583790870
579765311
955911334
483954749
709199387
9358569
375065837
679520631
530518992
786532267
874979776
534275676
486847753
281555706
779932000
255566711
916184157
241793328
210044543
244127434
575835362
496849077
547336512
648229242
904610498
646532091
532390683
352842541
211177086
609572585
87218322
832989321
808255570
684295005
267776198
153040331
790795007
848645779
820890133
264936903
587627734
218722379
66961350
170261181
512337870
41255564
329230662
608708300
435766949
758122172
322149490
962857563
927378447
968380156
801968220
482716543
886168502
242258724
428816825
619809823
213891885
37014925
474003170
968895497
747874604
993530558
343544304
677192107
436266222
988163411
42875450
767592619
506756982
863498753
371869603
62559473
136155914
761826762
165070782
66160018
773903468
573964612
181840031
804783576
955442232
105060948
127171488
510733026
878535520
820349846
169979039
740709196
162388011
176598946
858456541
495679823
406875078
813821898
441408495
643800306
446292118
880001962
122952904
171930486
613838792
21719143
857387842
383308798
472564921
425848581
859969010
740959879
28123976
794849993
631907015
471726936
608644503
577346081
543615121
875406725
447787224
282583776
838027676
345241340
245182333
57268796
583442349
358019467
613321203
357361318
100419871
341577736
51403230
152032699
418035098
802419955
884399098
496959089
948771098
961313885
609844230
574611624
533592927
478146877
54236335
555798962
69183517
307104611
761098969
757847746
347978216
538246484
688191823
144262315
11179150
5876478
993890260
893662666
947291508
721638905
744395933
768983269
314806931
983737243
393632461
277645259
942906677
819906740
525090812
921143031
647176722
922373525
592605682
677346653
910489963
681491383
885183987
968720385
823216174
618177854
68330264
233601728
71355505
490084130
172727392
412408021
516454672
684216775
81330428
962068898
502157094
248832906
554286810
126388119
284595763
760833487
957363013
231259320
507852697
389566227
501833512
308655496
242514380
312735640
85048264
106763226
96028747
130831743
166355471
314148894
126938200
653652991
919142738
252068558
154190330
902953240
508277049
435710510
173742688
758040810
181390028
208899126
272120719
908475201
371186575
714830251
113672111
702587359
39689515
907208088
510051357
500618373
225889216
293044462
558118502
260869416
24822697
596556540
142987175
349672731
148237345
566762564
543793175
198956894
245450076
65492595
360841367
163437515
182294816
525812507
882693065
34411565
273301335
732742640
61205305
81475221
790613348
323428747
474996643
81086492
847845010
657740142
181149242
797281860
536517291
96406259
893784617
845969520
513469061
674802377
84661627
51743577
590813259
942337924
750602415
668800841
998101205
596468373
116848232
404543381
885369102
304181282
593651428
7703408
51874052
665257823
183570753
534771958
739141681
324997473
619965523
561798143
124534131
613255099
961039101
800136499
484535788
730544086
972484107
12688058
249604708
859952681
266943741
624343589
11841641
314016990
419613297
936945234
982956221
54300993
598800300
278111915
957710589
104821719
653816040
597501436
197471930
223009021
943700050
706501253
867742654
403281170
228092402
766766937
856181743
22821628
356750143
732318552
331673285
707314688
179214461
784593472
689005694
218955345
165891927
125232284
122818135
370367610
517676943
65102441
631154053
814844327
434357766
965001284
807787549
16946589
561420489
889987254
87164646
887231723
230419603
921294384
10980957
233758533
517090610
368397070
957987557
132755896
895304889
955103810
401951991
367417901
37494388
981114171
721961820
870368385
489027820
855094892
791921258
429359657
302463810
282661417
307603812
104703283
661898018
974480803
802903768
646842128
13657761
56148330
369148455
714216310
733241201
320298470
206013755
79925752
620949769
226350579
947016894
451968635
897474694
502196460
956551406
118257229
844810487
95666470
147542147
290789159
144137473
116922971
405499854
17333447
154559972
875340197
792523831
261207864
814570206
651491909
532450863
163431491
779775720
558918789
370615132
934871366
806251499
582332581
53181571
125201852
113768437
914096935
51897457
692922117
978986451
131678233
474881366
799593215
614313888
542699803
43046228
330410155
869438724
490939735
977562292
284556147
132060023
270527003
927705823
152152614
140939103
818327016
905270111
480214595
242096108
887345962
410875450
563677837
353525351
447067725
336678976
355523152
3622365
560042561
96984987
807630836
388882825
443525600
32198215
706128208
190079811
550099327
323515392
315598072
976727911
811777510
303630637
840744124
228959565
786376521
515367952
691388563
302765588
378884574
142766687
773822623
494591740
801038584
891647813
685101511
663326872
634086773
778159648
345327211
814081946
909432767
742425298
245297642
784617550
542306974
910215407
775666515
315831670
456989162
492437588
744363914
751081961
244272763
642880657
676369588
878368566
907058347
726176183
664201660
471152106
237351147
582491790
573101877
139630564
600914202
807627932
936497207
336813807
815849007
542026681
801230214
724924791
816955935
110068430
849553336
946454243
605981220
483381772
460207082
643221771
232781871
821286570
24425046
771945197
268123460
186806789
702060065
435814517
893122513
299629
820277903
77371828
881014158
300459934
665159256
130346210
790111023
657975853
888802794
430564774
389015715
450777578
883952826
985377919
158732075
899520666
314679891
343292263
611210597
534335152
347905137
189600733
968914932
187365995
949191334
487168581
525482777
309905216
361913619
303646576
955972823
411747259
332649711
385484624
790668675
922145773
780349499
130109054
553977214
671323344
311758962
657909294
324581701
158098869
917825990
370967329
764843880
226199312
532553555
52624084
957737606
885064148
336548942
619478919
706675986
522831185
2293821
382948782
344529936
675678438
626149314
43603413
906279486
995492868
204635690
348068678
539700157
39696500
660916776
761649955
623285018
843963109
661216857
706932993
292957279
54014738
484826337
697131316
603862110
556674625
304010177
756096392
591375511
515933960
657659451
135238237
854132769
994413679
364134757
960633164
747260237
154193596
797798829
720927022
566173275
937747654
527009743
105234702
386102742
354205897
700164984
498958753
321314802
867352370
842532774
112008432
232923353
924712953
206083585
35316727
900312608
784081949
130902138
496841317
888037689
177992523
420820888
180148956
280263394
943565128
480361687
138698962
571705130
517321626
904955747
536893467
901154445
184316785
147707564
51152706
86464354
32663983
601322348
188418221
992780952
479621582
503823441
333585139
852610678
994415802
625121525
2053650
130501611
714845478
418203167
459981953
285008571
463467009
284207593
2274916
592365104
283238240
353619050
495580434
284846176
508847912
37297043
567443492
895993009
181863447
876846478
995774218
221941627
762383927
169897812
645213720
204805920
272992153
907354853
925030433
115229212
518191753
440492938
782746656
774889521
37040387
788275333
820637919
436748945
690329867
620040184
124754948
673241384
98648802
381974269
899427931
374806616
445614623
605490519
187429756
974572708
63378214
711897205
573260632
385308725
314129331
970382115
967390601
413970901
291087161
670963008
789933835
671016967
22513712
64924447
369480188
580199543
292379666
591305164
712761887
654937413
243951811
465057780
155090740
612434220
545972597
459556658
730970081
936973019
940192261
77396160
718009590
802372078
71033359
446429551
88594221
609046817
974015022
339869224
420896168
78955070
100212567
243916993
746621638
472419342
608748781
568112643
635966316
307225805
106435349
94477127
990969969
52028237
632568440
273410034
465029273
248814198
315648262
492427528
986796997
807420432
90292060
836276261
970707946
733735923
781694049
77697545
46312085
814380868
260679059
673424352
838788112
373060840
721249924
974186144
61183749
985170846
123261913
183970159
658868804
410376619
255303567
991970517
263263011
642695214
129207612
201455245
395880148
102027018
496532145
407384338
279129792
21675368
229062970
993532995
211394224
27905664
392312197
572706748
459326611
767183457
736104135
107807337
545505122
129041993
325972742
35105434
143077904
557938955
948564811
637299099
482885801
179210881
293313098
944472484
917831775
695123722
237608175
580462108
319154062
505352066
806591810
412017187
835564385
656219310
823390275
892567980
667171884
41860122
920162566
782695854
27250903
741709045
642542101
639982369
359510057
128112303
314027815
29753552
448999670
920332579
356006619
731245381
126920136
661261204
29359631
320688642
226675281
61436063
543520521
164527935
219737254
225267887
896150681
50249235
752303283
595410211
751812983
326594167
184765844
602870911
909674561
203088018
806762381
898693950
790836058
652747000
591222427
13263174
977033459
973483156
846714849
149120722
238608026
143119406
942621008
700205915
787901153
821551410
371178524
459546397
669783684
3046535
336903267
240689665
704084821
802706109
366561551
270689508
382825976
243267822
300022849
528221566
550415982
146188712
293861658
635050280
761834595
612656219
938514589
527969043
155716420
416747983
544534673
100557211
715686121
141028763
964990937
48561640
791957335
348719334
95239798
161965405
199907220
853722910
451960921
909526176
883059846
855964550
181980872
710754184
935283381
255794898
956263885
468052721
778698939
678349281
311938791
902959261
906219319
389048777
622222777
37827317
499936750
78873728
846393619
63070475
943701663
392095769
272547355
685745734
956797396
591256497
697241700
84330486
175272575
160947416
623855746
793023379
494484326
792556821
192462270
310114755
6742501
628925636
486557662
868627136
397909970
950299296
421383611
228457972
810143883
921218957
538443724
919545586
263614981
102241847
298282590
759194582
560262803
234239277
285574093
123310262
266276425
776098138
203578605
338256713
869924357
394357151
538097424
674968613
751976224
943325644
851983544
712030529
201468500
723526035
686150040
554083958
432638308
629729642
490698845
617752136
692749533
482539323
943925470
496091505
72042572
830498343
335953013
384305669
518617507
496492481
301290242
423143737
128961597
454262535
789380454
172585940
228076326
542458164
562315115
302766981
634703853
258458612
454997325
158885288
920271518
450367242
606503676
278743324
213398569
291588960
416015399
298954103
704900430
723349332
710858431
168079666
324533209
371322697
583345781
41736587
227238459
525509928
111838426
96363608
43360289
819481906
116727842
645692806
832350699
642415446
902486690
104413619
902978368
911640135
332633264
995235061
285175079
794571433
964293827
129064254
907955179
756759269
965221740
438798114
691828631
606267961
885320686
956544864
128034493
144945520
284268079
566212922
941488738
219200247
527683703
409537446
941557564
478823804
265692972
624976852
175066983
158355901
641226731
151590074
135870596
787774734
138852556
931162703
135430777
33999970
4615717
429629587
305519331
923508371
567901193
457232647
722171250
661393103
788152289
987891546
94918654
28597477
221829589
330465190
524941246
235458189
654359659
552217568
881897778
342698926
627385783
261079668
226644877
7630020
626563959
448244293
936933022
105920380
661377845
327238726
222267801
992331892
333037725
347858144
662197525
289619994
954012812
181391356
994280876
843214628
284809160
953924285
625515887
623471516
747268322
389497076
754295485
516872454
264508636
965492063
454696319
820335409
746046766
286310485
422105285
424031870
64965267
407744624
811568320
665242227
497223538
65358043
767660952
797826452
889292937
537394301
542328679
580172786
550800724
942361895
25451332
533711936
314306944
433892309
317961382
711692276
987435844
697797251
595897678
519760549
830510246
493047738
303849773
637276733
718466562
436174516
190627452
555323942
194448174
976400605
285855030
709250327
779905802
14071701
736859423
356296151
199920641
682540262
274671395
941487158
791032491
213143174
601242024
981436738
129401773
304803511
934031198
662575612
698904429
977585265
185559736
85861534
711241025
892297431
555237188
702836872
418120932
356178553
637714362
443554721
788763692
512642807
529832751
181122132
319050112
431536977
763714514
295977113
848734915
302114724
737732568
463073832
70858055
50094790
346382516
975139447
572651068
660720568
708082425
278423924
901461464
496476149
488752454
431529786
726154152
366374050
940055185
533944616
838302700
85862636
804109071
188792325
118542150
82872726
412637605
333181307
239585310
131851276
346077812
358603360
699328312
325125070
432053497
395115725
532961297
766219125
738720289
353854851
519108148
486549842
708179153
503937759
40460718
760866096
436072820
33531205
208747925
921394812
545478171
820226617
982331190
575154010
255429744
722732779
703643420
152393103
476684665
778346502
923854899
264220762
138198320
693726333
648859714
558904433
678936321
565946162
14919077
976890019
967798953
661990235
685721815
694353795
474353937
897467349
834653378
809599467
84033165
949851670
200453690
32003295
774757083
21797659
814799505
997454122
707295486
750628520
802596014
833023757
137201638
963653598
7456497
56085807
718716991
798868668
389057119
465349718
385771494
25972499
374538025
486293573
49066650
671887097
791459118
301703925
338862368
270802245
183893724
265811775
387883891
839324625
765403708
279412410
435208552
141034018
959668432
795567789
798142516
352050623
635618213
532152029
212616507
416493410
273234690
94611499
331453643
177398639
91353002
630051534
374955809
305835392
734186258
936852947
954031529
407192168
910578087
554906412
263978068
564718734
944590193
126094879
965479289
36540782
463257899
318882638
120590576
990821618
422563485
234952051
302735690
521949880
301325837
185463756
329775084
673949753
329378294
467681123
275947189
202424693
121019174
250938621
542916018
172732037
529351842
106352814
713446288
437410055
309101023
431307640
431485933
627516037
99772534
625459403
791204032
614999047
626082874
476215379
57222855
678164651
872260633
613699057
787180914
401237168
615667346
64865341
606458695
670494831
320807726
713771463
548994512
297431012
237352713
610238311
859043151
423455906
101920280
764302013
123057454
227777463
103124810
606546894
898438520
452764909
773518680
984619106
762608182
775910588
584929702
99463829
244057841
975124750
943514683
371680346
776639366
490071480
656028958
811287058
788418229
953094673
433390106
440165966
211925920
677523868
894747644
59887386
922504902
407031285
959197241
603013359
8030407
391758109
928622982
894328540
99744795
615874658
920092509
120234011
609256525
108688074
711333041
509482072
152323755
734406765
530894654
246172597
143214913
483350869
921336041
344281991
212389293
819263067
426198212
980036591
72615541
757922052
632262912
856473585
211558410
68419641
349224241
936195279
936761078
134489949
447200957
697452703
364366941
491472775
404325903
46832946
920368365
996186101
879450256
506486458
997796975
23780084
68820710
325966789
749458879
389927914
477531701
584439476
267825538
587492964
720623065
35275215
92436930
793080911
278456209
621252525
923685456
618018077
946813261
959647199
867404887
334115476
873266137
25284909
682439671
765305500
216421490
710557821
317474184
972240751
504696661
119447050
441421497
501870611
117225333
602842823
760111599
294565762
847309423
57842810
501416711
303243099
769096702
835860681
435150167
476863333
574237379
173396942
5728368
473253558
561552869
318470369
625908121
597341818
631429023
702930997
370320015
770379219
120695355
328607500
26204708
961388656
426334915
835880163
382296823
631235784
879066905
942289439
809629988
423629457
580509040
136762846
211289349
323856815
115035312
113828644
454401126
167629279
936759841
848767975
41873320
486263856
294729844
66303513
978820990
25890106
110242474
611738773
592651587
8510583
561384538
559408432
656047432
251329255
697637121
106130553
558144395
831364973
328477637
302207972
818846080
492425849
480589375
542143629
170336445
780502307
460762859
746493588
203964835
462135121
969260751
400907811
474450033
990447885
965641983
760310753
154484349
540523265
789747879
575780613
398831955
880688935
141410257
639484900
997511331
325134036
349245342
659146935
840066423
693369369
405969404
209131904
629796267
803927147
631374278
933343768
87173981
925832393
548586120
592203351
235929898
406641165
428515094
833286181
524613575
586749716
111605083
270100200
356664230
527455817
952676708
159332860
570204352
666230839
44797458
592546404
65578581
180579946
301120755
552023524
847848460
887566993
388782298
732214841
118235346
869776179
20589964
32169750
19680161
594014908
834834828
104904625
345302223
75283850
889011156
292608653
492438642
616952616
816938085
234290206
728330862
325692476
474682966
582021923
192286916
182659724
989315354
381665340
738565914
760886020
434421570
213435335
800716222
838321347
655651058
617027745
15272872
582515005
850573009
467959701
442358749
810047222
784411351
863072113
76254128
772845504
987108439
638018418
196897985
785937763
315223495
905361597
738957273
816393249
355869364
261148015
443436517
191584098
936815915
556543265
461595986
555395438
595849287
630688527
159860639
4979836
584177086
30315601
182240559
138984011
3392319
263160888
882245649
852768779
830061697
979753345
206551529
853097485
29964453
719533257
977017225
183646662
669596533
326164181
316488310
55690923
408489864
421171891
643155386
275282885
389787486
701647873
21750009
590424455
521593453
785351274
962789823
72279462
502474257
415792950
718067635
419388893
871753163
975870571
657578483
407850992
335986576
429855313
240709786
579237662
29997457
526283310
32088770
294894418
175368629
276558080
815050425
957324702
816515077
955039354
723640319
627401170
427651886
524462439
40697192
218949500
672752201
928751018
825831270
463682963
17000483
615519931
659461689
81613249
151514486
916875227
825456372
337794893
206337891
226468182
227083943
836360960
91608206
122998103
237818575
576945214
588898098
236548616
503316398
684438455
801377863
629049890
628851750
793171677
267916897
79902133
67833312
351471456
97676143
75158766
467486212
250312966
188877747
902783245
795293389
741861138
284886897
993023167
648573759
301940551
859363552
319974881
539177692
782524352
279619405
393229258
388001370
954657663
887964672
948065643
56917345
84014489
873368348
808976024
919232493
594826084
623474535
506425071
881276117
872024752
425323296
405779743
372701488
3173879
340984396
783551708
290541372
404939930
193183752
695123447
427076862
309248421
910023717
153009779
219427687
319092188
798327682
281756262
861546205
182112691
887706178
584386758
53655768
328212449
572519832
125651014
825199341
969725578
399490595
467289676
467653145
335056125
853528999
623862049
240224003
983085113
59164618
258994425
441190711
916023009
677983893
266453909
546841827
543774876
871847516
605259788
413993552
989997833
503173339
528225766
214357943
632911088
721573897
327506685
247278182
721710548
535155812
895198143
45997855
692475066
658176308
985511223
512577891
399166991
490158661
337876077
796740130
789447468
680853602
765197412
306492304
440753138
550021794
504860721
305514279
247587671
578283155
385435254
983669797
483638161
203354759
875662113
535188072
346535262
496547053
485238669
94211063
558629770
743844076
510801107
38957669
215602415
972210521
181315753
146131822
769103630
270073705
973075120
512504647
838872455
692755884
493857639
730448699
242078700
965657544
991037712
809960916
13500514
826027092
356265982
35581915
152919259
334742368
227816438
918304535
4371886
776290649
436784695
258092968
734759545
685854681
732304110
498709607
721043675
838198705
844271653
796510357
665298583
722998385
135132042
380710030
5484538
649320397
975898514
236769416
389502384
842223287
460670374
969227546
751819756
844113572
571423761
280877845
362153324
139646523
126282140
748147231
886337254
276352604
17686188
462364473
349521625
103594200
620384776
529839724
575898220
226683840
601625311
385714395
914296635
940610697
376018582
560730382
992438279
644201434
683560024
99605378
306148539
385017904
129183448
451118258
539130222
930256796
666453201
469459185
582465760
370827846
600145339
525873397
822232184
468921027
925714338
303509855
194555732
354294152
866900626
108681682
713703814
213848460
319723087
262988288
485609461
381268898
567973861
162735037
17317527
814392126
639726319
8249522
505834326
729563962
894197228
880840445
932602322
133356995
383225190
188333554
183362811
400456073
505772893
519571128
500357217
631801054
792471224
432961284
661178580
76501307
314318099
693424924
98886869
887922108
785097986
636305723
227950567
225148036
556235118
854337296
964681758
273905965
807837374
363081665
609452946
18920789
313548059
353489235
662300968
293635665
813284941
319108110
996016021
151200041
634182452
212873371
362994925
925439601
879382686
762058526
877558413
553901721
208182128
562333532
547021979
898646378
587194236
718569149
655586075
291315967
735786494
682181846
442071866
133884838
400206421
693405693
120990111
249249366
349861983
118032957
25249031
756622763
42082750
665364958
470596145
28046994
761200826
458673462
893963622
333925049
454519295
545822875
409293903
240326063
239827716
544302967
834289227
239331059
224711015
665938604
149918290
502467578
819390099
349459425
15595154
952003178
680141032
950576431
828746630
147085041
234130457
701513132
379126616
980843234
98246615
622351154
448397200
130542155
203239607
757028935
565738993
548989198
955461190
93116528
938217039
840991176
720234891
439539366
777319723
373851509
667970382
875273112
836447111
310100063
753912179
61356521
1228267
399847945
393307648
113786672
534972088
918115700
560307921
560375596
270776282
379719553
932695872
278261217
545166612
650072844
782400324
803775789
641240583
335550372
799913088
52461359
928734365
558551379
291535749
443823548
870997743
824280543
652986237
95737953
198715113
183314465
463547456
614103033
404870602
959456978
908285534
714385564
129773497
136368341
704731375
977820962
855772051
666636959
594121307
785368811
480694697
229103036
57507106
313926179
284665207
193732283
326554810
31800407
186276166
846652159
139684187
938931446
146759445
938604701
669444915
433960953
832690783
680357267
294464323
754209623
720201380
757244061
427265709
385032738
761358223
888604541
62537772
605954602
652842067
242418459
189595217
421726213
32485081
299891624
791313409
435371303
490054638
680347023
933365115
910738796
761967775
462198353
801373628
914809352
764535015
583394531
172599756
870438319
608789864
92328017
461258936
649356818
337386925
108421833
744934212
84485359
895079078
541606594
454495132
317288253
575936600
462548520
161748098
365697418
887769782
97963553
202577793
40715680
184289517
17030607
754806609
459984
88820292
653196664
261725388
68172471
859609906
550048134
77736141
474159762
577047710
120563638
802601593
123669303
422151495
523074227
57977852
133921341
382529009
662395636
919680676
531091313
494103650
913895992
874492843
168819289
209952432
476570406
680509217
368124302
201290313
996451648
435362838
144003748
39631914
274045418
681819528
542309102
713819133
121736528
287876421
622743585
773938868
585829371
932965510
978565389
413196591
215058454
690600366
559365200
640481625
565299264
30075974
400649059
695451069
153020140
903251649
921702972
659607891
755502421
777215113
708864708
658681392
557213734
522116864
472705813
835627567
283354144
636530174
419019782
767575846
848897614
850079864
832747745
75276272
327608354
585779912
357743153
642893974
540904778
251261937
725923140
336966133
272577259
829800145
8501753
822096669
995406027
253196195
928281198
119698056
707307975
488075845
357940672
582817035
77668564
188853765
469908736
410671346
752665446
293123266
873940899
26875464
809606508
392063594
859497400
496484327
833570654
519361009
782273148
954093978
431769701
415436038
189539351
642465887
508272889
856778812
886982539
389713415
570906280
548580421
452549534
247483665
485687752
16172645
332741700
354525568
263705096
726857464
179795805
538943198
440333303
607100490
759279770
298109366
648977257
503803709
463143541
677194934
125346755
367481711
104556067
522965791
211187279
954168679
711829719
200899953
435335289
756891645
945680406
136174508
881423738
439115269
803462694
804234305
451465895
362798207
385708745
430110989
750111888
520052204
606223132
74986957
692912030
404141296
360565650
455566572
737235077
219227195
793911914
949880211
322237567
293224112
940744420
177456349
458112294
261099970
229695897
782769949
491778775
357584844
299147272
947365908
67956445
280534336
462296809
307700126
459071624
878006524
901440595
938933642
930865194
986665208
574475176
156576281
898340721
434760209
989567112
965147447
963150927
401703593
917623515
445259452
801524169
814107404
877140353
157500291
552186804
345166332
408320264
989386130
142388398
257274108
490457455
555826960
570405257
732190079
754285227
199979935
871559007
419533578
875644620
840924488
498400814
777378012
436919031
138668857
266738155
788904550
832282697
464135158
373648591
951231681
324789419
598378482
345226587
156545187
240432989
24454615
827582875
360673
794422953
277652313
624265463
82930053
891373606
997927882
544286910
885607917
62935222
880122418
294271572
611010828
906452174
726259068
238612288
724967607
435750569
706671293
41089699
630581462
120821646
337794035
167053658
636403871
679955912
635154265
727461211
268514016
194600399
997118545
365490669
898397598
536161787
482677981
796315067
732625926
314771393
497511288
907450866
397438180
604532575
467334544
725877092
825536388
306553707
203810350
774054557
362203412
950382294
761973619
146602106
734580837
987794424
669890577
274902735
538163118
253856322
73006077
171468945
364146585
717980644
523125902
903390487
852013600
661527278
700832256
525650918
511250836
322170620
275058985
176437506
951276564
91080616
363203886
460881106
102385938
909828428
134514756
703111917
143215052
194426035
640402204
194121998
88866158
516251990
672051784
755005056
407296867
918717681
564286288
761012828
733291305
702318715
92009850
365928285
270474793
927470432
156770012
988100316
165720407
520434441
316849920
794192389
738457610
298838403
53184467
56336829
134778332
682721675
293765101
41662230
962923248
888009023
280904195
841473966
117436582
20497950
887688517
818838070
690592436
304064649
27256341
799743887
737424187
716037759
768278304
759095295
233160405
191085584
192097853
644946882
469576753
713456534
748629851
274029343
94266325
750811946
703506198
70821235
688717432
492336154
628437985
495631314
106239148
112092496
382578905
348070761
87118268
786527088
272175211
211890948
635202976
97298059
938623844
875307535
248888900
917684783
23282662
278276955
215221766
172890210
59410249
697520196
925084092
594610261
587146656
796346702
834148869
632773664
219697258
98709418
40424395
758992314
687866525
604753320
504004863
330126348
396169197
150889994
686712896
393235686
264049256
554447428
202411786
371153121
311242809
845630717
99706813
921694352
984661177
219809684
215107157
352319157
654532649
859551318
745892154
911481306
915120572
976168076
662286159
588664898
829213578
709779397
827927537
279303310
306144458
116197771
503775093
236238061
120150673
633538538
348845311
811503816
302395871
529788191
854177865
621903133
454907040
81243762
177387389
587953696
345350471
399915587
497021850
430395991
601200859
596799298
889654414
157297397
598130336
893763855
119846577
522357255
187324656
253987920
306848182
20871988
877662939
860732493
505140089
554057249
10851746
689764659
143881031
501045525
773735350
958847963
654489239
891181169
906417960
685546914
322811471
24387775
746966182
286609334
904069124
293992557
628691981
505098975
715043495
244547502
802373820
433071604
566538755
567947857
356672477
838792586
272236592
201887078
574845194
143845556
604924896
554156668
162348812
560329369
359513720
653802177
657592921
749286374
249722181
527663240
825423788
221524502
612717668
855399518
507330664
441032543
151163478
24732189
568125876
472383467
799672444
133950284
800184450
67478756
65279244
973706295
646367509
495660297
132182578
886454036
251624007
101093376
415516034
681770321
19073621
28075089
722840862
502888556
543421774
859869592
194908993
294820335
250725468
624378286
291470156
563226190
997880419
846689658
387137700
980311161
582883283
175868697
208323067
539787631
402778217
505803847
723343269
149209626
293791427
711301249
55558776
241634012
675688456
837536370
348228481
583348669
123542070
194990907
28661974
171660656
358026975
205061209
337895942
414040476
802703313
478149151
219767916
507389092
413103088
665053924
513787695
491961659
823827814
48986068
333695543
317555602
54027478
51594455
647097661
868045323
8605572
388039959
680193557
195085923
492552009
127929402
119690023
71322001
326503234
928070907
751953625
848488189
1992450
790625698
7047947
203971595
611749746
322169287
373648948
611320782
693698859
931179637
822536551
558879610
76731068
464139500
869432619
424686308
818872544
77368856
962430452
356538396
984737974
997146670
481959944
342559698
172589086
460176444
45035769
395501608
554773359
515364944
930028779
237363462
493478459
520029371
164813630
527024118
693990608
884863399
952379288
275586167
449297746
843026432
632432765
968875113
892140882
178816860
601560377
990144075
145371227
119955210
980255300
175149847
239899883
417094989
257963769
321896866
221290441
255555283
602289779
601949824
521348015
694539885
59162743
506921198
960470260
374424553
938992059
176288853
771250699
985818258
942872038
641673624
907152508
191917512
227006229
654595995
256858050
445635939
602216328
942897945
763524514
867371660
392419127
742497239
543508004
114523783
970117022
664150915
3845217
601284012
332133160
539502812
677950575
355129723
996408219
313833394
635184799
352076816
160987466
563537722
964508999
630358366
295286224
757197627
293763228
595227876
961442920
686087570
2097915
376242693
45471094
483661268
370613691
696136308
73727145
778703003
468649452
983383774
398037238
363576517
728627548
313844421
815074568
565578618
793048143
729028234
565571493
298825053
602576531
102872203
269158099
208838463
771420354
315639602
581936242
332976766
512580449
379417823
869318653
475801930
31183953
186652382
417897445
201079715
961989513
337268673
3160051
784151276
880404853
115461890
634958783
4239609
759035617
31350210
987091842
699896936
643189640
444259743
195420051
406411077
274490771
262457752
645548450
439086484
296673049
520415589
570356563
741844263
700923008
633979678
812627917
236972762
450916173
725592027
387679748
44147367
857503612
570004898
361752870
536907765
269183147
261735472
798964857
340563100
845809135
82999957
587452444
994878929
942717141
737420995
911340963
588241332
88718524
237275451
639662577
152164685
906611096
725450358
718498096
101666474
938041412
333899708
839143127
102444345
778760595
849997764
865209591
591608415
705093033
837530942
597865745
426333717
477429904
908830971
113123571
877648442
877974651
269154866
201849537
872759435
827932080
617296449
542454547
15233284
108326506
982057443
290529298
713978298
874281379
848596064
847419719
27049208
501683728
862013878
739220145
320338198
939408308
797370490
200354579
631918449
746337655
502881401
209422046
782940131
517933114
804232292
535092010
457838856
385242425
992009642
334821887
829118132
460996553
126055787
152982831
435728143
793571097
942321657
208041648
946560411
831626682
18248574
196647258
307304943
253843949
908398314
201573970
312930282
541608278
451474702
549845341
308060121
370470787
473284869
105776728
29287048
425838332
664291529
81206491
735674188
813213814
590635205
165168874
952736907
950663774
538588924
716343844
506196687
43246033
49237523
606706986
906906491
213555840
432350390
800211974
111582088
874262644
502717024
622014005
616335411
834671032
875280895
725815611
101899088
481646953
907383073
732202768
964389571
88802854
778551873
778429633
715117823
269004729
330240814
752239537
170092219
353740487
185265773
207556104
505934386
559823246
268745056
25707291
205825592
455637800
884373009
73283541
996783702
439990425
953083991
929277383
839704346
26552016
938270796
438384944
714914570
673032522
374108265
195585252
287256533
481481163
178050487
167472857
83095627
207904657
30592360
420197951
644018537
532795325
230384248
182550289
421248791
761240017
397889474
889410424
251405397
97986304
938415179
960725396
407714225
206764337
696978659
696253535
4678540
771587326
676873474
644211227
232388098
3468285
30099871
594284902
330921281
949978237
745043159
727592181
950093695
538423704
136420470
183293929
684823193
507393402
510629673
292534311
430935411
412622290
832514944
861314873
393042893
223279288
611688882
152693519
51079495
114837515
464426563
370090745
284934936
585819424
186903183
912098280
971048179
104809425
982522933
750308993
525833096
949883458
67381784
63731122
823612869
366406997
307774179
399803973
682560906
764229860
917375778
384821829
209081910
891239827
164826881
687816062
530233754
432679884
398491715
968289817
679556918
60639819
504127835
314419192
512061231
925817857
951145464
53786833
126960912
704246608
422353104
754602028
712405742
823569623
973327014
675011953
716029681
78333313
341470311
237346101
642137345
446776879
641455589
560435312
133317012
911022666
274407909
344728234
312214467
541944199
582797596
754433771
330999462
381319988
152062909
973537303
924668451
608076935
156035439
102077981
78717024
76577577
103625619
771990612
411029
440206714
357944451
961550523
394176558
492457363
935139093
12652331
399411476
907346352
627160165
11873901
897209615
570483257
447648830
5852533
504515009
895882295
210287573
648420506
574037234
177100215
84837112
791485561
648646899
916408943
698929166
854943676
401741452
497592829
60410616
872741313
915510819
314198554
709580125
516706198
267325999
890279342
87903843
144238682
148846765
315448619
669521455
26430422
6566171
901696309
238192739
784905322
372091125
233303373
368728330
640096948
200192652
72477208
365695153
688055704
773337709
445855230
183766326
592680276
800926382
222533023
816206614
171755971
877157611
352600761
728230217
330201953
83517092
142416567
394204157
713420592
254303271
388853089
946887694
883444241
618327270
904238331
886343345
452505426
403468007
727633885
447997705
543733639
83986752
797544804
646372701
362708438
62384259
603171220
175413933
185225842
338564515
957973977
720709076
931367257
164716289
531155979
188694882
892869606
414723198
86226477
221070222
58927506
473314702
773651878
623839155
506543966
378487185
566577386
574085798
971860402
374584559
345563838
614908145
935036436
538134663
144858813
870582171
896978347
109563761
102214923
516089818
43714394
324582633
79683991
325284871
352604668
628718634
476028724
971105726
454602890
627843407
55310365
411095941
900913418
758458350
250146914
522703511
518072324
160101073
940107499
653401019
442798866
966103200
362915181
842057165
836434364
88561832
797064694
386580681
549540596
415132531
541768649
100393283
19242493
42409081
521443335
959775831
297698836
924363335
725998585
816134991
514383983
431745363
178615197
672020917
240058564
798268809
952832488
563367722
249360260
388274230
14764305
943111308
705784371
730631048
522025328
510446802
802840036
245565993
699439977
663663392
173635719
451525138
625530773
639229941
680225425
714757931
779835820
120804622
676041954
276575915
867130680
400049881
662721725
974474919
115450631
72487785
452639351
756595639
527921654
948013858
415724270
199187659
705100748
394996037
2467414
496709796
266460490
685838754
200020668
399282718
596814163
602792187
835827986
295905058
269860468
570978912
565025333
440740377
38598595
129724881
161607313
66959774
204801788
753555473
747156471
473340763
270738978
147824554
231385057
649429952
332360437
835685095
488971690
560617240
417534245
162478034
193977179
946492260
172293331
884352769
211399231
552191257
400809744
153242407
376545295
256590125
629401543
63655576
112051149
498884862
820287915
790538
249014857
652034162
453074881
228977847
411535843
165783798
62363487
334450544
980382797
188992606
44984047
154976006
299185129
944547046
277996853
921130204
105673749
42648439
275315912
555081446
875523223
354364180
633383053
874633419
728769409
377728543
934887274
908647188
680478990
552525909
241902294
676682088
787852363
259682014
730961673
235275395
125242510
306634457
499425804
951921279
981891822
820321944
33315230
628353541
187465836
974076393
892188105
830581388
192454484
568791152
815498918
891193081
117764705
962552098
100136979
31009500
812477996
923751745
873605869
925849740
466481316
429582888
473133506
29034026
872309535
812064541
538893022
800482443
661287652
192147970
543927434
74218446
229199588
213202680
700927348
635946031
702740055
500135987
88799897
323287078
490356379
575160326
98020013
250476127
302570419
918248801
353576986
459755057
46290412
853479106
819015879
243168353
81116265
562161301
66936350
624366839
675160755
44488192
386189670
706656936
765622146
313436278
622776105
562412409
413057372
272727749
533796058
110025734
508288558
198588486
115881954
657665320
701547160
517560989
556402722
10192152
311925608
445635103
279078755
970395875
687263210
2778817
859843343
474797421
246973523
887042524
590720805
255392671
518198448
429233657
595492089
355033648
625336631
184366432
794021982
158658942
829598709
970853046
577245650
614503005
34550377
990948444
418561303
977615237
855796379
124505959
758431245
702962494
864784034
707282137
938871590
72261516
478926123
67643799
57348565
815428909
540431872
746697507
767595293
82552796
720723259
298924570
419292590
327668163
457978286
887414563
349020447
348480222
269994725
53051079
685054318
595727430
429184395
646622625
728431663
826306626
786385011
915557268
228546745
557041294
450997075
122247958
544650776
184209245
277050266
210562556
607306384
310829973
819774924
373892772
419239286
864728558
330208308
98477053
676214182
87379340
215102840
51808415
594468311
635938000
744605326
40085339
772672149
626920411
260779222
157751646
27297939
133423587
50384566
993165675
2538505
126938473
776395853
209131797
631529110
885066998
432268179
328012201
702090913
370898054
63247154
856451462
737879876
205456161
314288148
282446330
924578711
425729760
948600650
898619228
397303366
954246644
273359569
603337331
331527928
432546899
867069504
935420906
969818460
777401644
277793824
963336846
793339753
809272216
214095178
655054952
474029570
656476090
738639372
596243752
282559904
344933529
937601910
438516743
507222287
207790972
302384857
16033706
963733905
184328450
57630613
726688923
955643506
296268024
714616531
658555354
796589468
410059271
125374713
182364883
811135717
996090903
171928785
22373427
732282693
135260429
6231373
944795226
525148861
148101514
101613579
63677013
218344671
196702423
726348772
816470734
949907614
703641456
545431981
706564569
628288485
331411111
362145585
712668618
890355923
620963503
93331235
545537263
395441190
453309185
962650535
704943496
631836118
125022319
447221666
736773866
777775163
712777473
978313905
681894475
134968042
859576721
722149207
123833427
110247799
390312139
607458105
171030909
56463990
288095302
967851598
241728427
951385503
79598051
959159259
89004165
938433824
718432688
296301724
536775698
957731027
492525116
40208185
715242666
147802515
133692110
177568363
169226167
855987379
20223153
846898239
880704465
155756731
643646776
456000830
547969198
427395562
126163126
728801978
957725121
725324867
712587780
826807201
961462080
318719605
235524582
685849581
214951754
100194270
644243622
317987963
477984897
217688519
962616828
705005824
715415762
478518370
953724042
806688456
528430943
350254655
591594914
944177553
862035369
383974111
674956911
615737512
437950587
305630933
917553001
880461625
114539100
782661265
598468072
907424699
455444538
652155263
706679913
108626664
234240181
395519463
877706722
388522406
850397780
526548177
604274025
388081162
854654549
914947316
185029688
719970722
6175905
867449988
420717592
762632929
409845895
324096408
502712454
169039341
398770988
576466175
71921289
550073891
875566983
27189529
884592568
752986041
444810812
694734505
802929526
370735653
313425905
884527069
574908273
644581966
98169731
11164919
186378145
700993393
778631931
961783570
937369836
467149589
4601120
776316720
242514576
278968429
880832002
332333559
174132831
564747590
955312646
278689909
982757687
775036010
658734216
703877824
155387976
786163418
816415796
987013614
103556780
891309048
25148952
492379342
616772318
88175249
829342234
48190655
36818150
808920435
992850975
283265172
88573451
579237059
197461211
293579344
781375637
407680176
538992694
553327768
488604082
922463846
95413522
760143353
989920777
589933958
468587950
635101303
175020706
864539029
794302766
782057623
224713937
303960171
656735232
762220652
225993114
531670822
135263578
711825354
743781966
651621031
794204950
276786807
908748990
334613185
65756617
103086505
604844313
395483009
919374706
12554486
421131119
745221403
392227244
844537385
793333722
78793957
451944228
590876959
376262610
149071359
50322880
158179618
75534284
50699769
843068056
904588965
224738383
72031825
950433674
845154717
666437027
6952589
784702522
767138649
295066392
204420531
440605768
354513756
698036615
163979784
407364392
994105383
896899215
593421297
761735321
763262071
302372903
284850133
841161528
375845408
596095690
920810170
216754217
672265916
862084862
704723206
405625218
140210029
826550956
884900671
953360352
851519199
622080121
528713301
327012419
544944678
714047814
726833363
798725221
93019755
972270131
462977952
626946059
657090288
235350365
120743791
598848888
568235544
481890085
502325179
645617318
456585845
662600734
346277113
394163921
239120006
914207574
591268827
382181574
450533022
769568475
397703061
734924447
157730859
283886151
497011747
924310451
866344297
935727881
930811400
903221626
534991850
885573015
422134008
237321495
650156651
853828586
126554259
856684472
319384773
233582847
384244935
318580171
641190240
809248149
644468457
15090012
301118120
678496491
72443977
134883240
775626532
764325014
147261576
517053814
888125323
729186282
71696916
53870369
328507578
403080217
221817976
226075939
312683135
703977892
965383548
471179228
842651935
630817318
183480277
215312229
484617565
741000107
976144478
935920195
259257420
957474805
755982664
355959478
95095921
702712215
540474318
798288855
125022338
528938624
550549474
228191722
283110779
453715141
662175950
521244839
597590841
419560308
507171683
925696133
410932037
845748224
568454805
980887317
101144087
849194233
89788112
346777007
508373146
890605840
399781523
316378707
552677091
758188516
750219642
490109990
191133832
479986363
832225121
221725046
418751561
358882750
72091339
994370051
137296714
623381860
960121530
177009309
434132415
236550058
840429220
248549669
126120051
657716467
976359100
866213488
528855737
165504094
666300232
191222036
750644918
897768259
765426127
839954181
210053733
156649680
653595537
8161603
691314001
295202402
933882236
193802360
864199967
362798887
899288069
729027648
718989158
706761818
725596181
548734402
920105080
522866069
913593844
495250116
557667444
198682449
499413252
216566412
632698197
964582496
88222231
945781071
695450779
177303167
165772641
49790380
662883815
866410396
675195593
491744349
220746801
780701531
871643915
941687865
223028726
871930215
779056366
887564991
303030023
921988868
857828716
660205842
951700993
948182574
836130822
725986855
435645520
678120248
168255926
119160015
633320714
476835652
214130348
369129895
969536784
972906442
102532203
667542437
290737497
915521869
588468895
726710455
133555960
1001688
976497414
658341218
809786774
542709891
307702111
89062096
274282925
958616101
167623032
794510644
693191523
336160587
29809858
584594501
760229849
893798438
323853199
923035410
134151805
544000313
597539037
409109583
819950794
568286180
740105952
374151176
499833223
832101230
717783986
509801887
99244732
253579560
694387455
534647460
391863067
984901690
226163518
473635671
621615639
511083547
233278670
277741470
135550413
369367071
527202445
30458391
22747854
907457081
652542649
578804553
156088985
927405299
62520372
586559705
551204427
173787023
368655710
537391724
783918202
270814830
544186812
761296459
234848098
330807272
726455035
778413495
273829327
115414527
460196905
687114472
639987274
45111862
760693561
298926235
23674603
179803052
560224753
561299097
782008850
319148722
667637224
716764654
773236368
18297040
10704747
862057271
252999348
710648270
809803888
791975162
983431324
60684316
266708240
992866131
762726879
806376112
447600083
906739967
782278007
472551874
871394953
323182582
902138819
638684591
665916976
295084617
460400502
371363462
136827369
253526258
287811381
124429264
928516917
363995509
673936178
465806085
913473810
634497211
575784820
806010182
131910547
102394238
684744844
763046415
99731784
132888267
535161297
878995096
123099380
54134294
127699510
271985312
101246635
510340345
398681515
403650707
813721642
446118047
727642177
713925470
653492737
659889916
647092570
808097471
189940301
975931524
519969569
24500514
92159943
114055442
320758539
683724415
347876824
770218514
727884129
687683357
91153827
603305249
689675906
901379186
180300870
871000191
262705837
520327027
250690059
599679234
581566309
3650273
315379232
149368034
303383760
764665669
856436096
48059590
76361361
202846305
51831456
285691076
685027901
561809879
304171964
356693193
363262337
623096380
222784504
301252394
472474364
21437588
87303591
164035942
775164693
721058974
796147222
308409631
545780782
803652571
642986474
184658117
354362198
244774891
470766030
295601412
899256485
100220552
814154937
793662163
728606193
551224852
807020768
203378642
359557916
370582642
248958800
156595510
925526228
3808194
12479991
456476672
139865157
864212871
768097842
714583667
118617146
536199164
889529015
382521064
944126153
614716964
212409466
189982334
352502447
212272676
561077837
124721425
828135363
641041036
920568877
993530251
976503944
111986136
613720309
957368772
481620608
447454961
515817035
631817716
724680954
772079039
392815591
393382178
864245544
355582402
94769514
933225155
537131876
824227759
170954545
764595781
597347684
652704817
792485710
268912851
411036610
362900634
699293100
326826909
143905003
227477863
225738726
796680691
647563299
723578993
145806384
280124569
908543822
339145932
266820241
649115378
629567743
420404234
522385230
851816193
110813570
157008540
697789118
320498036
504660712
687415724
426135824
235366318
236629107
509014212
287032486
977071413
579737366
316328690
843194199
481539037
500367344
695805831
702668232
384196204
934377067
903183459
234884400
300117684
814562307
931043087
467198142
734795443
300394583
196672315
369501712
32501215
465532112
338058870
805072422
92111692
671905847
168665412
282491311
173878420
241313337
801167707
469737951
857899490
328396439
136252890
641091954
728643155
474226727
673511207
432113059
827241973
283713566
721913072
474994579
724546138
945533422
613995247
394680526
229475801
237571356
76964065
715602257
947123773
85207293
506002122
897635866
923659929
340984980
370586967
684612147
947851885
556486669
798156003
252383598
330878993
698149920
278290538
606333998
717412112
928338213
333000377
34817692
305188527
307884062
73941330
428965642
62303984
51406322
638588495
128296091
229067497
611803197
434979620
537872188
459974463
288126532
458113708
895627096
610556903
347244716
345098164
15058013
420976985
804017942
903560616
499027332
926250701
50100901
89929576
7434799
186579843
43090950
258235589
693899268
253767526
680756612
94876639
624109778
699549226
802086057
266135230
944061534
715519645
143188108
979558020
482651062
485815910
243851896
842992051
631308241
423159553
12851883
439698528
330242222
229628382
914871507
93776463
428299572
856366328
404580174
339828237
761379029
445189367
514015671
931421001
507253919
834325338
208868646
463905872
123916704
831423217
81703847
888349884
567502628
905497841
107138177
520114189
327323531
300663619
744779846
782283990
803161877
913441461
224415012
1498375
532045749
936224974
423580490
476069271
422619529
537609636
679132518
559325153
197682506
448976178
255098884
470721751
100625133
106688530
87254631
728481793
561338757
486938240
903750132
303355754
780826613
268805880
415050983
693196905
397324354
38214259
206224567
361074415
573992614
139676532
629739390
833001164
405065404
131661344
378057970
906141449
220302240
771382671
642328147
851999112
148891033
344197095
853061913
849452556
473566762
247836724
939460542
314093603
143920937
776565874
240292421
603035617
818952750
887763107
822721228
85803061
524019214
331173599
300778431
895140544
286446883
846743661
128169547
365131046
78190916
242720560
453238503
25338576
678540893
866319306
91900917
710513133
309971988
951244576
499092483
184722712
850000037
629994437
781610730
386189602
770205718
40644139
115832934
913551691
671671294
905528
142836609
994103926
868203045
42066089
245601723
873338132
491609315
152428092
897315330
674173657
400731724
691412735
44282639
404408938
650290953
558558480
810126995
605742063
63371280
472741809
988919969
641084888
675308270
651254189
907359360
561477965
403078376
938632112
923790067
452442215
995428677
356544368
838844830
736048983
514014192
988472254
295694529
767397413
459603108
981482175
942930056
465926813
548470068
318196501
650893660
595721406
279816377
364835932
403988370
510974582
678394907
489225035
525392615
785320158
149942568
619425482
23485160
122720564
477116822
15909534
898254703
783139323
626399984
766182855
166298003
507661908
683846590
135885961
28270688
260313555
205024267
309328978
698784847
862108111
791903853
299369490
273982775
263906956
574592165
674193074
869773791
137277471
126923828
521360564
88547196
427844899
823102523
212954281
578823155
233587742
879106716
961047928
476978451
357948715
227972876
848510890
488146153
944573363
444463177
538277934
246350904
326693310
626373011
545490554
702654691
685361435
32640187
71964550
8398
480685138
426401676
720859135
512136202
85480837
105918546
639193897
634501169
521211893
634733358
506588236
669123637
618807657
756173285
921394852
196623788
296166268
977986427
375719953
996187806
173304704
769816635
393194233
496750414
485396493
973340845
925005405
597484486
41816139
622598340
31453392
548870867
762881270
251233665
479731728
258297763
475697643
806241027
489263726
863520782
167437750
382315283
915360533
628304334
245977672
830880241
979968291
863014774
642066580
304863139
495829395
115330477
876550655
775432544
743071747
29476170
283695072
496939332
120281934
76344721
736194406
938063823
540972099
908021925
501094903
350941262
424698378
139031139
500065024
956168917
806735282
750857838
79496310
644182280
702015504
393009687
719652663
210482097
417938978
883061744
8963781
660295387
728387833
16325804
370433570
686712995
517022039
581909328
159682946
470651392
814626152
670462003
767773354
95560722
764600025
817419796
580976012
722332495
923912828
596618117
408159584
331627241
602590006
351814547
234107975
694460822
280296939
934132150
462289739
871831407
407993615
912720243
812117750
331958550
463105653
407563021
980141822
170978641
805100668
397198894
944631569
914607684
947931577
690925785
865283199
776150188
244509871
963186669
605514205
303359522
53587367
90453554
515269966
70519423
635428475
353915661
842111821
989550007
806478482
29201561
485572894
168437767
67900760
931293630
5105579
778338473
817318507
76023159
308957550
814790565
915872070
308905056
435328690
336839571
850138841
761843472
690641589
307066794
822402861
795969526
722814116
350725741
862551842
928452293
676890097
554730120
259283530
566092376
974890722
949632275
670540878
365496029
997994863
609564929
438652503
768677528
285742390
734092705
754999597
747896104
946501868
160550
906929695
80898692
170112216
573595052
425446144
947687124
600170018
839494995
559652391
277193818
183934714
129227067
799588234
463992993
982200653
314580836
414526530
145627771
922685501
51753521
320929973
759066710
251242841
958506059
542747449
396088838
105049513
763843815
994953106
743823417
841547547
844757659
664694069
865722547
58915868
913468315
544024592
452930916
391076982
778983921
161756040
106520702
291395783
993048512
124449786
747227387
684247166
243669258
115216646
788984830
905203668
121655559
242655344
19497137
938530591
52695040
267441289
560296358
697816822
134963072
615103470
105197266
82159663
113608781
278769846
872953980
50106414
396055026
692798547
633020322
546487250
168892939
878648525
169230396
898890443
662225357
716298198
472702750
381991723
973932969
173677264
537591819
834678958
928298381
273722194
962751600
33719151
76626816
375001226
465046974
416701881
140457822
122811737
153583969
404271307
444564514
107019155
240276747
19568731
564518766
737801668
912094051
419946640
197536037
234904679
501587236
741761828
544199179
852862479
354633122
982328077
642275602
865378407
882137186
982269209
958529601
281119307
533489469
204957952
589746141
553263450
26377898
2298438
798135186
150354937
607423587
442488446
446390193
252959229
560323662
749851430
128539033
33866983
773723675
972736600
622262277
443448055
543538711
156190009
265254347
478991874
499985217
440561475
335067439
692943218
180601786
321769354
763321675
543871182
55617245
607423812
735477722
375012626
215187794
329431322
811980639
834041969
372195613
900103576
226411101
256679713
735925742
960980937
879584490
749735177
375240467
376287484
659304669
947220585
333625422
53034760
307722744
805571217
431859744
631424740
171253696
740666247
470401666
664380184
678851828
626956393
593460476
721957654
249553901
299321523
126741180
252473074
925038247
365304081
624723625
294322772
724465173
458678113
639107587
507855942
873915003
602863313
294311335
85374643
596300387
455622505
826006372
65524534
403191428
231489467
646946697
255421231
59677744
183960777
317109521
921650423
16843774
395630266
51317533
720193710
589017965
531947754
922744471
749917712
674072882
980315895
644395454
766653438
499182685
264156676
157546381
946869907
160501194
759458322
948067219
890103463
949156372
226408985
757124498
991278326
303014110
95163529
732584094
730492884
678624036
656175991
705880793
556841030
811932395
983531569
149386237
828923120
877494601
790964432
645989747
672828222
858715909
482674936
828135513
941856894
754846167
696836069
30116795
520146829
765334060
720313920
394986538
242956211
997749650
796414090
926578521
424406466
75399050
771663407
666639666
500570063
59321559
47589415
449759698
474364844
154484141
648709604
84816141
611454407
450507563
616859209
124639159
797213644
736572234
155004182
728585452
80381813
617821844
44266615
315928482
320548098
331029969
837345630
464823667
173613889
627181971
25916384
724224942
213206885
447717805
172812802
990602905
34989343
622659255
963590894
226424340
10405448
450944515
357885583
724307448
65944763
694314982
430474356
311653909
984142965
49273477
906389662
727487793
920334453
768492310
45290657
188701372
417687709
212160507
506594820
78566052
391235346
791630613
608906486
583756257
428074706
528222186
27221998
49814230
499685340
203545455
927126785
212432444
651434907
868342180
866116304
22978464
844695697
535067090
108311879
613219461
132487579
242370378
845724378
112285648
8443858
352975626
127390238
750706267
308080200
302343177
687432019
376741677
142406397
197160282
872019418
56798705
422514416
7242155
878419291
724257216
230620169
876747179
430034276
587429469
606668254
441678467
688395241
862803443
366488480
157307589
534832267
562203584
426826874
879918954
478900656
245215546
552364906
627990106
91884792
652964373
705213387
197344646
185734091
415319735
324758427
953914448
512438539
163833071
774586268
558878949
874305434
234027844
746082679
995113384
78473142
486800092
990253711
472233836
525504465
566886918
494648938
191422479
763631209
7992841
885037764
824895854
692181103
967085803
118205841
740031479
683097988
76160596
197424320
282925902
400455025
484364753
556082456
654403086
801224963
219872060
922855315
447441663
660352840
733812566
268678754
272425382
607050816
190218114
709719519
13181942
222149974
679047037
968025304
736867612
283254596
480087870
763668552
301700180
932585577
624299159
294007137
159096368
649926549
642766838
785401272
720481455
85484078
404862918
634824230
184729180
655669635
183406674
703355156
38029091
39915133
487346758
158757845
252127479
742010763
590865526
871112737
100930460
817376980
254585484
85791556
626005480
243794083
3622373
859653806
193001800
852319486
522909946
657960226
964317053
168229253
133296117
56503040
629050992
57117719
480209964
726950031
224425126
458679030
460567861
247691268
386445403
595330936
868907658
303716687
425224027
114146117
345844135
217704209
457739103
188208753
672452520
701642113
159488088
64093896
31961015
647123420
677493071
907273644
340251325
500656123
639585582
797335649
593681053
397687655
633612714
983044883
431970817
634865512
520848701
671627769
729778948
914093763
642901526
724633197
388762918
836034185
701934575
979686626
792536707
932868365
595044410
989982938
565878969
485726514
439270022
426499273
570801490
952073576
155907555
561678951
626919771
397028444
569765574
791905454
835589897
312339317
37901116
377274309
24016239
959653462
656405219
604558742
409834097
425227588
7865432
565923092
752986854
153890207
598685801
140285629
660128752
414337067
178298446
245277606
416895566
995725653
680971066
139556146
220090258
775256650
302182498
314036955
885246498
445294724
615575773
471761359
44678839
960725532
421513067
556694149
21301029
188694703
383099510
554926036
396211619
725485875
273758795
944315838
270391128
105646796
647574913
926340020
724819765
616082812
527324183
61749970
197845527
825025342
806194845
907626400
831500123
433015739
475225908
588991774
853096707
315912806
353632822
786807836
500852492
835245278
74827781
982520950
31177395
756340921
105479461
180399594
306940485
369389642
734246540
956588066
620146045
726998195
436083555
753608400
970681113
156122168
630872834
266951420
545585548
727173844
210540493
624074209
81446017
205979667
250448364
669245241
481765298
844357891
426917777
577700434
861468151
619170473
900703661
647310507
402923644
310967499
226306754
685746195
246040610
269222702
102189351
318147595
81014495
458028973
812741194
861233600
894292603
288801219
151000823
352381753
331812651
376237726
211871832
197079744
399728630
757511522
740619588
862448264
12204474
68414990
226431234
612252070
481529180
891579603
156230683
655167590
743520049
153888613
459652280
808746571
883360170
674706127
423000173
414849740
656846531
360349410
579810913
832650441
329038706
664526643
524994046
955742529
419442359
11546023
991516471
172848430
829101300
996550059
271108987
437149783
469641239
566008643
973679683
904428983
828435527
878750544
445175227
322461294
387844978
249983942
35384114
510287382
625634343
518994334
379116866
245699368
434473624
768664277
749180736
535012859
857103497
66375900
812034323
886237749
383203615
536945533
31876142
480565861
97697676
860846376
579247265
918063034
475484949
236588513
450348930
751579148
789649282
720754807
59320202
61625909
63114152
61450811
672690447
28722742
69894962
767033741
318653388
91704787
951230494
404972928
491603758
281239176
909153863
345334024
934856117
119378955
373890206
85725906
128136633
710829564
968050755
749450700
801196263
51116233
353462111
416013095
278057820
410866116
885647000
539648696
943960006
419518419
851499014
802137533
242966370
985056489
860472654
894141850
2809739
624033224
416462648
353971061
960778356
37403128
427239579
935927737
492104130
203314770
638471258
917780098
840141057
458519077
981983146
816170874
392654885
194639468
173843645
882333752
979444395
198224864
229728661
713548319
995573530
660201434
995174367
555810700
323656349
479810629
525767685
844693570
41054197
958462553
270066059
661934690
321199707
786746527
750372464
550398028
512943178
863221956
610000665
352884954
746976337
888267746
275699990
837057352
839734249
822464464
426159841
863877904
687136388
285191429
963004470
776419718
285690242
193759899
312384755
488967823
888425593
247503439
449526850
571258952
513710430
570107457
420452417
145759995
846040883
171932892
677911145
609978917
497972951
899753376
969901124
569961619
347540646
723848965
184529626
854040769
975823404
272295161
22157216
458464043
190189690
579787092
139166064
564551192
750053660
481357656
411658289
503311766
203029427
565846
299740526
658594043
44582
49384127
987626445
23182756
772382641
780903508
462746465
860343391
543768697
370206734
706053898
621897661
400672958
31499222
306277168
811962709
715271920
384376167
101202015
104261501
675070867
68761347
525413430
564135270
353353586
317516036
76168877
688807938
689494636
74887834
996455056
946036253
802829401
987696128
547222963
839912240
287153417
446071088
288416742
813108906
610678451
962131155
941959086
160734936
867543078
144271472
921962997
631308408
205027
222608211
900277080
358050989
878803136
946307508
983563289
791814575
531619888
448712788
486830076
137560023
44510147
571656986
948166052
266321451
290645559
243309343
407010584
663238893
414835950
782089823
152967786
689050278
970534714
745918250
996472782
963386109
593635964
794457148
545808716
389659782
455634267
237445247
84911698
518489414
240508801
531854263
317866980
712553288
565467506
619434222
857818098
285368065
192813123
844963214
664005036
847473785
448037
600760599
814989485
770147308
241720769
564875876
599996871
879761185
977019358
624980077
24710363
9021890
814663052
473266911
531976139
475459288
809808834
846985947
767872959
224781721
919692159
588212913
667556826
634244817
356335129
57684402
625497254
814705218
522923719
367880821
736414334
525670034
834923398
261730653
519131852
854052921
500021288
880504654
856777394
679529858
165409626
526670442
529699802
849639558
147783258
270569802
844096638
995586040
659222869
965057113
59358660
655588338
787001760
869629250
420721123
566896420
991865500
228843958
681413715
130190260
508560019
92201650
478826829
69420917
125419103
631933421
844794399
545562717
382688604
937783223
55301946
782874784
325074632
691594659
635184099
409668530
313108389
917670732
400385981
905582183
858242646
881506003
870742715
517960115
466400500
646971064
240102091
587271592
318649892
230144834
111989116
872499880
115008642
441360331
415141733
594770809
321592532
319153547
8608644
742088158
531790394
705764348
459151890
755186769
715752392
220704001
66385741
72764345
894712326
455729983
570485060
831654293
954366988
810630545
588786067
733304528
43372630
109291102
569018638
585777385
717432773
631276090
716332160
281010023
636951271
278239270
362281045
459086136
424386115
486156480
648075790
465168864
909775934
325772994
159875211
600814487
494796999
766533764
678671486
241125196
928105456
728542696
297503345
25502761
890759754
417095307
805855354
630726003
626076714
650950097
557174966
10171989
792834713
175218848
35400182
359330174
640634290
546754300
272010119
270452960
436824742
111974907
505176094
673540779
752458366
694028536
406287315
271439375
306905244
310679523
466938520
835920982
296714592
574435400
207310438
998190753
167343727
667652436
887642135
654765388
665856131
419978206
663172914
59833129
909425362
118814531
195428636
215200191
779960091
430283736
452152707
977264768
856114020
937264399
198982715
298926973
290201122
844310090
666584802
579827669
260909527
819990270
613967987
131338087
703332064
297394046
604424382
567643430
70071293
442165929
38959886
549480797
910401595
206294877
327030207
405799755
555928941
931419419
358313402
723354485
533727022
812170853
36169325
163488900
728489066
316327750
12159847
167332251
294106218
783304010
986424043
888734886
114555762
537581193
220056946
202456781
118792510
824796837
443284968
203371744
191891873
240081572
209833950
751997542
4962002
345938693
126476337
559655534
214615176
71426453
466828247
990380550
183105661
208251421
37390674
336051626
808761756
429909333
353360692
10409178
844984908
241718658
745869045
630759567
557432836
931082275
777816589
642983091
46929213
567177722
109431980
450729026
254510206
687682339
843433926
458792852
463700591
969929488
569925606
211293272
971119872
451169758
929658407
885804362
327399469
15915923
358317767
704001382
809934339
147079317
70738969
428831509
567144091
920822427
389053179
138950926
897402318
70061963
303520246
290369916
632480005
411892481
775563545
696212786
583142678
528878413
582686080
350762003
697012885
841226256
219325290
281747175
502077280
935518048
456940963
719987045
817361700
129961459
253656668
851232371
387395836
509374986
259199870
930338046
58392888
133908676
533586724
882097241
581163352
708827835
35222258
871236406
255809727
544216065
87024536
544692960
528227105
974830769
463124726
839669160
666862918
690643746
156481001
176495407
815666036
692426550
565780923
45671972
285556258
978242826
60868693
821136824
279679831
486560158
94845591
767820107
156834841
542968741
568554317
1275336
313791134
93659131
371038287
99633822
290951785
621484944
584114038
509475111
578863927
654684853
252612543
460662381
636903339
597519166
812187652
219332208
446029564
105417769
842879002
812396070
29709535
294820435
187187503
543925571
677465109
829910867
122742017
921675457
62754472
869428116
186538464
794799520
903534458
100368197
257445505
796685036
613232482
233049856
23859463
688030183
237163830
135291777
960758698
680023200
918203574
446521338
928629991
151191368
782737130
844413000
475706938
165151917
766221978
953740074
620118821
598558309
587294560
760646530
830209465
405414352
397669969
965196131
929207780
38908298
169475486
416109200
26833623
623373966
879432036
831465305
329159048
226909432
343800280
73141508
42823663
458399253
584602430
825480757
941403824
208245042
808856254
833722287
782021110
752814118
370037813
128288746
459803176
186448603
781502693
898338407
456332460
252964070
781733085
665689022
970161290
188966628
814314239
325998652
881800579
460532727
617054736
739379591
410387674
486217311
554862286
119504081
296229005
699470997
466369866
381889495
285462531
979872870
528262456
204237570
344952452
964944141
968350745
22253310
410822623
760328251
604271251
979471705
807361140
986842353
961653973
842988318
956544973
914530027
609034959
739440535
756765833
262432142
699723034
174150105
841670430
380925876
933468759
107294611
529963242
510871199
162252618
279481920
959030883
299220927
309204518
28738576
239813626
746016773
297157727
446517291
627571953
545469108
794975785
149412166
485734870
698071129
462591951
256404881
904482041
510523287
648322575
637792152
652187234
137013510
984635812
392640377
547288640
10161916
376634801
976753875
472723889
43492982
245155952
481113098
408812430
837752555
331013175
982965109
71200341
146813399
182336956
184877188
574305809
948070515
543037841
133604918
941342228
558151147
285339815
708160339
130159798
209374966
807431201
337563980
492631630
828539044
362239828
722029296
170279762
589055715
976656685
574261701
925138050
378075541
988414771
915413941
519714632
231482306
997090375
968654351
388561506
470337369
683620155
572253477
291108554
38474669
519302372
426397953
520724049
956712410
42914838
108197993
473080849
529086468
307030291
10345849
693781460
360434914
535906118
672228818
269392110
335338404
828026456
186361684
575859995
287350232
895697699
375945764
713031638
270745529
825010708
705152637
339714889
559466586
621338056
303226116
192676545
455192209
864842399
370175411
190915337
249483951
49180457
819468470
426424276
493860868
122398017
993665208
131977565
979592063
440504146
891209068
735856580
265069589
557936147
729410543
205748327
976659296
154638504
778359504
403444910
239246339
270006402
341959373
167281664
648806063
234488892
72789729
503497388
439882200
223197707
478188108
559415973
579895069
731154963
174441147
86523482
303869923
312458323
183893133
969379716
239868077
506781937
843751437
974158534
296920787
641974185
675577065
68744221
660138212
456891700
936936048
665427431
181737471
689467130
138548803
442121913
243049621
182170325
935791563
306856443
963904628
430458699
175120299
206495769
60361220
386584082
511126545
204990027
489060555
411637552
986021275
215670179
213166582
74694081
992237259
39919970
436550165
143389477
68005055
664070836
541525969
388991154
158500234
77819316
646987593
616166676
93610905
571403849
953707339
14889759
2691150
774786719
818186645
791866548
599369448
752241123
827579178
937695849
442905279
928707980
403507316
943353066
798043598
371165323
401247728
598458996
527961678
327733200
356990082
862643468
240436633
382290100
80815800
173683806
957217106
525377898
320848236
899828154
903206713
997487639
836762988
499818791
949333563
990888767
130567643
744228217
176793186
158619469
95666179
174769526
416197299
619741846
654028534
240556010
944909123
71593895
956762572
181440526
588389785
545986527
124099456
169585043
94801929
929689457
172107869
598005026
959023140
182032928
972463612
675895252
282583046
335262069
897618975
382112888
391528783
718429666
662290328
500441121
171126224
234855039
694779190
116996679
246355591
185536928
984220667
666924294
577685804
169345811
534361834
941338712
382262943
666452668
652183964
50561864
140250058
516716201
660732523
653339356
768576819
262852767
941353699
779997694
177849346
497938119
169398276
360029559
851268969
492546254
748411974
358293
989140357
121365316
746310754
717848776
578051472
416849140
625764808
317774063
833935988
822342407
498365109
376410213
2521475
317713922
277817112
538949310
962013316
832960538
277172276
313284074
11762297
877912289
693106211
652659321
927830447
719815165
456227623
625317910
154964492
656976732
709963686
580235336
359929357
570399462
966606763
329811087
794936300
910161584
812021459
19163139
596644024
704196314
164502810
585570046
424598745
580172759
951902481
511075763
143793224
251641444
224132664
289942986
299228965
881452096
840868102
319785514
588822257
218151921
315484900
641282513
613362852
366306164
583762689
523233650
897048476
262433442
511433084
115070562
219014936
178121917
970054178
438619196
664277071
62304807
900308050
466569892
616003200
281139103
635870257
229509195
639380648
148105678
541089414
883527794
83159775
494186104
385120936
227721166
458574097
348234607
576876801
138461260
457955405
548799899
70078662
264393532
13795536
725936543
629616712
248159014
730657932
989245629
292504785
958296325
360520894
264602759
796033214
272857385
421826354
41273724
429394631
451046385
511508620
865138987
483230377
823039797
551446270
546068552
557866415
741905615
631088967
512637705
311956008
783520859
668951617
138735805
170709409
519611474
941677011
315314517
507254613
676497342
38090289
187574697
706191815
533258178
946118949
794631485
164611840
818608431
947006450
166960600
173691078
85467553
107185450
951384434
615862329
816633816
3823596
989799083
169659365
651904220
946047305
948711976
69263909
95145597
548382799
650621964
90245454
826314023
84058683
221646283
883648793
272321139
471079742
242867980
332554595
530197751
293196119
481553107
672834822
568272561
428216737
105450785
423892638
841749089
811615
736648263
910571902
778079204
949808999
458550689
612037615
212131308
742182218
296842420
203575181
669347218
546767289
987792951
827804645
233680244
98471093
2211779
289668176
936859215
970547709
450689594
748648185
673400617
473810329
339965389
869346494
82089499
582675617
292208903
124339424
798069025
698884835
721080018
177645736
101098121
630220447
540760942
742267300
166767917
204214131
51718035
90677174
165681388
118168419
907688557
953485737
47406603
545014669
457798111
713900660
477632108
138747480
461579620
381687735
502092358
192672532
686113580
588691259
947144687
247735645
428455368
148880111
109253947
857526017
628472969
99990925
879057941
861737588
672356247
647853600
797651677
392875226
141655298
383685079
705867942
318991493
766742342
732767304
113809176
650375549
109863858
814117901
548974544
659489737
120810968
775290082
852200826
687669550
23517100
167453167
27107595
66721515
515812224
444319752
882710399
177073361
245364777
842512878
363400993
697686398
467576654
861265499
395460589
55993133
548053614
507014099
182571676
636558149
59018845
731094699
218878352
918894956
947717223
909636821
777388461
550544250
498809539
902306435
893776483
876120597
141690644
339515031
831039145
748644875
79802773
840401694
614812494
926073166
797490071
190069798
125886924
228428315
554722510
706687610
561132971
184803793
647146157
732129754
917679932
890935015
531576884
713571182
764398778
543929208
93737259
347133863
871336943
663001538
402865187
215400877
33530994
700704529
195984695
665589225
570225376
59529582
298933366
690846825
751704824
237738335
898092067
471170157
34678496
140725960
291689989
373337108
373190074
669502967
978923300
459922461
753535094
546954614
125128713
857978364
965981305
465637900
185514745
628254672
541068829
923139201
855157701
50656068
173136985
805558975
59784010
83550091
343847385
514427509
454957068
781168082
843689004
448610418
173612965
283772764
576465304
548065523
612932667
261929573
565591670
882875456
508768017
13902555
552950443
985675736
621425116
578377630
409201310
573364389
13723442
957581207
692213397
549065423
779593726
435210366
697753416
556054748
492121297
81919616
754627412
609423562
270512723
62443887
721577161
383762464
734832743
368973807
381119804
257607583
793550098
224746184
835098205
602428110
851198242
294633552
906804099
668387589
488422149
262163196
755921962
712003803
428134852
703617204
4710046
818563670
706717709
915271930
620712626
945180068
26351775
640322850
65691901
245629921
574720894
445181999
9678224
18541647
729439530
666136172
950216587
822425514
133426707
710575452
952159534
522387037
884689544
322803310
768648814
161053089
15433352
763771476
221267489
135458610
531022507
420906058
204010265
511162662
646930516
450742447
165362757
621888856
549001874
474912334
500773184
132866814
850347014
629138345
420577879
874755884
992270541
450802771
122198896
48461279
695202231
571946471
87318372
687462010
279800246
746574177
965268074
647160097
962666413
290570277
294083078
994121283
329040944
337723140
385640519
615275018
66626785
520666231
477187864
709073299
623542202
141609198
143500085
640888365
909105041
272815740
90992257
692073792
795421294
433149051
536723112
498418893
859407775
540230348
275008572
27100995
121222361
142976268
842294329
705348284
128036131
108779615
401203274
284583083
840051469
677756973
528360887
107926318
331697471
385222879
961832850
413659178
244751071
758863934
720389573
982182392
762091087
865112619
320880455
108922433
953529878
650495264
329477058
648941087
301553658
857244499
434292524
429467377
116734718
531242215
623670009
35295664
295673220
710983161
525443715
712287658
498870392
420291125
446534449
613145100
28815355
414298126
720712946
409532548
880997729
946654638
471328071
627178637
666319919
698920272
649667636
943902641
240890941
662936208
413743963
425343185
99512368
882002552
169048583
325240476
186341246
172793452
833940517
156273919
642297401
355511213
698492028
631500065
442957368
568351614
125708103
737482659
922785588
815852532
121565697
524993947
908405046
74951430
18152328
851489027
293372424
547225462
154514457
270226200
403896541
325640715
623486444
972612141
138205936
848466296
820272851
242901396
399750345
163749581
70914480
588729051
386012926
432794737
520769280
268954576
894327917
852523261
782700874
835482301
964787021
777635610
101508967
215882963
257745458
104372310
808637841
104051623
891288572
140315686
795175512
725150987
611773941
92127932
43534185
80430761
113069305
322285084
253367707
574308543
639998597
144864906
283210485
406647690
392944763
959554555
331294565
597865083
145274643
308357890
948375292
312580523
894575228
681445250
764636402
653662713
12533651
723367137
84693379
326372107
554650538
963886126
390482668
147002713
380570136
676725175
590246739
216063231
140060581
365373059
173193221
812481468
645685137
972539478
526730593
522870014
218322203
651820405
267898934
93878385
907098904
605379080
102337998
118730514
685173319
967922357
101800105
258173997
882159979
381618405
334272897
965814537
7047272
298590828
50586956
116832272
166948185
396471376
973072280
552196863
710313054
275994381
513996519
757887652
348565169
821727701
819565397
626422918
367667948
575561635
470077273
332517933
339313580
119011670
130000276
971075098
812361143
965086569
176652837
69182760
164543161
578366645
163265445
126675157
859919777
618988507
753318961
253794537
204760317
349107977
224814617
288120108
478662702
210410457
335593993
883413122
434819476
778802773
809462672
973962896
497364126
601763934
943740716
359911674
854912184
875714180
309445692
684866624
486224074
803414266
410427654
594643886
60628404
580864983
411817367
631589975
221003786
706522021
543176318
622079787
206695143
291750525
862494643
794612649
984803423
433925100
445331363
278114605
665034477
587512245
946596882
465400407
421321917
852169321
706426500
169224912
166751285
761222406
165811527
853601389
827417014
236271189
251685473
432524876
421367964
665608446
767718846
299048705
166331266
750888997
393375034
128557265
773456299
691036142
995221191
918180609
883373172
28880749
504816797
50706564
75618645
723584987
321126395
345740777
355060556
586845824
320614566
751970789
39336794
532722179
304830812
207679926
849437875
213087958
620299806
654804379
902346594
970614693
499247120
580646276
960973823
58921809
327714072
961956720
438602830
404764204
437109799
682526026
45437631
183196720
594073548
292974292
497250637
721010983
271295770
342469864
198656494
938511428
23089892
477563165
700749115
345773796
823637916
473502226
548146078
912451159
309362411
718636620
276197981
997886213
97084094
524832311
739077078
172877530
453504234
208847911
619461538
851088907
578333955
50455732
579759020
675520594
69628226
851367834
187783220
361707937
949975022
466112719
946017347
136798192
814275942
736647175
333074253
532764421
751431731
670075955
526155419
365395783
704781136
956049946
416799790
40963563
582625318
361235969
713374246
349141276
763341801
780662928
782925615
830562872
474291775
293304834
817756369
744753994
679703357
370794177
87041129
246040489
569307803
364651306
8978254
38162671
142753187
46830205
312728822
873027146
376098260
670672358
478028005
590608942
547714884
571615710
619835186
61982684
617059915
442424709
871337610
240711688
855148248
246592978
271060829
930634928
748986277
34245151
798324729
124060332
183952921
651776267
66350009
80749896
99722707
894721596
885969712
184364854
162619454
501899506
658134349
725921782
380112230
468382313
147874168
757297942
453625363
927685879
253175305
508453602
394836781
904914282
354827275
554857220
381893153
204219534
538273234
830302533
143889203
540817264
386821916
245661526
472032375
308518100
411018563
769919264
56471467
3777772
209845997
743137513
176307115
368178624
648415013
388210124
2750958
82226818
381178374
6464117
912684260
471411738
536768015
421776393
611338887
106616057
83270426
277736099
196122675
125049544
814150764
851739591
172834973
52361177
448217668
363185751
283248988
944044245
53892064
250149292
8167172
224573773
225748715
955412554
228800385
741301575
855330833
243613911
213165674
318880675
961116997
82203295
980430897
930806124
256392032
126160730
327686424
911204042
175954318
755109844
387252098
873219980
604885697
557680125
636524393
542813922
553916873
462197555
380723383
735203155
997366241
308382071
85500565
570821224
343778367
786747739
394110841
420211169
792501312
793660216
884746066
263102600
795412461
589982930
171933921
460131131
469907698
560133200
898538711
602725402
373143370
327683056
537520164
839709473
662789395
491634300
352777689
755202566
402860394
232678325
161049114
170399325
58568024
119783361
378087836
72631523
578395546
760968002
278125694
927781333
918380895
419318743
557730412
312206375
837674129
485426520
797192768
284076858
690336145
316852413
233878027
975261155
917350972
100415061
234804093
927669674
47398301
551604543
477009088
946625986
783474031
43829393
448986674
105037902
427916873
673122545
830596193
69902104
381438707
569148119
967896310
664614733
368833119
562994962
319864618
486037341
341051065
308562544
781848039
56009742
64884701
381709998
993030684
844894942
437116565
259840704
62952095
43799484
662395160
812581720
91288878
250349937
949318572
577607748
799082824
919681016
997903765
328992131
313948654
624234464
59369755
288077393
289260158
143953862
675794075
954182101
981274879
622944697
35257352
217183442
286893502
142050997
960041989
720631406
382230896
825664399
246125490
527419761
602863014
614924452
873994119
539638915
865200809
958735821
330133464
745880495
630992907
272126068
52968070
595798290
583693198
589633157
985272406
352321411
113047151
837044800
560302792
84266687
222193701
757737405
876239360
856178322
564425145
610685363
586536430
705755716
592166063
318685082
151620301
431406150
341618307
193276532
466293105
191023920
876895589
332128625
21430288
505526908
359747925
307880523
226062414
467862297
711882501
508117926
586789796
137517559
281726405
498629112
622099826
108180877
70627224
971568402
819588680
106904476
45931405
442357025
915648897
388574268
433038795
893629449
908795571
187986484
556617207
685889122
196536972
958316231
665341228
940369249
863229707
390035087
409522031
123013240
889305653
461241550
652262237
609062998
212045308
428752061
545768239
369225217
498771282
826491810
973814754
285968791
878451745
759439182
599491483
900357569
343583567
64033840
813296836
640394408
795471226
859476845
16044445
539539564
760693256
177899356
903938657
159637592
975748540
894488976
163310235
667183111
232950112
751004816
984731973
506611496
834691653
42172725
924558393
902115745
992746334
137382491
943682630
518529758
751104781
417996660
85355336
605962043
257615086
651002556
119191044
133479504
759766015
102827998
730805157
235160792
414777029
283338336
577419799
620863742
534770665
638320827
950546982
298087922
952465631
986385952
312001768
501305575
184297016
568569221
444932160
497636414
210593018
654043588
847604008
898703647
895868594
126084606
316766301
83054287
825354608
615053224
394951725
620736881
670918415
935559084
748023287
428377686
561597541
754579987
293100017
760161819
811496109
939821252
906223670
201140639
113021037
686388579
41059539
678130225
845403825
80784561
686627649
485998917
102558039
247632787
610149353
80798352
432793065
542942144
59850932
905762031
670554420
234212559
430536658
732920552
417459833
435921401
971122372
22396896
606869800
289121468
301539807
718552211
254784243
42476915
93711498
229754494
162850913
373542352
615196702
40445754
594323334
117784527
954755353
958794924
621974917
582220389
109705853
935025548
299201905
977457678
943284703
543434222
528150291
211924668
650319291
880026728
786613499
79653851
732276051
576663108
823289440
932690394
951910572
939515792
659072861
533390616
791066673
125190422
177004627
523371334
995799046
92104288
605752412
716414038
931106444
624909984
265955386
673847944
326536657
677380151
341553296
317986265
907581515
383493381
805074207
881428424
414012624
740715653
509194440
154408610
100648466
265788658
398534887
403596062
238839101
575862103
712668188
129955231
171836446
767131539
811890599
144555084
600438592
582390770
175896729
832838087
359032416
448418734
255503000
446656029
289856250
303563132
802173979
790669428
29814588
291472218
655374692
597892700
744045264
600238210
362453719
603183515
674722203
736944023
189656838
284763080
237140282
715389380
791617892
447668488
911852206
574681078
735635987
227666005
467284586
401303124
81071305
436134637
37162441
989535353
125354212
958841972
677064474
259052523
193616655
91986090
875272531
347674145
289716319
850352464
150130084
211048266
906231527
489194355
767767828
911116258
381006358
787734668
352838308
670521093
336436866
756008709
75960857
814461465
289251034
609764690
687350951
132250126
482618520
299571861
950089772
223022891
322486371
284896122
918317848
287346730
582254327
943781847
217008644
621689075
836003659
824979871
935082890
439387060
501315552
904434191
134763447
356622281
110108827
852930926
416015671
631369107
171760598
967544436
870320504
463088555
335481968
688531900
809841967
131175884
622047776
308177915
312875304
743317020
897322906
644716718
570329199
452511068
41690348
593503926
282148810
671949463
917732347
710503423
193745129
272534617
249497658
501997344
815746115
469819649
222883690
937708199
665621547
43365959
171067773
593521314
275748893
701946777
965048652
236087179
770341779
832672616
124604406
979315757
660027182
644201984
573822129
515865841
768154531
277213976
911298409
703641591
50042835
945857679
105985239
448359672
16025329
904103423
697444468
132521848
412317050
513651240
819784562
285453054
19908707
896062883
205112434
839959249
889297699
805195051
659811039
2423552
955589093
765130177
79780318
508847861
443322306
505526331
164605733
624251103
56967084
214707349
773930649
313810960
743801016
295995499
84891277
401807460
295780100
24028970
281369259
111078659
298524858
26440663
935029718
277973400
121448561
340681814
492230549
390382379
230877057
689395616
336996644
112170616
592503277
718417359
803165713
753786796
302843363
902199477
259616495
55086042
928165172
392006520
560287156
95201755
737227198
418810154
185676491
582899251
139758231
934434070
131002484
22257431
155096407
364022017
111736524
715222025
306103111
525667276
831698043
473755058
770360082
923487396
493714340
62657171
510423563
29304808
497584604
576649220
809383125
930361667
505418816
545944420
435355447
581322555
649970557
546554162
955962591
697405379
805358590
149904917
986779806
221808112
917774701
568288905
163907460
471333998
651879264
946263895
409392823
90464478
549945619
273060956
416828341
250844849
460467061
573015091
164935888
800077920
154824238
775346830
768801914
250389075
364905356
605819616
536601110
240107607
509238699
180832608
954477442
515920915
136992512
11148367
394977398
84572496
116750526
442822758
729571836
633848053
578325439
557778383
850574684
690831375
164185451
232680462
111794824
484681285
896280873
264570930
346196556
922632370
241087975
555281121
676724893
970427245
517526095
487742970
703121431
928575486
589385899
204039467
181902023
753088724
457703128
914604324
1307494
140279146
617724225
363155126
483467208
444029863
404873591
342218412
378884263
346971388
514495406
264950238
172361047
509098887
516268147
541134006
854479541
773273148
975454436
579434357
555336010
950061220
625356318
561011767
337132263
162502132
378420923
12846654
631833393
578228036
523178086
359675186
466620309
184598095
209197042
833722143
473236255
640153618
55879399
251221140
29002379
191303848
309447826
355191750
872181243
777999451
298701958
981692036
340434747
328419158
683035197
219589388
539278311
226759635
320368144
548523498
593220164
119593632
240655763
541368179
913908824
571840270
495849795
942901035
633023859
954919088
153105530
364884691
936732273
645460356
412052276
289315815
772337076
733682016
450413039
786355894
639473563
274392440
1597430
237937288
951120667
976660531
714660716
764452869
254743010
685331317
678887428
166488584
396135615
37796466
987297106
142216817
658794805
375640692
100376144
489664867
914833562
368350176
582771715
525082098
599700171
341011034
447237352
678807601
779230783
479284311
902356253
691738103
317693867
520044482
984615632
781004968
968970421
624242760
629595829
284624443
492695973
710961381
27967917
521762020
605127015
669130194
923186296
360094090
856800834
993239431
359795202
518084812
220998239
267417511
336558690
162076479
706542373
955367490
291516173
442460321
876230782
767545500
651484788
331913922
120297116
522265020
91602784
899495303
663660622
752543540
890656322
546614630
611943826
743719377
373623519
782706290
56761654
841579976
960288365
506036520
374672830
429397381
594265684
415785655
534308004
383321846
840087316
601490137
54065847
467933206
326491047
969293605
716071524
420209105
623920057
557148199
628766476
736299094
14168814
604694240
734071583
224533952
945836364
242878414
450324771
328890523
554942779
642297029
392321632
179342251
614686715
526357252
989827029
336869831
206329335
363489943
32517805
953130877
527372083
739869122
689117991
560827602
601721937
298742163
556074405
466368241
716801400
640858191
120823638
266833090
409743243
615005814
901392696
20646610
57062114
320406552
202125595
851013184
802077024
819259839
28556456
439123914
735087598
449910623
137638742
561683011
797771681
677695741
373064281
553636228
933279582
254171134
36489689
353203471
643139862
540919307
53113870
332646728
905444491
597587723
421384684
865496186
610451728
948573345
409494148
953873062
312946754
311601819
817407674
228044906
484395554
943789276
665031919
439024545
159524742
240245274
232563818
946049794
612040312
708936241
693372773
758721004
317812314
987633941
47306267
36505135
642431954
941967703
620013041
746987153
454143934
245965863
708474479
199979400
255399246
952999552
80910796
60073489
13877476
643648390
561143944
472779629
557780733
668930791
584650842
877514441
1309970
61971906
939310882
941420941
254939052
670542907
653073992
98357464
444340415
325746570
849289057
763640440
463639335
749011339
138291714
496202832
647572307
203241179
823812473
886086461
313426949
768451249
976307510
931153437
795797073
172502591
443358632
287527321
7559018
46737647
469095060
241218398
350229580
192208065
830497946
580914520
753315074
633500203
686497367
745182967
295162922
4602170
533634589
700954402
111761097
273531198
719393526
166806628
981433000
50695052
271481241
137165235
883387272
388516418
659452654
955103261
559694800
985887127
524622772
827812805
165006539
343841098
532475466
882002525
3814409
845892236
222791805
770197491
611880851
709974867
316447027
55464532
590432323
117942942
601990092
418898733
400138473
612031503
499150260
455432872
409657548
448288451
681592886
169055082
123379076
269481574
103757663
57218327
263782327
547899446
816652856
230075910
371331154
260625957
359131542
964379920
993426481
909949742
756162178
565831241
750966321
687807551
543701486
854117193
490549694
268414240
803010928
804408489
845031332
393978166
40907388
628356934
722149478
813602407
457956205
391658344
354206508
917606782
803881357
585350018
762466902
208088029
905188292
594393597
760118635
867081501
816033123
680983218
482698407
151476837
324201144
879337407
861852257
688617174
233799386
767046482
13078824
326281961
105520962
235846712
612120959
922928605
544703470
770131568
384728267
116783139
946428689
14382848
498725165
83896993
79916589
222200710
538063783
375634325
65399949
975592419
139224346
22709038
510237072
787020162
494626930
221704291
324334788
683750569
199124464
763703880
597025998
714367096
393391980
864644708
312261956
587212082
84100379
975683268
631899935
148967301
451278241
847676272
313030140
477320566
672926960
648533066
460765359
919523619
138830839
765961634
357462668
274400887
943421602
679842135
397628436
311995104
330785278
80935215
555106521
327269881
388555160
85096092
17010701
943926891
166401412
946343214
683903083
479170580
996949317
381411766
978202240
771520721
391965777
191328487
468508833
705041362
123551352
934722766
647543067
696802296
293184642
861410094
352220503
15186519
50659832
577934690
632738470
546186469
259931750
359649307
813273144
159945620
533995544
304742160
204597480
555423974
659997276
213133951
814472732
739592280
228458922
876057251
141471009
951340685
13172206
816343294
782219859
560859600
280197591
360143758
662578770
668865869
568466407
158849807
690295069
160562869
4993166
81062155
940441168
353072418
836855660
505026948
738355259
878031495
102751853
512943162
212894259
774415654
24823345
819594426
879348026
269359104
206028852
919883023
461659406
421804868
177732030
695475137
12491366
298705945
833941008
142263136
502780816
341664660
222773261
577940812
242442766
904717221
761841736
875146521
311779820
943909422
52780192
440192577
286241606
877813897
958936463
899876391
625788135
521106765
874887207
22361041
727786580
99907745
957021191
546448717
136310309
816714585
458703916
597519003
234769178
561617701
851278082
60038265
857789405
474733898
738175504
234525364
422460538
739804965
788836618
5903926
828555076
313254011
121217143
75691601
707927815
540053046
410494899
225300405
146650105
964539882
543732658
789569862
638199053
204440617
292975468
411711809
613838917
395240215
766856021
46710523
209939533
753030210
340014318
80329716
327443654
743826479
430899062
976718618
19531229
964721489
523200543
57100337
136333711
25038035
184641869
295251737
856243691
918218770
904257297
713189902
212646859
489776634
515145509
132271394
644497679
738870432
101273144
945157065
305927380
334767403
818786918
493693875
334942496
278348595
139358895
170182243
507064638
968878189
164184979
371473561
789543639
107027702
509346485
580864650
186092509
57535049
396484766
248958311
421104083
860038075
964494713
106698251
506820452
553327121
424438022
175181514
253113601
811430700
614065164
750633896
230423368
915518299
30489424
454210998
269254216
269880923
683702079
204076944
336510733
406188827
494879769
97029573
146035403
337661446
715686061
504477855
804838328
245618213
790955428
540240416
197092149
902959216
683942771
519270243
329303303
186362010
236680107
288280693
25483522
11591300
690740757
748262540
747359274
663121988
679932862
154089944
485707207
969065474
872947029
353985677
519076425
640389147
552353447
185118718
47301905
72337227
188987192
737422268
211896215
361854822
567305495
889341492
904949639
155268331
451595056
190095855
932997100
579960987
497384732
893825984
105485387
117790231
40522400
948612511
968028324
313442724
952158974
826676897
602827354
390281837
996143654
291777792
171961390
983077628
786930561
718403126
268494094
669545685
675874854
928469562
940815349
797642131
98696043
451681697
474013684
715955901
384637832
955202296
446797357
96741091
818332403
4221153
23481646
795564949
803204903
423980909
235630817
267692253
195272089
178560456
777900820
269849419
773222422
402425694
167268459
992681343
996208780
318916940
833246826
777953445
370407540
944078634
829464284
1124601
865892858
793283526
908315900
392709984
831445000
221345854
173483365
800061382
785362792
554569941
153526525
239661531
581744160
205060323
671105386
649916256
75864261
997816307
233544981
246522785
318370925
686092060
500199308
561611725
151180942
48133515
363172912
876536656
490084195
363259425
827009652
254470234
337135037
304421363
173890721
844623486
20963511
759000262
53262151
119610119
394053187
731120614
354874297
424639553
641528397
346252342
919906268
781406096
665110363
97632940
725752900
750038091
230086674
770448990
343230223
375014161
59044593
628527264
296491627
711827022
32799152
811286133
244694262
417209120
519539389
588643462
422252099
314410022
653581496
763262036
463832960
837290673
594290317
346194021
503543878
899023828
135051952
409178333
462637063
972748518
566216053
506083537
839084854
997862919
371499788
435785674
895683192
171767114
52404437
860713164
900267877
807042927
399299478
231068292
442770565
978498305
651111386
290069827
648591756
328584877
794611799
135492850
986376507
950395121
169335430
161304316
354146281
864690674
279994669
88997258
326859942
363389070
180243562
937847634
614007603
158177639
714745797
942573534
778947622
13194748
190862403
91710845
541739371
487766405
467249875
301144018
69345314
195893733
229487495
189502128
7800758
191585269
730122597
674835032
552230946
753708056
926249315
455022568
781999887
329514347
631394040
38713233
152810660
983191159
113436198
715271298
973991382
302316390
486813703
885170638
52682097
954684590
957397355
893665271
232318809
939873789
629515005
335485556
581295890
377207424
269933153
539383310
492772763
708627857
156862601
241159605
693312116
614849754
8775155
477300863
544149961
585538836
964678793
721893265
850961949
383964403
665547402
257301372
696727520
599100718
718773880
609353088
306280751
14531909
649238173
751225244
334447971
852719345
663513624
829556420
688848637
167629252
773561833
264809337
242644598
718949293
904951083
262643690
910147692
265893103
175991980
331774466
920629419
50391148
22262520
987383898
108682756
134100767
15983943
614024359
210325517
410319213
830640042
43594543
313242481
286808169
894154926
857872192
56575089
737173151
392639230
692513815
439695287
891932556
35354564
587416838
552856182
208850275
395067629
438360610
182631079
974633446
659879367
593523254
50249227
774893336
211827722
316907610
628041857
352927108
53056473
227262988
89847553
268237800
649231099
642481216
883350046
33669760
558559301
118407196
262553547
620693450
829599224
52210690
335354073
7508381
776447624
527841023
805862868
887222891
70789509
89200339
539475318
543109864
151857538
778440427
943231056
97076029
865211248
224866425
337513965
616498688
731733772
348163047
244319868
890710606
95550100
863207656
877528686
542452729
8165773
14629648
367394623
993088057
49321011
932005760
513028703
96221098
881730559
914777293
281217425
178116936
920755005
992934063
834953489
21276469
480116606
46431036
702473557
409734294
122743331
166160503
411890615
168769525
448453153
953453990
937528305
851718585
43335837
534722976
450284056
364979541
601619319
33961425
437474638
413028027
264781754
714483975
777614191
975265563
222290914
716940697
478398874
141781190
358142985
896249261
473875761
366260944
208596115
239495169
983219219
910107759
327025628
388546870
954833589
633764609
104698473
982675447
884588302
116024331
811437375
928255604
381071610
534553909
288526046
986229898
458320957
596370878
710691516
521063582
918348852
241967678
323403359
338070313
150329563
228254796
40514491
57157551
416092966
723524859
91313544
303874443
291304900
180062578
674516294
874783212
413353146
326830684
654438195
406639532
980298912
450309054
769008307
341092778
184934814
37346665
161039311
146577422
204237620
160319955
711106919
38587294
482976882
59620544
523662800
877332784
579752858
10007335
106184951
937161275
239683075
895069371
184282797
180759776
236521360
970468727
575126003
126189691
20300794
632078077
315270560
774243513
890270701
123496971
949425609
732148563
905535691
831090493
308087683
504494706
657620929
57335661
886052460
710378535
796680972
608248610
89445528
492875083
172552007
113340684
574059061
786260794
423172744
453199991
703350249
132114486
428045384
285378198
433069143
294898041
949560784
142866542
537264651
112462379
783901990
32892790
806248031
373732792
917810245
371582642
528541828
766881814
878609673
360059753
498971749
57129704
338933513
944858623
557653622
653349639
775543125
401385949
183760560
28919184
257791102
442932911
890346125
735859515
757951891
953244699
372878853
858205074
891368291
71592130
25838005
171816932
650897912
774852542
625931302
521340589
765508174
865457679
290590428
594891787
33077321
288128197
124730095
990481404
40935372
531088687
530388150
31770594
857919625
147899215
262751958
558376162
718686823
759023024
85373940
525445571
77984023
995454354
421545275
975359090
800581991
344452217
429672611
168503891
660002944
178745457
553554015
52056654
651056779
530411238
539924931
385934165
286966252
813490137
11736849
351883390
544498636
183012879
26476440
316623252
911705688
282933898
544607208
321158735
91060571
807364013
752987932
854169075
225121115
389524695
820654720
604864667
258665492
274955102
156895766
361861807
869352932
88049228
451197314
660087761
134981243
131623453
790856483
407582591
55565784
329789134
830468743
555875649
508399244
886152962
626498462
562173174
379820946
366528169
964002050
479290177
603121609
56814033
864466842
508097977
306393731
110141157
182832698
886142575
261776680
218450841
8215065
845279959
447372969
95320314
63032692
287719727
249295406
816041030
648705984
160170579
684604548
853823007
737024320
194517923
834061810
610380940
591432047
401478537
772152043
105381977
64775408
189643429
341907374
400445536
715012464
236084173
257343244
162568606
402390140
80005863
615183874
669205044
461167851
939835981
465012794
653013761
583596654
14854555
789262493
707452505
248073044
685655229
30812731
430990258
624581621
607216509
565050991
448343411
35562039
452794457
591057180
484048904
681557083
535676142
731409932
165719180
54564588
405876748
174038252
444604862
426313604
850635540
427301042
646874426
825321807
390797237
120765658
450415647
384104597
160778810
276626948
248391776
132838879
433810539
128431599
920033031
339716314
967804529
186585095
102866354
725408439
603410932
762085577
300820882
768092487
202100975
978537168
663553828
130676097
760180441
522178751
250908226
383282314
578681620
910333456
193976301
39146596
399189838
478297746
611602820
942164411
794981108
38666264
802899490
337404217
53762030
4715274
385073928
841893684
667716719
789969864
393605751
754808558
927309177
606486558
12380790
842532900
575283872
458712675
74622961
275125220
406692513
349527369
289753050
484314193
799060594
263761648
31507201
572482659
666353244
928133363
381307413
944860224
384207752
34643067
847476441
901882253
748352755
181685714
638862436
4823490
169226775
308634659
621149916
644960393
825560346
146010827
535973271
464362586
20312724
647462670
912753646
707479796
653478027
870815626
706870230
242148991
145280591
308487433
571196850
778377362
569589158
207087244
455756871
213693778
715226277
42024927
356756484
779377468
497350884
539359678
469783258
723544139
528221730
709121388
82231412
501230566
236628934
101345547
199553678
1619162
379583983
580339597
208215198
167575591
682011510
847038110
317932652
123133971
968051435
962958063
381830556
110285687
991815282
459458200
610470705
520551774
528219743
400568931
403028480
505959925
514710087
944111460
764334554
760386046
775077983
590176262
490543069
13981018
312854296
591251427
671647157
737907374
713863583
608892394
618173242
684396213
266349501
812608319
285151997
908157113
542656456
443641781
4373582
177627408
794052553
488378946
891566142
293652495
389318749
764549222
71695903
618397510
858889709
304086288
421277976
123918902
689546973
691652658
163101942
964343463
827538564
679932624
124566623
408659088
229775939
826929918
211162995
49011432
263007156
81534901
400728169
552945279
865145166
364047358
568692091
253295042
938533706
584119265
167341020
276863608
403435772
477913902
403117444
987080733
347192899
402751148
27966444
934462310
681319181
885705351
47546666
94361078
516541554
388151535
994985949
246684178
191820092
260897365
384189388
30141250
164505203
630149878
625327334
447685638
236018378
594718716
455117435
122161120
947356168
220668600
759215795
601571923
47120953
155555813
300458698
348470639
731576783
794879502
987865628
431003303
948321348
199117154
97900028
802932763
193419366
943092061
682780051
92025595
56130700
884325830
420657299
898481232
431689093
530761830
349308904
317828451
769813884
878245610
938538844
334253901
310502761
349544193
770241251
884066053
280898745
138360199
365675997
634636650
236529339
785726432
184881823
802028731
174023845
491900538
455472683
464235395
944241637
908027945
467623363
41955857
762819015
886559132
430182499
335479859
530471316
260480160
997822385
780668814
257127435
800318189
224850388
525951695
98268091
653211813
653754011
987859274
977411991
494032922
916934141
284331096
366680430
499947317
458412286
789582065
23301325
864779222
193045655
757765829
871621509
992691750
958424743
299831472
569118360
150842798
985724045
246555769
537710585
118674449
632208265
736963280
986080070
895639017
301304394
928274496
955673558
982413507
280992517
391602768
758769581
179532579
618721076
208100899
277466443
791334151
203887447
606606003
302323419
783784189
371893562
491445338
450801328
758742816
333957491
209235209
430369397
313665972
823482605
817347905
764910677
62657548
854732558
629967144
165313884
35359800
888442048
295701318
615985551
496471325
271129667
259899695
506302389
425119381
606195763
312664657
771865708
10240271
42212487
61999846
342707518
550186758
923463112
731299164
417777081
693027706
509800782
187012621
938908886
838711873
864917475
490084820
170309432
20543742
7928859
700912267
883581286
708599754
635883486
332779054
575676550
409250561
289597588
150577262
134027162
495540200
808629246
232482266
506697593
893923490
35468113
817083879
302053336
913063467
102561823
286489299
465156673
738808524
19624977
724312903
112735432
598778307
45346628
61914983
138996232
743326748
729949660
594592013
311801716
214427117
62237347
327713878
243947212
627403511
704367059
593840451
451795081
809264166
897438916
646561178
181454634
440565684
910194081
287862335
501828170
736549161
554634920
64101075
668041039
242268142
499426622
660278244
973549093
329688098
363837390
610814699
801719113
377021931
466665518
222097326
249111457
724903835
468881816
467622878
430918308
507236087
185753412
790654829
613768052
834465045
19884267
852053311
326643690
317791955
502824404
931475049
26664382
371019262
791158754
180034889
593639661
861914759
250045486
649353502
291399386
817064581
882851850
628500922
714416220
823465730
532374822
969611739
23985369
661730716
22433332
933070033
800181694
586830671
358723902
995511916
610453167
710256363
383013778
520562330
543383271
516183915
460519937
380398292
733312849
774533310
491991859
297062100
17445446
84822202
438020459
525201923
73562166
970732841
375485969
717420065
945173099
29252312
598304490
678496712
817280581
68349055
977266756
388707313
566683348
180645163
5303023
752940411
816119911
161131733
799549056
209210997
544305152
409497817
814080
584996588
135424130
36822373
744426252
174574391
188327087
237010351
933300085
81795988
11944297
481345416
972053315
56066980
601929929
413194056
137312510
96528596
730732513
224877884
213268351
872368884
957251556
481701691
173009502
38338178
574223289
14877947
903652489
630532508
878501489
375097877
644891634
169052217
527136292
358277319
874900474
477276755
954214321
8751668
877375767
224916667
127504320
654819009
683886998
40616246
223998
679754771
479749755
257915004
932126123
868992655
313442081
169660507
872455579
656963652
449627707
118380797
850328966
893264747
202573160
702983117
276432262
89608099
517926509
515785630
115304766
446936993
413476671
606553064
112868457
307796596
979623827
981846811
195878713
740845882
869306270
496084560
30157613
770007489
88686087
522031472
16941274
314820663
539727443
266939167
470375888
281501740
298473062
11160713
958975694
331220420
220062578
22717063
64437430
661052782
427827945
879813514
180417737
424563940
997082000
391694575
629481911
331534823
868906401
720631854
116543527
456692180
131227891
993434442
3769951
878456739
567173161
323680673
529563078
71974699
886088811
249301643
480649734
688001953
23873249
84805906
754032199
955003372
756184913
867441977
683463724
803203876
281737575
399777642
939467542
542308217
678141618
422488196
677179094
371574885
673558833
981605741
803731646
443202355
59567360
104120381
454916569
870136495
474507895
857619544
513763926
869267586
343693608
730105334
832050454
458269735
694816210
199009836
586404957
286478528
859209273
123120809
68757265
906198617
42208591
35567188
337576631
703806287
982673037
148160223
793095296
32384807
925478142
413909696
255002375
594321442
873673127
845946752
487556304
530065499
678954075
261178738
970200441
64481432
502043497
728185761
162987586
529031176
755375330
360853178
785479646
685987566
989693513
48932438
764133037
150868594
900572097
916102867
366585588
889303582
57428697
324734451
46932112
796183391
94077292
331294180
951507566
530413567
983412250
519273354
897907249
95399552
44151054
506981632
267690867
115171613
111032271
109534360
704368471
126453135
837010012
548430793
563725918
928360870
183444661
919747911
358235193
587162146
194893844
846316255
830223512
426708586
674947800
726948181
69961826
118897681
76251408
468599327
755080276
409130336
537115902
331744997
689348061
233981533
430186570
613557853
788140598
625873681
555375527
523977014
389047028
608672534
508242510
815579898
864071214
383498630
890424127
55812260
157175519
690333373
107243963
898282460
919082134
185019998
152185883
359058627
930061657
929439324
316154751
531945996
331071674
482354104
466364264
471030304
830017098
207759329
404066066
742231582
354610034
473548840
831141331
78243105
263613810
579938007
13709092
111546135
699407079
937689606
292642541
320269217
907019184
235803814
840476126
450228174
66134494
925813739
621680184
371235556
169162041
144498104
967055255
581208410
383914766
552105422
66732553
68338102
918405603
680978763
660864026
15999721
992520394
571137302
93066719
103628859
596253086
903282682
235892200
917340968
502680062
38602721
103998863
639824422
398218846
696019321
334347629
474559345
271742
686502304
839832258
917589711
461051990
468489423
256478060
140137206
724177646
341277163
372793069
188826609
588682970
349412479
165350400
296322572
162328554
186924497
334152613
168922262
162289765
312125611
976740159
443291111
948801315
144248926
485744359
964126383
113977457
364102662
602943850
534709527
866827836
407714634
488343870
482510683
545318440
778144209
627958997
584039991
75835655
443947587
642232494
319140227
800059938
499037260
922479174
757926872
970238900
665352677
694116868
699063951
753420800
275643127
795965021
813421625
91057215
52228903
921465991
232244606
255215777
134191382
477657432
729878879
522235395
979908707
435472574
677028474
410526623
277235924
480226425
728858591
303995063
158904316
589053092
581868364
636667215
44121553
296425536
229737727
761869415
760520206
344219858
3263958
898260049
957315246
474939529
783836398
933316592
297019634
320492293
921160997
994033153
853766716
416960818
389857993
334902877
261537303
906441121
456020561
182008374
829579624
864730465
259378156
342754723
801344479
996024632
287150623
137080133
245773159
702165717
267544047
391015184
728111530
444880174
442089573
889892259
89278564
906102702
769445337
50910701
563505221
488182255
540238419
939475847
927492018
231909639
497281748
912193818
816816053
867421709
104516247
449715208
199949324
723501213
744545276
467656575
752441416
494328286
839110606
687707518
615124308
835208698
455381669
324202673
991209309
671992541
909532424
50349222
168239976
175368493
573591953
443029077
746641323
900749630
492305259
457146889
670529589
488743058
269476931
409722623
703174830
777547400
442892924
935487974
653256985
315250555
333660450
390724578
630155514
537437003
209270722
486565672
575954086
593227400
185450763
847434970
338284751
256164203
267556978
607468434
59468060
69293764
251156428
85030450
506688857
943865701
717945333
308080128
500580115
964499046
601321482
940466114
33635298
118558304
748958587
973018278
609015929
34661867
833255972
24684951
231999493
825266187
188968981
153251628
647009140
901241519
457374666
184883424
470063199
213615713
649627068
287051769
673128297
539469859
311761976
937782736
581970125
876174757
854258450
543199175
748692737
538027659
646401452
441662843
203687101
437598506
865730975
399720818
254252011
666574887
827229858
939352247
859572973
852477440
37336701
865195622
737012145
672176948
73940221
557508031
629934056
146859524
922082417
414999852
594544909
209097974
481179527
742255094
591876625
920291073
272079026
993426405
583367049
40126573
134990846
551954153
280127910
74576144
568228898
484899403
143733216
356887574
734872719
260253629
136109775
919911002
759134004
575461296
314916008
910215040
239666707
375240140
270013391
869064629
363539854
189779402
819954079
148604214
434564849
895879596
627285258
969019666
850333957
976330556
77678912
808727727
21136986
481652761
306871169
109247367
482876019
90346484
663652006
790375652
137085093
920613768
632919539
933102039
592147396
728987594
93342548
290583754
396289372
306734342
534956782
291268857
421645960
987762389
889036089
754251331
675268417
927351580
229364654
819360082
191935223
604327932
135987809
190943567
774264044
658372026
753856030
540092938
915985287
930166886
952224432
688628678
778780856
107905940
916315106
261708899
91513484
308116325
746583876
843104540
607265302
614184452
154166995
213009347
25785521
24866623
904963594
186970728
402786407
510344567
56597003
71592942
37493751
129338856
534342630
156646798
621306542
162603474
352142418
392746416
989497249
768488722
241280883
148656524
370803402
814755626
237302174
966760888
861447863
997702643
356763806
243600159
987130035
394870263
224737881
235673360
86027639
115996476
668234504
80417308
666493546
631394958
490549374
373986315
197258463
495865149
923527271
340814554
287078399
270745517
124029196
661032172
395797483
917707193
826541290
718802826
392059325
332375808
144473272
401650354
61637548
190157256
924710405
475091590
351663044
867482911
403802231
788491743
148657147
562319017
992288987
619649808
641555354
316541097
425602297
471032259
375707458
51765982
54284355
548847123
700866598
388684449
100488562
228498010
53120567
26126082
667237090
152188028
630083451
694750620
751246200
788907902
596462875
563562776
942987015
182550685
402871573
952681783
12420084
90029695
477151275
169193876
749970240
34117628
270228494
869456171
176779765
644161790
38287077
236607527
934158189
233348662
762105533
67073403
424195288
23075725
298600414
684118801
487128023
788765113
201251707
237079973
437221234
518665014
652210686
662584163
19802863
879338043
22592596
182654068
885293310
28445658
682986030
164643976
755420967
234038764
611436965
49476885
235236154
511057276
26201112
167958417
358324802
800559193
32213543
702457738
611469466
511658530
622206472
530630740
927909100
839763296
380207608
486312218
422835100
295941422
878378217
673689580
293469128
684178017
91500208
63828574
272397917
702789726
102519675
983169296
527212071
161124589
860224112
557904879
347333088
663001109
44491383
186295360
925861623
86209227
702138854
929760216
21965670
442751055
55612431
625121385
323869630
822871037
463203190
326946930
191760969
388168965
863712406
300022034
428350975
140578384
335598924
961522329
947396461
978508337
221546395
430680143
540705483
480658307
946956161
587694531
175527946
148099466
534624309
382339939
845154850
884618339
843223809
165454069
648786047
735069612
299385323
671362105
618264501
544228097
699854472
99846765
786830620
26888844
220943397
837647362
812123849
476081554
968447355
506359031
994858718
555464585
487894017
32240842
986215819
6999079
963914029
888256195
262584395
422883024
351902020
298773052
378252034
607559337
571746791
618997850
602991597
722034419
935518058
785984706
773333145
98450416
659370008
468619689
686534370
370566434
637256882
770801206
927686980
683805207
781923860
613088727
763277567
240926384
961799508
751942644
203124879
119230624
895221318
840141458
499507170
891539502
501377459
647739534
985828168
375921387
335384721
801346521
993570673
602484446
514112571
185464907
28383593
665428110
795476032
656893206
729480840
373491262
912476904
746495598
950920844
481691533
105444922
12260765
457289437
869621704
994519606
623955494
518850084
221941814
237046411
130378588
240777543
326528018
398821768
804669783
754250916
73483246
378084434
801889072
476748780
556996680
710106878
950793057
348681362
438997194
449901591
351061950
677839633
887029442
768011129
49769337
384807631
966701819
97647055
427239625
837517969
311407164
893147449
497873904
32045758
62606281
4643481
283565929
422635502
145848171
920164377
188685523
765974153
499277309
464736509
633479454
460875109
84147458
682867095
259504194
245170652
349784102
722036253
525907134
212338746
903386374
648916861
692745559
349142436
840954181
587957874
110510558
507843528
501357832
728233160
251384968
365163867
629962786
862935483
679910799
711588788
786843035
638239550
846316044
364674197
243297422
764116000
135910560
967009963
514330528
280780355
18662216
280339270
375379221
983232883
867221154
353380669
698833705
831038169
910481967
946110671
527710399
747903476
866944574
45861911
767003183
700052417
822239531
957940637
390350270
394133353
489342398
571411173
937562775
791575355
567602341
627729788
379543815
131744715
830385531
292490966
501017705
108469098
637407424
153322798
372992226
470614710
909200798
309494172
110037445
277514545
926453417
95021428
489067293
304731551
941694400
887716979
245151226
479948663
459357856
686943601
168608483
537343929
531025429
787717203
447453172
619943133
227349721
976669434
39373236
370026698
113712609
606339750
728142936
718830550
945645138
878316989
663519859
380515394
923088554
577235180
937265145
344048453
585100508
941458819
963658996
932136958
76319923
601281047
885128005
946882500
139292637
538378337
202494398
96805636
161854620
566985901
517863983
346082286
849685792
165888122
399837216
951584510
945272336
431087420
770693321
264090753
905749674
66659469
516705954
924364234
805107331
815325972
922596703
606972779
950891076
464452783
432717686
869233897
493708915
236320422
135996877
182627458
767200516
918301457
358029222
862681252
270654750
883913215
701117879
789946904
531719110
429420955
122719046
929230129
181033158
349367014
61112227
75030439
846454663
965598657
38994944
331044410
306925490
715346009
156162261
271854217
146265130
256912717
224610502
920215343
784620272
74048022
732467711
861742696
555701562
100536488
70311278
747983659
689901496
542597449
555312757
518475902
908497183
759778346
157148862
976065546
776912697
214667663
498530115
474409755
868561363
208982521
593035185
577168937
298459853
913496723
337933172
689966100
768482339
69169656
233677347
940734430
500557213
163613887
167288567
984802147
31638233
655578907
109086691
906856956
515758439
988574498
686172275
408213920
94044033
917013267
624049259
26134342
547906093
470360053
303427170
101040111
240842783
486944578
415485091
281086322
712474911
547024615
137330815
530610216
151111735
377511363
384774371
837555304
519499987
808135036
419088796
369032776
397966452
835782564
405605177
349442600
487487825
361700388
886855958
921834741
512351385
406421771
312715751
914687777
501949499
789055183
773039616
209651018
158039415
484202623
996621408
990472464
169099187
108186064
154504692
790336109
490982925
614518997
184803203
518911884
913164693
389161942
7242967
943892158
573379578
256711676
645848208
354818858
208802582
278152488
661705881
395233944
312197925
470889553
868656187
242515192
254753359
233244535
292587577
859993345
88390235
503193236
847977487
438026257
322888605
556518870
724172464
504918367
485981165
683513704
996308633
913252515
835026782
533448915
224296748
189256971
27562748
494560991
804314704
214820465
406463630
57036845
990643961
21844942
655417044
259790747
919062669
711392979
314115276
796969324
712220036
502206972
136233839
826501901
709188396
16213159
208621551
93146425
10874607
9712394
268407113
901282218
647217310
18248090
294893720
591511051
522134528
749742723
809866673
320045327
747761719
973519513
725952913
831637333
554797588
96314514
875157899
975894848
289286564
604414034
545424972
169220087
123528248
877878149
3415049
407069956
873490540
856842501
256929341
904474925
144350956
553218204
629061304
192426040
293594355
273449351
392883676
388175490
486088202
645087326
209056950
683791726
231924370
410790921
32284073
828475074
904026287
731348666
743125564
140131790
320425994
464853431
781518630
368577812
369724158
877556727
243601126
739818525
46256052
213004906
205734097
540020657
862368070
767894358
374037258
313683176
881201886
385811450
918642258
633287158
741247647
944870781
233014131
122613413
21618393
648528960
875762882
35911508
93387872
618585712
680584359
448119206
980827945
257244117
216893212
817756739
667570499
208610385
379138827
489511548
519714827
508435863
775348664
901253132
131925034
218587932
507659993
405089154
53254358
347436652
726496846
382696875
411686785
175736248
561564899
185729471
413706179
775567067
665849928
676273517
88208516
57221213
93142431
412190176
584113875
294427529
144969575
304002565
181130497
518344949
186665472
34666067
360120997
42554761
626821027
950504110
665522705
355841058
728894344
677407843
239256041
339112318
579562742
787767641
255941194
352273769
29508177
685440981
621210279
682059583
627863427
730183743
130318437
577274312
47069210
910650098
638333820
103092756
395470591
277575679
717276671
229621376
509871613
837758033
593799697
605614825
175715208
570950670
905653092
489566985
584068215
177628880
551868607
93121500
696906348
778182566
90674753
209914794
822226393
679988812
651131215
477119222
617533311
519027261
967531435
538587950
499621891
391213649
76352780
330059897
416096682
272933804
513098243
397572424
624605998
823426162
178664512
191205130
797831999
149524276
777258297
49731450
227099810
668076978
491747812
648746322
668157953
175092311
362709582
822943033
663101934
895892237
608425916
40705444
857034057
693391595
565676596
729887619
482402944
581915444
298155291
71061782
163769250
922350754
285974376
826591397
91499848
818193334
682366890
916716534
293066715
549311237
218068133
18122799
380804989
122471701
245066020
576030488
276343121
161185183
671787702
643830928
292677484
100574010
312222471
395331200
799527378
841231807
921905575
230898780
848087133
723246653
814453401
589642452
421422687
754201872
725977394
205868150
749259439
297452532
739398054
790101880
745058031
154230629
78618094
807408959
151945210
969303587
757016545
170580519
652255108
144694275
613425799
575625071
885661221
689809570
194131749
991386212
8961997
290572349
387155816
844440196
638411548
843497783
238502968
169047497
798023196
698229600
632702291
651863488
393018261
583713323
868218962
810100322
514684340
415043503
633569596
89612670
408429182
336152685
805108806
589156103
573779923
672783483
650210916
517591352
740985058
790477092
710892803
983895680
622615918
679487009
509160501
499943785
209727288
95613225
446684033
155861362
113547993
548854182
798405702
132423912
498624186
399595119
916329584
955366740
196360713
995135186
810592546
162593763
988063144
527560587
659133364
690088341
497438359
912921854
508336406
27219652
42692665
144329825
282916513
111434661
641288704
290947428
323656631
136125099
906763228
428674639
255256791
491011795
279978194
687709166
7235508
355518150
449529162
658864317
841420983
71776109
675589440
327095881
511707832
170703238
510943638
252307344
105790166
614343564
523749164
425946211
55024405
486258351
949831511
286063570
318250045
779569880
6552018
957719733
97656807
484141106
420582054
60941066
289567605
229618110
204025499
841848209
508529085
386875442
277434294
669402974
983166648
252054410
679551609
411053660
627603695
252564297
88793996
615503250
589437987
696064270
634930791
12947821
653004899
85167811
354878074
256528780
568432073
476129927
220899727
18096698
136729591
555545168
941519009
501871949
212938331
550296252
894840526
139487477
659346019
544877745
682208279
736154432
219853817
506363990
82887294
940677277
735389941
970577704
858422123
994309526
72125668
425785288
77557584
842405378
376332163
249579003
787853457
399765997
114150294
866624444
832092619
428430790
923387815
643947833
152073576
880853855
385286953
66014974
721261223
988785717
859134250
659368544
134055582
893371581
592912317
70714093
135271603
910321688
583091672
624954548
614556219
13540042
626219090
480763308
130947646
139980460
738202220
791131078
713191828
619497802
543072104
612873855
602624142
16416319
432779101
446975181
832397903
387931334
484081089
354991959
556186583
195131269
124639198
597693407
755240195
894578262
762363530
167338276
685359170
35585217
763681089
651147525
848900251
46644321
904891774
574527123
827613550
36212532
153229779
41636414
180901573
544000426
662048485
543084293
915660519
329371855
871816647
538190090
564319844
798296359
168167205
282018238
376541211
505701647
326144681
159996233
686799911
807189940
875654602
906336340
206721431
945563868
618329187
258984351
58367900
464180859
173729194
350440338
308222419
516142438
142543314
63436058
875601607
177031787
144653395
89608187
166117032
63130173
488144918
534718264
550172551
654279582
50617532
746139165
585987761
926283143
494821324
72702794
540208996
231784850
195228825
967393373
663593280
24174380
12516272
299717494
802095050
905552065
900206904
342226368
631389570
327825822
598425554
611748541
994558523
285162635
345206795
551305150
773728601
238056796
331094907
764478392
298882317
707600361
991246225
741119971
871878866
552942989
696687225
842122347
680882869
882787138
379166235
434437728
926974062
114264769
222619560
304309769
995304140
597290542
366598310
277909328
424106957
411258389
518228735
388833416
861819972
752406322
919373793
781858150
914817915
841057518
227421322
226308037
140170436
52650122
358375337
706011909
252495371
161760062
108003696
621667443
769157029
104416952
770822995
556704241
166692432
520491813
396103688
853925729
757412825
445429241
648850647
605668167
935112697
253325478
803392596
301967340
814087440
241410933
950684123
57415273
794071151
192422785
545728510
747889479
480922693
515231084
904136545
711740550
590721956
944604267
58090526
884828172
504243718
947139125
922334007
189647293
270952074
594136227
50634381
779229140
663629225
143142853
617337042
894762220
938368478
46454718
818639676
660095790
175292047
784635389
578585033
715684870
902935099
390007483
784250341
445406601
524178854
396135880
513320449
319336812
551705125
955843342
121818713
455251805
667071318
720273041
573451415
891633276
472282416
125181931
82059959
191478386
814789201
417478000
515365098
272237723
979196686
882966790
548557275
276987191
298273437
942647709
370524090
868418771
438983074
98813499
843129378
81767536
528777047
171401356
191060476
44708631
784597767
17931683
997760755
281401710
774730974
389581735
676932520
67187955
532370903
884051850
382639473
755626836
437452823
995898751
948226822
472887445
256242735
593014489
527754469
765396990
444531204
523372152
369499066
737787372
337419437
633280788
246607789
162398638
546125740
178553566
81074527
740041296
580358503
105626032
236978153
48208535
56001758
605246391
377688435
233529477
545361743
929277827
471168402
939277172
785535684
613606400
570438893
225003261
116594459
565808755
508080909
4803811
19602357
160148548
558645136
817832046
582100851
397723923
240029373
38927471
445372891
307845292
313174642
247095215
865758408
389581391
590619786
587810911
635085342
911825738
263332343
417011777
81478824
340785152
545994190
426533746
909881948
853685834
939153011
491683496
900046903
117291831
132168673
240114383
117295884
873556880
178987873
16715755
553634918
980979523
361920250
767153289
377788436
566435241
984930817
344528932
407421737
61000355
255901330
347122772
916831426
269918540
296894537
753081629
460113185
286660094
453781032
425088950
712189671
695516067
640714274
884199631
703724570
10150646
82263035
648165853
979642887
702008263
362241517
776309307
882036054
713511573
351788022
304851425
520917418
742746161
360595551
321415649
657223480
557905113
925257985
386481489
183488018
334366766
798175783
293907293
808463728
989324519
515734597
457911319
975852011
146828100
117657617
598356812
503623273
137055926
765579634
796976294
614023956
529071217
54626882
814816034
745596257
651423995
466651540
547146072
516712272
117291124
264779412
95299593
301673924
409066639
935691679
216180338
284559313
468432173
254151068
276780215
278557791
208444003
608337679
595120910
81565680
393581308
619196479
200393101
243542566
949321090
627714091
804297516
359522038
595599301
539034906
13898112
476540316
949176535
104667162
798646755
4581361
848082282
301752050
631653751
700290942
61872611
767560250
165276342
238140404
405142072
335896496
485265081
992686624
557783119
642492462
981547765
925921724
474353499
576444985
441948504
385354797
909231791
538901994
167831426
80696992
270645685
225320383
672849986
200240745
946658580
580928807
297415281
535227390
671650687
557260768
300040299
651060499
119888481
85241797
98953146
355686883
898342551
329320147
286230920
606923814
197188246
379624153
726815551
182116490
982724209
735124507
672397493
916001577
637317233
44498349
257197923
453670275
986830800
630915641
970377496
969672488
744449991
733099540
317037467
431103053
744166929
924238264
721566635
889292110
978077341
881327113
895466890
800441214
761764054
900248845
771009
333927612
819960771
81274760
31333113
798113426
186321842
2223158
225454383
473203032
937076511
440440284
346937036
824325499
803874068
542101150
264242763
36997045
736237394
927520509
728849848
604794249
183934341
23601713
53960220
466719760
904412537
109124936
751961611
649864678
825957166
988735056
434717940
525373635
31331147
911897093
713245642
736222996
879342837
719581685
158821462
418408418
436385456
850254325
420401085
574406110
753937976
687973611
454646512
113578720
71834316
895686301
7833664
912175324
12770042
911427930
961609389
471618625
586340529
765993579
971608997
642090205
937153281
494143549
423541054
495163719
235061771
7168513
875200400
287876055
510760398
157971698
138819525
37296717
814813194
882484726
409057801
532905093
55782097
246005887
573567473
844227099
531028938
94831340
147025169
7597206
864568512
429595227
526658129
428957263
989380629
257290261
345893775
962480371
418767130
541127136
607329089
523706744
679520027
240447447
723863728
187415136
756455371
248528218
718487906
392893479
509658185
70421986
768438424
663331262
20582461
906787877
906860720
880604178
305463540
664855440
50059371
352672388
722716246
425724002
991079198
902945432
998037776
229303019
339873182
242598345
308619089
776477307
404383122
764207041
639280631
865699721
610143282
602225583
851224113
440421545
446606925
563866879
93761627
573176044
461407724
810870757
917208971
85991207
898862016
638439789
185774823
248372401
80458457
302251183
579208513
731271207
574741519
22788107
994832616
963696634
422884253
850537535
39479336
442817049
480770514
374225079
267254671
932016256
882185928
10966265
715375671
689873541
836548892
462544633
574699348
196026727
910105882
414024656
475780265
474865664
598023987
31115835
610161422
788790350
478542765
756020482
403924494
507454782
969374696
991075976
771739176
963199405
895352561
980146198
630844709
755538423
476205867
16532375
402688557
618260032
847941751
625595328
773415232
133397276
275570590
40666034
525942586
834228231
486591445
943070800
313813521
535425756
34509982
95685442
73766762
773712856
506213050
817768464
115951830
393122479
550993212
906708604
336579005
934779007
714776256
109403429
200967693
49843384
319021500
319506302
653019626
224043304
192979385
931111886
821139769
225411480
970985758
797004294
738203103
33214928
497319792
814664288
532020069
967690665
331713616
400926982
409036835
49957763
537033684
514391173
864450833
633468151
438141661
96912563
787681606
125091107
375675294
494941419
894524865
900228469
626293979
344296591
17309627
32899646
622161684
643087301
1845597
834762403
976138366
21177796
397879145
923744911
985235494
870765623
440963295
186563366
114797507
744137089
518673062
421827299
212820364
518762882
72966280
988916281
897020632
438759145
766539116
444178657
677953646
760225424
266007017
26463410
648114257
806079188
717931924
973846523
463261364
78429645
173118661
840991104
858856663
552622506
735142936
369842346
105691277
599225292
600323616
994216035
728558618
950866985
761026210
904887218
422799333
600853518
984949086
312957396
620052271
324953760
509525838
139424679
829579884
873464653
203432872
672527336
963806738
394728136
890967529
267244336
381243071
203203007
553991074
506045865
831795995
648916652
477058625
85236161
390407521
341127109
371443339
897188980
837332653
51751255
744530303
788552492
347228311
660023950
8384332
835928781
292868588
603275645
503115908
962493484
625039597
415979995
362145896
722975895
540631957
540071723
842732881
947778287
33829133
124185007
848092045
850751428
288350944
868907640
376370390
806100643
138036607
781726633
699644692
139312409
319720002
286714350
231517759
539477836
459839727
959345071
603781961
760260624
412378181
877084717
553640506
47737273
928617191
969393723
976948609
262782155
273613233
727696596
490944929
334929842
467873023
313279072
288237348
437468079
291233647
524079788
611574257
767466777
301933123
715312002
622935214
923264752
908580383
714640100
366856692
918440979
582682993
235564359
20332597
312540311
863682354
28290637
36625167
769697768
189959227
524627997
905603948
628962203
295528167
338578234
569110568
757281699
236064423
644534729
423277761
56838634
746659867
737385852
140158247
816686454
614734065
93137567
148834253
865072059
992540845
423081367
325836309
466189680
125717282
315140863
969792559
199194324
223547951
883700776
506347426
882608956
827426841
783824607
257167652
791602444
245213673
176811527
145459968
387922479
654045732
642813561
680401843
294951884
60512283
514319668
66524675
577339675
559549353
444752404
415918969
752338756
722338303
256929483
492227598
28498367
853361412
927523403
886246045
380132987
40209567
442168098
19279843
705201321
53629451
549730596
550135225
397051649
37215253
847007462
397997314
864583618
346323678
560590406
434092619
963479656
261702850
834915964
641979925
674664891
574793965
194397373
938569085
325527347
70346524
634961904
458743260
320513911
819732033
735614494
952519560
278371623
897925550
800439609
199878335
649913409
510533864
441210460
718569695
421500550
255501385
356970490
510059808
60703813
500051844
681041084
848446276
94158144
417885710
375419672
671063951
991638179
485846208
333364639
449103565
167139415
328159208
843542439
909393527
889706671
182984383
653853977
818317415
464235550
960599507
570850260
444223524
6640339
200023983
683214592
627964405
480874313
765789035
237141427
406002019
91746751
869259103
602987210
934510369
52116227
795469475
765216243
741001500
626790495
578093635
603022909
357717997
87022842
582759477
252059219
468959981
760363054
957342128
286311390
483304587
917817516
694057114
4919477
834863635
939334010
550518332
856342078
897659789
446765746
593917989
973050301
273084240
419001229
772467169
152299222
41171471
616709167
489001604
609646235
66655091
846346920
804272862
433786193
925613638
508098848
374644240
239701186
895367564
621576655
735651462
360315538
499185140
316126926
207991251
342698291
807562776
844846909
907583172
247151553
972235033
706600863
768329337
566113806
29770136
397708454
525844857
612843377
542430382
894887029
917166971
787989889
401903503
581450595
473332243
791606625
156222247
757896657
989030009
60233258
414594006
293512615
891643632
393841740
880760744
498411899
337123335
677902037
392373571
82489053
659981847
75870002
444643559
533956184
730872794
826111075
962890937
570052725
409990602
840210229
939382887
429352765
480393195
985476448
262952380
934518372
875147778
531010975
968502044
993127762
691279533
878849101
238691633
376422144
908301152
351780167
846872735
245243977
760209266
111632645
294165913
147417001
973760360
698363109
532301961
748897868
906110475
71228075
131545718
691411782
729069027
739449988
364063015
580417708
122929666
693788272
340824501
69937608
628491046
743600991
99819030
323826242
921348812
675920995
429124587
335869158
147312297
898236215
777320721
158088149
938901833
62370383
329028191
386817620
501883105
594781492
450273794
22154228
220555156
937472811
218273883
454447508
421667526
223530593
490833338
931222435
923274594
741857092
452444589
367916660
765656342
145220620
732541686
324724889
902410754
579826916
287517176
840112671
717454853
552119341
227928195
512944681
395445844
258700520
816793784
804526387
369927927
29169645
133351815
183687381
588818296
354939950
192904181
129521713
980179256
281782927
552551735
486190113
536649016
614460803
774706443
115286356
839248124
713772066
790022676
331543246
51487807
16174068
342343704
817453515
807062538
370324011
825107370
263631440
820131394
929860371
661238272
267093508
508331838
507138896
593370012
457562326
989088728
12491285
888185055
972150834
413369111
76948283
17974823
61854732
935996323
146611508
45358485
190312229
949974808
251883307
216793718
697561931
519002273
761612101
176622805
634679690
897233170
39105845
997120842
62527134
683328482
329181162
513057872
189974761
886373944
503736533
391737137
488596172
721913329
598354565
917301991
691024496
936742862
238855534
318278429
308995083
150317966
662984589
134286982
595415591
565956246
714312279
326909121
861000589
825511362
167886451
134480020
283767803
218898099
910883748
315654854
835436919
149586955
618683277
773271127
322602262
209648820
730827532
201918236
423635512
32034742
378999396
541459295
101727110
137070469
888373719
281745423
961045974
794244784
133067938
606034096
191745709
598171267
555664768
246254570
134302658
882528947
386297191
594610991
191326019
214240913
385705220
39708335
545852157
831401137
531269265
883952993
2531789
675677161
687982418
598330278
414463424
467309040
675101462
17514985
628722952
594787376
467906483
594233271
679034249
823731910
179927704
514928236
837981084
524829708
80843918
328337334
583511867
962735475
835716151
368745003
155290146
135893400
482626942
923412603
457660396
936348742
880077323
610217547
216502851
770849170
308186906
528751722
43266690
264997103
451510714
449823847
283473258
156513364
750383848
443520943
910987184
348081554
355073672
384246199
16381999
638879885
313944600
161918893
271135452
927350489
513929796
582482215
289132745
631512343
234786006
898316759
425865912
934345715
722482081
407181555
825249606
163582195
620313986
216730429
365768714
734540778
399114064
503396059
759885074
721391475
456149290
377745281
22701466
446039680
910666963
741230935
868622865
735235345
569305021
458483336
22553561
269973722
221022131
662982207
404896920
580785553
336539509
91245304
756537783
176255015
532761623
543953665
946839739
903702620
587039232
709860804
243139557
813215759
976333568
309242287
177927682
942636532
872096101
380020012
658282379
255174024
875630493
235940446
309381590
87637576
132050470
963264251
676900841
392583203
234983188
64271885
458634719
515000550
28926241
602958460
225815583
231631883
113837296
169877682
638919835
816909326
678322702
163660282
363207824
687190069
562236330
490177858
782695560
642921617
263350690
100697411
465931544
177847892
145412989
561023763
875811869
448492775
872309210
348224712
490924740
879107909
160633734
846030486
849695790
942746716
968330616
505919231
8845302
651575969
272228757
995128896
946088604
213374460
739232507
417552696
224001458
208476068
653774601
526316856
875174054
609238876
12956641
546307374
673475104
455301125
679154940
933607479
467371841
774113262
535164237
321852570
576060961
543938522
672692847
509999724
870927630
945822839
13865898
131607354
481867738
52818305
373166560
511012525
799661596
329831179
813391403
507131645
996378360
217662763
962773277
439012362
213420809
34895562
739315762
342479544
247535028
161715870
928320701
751756877
368616754
613525532
454717070
619993528
731035073
782382211
362917121
87722758
146110377
15600242
148520529
955911101
218040215
369547151
505955710
94351313
152886586
377060854
929259560
261030889
681182391
240869853
394604074
687022300
622896844
354628929
812416262
549953197
319731525
549910611
733315002
400734087
725256397
761611412
777440993
535840700
681514395
442999584
52270482
149525158
26034422
739079599
265702093
260352408
191859350
599343577
876343302
131675526
663777678
729525367
550486959
159245062
440627301
94736347
331022384
301135940
908963915
728555805
846552375
996356119
935882544
692099018
474041677
679074575
205009384
923934348
512246429
550009205
174228607
212037441
592795336
514461418
292938494
316724387
174830068
868899549
472651000
641562784
257441153
636879077
726626580
698502099
809621540
267967778
370791863
708554654
790687140
571972812
501462172
177597462
238186559
866318581
648898591
649601774
644997860
558266478
395677841
260299945
586305345
109442480
51572526
124821734
118453930
665342819
440346722
4205510
650646997
441378746
127178641
691442182
950317436
362706989
307544457
134803080
370120998
76617802
838684294
837255807
963975794
266369297
352154830
624514291
405259625
607311538
241814430
982386117
171131881
345638205
626238803
718855203
677884765
105418367
219306792
452658033
405870860
658757679
96417959
548052663
924110146
355785810
588618092
455638426
613517851
218850689
284820613
192041134
326120406
177263698
753279058
822750092
635192251
45694677
583350244
264849279
29223562
994345422
450718937
729775340
985530503
322855405
135026711
148243053
793451814
600405939
983599949
272197086
863259267
671402821
740840258
723632043
627710699
223720785
742265734
590190043
829743324
24248139
701650448
291243325
685301733
463021340
780908988
699860036
450024710
768234936
422729262
351786141
118474252
695832988
921642562
364220408
51575827
50553824
727710231
195145244
945341668
228142362
654281031
516449896
462536401
800307945
431285879
70035939
429224562
853690972
865186338
270442497
579521440
449711993
856489304
466478427
852740522
201283940
648002330
159695720
963699306
559035798
499723020
748636154
171521999
678161301
144195501
35006171
384690877
934610711
317791949
229128586
389145295
396228320
813547709
654145160
508312636
733413835
732652995
730490433
678093852
417109409
274484229
301308017
634221086
731909588
350761034
38298782
503208569
745886667
740885481
259511271
920337527
100244188
317459885
470742854
103119342
912055716
429954511
896548867
511444159
275248628
421433262
90819763
625178606
666978865
444132658
79214432
1637554
205033780
170782162
47256081
9575842
136852366
917073341
637971529
219626271
748122872
770739680
432362459
672726339
665666069
918712666
185204433
143768257
426070913
211135509
288119393
393728864
83253874
352106176
924540745
823001641
494696072
45998382
556140383
887025185
467483781
989391927
195605792
597170451
523262561
737677542
264045828
719245323
725001898
577801496
118084093
280536417
674373455
219436701
144421498
517924749
411857491
682516643
688487363
69432116
292327486
937823942
750603075
489502157
891408615
977979024
371821534
725412911
492764050
919752911
4097571
343593031
392329559
659175203
159895541
132114806
437353171
753335225
720137132
456330703
472244334
783287284
729276858
443559816
518805901
715831443
294748323
776614176
896390413
454585752
535162078
595664431
21598730
621919964
775104642
846931722
803113120
384492630
782424762
991065965
158929039
445860219
952303671
67221815
486078011
360681697
433333744
667811918
692410047
366918138
155088971
729988442
451811317
965505619
144832974
334695212
289082504
903949836
624285151
667710715
659137954
36844039
607553257
821595459
117160115
45366415
832870620
481425197
361524267
313792458
204361957
11040060
192671096
107527042
517719785
889917703
637936368
927885278
944624401
395601854
867481454
784036085
574408168
402516362
24849721
715141469
451096122
390294823
632650196
573897324
738072597
595498774
944418076
63273804
980665030
124795648
817701824
925382109
71427831
956733722
578401241
822800910
128375464
685686322
771180268
122722479
548732685
969355745
287438157
571857287
126921822
618550736
568357436
492126642
225979087
331397973
710554765
725982505
618080599
710378344
313842830
721179834
282193456
952870139
383521779
43337344
837544508
58121737
747057644
379623184
155122923
133421585
207122
319754627
943519903
370518674
967731468
569090903
328553275
741888281
138483647
688598770
279398375
607585299
335363418
411690444
669971754
870479467
753168888
653123257
900943544
914797871
541050289
76014140
660141003
67473629
557437320
195543887
47263498
40905537
722495689
375648836
669337138
640726051
23185326
562097434
295358077
516455407
455114842
548982940
153065545
785154010
390887273
555113366
254430414
911255468
543557063
633150386
912305763
863527058
365576825
15227030
334664491
554768406
238254845
275114938
557245025
118504218
172466541
896313922
69245616
687897378
318190531
69324084
454652725
187227821
209222052
80182708
234151955
677941481
783207498
512359105
870591348
341995292
824565395
939520476
935783040
239340455
335228548
840743595
436644019
891160537
91338590
832873497
765744886
838180918
245428415
786463959
988120224
379362722
373013753
668219546
773028374
23971831
598800157
804071491
665369034
36794410
5541929
38277847
532397384
393258907
984966119
414814914
116220812
803014011
261929926
146754801
2892342
590511052
718293838
919456886
135856601
883116
707421719
399755513
715081628
315208869
341546174
657935882
175929602
725918345
294047566
960516874
606487078
651101980
524043929
276714034
765899458
795563648
697841569
489050008
831915819
188879822
146966626
721096694
885301513
210722200
344022721
33839050
95966849
121463623
938220588
368366192
397594542
269637409
985403330
23200537
103972577
417109826
439972776
238411347
189385323
659914764
100699458
618614627
521739956
110617591
673606365
994589065
501176389
588921398
164811154
814085096
614789842
950263649
879920640
808057254
903993642
490736991
697141083
973266340
192642418
739591299
551281399
214032755
164929202
733943345
652409806
830764622
216832314
547872982
598701310
839605604
582360287
75622107
268702222
706904019
536960628
475788142
527615888
408198916
638314695
146674705
663235199
205041388
732312481
604111604
519174660
277522573
819038542
902346039
304497790
231130289
323399072
823983836
454520647
94199572
946989069
725999181
292371796
162493840
666847691
460602514
400607588
949171837
898245935
550341704
966264216
598230493
376492379
905437547
784437084
23275719
249566750
835669005
393210936
558478274
785483109
693252773
537862167
617790046
609116109
37817138
327342012
422037248
667395282
275856271
533425376
302755895
572404753
962689149
135024256
912095058
779710113
27254309
826557406
57985596
365508550
604770132
683281764
459094335
389253587
343557752
260882556
665698106
240202505
376976305
888985180
826273077
208604520
804387424
499253718
507797176
993259566
48747037
741037420
522458477
343162812
500578730
99146486
366696277
633062358
199957152
665964625
225843546
188661884
953014631
673008919
781367198
800791888
106091768
78447917
480421815
770055951
984584412
385978215
721896584
926097045
50464561
612729292
673974122
462153057
295073998
500784991
63577357
357765891
315543413
898400164
662507344
715977080
131474028
822836068
536005716
197230016
815827671
277455265
780787353
170824964
88471092
460077885
546523846
152323618
51746284
431776495
638350146
710010907
566639064
970468751
321709642
838355363
239581837
589306792
604620672
990731318
648724882
228545614
114736709
478699725
631489042
873697164
313592952
592411748
304182497
525412816
619095984
614390796
444890954
343653826
117446357
3944184
332645875
268854464
188764968
523360611
112187649
718038833
582109878
335691181
849358578
369922445
144015108
542074531
613188062
221513338
928457425
660151497
463034107
560574539
459895357
319614228
886150341
333200989
693384571
526939448
675073276
328334924
347645500
897824959
763322049
649312627
398932767
20362622
937265539
797748627
385940071
879888110
601117816
433873359
994882476
533125885
648757036
60067726
560056157
47035713
779842401
862686378
733287773
883469871
676760132
508360777
761267593
505620902
865903584
335471495
750537870
904184696
736423953
923226924
40285290
260829441
208353016
813430851
978166302
112868454
386492331
492388617
297972545
412420812
931674383
365857425
812111998
296687459
658825243
315462075
84736992
589246282
564583541
478305730
490426170
732953356
434521092
931062601
309401900
650107668
266080162
363024337
727112506
837275942
245231965
913323585
903851093
960638753
624674715
888882478
914121864
405297455
703590626
268439703
2857651
47132352
227217760
135167184
694433451
425429160
763628236
366970057
169821730
803775403
404888588
584763708
319951523
615359907
723827103
191061195
379550602
24310755
610524722
602310543
852732578
183670485
226459345
712278288
315700975
10911726
587023352
692740550
62044398
608849334
213158497
639592487
550139098
268569265
876094646
642975709
931882362
425447575
981061265
727962576
225424972
239514329
272490148
406038910
386514874
489829218
250882997
686177753
681817306
867472695
299281165
755166662
317472112
431792351
127607630
769532481
564005274
634926676
954279035
862555749
8088174
17987831
242753826
306093716
803383966
440112581
373601368
52385817
174485392
678772976
243250942
116618690
673732761
30719442
851657671
474863883
704950198
625844039
686539226
984287720
690717339
273419343
654378586
71578385
970848482
571479597
119464934
989334499
848994005
733564198
819947915
462608634
229279522
827470719
45626974
436703669
413474333
455105321
992655076
543026184
951417005
313280899
313176997
260939177
847168462
961845690
699128001
554198987
354650912
463311395
280185831
509730977
691934653
843414563
937310549
9756281
728352074
519975820
582292474
99054707
378881000
560306528
636030126
349338754
611173058
728468171
523850568
128477470
360341214
364992207
836145215
971932503
262091058
407243347
395798771
936164481
855746339
992754053
604991982
452858256
196975847
18640664
274392997
725106832
14784645
660402668
462403425
639950608
738443635
153003557
498689309
218143006
441449889
202707022
139683787
745166093
621928815
214923730
946200868
987860603
584122616
287639079
719219000
810842468
83607467
197084105
523347630
341673124
905454754
729887765
602508005
293096364
911370873
579969187
138658407
415520072
128537855
249597298
376991226
598201992
840257122
160783041
31223096
910471818
857439175
207746518
214419538
403019586
928174499
720839434
516653324
663333895
734851601
403050806
862329295
858683452
414697470
644138355
351558324
405207471
151191862
435362760
722859686
117891894
278186760
609884113
859007907
66207906
956078953
162190626
657195974
9194538
373434614
402825
203174511
824937252
468152018
439938631
474495085
447665311
413360748
105595271
951128032
669848830
216992574
23087887
750184218
413607208
325168922
885622543
82324658
462305975
935894796
675608672
323200465
866640316
168298380
696297823
645619920
280865870
272474535
471083481
971449222
732696513
938854590
971456485
439322076
183623288
192584124
356726888
195407058
575176070
346850774
333443588
645417662
996785836
491352233
143258060
825691770
880462710
500990468
641408086
836669342
241753467
683955835
171891432
520848894
735459537
571311351
748834261
28406418
811643878
129801408
453446254
28206348
128036070
597375914
863692673
189384509
129150698
752557092
718410317
653177059
915093650
856292017
38363336
357816150
698529728
801481935
988214075
929567513
776397019
263407451
79016832
234022499
718909532
772069229
858323972
444551058
808039684
822802609
297381879
351660128
632175493
726006981
660788135
953163484
952296594
94265338
267484581
686268427
972602703
775390545
628355698
772754908
884576319
411311639
384104950
135835690
393101822
787379817
750287532
368842470
606428356
906315748
563389109
683466219
825816787
940286909
972054685
599780195
743957622
796963036
464992251
869657158
332205424
580227573
312703324
299665863
418470295
622576954
600956619
200306233
4211246
60899067
307497704
105204888
913317769
951518576
333897981
844326481
672004145
145859145
471220858
980726338
608669157
988565489
802803243
760517499
466056278
715904860
937281965
786300421
489909289
991525862
847434052
103229277
668728541
740362692
853521410
462118478
405098279
451099469
760659531
660606844
790690913
809498042
116648234
245194444
594958436
590686501
854588962
310774893
322890740
720619810
575087323
128845124
717327545
679066107
871847886
946779926
300516691
54799878
827518989
942278547
806066873
142790167
587199507
25969865
662361150
896905944
330903981
903949324
71577905
27287681
86347389
139822482
118261658
970250233
646803952
164158703
500373094
60814315
157114971
946443225
538122856
646861172
454809468
720081813
618322959
271129010
558928484
333267078
524402851
858184266
933549888
479058605
595732203
991008981
789463585
188838682
477937321
862719491
315025005
556380411
135484256
53108420
776153083
961968489
138723524
192811695
988128200
524401032
282238450
690116071
103702566
741649598
325288902
895600922
460709675
934243815
426218999
516297591
8189530
127000085
30303618
403341155
238337688
73389372
541090208
616271018
591280061
144752841
668526813
610332912
773784483
616865854
201015889
191003661
801754748
677766350
593356905
226201975
167733115
218764914
242576148
2888135
654934904
373587779
551491031
172147129
602994265
705632769
429672839
566171083
531587920
864452264
933014906
877940148
534858554
70595304
964213638
382105655
417246190
199621529
421485149
881907286
530299094
378737236
987340295
418076324
776303762
361250712
737594071
865492033
355185931
781295705
289091367
507367798
685046703
406278996
784683782
765835709
480852070
865539068
145142021
552329764
557881310
136090962
108274444
786793386
627687657
335655779
257914935
569863011
144697543
158379275
224555386
964676972
287715771
402183658
733133167
970061818
991672170
401322612
836347422
618531681
565116571
915605310
467448137
418605795
210644742
9107621
658523640
638436872
126001798
867113815
942388507
938549175
652573600
562967132
436061265
137353854
259312031
452687162
671607133
547135311
28281651
589048441
947469321
5321264
626880338
176545883
265432351
125727230
488269920
792681143
428052099
292981762
596812262
579596487
804778922
684023869
437576860
717050929
389762720
379882405
988450730
391577754
822873076
696446888
577261082
720518124
191663474
793464054
916699850
830764496
671449992
85507561
883619032
282602277
645901912
572495731
91725635
891067184
351928377
346514786
675883498
441509284
554670681
944048956
133759295
118627956
327079728
323725309
387864419
488181952
292695306
713536946
388447603
973193510
796685535
875702201
902196339
755036111
944841411
335547163
111413021
146972009
735792822
453538231
581735461
474541626
91219626
607127213
67782715
295138279
386440979
517206003
761915819
673606489
430753723
276707220
417104947
399227360
631258318
566600066
752550361
660887749
805222293
887847942
915026933
32597703
373774528
941197938
740908659
179146302
488167173
118139992
704923656
121281541
689857242
372585621
542887403
710645915
141831028
939632649
312305661
387403158
854193676
452958368
585598251
192004592
326053332
693504005
448817783
539801630
749663760
273741214
441272815
124937621
53049136
282609427
248963869
520004497
521703535
24790568
389521885
104174130
864774413
453094259
14189159
751080581
877421785
300683020
342966303
492436084
351602430
622487247
799543907
701517947
314648042
158125650
28238086
407317642
4366263
94099943
505362629
83610186
696494022
441324915
666574133
708444889
571851730
148294538
752536036
97491375
708171126
946709981
764947605
629994759
394243907
61894468
96487382
870573164
46801895
556438241
181725319
10483352
242308291
272729288
306734164
705285174
949419628
39256212
22630083
214858647
595707746
732434279
940931574
265640800
884536728
686380751
782792810
453615161
431663521
975083989
309003363
422937067
899637798
385332671
359350453
48552205
537081081
661181189
915048226
831417184
820537137
219156719
308045936
618909473
281894818
290216990
281627780
378336178
195484392
53281541
349611180
369420515
245918288
533418890
962046229
30613851
9416441
530147474
656616928
495129206
608286745
444245451
88752115
703356643
81378185
130336367
51362288
216215806
444813949
499208628
485413513
574862120
84802478
514033940
160507971
124341068
926515231
627308257
187892573
649395787
722419502
481262766
420836910
893892940
21248043
427565075
933598522
659983182
572635166
951259548
56244195
687329537
74395985
120391060
561637476
249541563
283152310
806048510
439037126
943839667
686227203
327385447
196597196
418403717
589566451
563106012
335256204
933716308
291322728
893615235
460734863
776011800
979401608
250960614
642964243
215470873
450558283
34560777
888566657
860962510
510072905
42918028
216250254
241749124
505835307
216694212
205610323
828008589
490616504
863745017
381192033
338173579
984116719
710391800
459278874
534596248
548495803
711334767
790257637
96078598
154560661
550436096
574177564
246335963
706402357
832838052
165687283
806926000
745033677
811271432
230252824
706783727
617266322
353762279
80622721
357604295
273661762
563518589
637280072
698188655
813376383
687295977
380070872
914597483
802549024
878411278
857196802
365380356
684369740
681200898
752817738
320148571
386630565
681147000
860068852
397278310
835278470
883390972
730547010
691273433
379404291
827776123
829090117
980027385
457136823
436293235
882816784
993304770
611554695
329513637
486980585
191571803
975536966
816813395
283887924
801590220
302949244
247176478
441327380
408073438
187913891
813532427
342409259
898052710
232841336
269155707
518123084
257772935
956215852
252600604
101960010
419304865
906592212
826356668
773906804
757416874
461464425
774451301
19034877
641500737
892742134
108701063
821216626
211749533
818978660
381146958
39673828
576638799
878815864
589716047
317129142
278708627
817443982
47064015
291407519
531833899
495892524
13212984
62430960
431200966
368173544
364183960
423624678
377468857
358317847
367511344
465779086
207306084
467219921
457461248
13754062
663922394
159862624
394096735
214108110
863113725
767741125
790039016
518866130
39474119
910342806
474307133
777712799
459628063
756010361
158467216
526220223
512449664
383028509
539227744
14416620
515401272
314332910
377197165
24486386
894471247
127470957
691680175
896879040
169945641
65142500
877591768
66981879
913115980
534515780
824434786
104662220
397540284
914822027
591634132
563884576
787457390
799203145
97349671
57971290
642956017
95734376
947465810
41855069
826047307
440375902
214808441
314369899
173258934
694086088
674480615
284162447
804631464
613416661
501968416
433593048
431872796
307438287
348076666
205823251
545274301
558564490
609153965
289033389
620598211
714811877
380343950
71219111
246131088
653510421
217102591
859671696
54821033
630504293
505884371
509552631
987331052
104572470
125419766
768223719
312705307
53056163
760758653
230878773
351164479
243729965
979472437
505548779
496958208
766324118
810716651
134208837
517486035
714371490
551598983
488295047
419607804
705678541
131519567
353465400
457102660
554447084
742184815
406914611
570695196
15292538
122431405
175562066
919696664
866096509
444039571
843369377
450067205
577581688
559826700
425684599
91710843
975318968
447601098
423815365
715441773
386798467
845878641
747938799
176720500
588741370
463191618
834848416
338328916
620804861
111204143
493787269
175553919
99032017
843266091
364394023
65024584
168084619
714339720
353743542
171944724
304536502
965585622
702568220
735019928
214294485
814706564
733288857
327903542
269392605
72357480
361424559
290075351
703434004
405050180
574110402
927493203
111132482
193398854
56338410
419990643
515362185
753542131
172174035
437961431
710672661
766892764
156210144
787863911
798103713
924399972
522679600
408502289
792823856
735633862
187597959
956319154
669510769
474721031
709947478
453003009
738685812
288910365
579009761
690388154
507085312
776051000
467514032
640991785
19187014
147959434
546996017
990040653
978954204
169623699
867270252
447260139
972614119
899613408
726836568
284545154
628591005
326738260
93785782
963018265
93783099
967310651
83192883
817315480
581772933
69421623
42087904
940489803
749243479
575731101
41808683
449615344
296242609
802309392
48964374
918120822
165353208
161634670
243160354
357326317
368797971
822134321
488840551
57533439
656788452
508960597
620525759
64517364
773618325
950062748
325627768
292556063
654615582
787647022
808783851
571018962
773628465
371660193
583927209
431909654
602025402
356300648
125972004
65443949
378452928
742297474
289267810
223104483
674403690
935833733
117166028
679059837
780499345
84494443
14298456
844327736
336629372
430905899
525294113
672441473
204682310
945827870
701511039
971315191
326976610
492570011
640448982
164545545
422462603
285025924
967820673
569053977
494731920
62048807
448952774
95359450
52654680
316169104
827814919
975030870
568906657
623829599
275774143
653237750
786512764
54967385
244951261
339010129
45417844
170340874
241676362
790366245
912936757
962195170
829880861
552269162
712970182
119681979
477165906
246760837
98603962
271164359
780153320
158273970
346639237
891498283
875023727
766203010
518547554
133761107
670816351
612836471
321484940
530505403
894747201
178201703
402205763
994614455
532536211
902453725
577966574
498755226
433320248
289393263
44095448
27417239
980737264
104124556
838359050
883000665
200535779
975890315
650698357
993538506
692114995
37553604
202894850
42421146
427735652
802263136
988169161
959208788
708722492
980757323
790784018
198758802
684859030
97879655
994577547
956134398
300972879
358887377
110122204
824043882
531435206
143051890
245939715
777874985
58941590
421270608
481924372
497926136
69687396
578720671
156473726
443585788
190009121
383564502
762302867
136229704
977683102
536538763
555888218
368384111
653338733
270396631
86062643
573871764
958697085
967384838
552896061
101575687
295888286
468459586
799356534
944128295
402337752
222218757
804927402
613140869
100128964
847354612
759749655
573724125
705213815
360629068
721897386
755877354
813399197
899604099
667345242
443183116
27405018
291772296
42435080
72981925
834217937
471264071
440471741
167237729
137541676
726015601
347075978
546319892
395255943
415833299
757554249
104796615
242471981
196793437
521868176
850372003
906704603
6278256
488543776
889626921
400915633
225914941
136644420
45531322
918251108
764496070
660812548
516288992
372125022
669093601
20472809
966936376
904906471
797050771
565412659
120212705
862888930
498063436
340039732
279729842
161746662
760341833
751563029
534527897
373313623
221038547
524627526
211122505
408009152
740282135
49587754
60231534
443637637
118067854
749991857
127529419
495028334
841979101
772094637
511650793
950202331
452400713
459600668
860852184
292997415
523178095
827728346
980932720
284956898
776195239
156682046
542526728
783526709
491384866
577517307
48083938
577418257
631085735
722979499
127567018
453839623
320446712
976457461
918252337
34606951
453612900
293205741
653019363
17605022
901492534
219760228
114496668
546680083
477007848
636674372
210676780
248024928
960558064
694471037
237161820
187100662
452229652
289485595
497263076
29165672
783654720
820485880
608148688
353233885
8047327
845252762
36642634
378891658
184675404
987296191
862249626
847884625
545694063
657095072
279882283
531767461
542914878
566732164
188917407
943681139
262960814
311369708
663977425
722044783
642383870
131157792
589281631
28663002
339284105
214706668
16392886
803545683
703936593
879539764
351548988
931981850
662875288
443962876
491969307
612175446
595378777
17920279
20586794
36741267
158919789
507116740
978702082
151636784
950596905
816941908
875884917
185828553
705523981
672134783
735624707
907034516
836728629
210642266
190794506
413063704
770639114
627240363
12656129
974898249
78497931
232413309
169276996
134702403
896973727
884215929
928808196
669545098
551472646
253117969
454357286
235929969
458281017
180651146
934076807
992413336
311398535
221092398
100178356
20712823
672707079
636637939
659781016
433156121
610179494
835120617
896110523
95317431
936325068
670588063
326350179
935408910
908564721
809677414
641555789
952709640
398299783
409737760
589094852
197772918
568154699
835441144
543754500
393773831
267109623
947403044
861624491
178775709
385194537
9720007
916762757
368326942
818996731
880040223
759858483
800646637
114784317
112709480
610750288
872627442
622716389
864282260
928846067
121080974
887474179
536490760
743102552
33591335
49866893
477597046
851617146
734510900
783582199
131730355
703431386
431339676
202120231
54495893
390726480
147352566
401585512
572452403
105442726
623365132
332640593
470751260
937640098
449329396
232235974
419323145
864037621
643581564
119193461
243998332
149645613
340527444
105724778
307077593
959888786
615469563
364529590
413778752
358189654
610581373
50562141
882121649
434252939
465813430
389696813
8959029
817880848
448663571
189758992
170358919
28394697
436907380
895449265
751524694
90136065
125482565
86694492
356620572
116286307
153599567
497853858
638113074
377062678
102483306
155654492
774447423
231471375
743538592
129329032
792222403
587614520
146075957
201720324
593027928
222320184
179190014
563535931
603203064
163142183
167984777
100818472
664634147
20039553
668629523
708662983
380951363
247437963
349556510
99659814
398389288
107098004
177360128
373622996
61387373
853768976
279532621
318347232
497576591
466749213
589032677
599373474
136456061
960693964
352595849
598139831
646427069
663925549
230743169
49266268
797779788
68425670
220793612
373712386
73245112
415426890
747471886
123717639
380000083
837621105
192688297
68824154
37612129
15227787
939561613
849694679
907078067
410634894
226280993
687254313
651626677
99668641
661452383
118192206
960870132
302283668
168945686
797143556
877679917
775610117
788472019
424413289
669915760
205357663
810710282
429009350
137981374
884273500
262725053
331829158
572657940
322614297
877452557
220928039
328112348
450855283
271039816
374043049
620980348
816996451
235258348
123831438
570458781
127385071
370238294
810387920
572601229
665563758
118414795
570749565
973291818
856954067
807024371
220246900
344073637
156647014
124688982
78618102
146811371
233279934
137944476
840702127
642803081
793419654
772378538
751650928
829288434
142313348
603273317
210763582
739003228
629610277
65051214
405582954
450386604
634617923
677453336
415037776
477031464
307662698
349185715
868678454
437808452
792314165
981601851
234730813
52431407
200139652
509499748
766887009
335652234
592156790
377895684
980842589
83921437
909372668
946117635
164378743
424796477
61455419
31638364
828326195
180538787
230800179
664458955
892474250
480719406
371035608
120742723
803721181
231190813
292714378
226411062
500374193
62797319
778194693
4748676
86421245
221588568
386760818
683319629
424249273
247115928
474292463
231255706
865459730
563482716
281539071
446553870
215938524
260605420
82488966
167910452
608203857
566757197
666420110
864984017
544226583
881748046
605818776
158748599
225090002
384479602
381638362
219665954
820426006
645376348
589765280
781375111
694823065
654294236
864033842
420854628
269172594
783900905
142168145
741010459
850008013
690924581
455640637
435399118
743014981
803800936
808538113
530479838
511712246
817496740
687970599
405483571
798621644
69772229
643633417
124650829
262147888
123283757
81162773
952069966
448222953
554084210
252309223
157610763
491089988
358334612
272219443
366670253
508090613
47670161
547904555
979979797
475903036
67100977
114514110
395377040
532317102
62802738
595408163
83547460
804476043
588687302
191753735
96217842
294079274
889445193
223415276
654850516
471343665
434529622
530381040
426391514
963568526
746515908
555589955
46951582
398564249
375769176
277042443
851341804
250013532
33139307
722247835
531837081
360239664
450485418
128078951
516104232
997281706
961603614
175143772
568708966
373077332
260466773
975478269
884358210
396541270
542371453
420109438
403731432
762116647
325268669
561234340
117657850
782987047
7313725
134130777
523946301
898274969
485045882
741080019
730813330
137692599
113115813
865519583
783383263
797205869
528083285
957585822
782105466
305959102
820026175
595763736
250835722
996046889
308049278
652753319
172537217
830073575
273009642
330162423
733742499
971945512
542915740
857823024
834242856
353058912
547594292
649795840
565131849
997655860
483738977
925620978
23317400
236532278
337507692
872702469
275903424
640122083
366034181
577828415
447709071
172601031
66046900
349361039
656688457
742267087
787312730
937227774
257023353
57757484
702847110
980605958
443823992
525476863
197472963
852426324
920872246
556623870
357123889
569330368
242460092
98716523
491668545
760962655
569207885
91935817
949076650
389629109
266160304
685003196
24267139
742206904
247170038
82093417
231187061
371246470
190449936
88512090
222403678
408781319
946701537
760223894
164776548
340124145
628196878
388334018
926483679
727701958
961413504
923166573
760852023
441860382
692653791
11304794
973454790
977128937
970423014
429219070
191385530
636483476
718044096
955869625
213009622
448232544
841820473
948384128
616151264
940868701
464702295
877239539
797054963
364127319
521731115
631592716
980505567
479480612
216900268
996918130
988637737
563173859
37308060
919583496
905081789
542662168
465164087
136254115
877826826
94208471
938185541
973989913
578584979
700657891
190262380
878080687
495881732
251393087
387212016
816744431
710891043
842606273
997654363
675405747
986991208
882005112
284276232
666168342
721488721
517729288
134228310
713404193
958870845
354592818
767444305
783352411
676867738
504096658
445211145
712767184
492707182
400049437
668666005
283389079
223924565
843073773
479854594
162676434
808049280
376273141
330553552
729874147
162957660
506699016
593770450
284365431
494063217
714697493
737967509
576836030
36627332
689180575
441813100
974726028
951614839
468106391
113960970
797459816
415217666
973364882
640411817
497852435
616074359
607045745
870495311
255693902
90715857
724027940
467324190
182333085
4669214
627567334
496222472
437465435
558054592
62919906
32398230
495678722
548662883
380641478
964864773
779784630
778597375
118037487
550508471
218743098
772431764
325876624
865366748
268036539
484054667
202260092
283043383
213676403
5205626
399320910
535548183
947098350
489949659
501250650
899368515
117018360
194859549
771755224
231619756
910324452
86369358
475616522
971908394
454489166
852509580
761308976
379847608
239649141
495004761
417827730
428591193
879802922
299171983
869352932
919696409
834402419
190498382
110275500
458722842
56673443
639883227
415999564
123725065
397719070
91700358
559427130
916213772
593364191
944119151
817456050
594881140
918228130
348888476
776751492
261100277
430593047
895547040
168786931
200555224
247080011
515102945
660472812
934317285
401754378
927667630
188085552
766159135
703496583
943205070
29861985
163223370
922233331
131803751
901715628
647839167
698677529
552586360
638934274
723263185
570836518
579719255
282785986
405092409
341004045
847779275
309524225
830494036
538094947
188244706
299102052
94664084
930881195
410352340
916763519
551540362
436324903
625170900
606608892
808339988
565604798
386012180
60356329
222724036
758159331
530358372
421435319
724895496
143496229
796053964
766736228
158201286
2836531
270532136
729355096
235235278
821787117
205677096
621892617
771883914
301340248
937051784
516690422
111081288
158386299
33477767
339895745
461532650
957812800
228310396
156957228
609214592
841502163
196333107
619782797
761427171
160911560
681208668
922546045
639215192
973543906
880235578
747706968
497952504
955812779
901100097
970205141
662349968
825378951
813296067
75064359
5325469
26210925
846785605
644240731
858924829
339417711
703795984
360574974
791429058
56753361
472910286
807604921
675144275
250668516
606487983
69056012
205442031
652135514
527033270
393011314
892330414
246332879
580251470
987596281
614335437
330312641
364172967
510191254
701968095
292155075
509473136
16258608
702127770
336478963
758839786
169844783
810341016
584329866
880334315
968369064
814520379
705177460
74565360
708928137
162466561
205390715
859328648
949104616
664414174
598661153
506984620
618794491
617951389
422112531
865338482
710521241
494590901
288753818
259494172
31062556
871973192
480820191
534461435
213087149
658684605
411864520
908343587
83454392
292582025
700216797
744105774
839294558
126979381
87181265
200069487
165291830
332716425
755257930
786076662
198455409
973495362
599276867
91411718
638018584
655976431
356977206
196918054
712931737
600192347
837836682
608040751
834438775
5831592
287479650
655415136
259379300
296970034
824520402
692850286
808798587
736509229
582052849
359005269
87857089
931702426
540383456
936611151
110764945
454964301
890689416
288825393
674137037
24827371
452765742
299254687
10322024
761703776
993470248
31979964
111484486
761473666
690212515
791951376
855154133
854058495
584966714
486897051
901483862
892479684
118088883
470683984
890822276
77021048
263804552
231864300
847059542
525514214
931763642
225734790
268486196
544901132
199559244
97730996
862687437
75973414
544953417
469374812
939728809
107830071
981543617
610158786
881894133
909528349
454827197
93155608
27492931
462039547
348526512
299010905
199003393
535808772
430025949
972891596
690465740
160432609
373634932
15315631
716071107
121954566
933204922
403777262
634083955
705728683
325829949
106259024
41778862
129242473
450638771
365566740
299588249
686942396
349059571
217166357
197347411
125747031
966933480
540632521
667157362
823980334
338571218
431968204
488079958
874014570
483221980
969067346
317764484
900383562
903639404
406554657
200644387
352655058
267793124
21803495
536121271
123767830
586784407
249530967
128432658
839538343
415095485
390259755
489156661
510824375
690989046
971702764
663485863
152076001
247671571
381833564
601049326
710726194
347446455
241229726
349108962
436608000
363221749
591451154
420469230
942614662
980036746
574323230
359191932
915659015
845778272
656703665
633466560
622564149
644856413
681452766
116852304
780397612
113195952
381615485
821525693
770236080
962642368
175329858
713904819
327561691
73644031
752509318
395314037
500829104
20318467
452649505
877495378
171604950
518820041
695480975
2507161
66376657
365020608
641517518
969098096
786385685
816950361
540428463
292133501
782812647
418869621
813065071
570650807
901687486
338146697
391058714
863443094
824655648
928060295
140513787
265216666
747490919
878304055
602761612
106034075
752419156
575634022
474150087
128587598
715381540
898649323
564738146
447897321
309044058
63483480
618734308
912681240
362551783
718096772
901267815
234988906
565893009
503708198
560596228
416628888
279284723
314585424
611320404
276124508
569492422
946161378
796579547
380602024
523930415
803488023
906222713
361689711
802785619
289453834
669368911
67292657
745692626
257501854
465315837
326380654
571706605
567043734
696064783
114869150
914721509
53666660
916371202
140473734
858972578
568260265
191782489
844956009
638450797
895630732
409020625
215564385
563129802
39577680
770061537
391807466
614409710
577044576
287832446
527924679
4756827
247642183
355000568
111821924
654342216
186842995
601550894
747269469
866628900
857698615
509686707
931283042
229619283
17371075
74258066
104793108
925376630
758479569
995977820
667757082
449155752
922080027
210532951
800685090
68987238
955061678
261641986
10368268
195214361
45317524
493629425
418024177
692062886
993200286
435149539
52814300
6716415
502018903
542469095
361599901
228849704
750719972
46129104
20902093
443336374
512706970
950659847
722134110
968204691
153616461
105668709
657535102
782599689
148450636
359430000
105253137
912833819
871300339
407833069
890625693
291149448
104589569
168563036
403640609
278028793
183001676
422512317
570151706
540046955
951654649
616487209
920005405
882081055
885976036
598337969
310363606
697486541
191305320
9977934
304432493
652114610
778503441
498243730
585779416
405012320
719588736
894639335
947570923
310710499
488228023
640479834
650664246
331443043
236497908
639124141
809517834
908547200
328848597
862964623
744284625
124182079
716316221
401063335
195380090
626486370
75238978
580387829
431458570
211694053
105257946
976663158
784509282
515743266
840526680
19197895
698920472
65796754
26751825
216156579
694049989
365500477
829591463
19638395
150564149
158803692
248653331
588332166
399870857
321050352
272489561
876772884
269615857
253884131
979722522
653560550
584724243
566997970
406581008
742418990
427394287
968129640
298250620
42527027
972540963
155296215
830837587
478843096
107087863
681513380
291403069
736655425
682704711
92011564
927097544
504422750
580498182
417096492
541963821
787827777
232304846
321044371
897708274
551364287
354725053
281096722
946207149
108548939
93218322
717955108
709039866
954529150
926420538
813976403
458022312
65495501
683990304
130259810
655291391
238865837
433138968
786924205
847463440
545359712
738323792
683326308
920599658
793666907
83955866
33901548
975566772
95343127
105575598
910090391
509562024
689076817
22783399
3264664
124588038
600625769
691019293
185082404
574117016
978309095
516368980
287401770
126968191
465398613
435416853
505871128
3075661
387582540
411676776
906555554
562955180
817287419
923950736
211714694
773470623
244249990
61718213
629244126
980788313
810814777
864980244
224159117
601194967
405044723
47926008
232023381
161582030
870977729
391955939
514141392
446210688
816792692
430712421
974653452
546488527
23994773
676424077
655478181
666736907
526610655
396291024
24814487
784211696
401359089
793846764
340800589
685304166
943208876
396072890
621637826
411545459
906673740
76728292
831586074
540209011
925637796
474578211
183200577
501648365
739533
264048804
219224018
592526292
788939702
62742602
53258535
395691918
724626136
159758942
75636366
418472995
140561508
376284777
820959142
814048277
641216303
974613729
295282775
433719640
978363813
788391181
291936526
269388713
527005417
574359627
835373
429508750
776971288
759503075
769719235
503144178
875554321
512873512
139381568
732469085
62452305
944491153
734534289
50262832
230904629
924177176
180709239
390130209
438035796
731416809
652664573
422665310
378065912
481896058
633476974
352244474
290854431
871942740
61669279
83947742
607606873
152290997
228364188
811701023
445744272
858423549
742676833
677469279
82228438
906113382
95576783
865089061
484160248
869253533
142387479
702764364
129529249
807999286
176457300
395617056
988817462
109614898
310144241
482390752
54323119
62572268
639618261
10406521
95383180
523330283
405493447
477317356
826108681
197139835
728242297
593934310
462831076
447305668
915108506
425428287
106277573
973582896
647241459
562691311
283582874
511073523
886838439
747275288
731390640
353772571
558632589
292465181
899959817
825479844
433230160
682504576
675582099
440696003
817600075
220033888
557706116
916946648
838975073
264654987
483345551
783880602
365155292
262722842
392148604
144029909
64335280
525033916
76886088
993195298
385982427
68707225
482177668
802235696
941522596
54408141
511757826
853379177
91872685
546223712
315865377
872214138
356469237
857197602
40244470
122973686
162661795
544326789
175022018
307631526
632817769
34416256
408578453
653914041
158459007
438926909
104915558
390925233
545431597
133832838
724158163
790341547
367667634
223540640
510132045
597961073
420114278
885602995
665054223
136102815
344551072
670683547
576731230
775115084
711490406
192411803
387414556
729747615
420700242
374366872
375481848
50710596
519461569
835577157
838835687
434160453
552014469
435796853
258646273
231803542
204203612
497372482
742647141
942709183
849331764
663083900
413596193
666042641
943274780
836072362
461352092
607270916
609323377
44488184
69386928
75687242
724669347
84620048
741087646
749136504
451655697
789201375
927198225
843022348
127351497
44390731
496044474
839642347
93285944
808357279
246103470
145957797
296964287
622039520
48997990
941012527
173963076
38464674
699288872
864673074
440409749
4537757
800275814
894748986
667873110
507568847
368511743
711929137
162257094
796810057
318715855
131500960
729472837
517635851
341863541
722106273
587677014
347447744
378210674
945995296
702267224
160983563
786336765
127020373
333914647
648218553
35735874
332758313
389504441
716205718
579100820
625381231
866984298
407058949
664963361
607128587
256313932
645302440
102337541
527164334
671412061
244647576
44559916
702698165
613484198
920836685
992761181
938754583
730003265
965709658
215658724
806421242
182556596
846156716
707323453
890509408
884194728
512466665
594193118
124452918
332662241
643064539
242525024
377788672
208111777
103979201
463209930
378024681
91490962
927830660
332266211
59186972
666521064
290060031
579993380
168970438
74318849
405976794
64763548
1352496
638258658
800921277
159780632
827858968
884338430
35319239
415591380
589348670
185656471
382855200
381118675
594033403
668838481
977584346
662302156
925524923
494509623
165023841
882516927
670821400
500554716
249398104
99815270
373669134
767357895
352425977
842614034
37758366
906460530
922633951
323094482
852947704
965084731
951791798
515538952
950473888
11264300
232927415
809910513
248523506
464939965
159940012
513902642
907169958
803054206
674769830
299407396
598610564
636781815
617051403
105065224
199211034
956167750
89618448
877830512
165092566
363492267
332517828
546878551
753306875
393598370
742065735
850120964
678595690
353404467
14307865
831794527
516377704
507461113
551432625
555342872
52737426
283836098
242476617
334577521
366144000
346100876
472160429
793284818
506783314
258963839
139557763
631977949
298568681
431659272
723486840
545782816
40695667
73052381
852316347
834084434
502173108
165407047
613853246
924521053
861072692
277953488
426295313
79486355
18909898
178794569
290328890
286692560
848399509
968682651
945271820
864537306
468310180
922271636
366229074
127211853
301156425
905893282
578159339
681754070
677964576
756231223
557691583
666729315
548540545
469092450
157848409
778521138
517302640
571028088
323246295
845830886
401375763
177686069
420200536
633482098
520341234
526460652
774304561
897962872
366643017
207743180
85157593
43401676
349875842
248626206
373270511
338997285
843650342
60180421
414739836
261708380
447022278
157883566
530130941
903254800
426654769
799568465
27219961
606614448
126944236
81779443
327593265
886617267
138501880
997256798
666398768
235989555
293830969
748999294
701770668
774938256
174369322
54745030
824871592
949240406
427346028
167679762
97022544
541209117
644300092
140317140
882471827
234905960
907478272
199861434
101954439
677128333
805287812
381433677
976494087
468559817
166308553
280539531
239133598
908893392
770523068
182722233
600555542
768539612
552346721
848071251
728474792
621941969
680396187
469744916
102671100
740562363
795097803
798903918
934231956
598474112
428877560
471772751
233140062
647798243
940403251
873758038
156397908
316823848
244849405
751885900
506431939
326950800
776408520
8933164
314918037
465592462
202854365
581363243
184324019
339000096
114619136
570086793
503705803
497845398
518289683
373615547
138451886
557281406
700658347
6377543
414283553
58036208
58638939
629389625
897464384
397466656
190018335
854865442
613083042
473000772
321525842
147512569
642548029
212530919
690690274
39705796
640955078
656903393
894540933
250836254
754798128
381395328
263350291
781709405
188930939
839514389
232543922
662250379
877667115
967328724
200102870
160214063
978847680
168376996
510000888
43951671
704953798
350858659
391414776
394543994
124208669
382740226
376972011
722141521
300186157
203397686
18162046
533476742
38571907
307856167
430796595
297021185
292135750
501929339
159887207
375599668
424677513
261799167
428111925
519155306
897153107
608973458
19744854
809324008
693222512
22369187
343057348
441323979
39067625
625288921
8762541
887401594
625218654
725170782
496765822
845758503
820467541
863099333
274647099
155263639
657274097
298109829
893341505
313917072
445463250
202886885
507947303
532493928
369136179
850201440
231881523
672900365
699235263
631023074
724227156
403617851
854019216
233733268
40988768
557334836
641341450
393358041
667299358
919001497
24197122
619423758
939898413
341920577
216953626
412353973
428071370
188664228
670904976
111775359
204031179
289520383
198720156
359164236
34918794
231171966
948011206
574679591
50645012
917141493
791944231
437712455
794618608
735193244
286523369
414729024
90490185
571698384
698470016
475940973
89126807
264770849
753654456
252418853
954217957
671903391
10635455
826506145
773741217
493300791
60659131
243462041
657550155
830723681
59656708
565771665
333142510
46160074
937521663
910113629
146873189
543589322
226909690
174619769
466174514
942739537
708064373
37712665
737563726
441755623
3740808
721930530
960712977
809495402
375409036
421005593
788283608
49760085
295483255
144742455
665345502
991010900
677088031
64929253
348811427
199522022
904406008
693578536
779236273
615348237
421269333
707413465
680575675
196552922
2947051
764749320
279720826
542272776
174365014
953677728
683835598
18260213
473063056
594731138
963622142
760583363
273807845
169690543
125883858
358159703
564430842
909651234
829055516
496056994
265173844
840582843
546012455
606003691
755692522
646178287
756086222
827060878
435448135
64666440
299860372
993720225
302967163
797635855
378908743
279520239
365937271
372285935
200975387
642852461
470217958
143135460
281234770
164524420
266185424
319050141
151171230
351279395
199375598
840352450
735572366
746032210
844792398
564758248
73928212
143928071
564819085
956980878
35160123
16394393
950090641
990088583
22515980
293131816
555502083
486400282
924014028
32600521
124092352
134292961
883431163
608962856
232679485
203308395
518852320
191719937
141350086
532970922
986143187
121179249
600114847
742358033
324882265
854248055
653296605
952206363
473079145
428644645
773396638
934647836
649373931
199019759
91468872
767551634
906279095
831151387
229161720
493476564
393439801
510584468
566779991
152411448
277620665
675642789
73323625
218255446
827536793
897072873
465427700
930232610
759212573
216961426
371956531
5659544
261683056
58490951
709821959
612238067
912452984
340421606
74152648
460810214
273278218
529254055
595347089
920970905
861813267
204276939
927215796
837840390
96215717
488595569
976212362
324218346
58501423
412280360
76807417
16621610
382974133
78616052
984996382
639559146
739040248
744876715
509290153
400225635
507650271
282741565
965879635
251574590
274625573
963623821
516792054
44909063
969583544
231628567
171926015
881763601
891024260
799283945
729018067
534343799
27665500
998016998
191319041
100519553
317933530
973686789
397906885
492226485
366309049
987765235
847286710
984302487
325506057
585875436
470236303
395572442
627977268
279955055
819021791
621164408
102453522
300825956
894168952
865914553
332670755
669725033
76256352
414621416
929619051
962681082
60920237
570074812
202310416
348855472
622739123
377717730
713017791
372670440
938945314
338065681
422349680
34962814
76176628
40777223
195590930
567586272
551542156
132214393
782519168
963312606
165068251
506569523
899457053
979849288
591942325
650320494
647127668
891434976
511462416
106325872
406988293
399214378
495431522
795539964
718066313
677133590
748086146
920861332
962176771
230692196
706866179
603978310
320116876
319848865
323908357
164874505
282937161
378455606
738559069
42451632
173582362
192592081
129933478
728974213
72469870
640596151
197284703
970353797
37115646
608392688
801134037
299624447
84528311
909936801
403195469
478077304
147213561
775146762
819207050
656831460
802845964
88264746
650010478
653853321
967186750
785065934
571488727
636863364
420405964
994006064
620403045
495710089
522538265
497443080
309240770
934648833
452471188
911889852
386687093
972114147
443763017
338334644
65515537
455329241
301630448
78215087
648536664
366159154
717510610
390524994
149717962
448142450
670890205
822709519
301721988
180602875
383095211
909057985
363245337
831797174
316189067
431009774
247332841
333185875
633021546
16532156
965646356
567685092
52072881
66027923
253470222
434855194
327832365
743864031
224552987
833018408
450758061
322140100
621300453
239669948
858192555
600664473
17582432
568740853
970498292
350604490
587815155
933936412
756976216
422315763
152167769
33106242
102350594
313416703
275441969
76504584
679497527
104460928
318977448
763671217
997941186
738646595
251671663
500827241
671906765
757896276
939368255
824449425
583514230
553304064
16323500
214270425
393523240
70266498
959597816
662191554
811857686
197668333
408852267
720559832
822946577
448043193
888872649
176894911
500733517
761058215
389475534
979102256
430297991
62895725
295015418
763842968
561898668
249960165
980000716
646461344
850359731
580213910
414508394
925169888
605082622
186044940
260357091
721196766
716621988
163956098
573350718
418593637
172869463
697620443
907433665
275443423
276281911
607730529
264458955
332545499
565262073
99175870
517983523
754534707
638249539
960926769
635992703
450029054
605393161
42874469
536347729
362526481
98751051
371211218
894932655
50396930
640826184
714496274
542521310
197036603
951068923
413666875
517471056
569624087
563443691
511336918
313311187
345167107
269862978
658755064
810791691
221080923
339905561
331695572
762729501
479855161
307307884
725643843
509926774
94290257
216600051
66846603
320628057
397908581
348660271
984827998
483406275
371226655
434830623
116245330
486989636
182426352
72139586
723813751
625274284
785172856
830784623
648083542
224843639
644515597
280583704
422737931
62435555
544300846
295339279
228256187
727612097
768632198
772726534
768282608
526534218
584491850
698563947
698348776
462600291
778897706
759254607
546607360
846486359
276295102
927164502
82211597
239874353
479165337
239740149
254113772
366559389
805942242
326560852
478991352
364083984
735684821
725294722
276423746
261255042
512356689
945651658
733571731
413822121
599813860
901596518
703883
135473586
467834162
283011601
80212778
332064122
380625071
655534131
805364699
796960342
916356109
964238823
264513567
801901390
972378446
141157240
95761612
425345759
214193240
837888712
434842789
457051641
946446216
69884016
112017958
764744070
42702543
119081865
483295722
98941429
481033471
75917490
328504538
412410940
903348942
636904590
874989760
601450599
317531785
274543383
447861059
732429670
335772729
72502189
11307264
577581
117264301
393973086
435810695
635556480
705049708
24067135
620659633
335463973
180156531
346929973
393680882
486820044
281045347
264787176
409283714
405903152
349270966
627614431
268296069
445774645
232373352
764384174
119159544
935879413
862053606
648245541
909238717
518539640
272682348
736912847
671206351
750850838
822292044
674592303
261434715
468075907
596343188
401559399
328790518
576529787
693691934
583464258
638418791
959266014
144718871
805715897
684301069
285115164
820998856
146037281
351373650
281329961
577376201
419364785
91919422
655266656
815840298
497691713
381949996
857390663
728765345
357837542
771827743
695133351
125729833
932382911
262254591
545938090
392669073
705284664
314791102
86655950
770680461
534133144
673600378
958992065
428821669
138849881
542682550
863192204
916786922
333384556
486585797
31183921
927536624
860490787
706396588
770038813
876365641
548038316
571148678
664482377
356387781
834361038
704502541
392191615
380730641
383202590
631576249
930296323
151584303
322728590
315241287
155379486
393772473
546768108
894464884
45850229
233603029
826491858
342043608
12450396
611100570
349639357
120575003
272282874
630731236
585232627
724826707
938094035
663425925
406856378
387919419
769694859
165923799
610776484
442065997
752284600
768176539
198551993
670844148
363796301
9073795
554397435
875598957
178556109
434093139
467006058
668228450
569537750
741084183
66541732
790366136
680958626
447995474
29400594
69496255
144121888
577904735
920221448
585264821
506286086
578507439
829464226
693109326
599398332
455163888
163069089
654639540
779001484
764647618
582868230
627916155
60066397
341841267
238898461
682130398
980845045
237514737
897294805
653236131
132755159
321083362
705222182
417477496
845735084
423680179
696111741
135615956
719099963
502496832
66750562
464299571
465054628
817549063
804158925
51553749
803393210
415935752
993510460
529377274
120423934
33473540
305894209
97533786
962136880
150285712
205682283
659217594
647891009
616151109
410200245
11977001
893434680
901582050
660190852
913051398
246173367
134188612
633941478
572246480
82745799
66099281
650547305
635835619
411456865
75168427
109641566
765671995
417324217
463016199
796025116
995715089
81380328
265625739
761735052
736718735
251447859
660601494
610039387
448142128
135070568
996404872
532603231
644890894
714385855
391748220
348461845
723224092
884774729
357259793
340398994
297333760
745546772
497619869
677027602
919037100
365592236
983106222
787071547
96614307
736718356
83554068
55950484
31536349
426123902
991389475
955922167
946401641
337923719
244542617
884637122
522592167
131870585
400317375
964584914
356300849
549379899
19502231
531837941
200544929
272906617
104972566
187447133
499738657
126031083
752681851
196667000
121637619
896299727
299673537
923488710
144584568
911882201
47351063
634419540
743180749
858192181
631791177
362681780
764467614
236283309
922624161
214754997
891171126
648881557
265884313
456307401
364803914
264429935
976721736
376119000
982016701
647420959
135234569
657834123
674780084
118379725
462419263
878277953
348310690
47958630
250601424
215990026
100308398
23553572
873509946
645798919
392858026
784192353
719190394
815919750
148678633
43451014
955900012
938236948
901876006
58201007
352690232
284104303
41980873
721332691
720856084
64905463
465598702
891731650
123247033
562745487
858244333
730646548
992996258
410811323
428808229
808261997
220832545
907845814
407650721
51863349
128676049
854078897
362033064
24504112
441837295
843240656
202712289
139061331
384088499
262455911
392543214
248390469
372639871
464283341
418680381
314179013
548867765
306831455
59073098
770390932
207776408
483560309
423045890
985330994
749130635
267270445
130363149
47364339
54454865
771420438
849838363
588943017
22383086
908491201
573628182
714839839
949963084
238468981
4935461
750835966
512795412
42881515
804607454
710441600
304379494
614191616
424843622
119876515
674736717
958225046
632496873
228953618
617388569
706231647
276309821
941303650
874078118
134293516
908829235
217556254
78003470
207941471
358164546
397353864
894463539
86298809
958004431
668803445
335952366
476927162
80839116
234317570
966884529
963077472
981250883
896210558
696331182
544412311
110358262
747210985
501887170
701479451
851218964
421607065
588066397
62588628
63136222
42361785
809667046
876405223
517213125
661270232
330214303
809272787
702769750
99012489
803440806
472428128
910128474
150685880
889326596
131350224
364523074
446230590
742396086
491374059
251367547
57492867
135235678
342793439
99294743
313951919
269836558
193062758
24183430
518546613
377919454
336337574
857124016
160289123
344428292
806183890
605909560
8048787
896833630
727715144
271435115
70053824
878587222
806675226
170519360
632640946
472575279
289213389
215186834
470548770
759387545
123378535
216196743
853592048
168216967
478049630
375135607
618008509
211055901
278043434
262041065
886395240
452909637
287536852
64976653
686376273
880646086
16038866
745629178
340738134
808445481
809408575
27320931
782579393
666185934
177294043
948072480
453137538
726977014
503025532
742000424
839934021
295883334
889252404
709769585
157063095
838559245
666960721
537804911
175351295
685836418
323630254
938589564
510566290
162297877
197511342
534454236
86948577
915372676
114810486
278399390
748890626
387184862
356020043
868594419
297503854
531079944
327352017
312905711
967562348
577984213
801875528
392620322
387610564
271840854
114995303
584368680
45636835
62816136
972296699
4357227
797685672
521084481
177991147
328709912
477536845
523977360
778667267
959985564
184557462
765900267
617223388
165185642
441930323
527244192
919195448
350689701
229047168
288152489
696363777
580336331
337397018
573219061
448158983
394907778
37204025
207116647
898025118
386278925
831399206
959059385
922395703
743533777
767645843
58818453
524216100
284523158
543414844
377808692
289440273
5408120
181084097
847527078
18343619
387893600
438532784
403130625
278922970
129903808
629164845
767763076
339775000
149965626
629959455
715267361
937483284
962092268
150633068
334507467
241747632
703817618
648589586
323961838
936879243
586959888
37383092
490015682
125878148
798860689
423910194
860972719
362146164
995193604
330942085
274137657
832634451
641508452
680710347
637468200
359388568
704298445
225735724
147580332
189689768
735913983
960476236
398920614
337381038
106010035
468927566
22385253
977561707
406234392
695805581
825338736
102212083
453875756
264370701
236065945
207529566
228820170
357634742
634018888
440121506
546685186
850075562
285597718
119141653
925459867
997189686
580187497
625872473
79448202
440826333
207877424
799477139
621865009
115841258
160720140
1295091
47516218
697135521
761617138
701718417
501504342
360599956
428782348
813097964
178443234
360796302
914539727
116333533
387546269
907704925
17437258
183208070
962027250
416579009
66830473
642096157
602264406
876301287
335153081
848687270
352980275
534116147
399608519
330191265
419948840
153259355
547601466
975287402
763882290
711235365
892814629
394804745
459356150
407943673
109393857
896215389
652311414
765114912
114665798
696964632
321455243
986908492
354580300
43101513
419270590
212576984
453867656
178742160
654645828
41342233
149625547
762685445
329389320
340507869
633639212
582636191
790694614
645817459
229943660
471843909
688869145
34304170
840175797
32816
443816306
408582663
911455430
191038069
516802107
265427599
982770656
866273322
170735283
164763022
49851232
37751232
271917236
283729212
383979792
372468993
621625295
665359998
632945689
246472813
671082238
800935222
105702973
740349849
77496599
983118509
64806421
434418147
298964520
176078583
400999829
218208705
272812855
620646788
678742072
698725736
877636222
202379333
147183867
749463133
845624488
381607756
905072464
456172347
453249328
734724340
513359144
293415054
246392682
461124540
382890717
758949516
316232072
11163615
646418143
219440972
335451180
501828121
636738378
904871003
128202979
351606216
153513465
462945849
384492639
467708921
996067938
678802004
292422424
960683206
913260751
579908258
632653642
833131666
574128548
341059043
603516057
962117398
145369356
310627198
560432150
520888069
279765002
958177049
261375062
840183635
702639243
779163486
492674071
919087065
511419202
11215197
741524183
428896463
879187779
904581667
933029863
709057429
86351995
336464405
37233979
865449067
257989569
942273603
562348824
721102480
904507034
108324548
55116970
534735218
468911445
133606003
960920528
699901303
573981591
639245601
851099923
477138195
706073487
936341940
777683379
207232820
211090997
670929039
842097162
94828930
1563476
79141909
653776061
968124128
495640661
446589984
856398601
155035467
520125909
460703751
915448720
235568600
306676206
903576357
23890517
691917217
948675517
595312911
339779426
163023063
154074525
114228662
96256258
1438375
46360709
786293393
162264116
794732134
147068899
772327471
989923666
364788142
141331684
530522248
454114623
70990731
163430740
891121053
887159704
832949973
944946740
68440293
689874491
740229419
275681484
248804308
863552593
834915848
398888290
624163008
314736507
460244829
208174765
742076362
756273821
838521665
385412573
373447613
737391488
573082950
661852282
876886939
284023191
751120656
804276689
739022212
588215526
635973912
644272101
43011768
877856787
846286958
437664369
314471993
280246543
271902454
83451792
712650831
690062620
871251283
269011301
749575769
239056674
289252239
703096398
948542704
174741679
797284066
996521891
499279229
880149765
851549237
699214673
188839614
916254945
19059742
732659886
992102063
704960882
625911880
608767034
512414019
640292329
834246002
721359727
653285121
285692665
19162266
510068417
638840236
438690915
909377111
427320299
247983131
624252002
231463775
607515013
68970358
612887097
250116240
148297400
755791371
724973177
989156442
12346755
889933615
274269608
727114914
127167782
214330179
923612781
867506261
383349708
139659035
693402548
615436256
830402967
595438854
267531650
266924628
482945970
713518287
580769879
664882849
71566533
784761120
645651872
362317950
34451162
80250928
573850624
991316625
965708478
694123018
559445492
723358841
171586552
185577593
458409159
651004161
960714108
925955208
642384930
926237445
744842069
545037725
639143187
287757400
12418491
646245988
89799281
68509364
232529865
890476546
240921526
68813607
306443265
638640208
882129129
278128755
92064514
693437464
988550433
132495335
572495876
937494953
916607674
717157418
688414528
611066582
353768423
736140012
352302194
980672970
934617308
425228371
745805479
118483722
841136901
325095569
720955084
973839756
270582344
892233829
433579425
394441705
467558370
489170391
781604450
837714135
210937
282703544
208148586
319159093
993715254
705598560
877441812
479381382
69175223
973336827
474384777
991785287
987768752
561022666
295155289
430653519
80950000
63102323
387456370
899731314
40199402
764362556
318805944
182643523
395816800
657893466
117106540
975489032
195316749
121490549
393503554
172695842
66767561
376675431
553090372
175644404
825488864
94902764
742516267
542214725
518439944
725345252
887125727
983460326
910045887
53298712
563975620
737758404
469674161
804267593
227244969
416940068
580443248
877263955
569702810
552298273
588079676
773853392
744170919
637510029
202067876
38924552
18670881
584327559
72955734
698154713
627492073
745284898
39177264
375998287
187023559
596951497
952809462
397124005
704321301
194690102
310840279
629328919
327401251
687026922
468854479
68927127
428274038
675566996
854178813
830932391
424294163
941323780
655301583
538309940
856817422
719809048
302999722
959545737
547028558
474129836
760018083
738133183
389026111
373231722
127495650
931166080
122241598
762827635
381261881
822673448
725168465
854154271
384387464
151491101
870682585
677890456
619332206
9935810
621661745
889637816
639022115
755448031
239288892
649379793
737583699
932639434
63307164
803916958
228837547
245811013
662676954
523639616
930638794
983945353
484313020
398165408
183334004
771235244
220445457
907002541
397526461
99915210
834519868
394964801
510631780
787823549
41203087
977437760
413976723
87229843
8862602
451827415
921485409
733297804
35568529
150216364
148459837
610682491
47256121
1611277
788121981
744359748
704265871
590799514
893725960
471094426
979853286
294810376
257986392
678552748
681614837
659409336
896908894
916812027
215583584
985965331
737018556
90693328
440809017
169350017
859142453
952160545
349576005
909093919
842781860
793300078
180452383
890589545
342487827
239218337
517613165
226313649
114666656
393048976
706452594
229797719
662389517
596650510
327631118
841284243
20300005
99989504
426477375
200359014
750635603
652255022
985637261
582659063
590501868
547469377
800488805
312808898
444642793
901254721
360822555
645192519
592433522
354746074
44428409
316235243
735014935
53177642
16493648
10642480
678535133
408480361
923159951
390635501
279763245
398606918
142791312
626818686
925579127
494500480
846441846
234556836
964614952
459760293
569118402
237444566
346277478
860841813
296496745
385461020
302710211
669279689
539073421
965081725
127585317
541076175
337441398
216918842
907110816
588261041
935692421
960651873
982418198
784262847
94623933
50550795
414913406
660446831
918873139
176271699
909275107
753043534
643099656
359591455
982340714
100156329
934463174
305575810
230483911
784192917
125608509
52165725
158896380
905295813
179875695
453637736
24224770
73868102
250432354
417837982
230290783
616024756
175101440
861784306
882316502
203342522
35079472
463811651
329030967
955048617
321769038
719481946
31535387
890233167
466064365
470306580
851179115
848151061
483058254
821112952
852976205
325268654
169003602
131656308
821463747
45089444
112579372
626917024
175610892
717259703
203805223
550517197
33393208
553205005
628075563
354559967
928141830
518263918
742715562
966247310
843457600
984473477
618611765
176923086
763194544
473182258
77809307
35541530
510636209
687091393
349536091
578527902
870437514
322795793
904134195
715386370
487843743
475860467
552207021
388161049
428156417
792411105
7790709
303729501
469805699
651113762
329813806
864395542
991376682
512313998
138800435
40931629
502797225
319913213
486428467
453434634
504716897
747647461
355956797
273149690
997960361
970180111
282196241
422829869
735286905
863568567
561661774
805392686
545002348
65002473
917301454
833592008
869874116
983111652
350450685
599077040
807068121
167007653
759461769
775898658
289428430
790321384
230628779
229875127
226750255
787483374
849012927
509532430
424656878
976183813
681152389
362522268
70711488
82066184
214057849
322447713
860693581
875790350
942791759
360855826
578012014
524495929
259808121
166288109
740103079
539860976
289912753
304409298
960566546
127935064
21454648
619120942
858688064
666985238
482391356
560814381
754824376
370297083
681541793
801012482
33313186
406908932
184611495
78278111
973630308
352144883
681375883
203681202
813236400
930123502
33781974
782126356
381795189
694526314
869590201
138331929
498312780
625005493
780550751
641212801
421472733
394523394
976654802
771817919
972822166
682385050
994518621
401523656
505804334
4844392
476297966
533407711
766309470
451305897
266004598
703319607
895731984
396547773
156874231
241272907
367519762
292546592
681893524
81708763
681559539
586229101
721375543
25423114
156922026
157141578
150163107
712162340
766828922
815657018
231852552
339095439
79055769
578193123
21684188
833630054
433162720
584236821
237810867
156691841
863258881
852562731
804091138
253346343
840884622
712748970
202557315
333384506
306185490
74936564
60217845
626268959
966955044
286904708
503273486
227247784
539991142
375099881
773415233
733301386
627777874
689144470
859509061
794684848
850747737
745069353
375032860
97530311
236584957
527171108
784138002
124237096
163049238
420044871
388122544
825520339
967109695
102959324
53034062
306153980
610500570
243018882
157579994
546371112
912238260
430372946
206008047
96361477
96385447
979512672
591912075
947786254
735551100
887823719
339310355
831155585
368745718
621392177
743820559
103545494
269199679
941842199
778641553
311977006
763738620
663493305
517555495
130050385
427168244
455557558
732806254
995330557
593002031
964443402
698935256
946321800
232170733
242686541
870337739
626566486
227574963
178499482
339758614
858050868
506119854
723467386
279075128
530492696
651131920
328197527
92698301
609704836
162576946
181817148
893253142
212087760
477306437
500118082
897036294
550362708
501582118
911107454
675551406
11504856
22745073
946079506
992423541
286518871
887793638
894277478
517165020
21546251
477772726
948373624
851891869
414279819
586142382
756911370
236809718
274130880
197828566
412311924
754793403
388614841
352996713
636037710
468919480
825588722
411092920
184025286
611149281
446720652
312498740
614415371
493113423
133729267
624057292
321557436
453069071
76083522
665140707
505571170
768136333
916997061
95025199
274936186
140009762
44375937
365545494
525002823
504048659
585810291
205666569
167947118
784267185
89676388
493667602
48160891
601702347
656370382
693733611
236901168
583379431
142948226
259165481
752368307
558452332
539635988
796452591
842447333
341176125
808553073
571838162
626810353
710496878
310227279
657761414
91367936
399312966
92265216
524891385
636065893
968622945
90717649
730681751
26108049
656592506
122005127
712593929
452029056
659598428
89968838
74010221
192147886
273584111
750457475
387420778
610153859
874467107
884848184
700621087
793250711
87840866
433343630
72175875
117635679
164230267
933261854
644577528
491859415
495876298
360754774
846253773
412197545
596988125
657499394
875061195
817760876
522600912
421473102
400328300
702294968
494986819
938865885
547433823
899432031
473476759
506936833
253302879
957241064
821048619
210007830
928977342
916828283
457686816
958828948
246949018
637803810
210385296
424939826
734253609
538887061
843973299
269400836
241696142
971782714
846134460
392193991
632245259
5226217
969088546
826691003
731435134
927404501
263270959
784610558
880868034
594404950
178393590
711069328
558681144
650222832
528319168
146899690
729938943
275771640
783111571
710443191
956133394
76745259
300040891
292553361
491270253
115930812
828743327
476079004
156066001
840425695
866097822
83574987
329948538
853416403
603813582
716240070
812922019
641082841
671739407
886656021
27007037
833056156
104176792
453409026
82967835
235101910
722977561
843361915
207280977
745181016
769530046
163514517
670234836
672139276
793114199
427763708
280220752
182635433
77495366
326121244
749939072
183347288
459162814
406937932
808208049
928360620
363321146
500208871
875686417
170177885
388496225
895699039
36132385
942428247
570639603
623351258
593028317
513236601
801382012
64766455
279712501
753563221
653113778
529802288
314206399
361680536
588491995
797080130
35669623
262338489
535001308
856796040
187881566
455703095
517000366
223808893
990935399
148648658
700942875
61244893
307087945
916748385
783759348
211068281
127083446
112954155
377036762
824561233
273219514
47723032
811447448
995864224
297236903
669616272
47556514
600491463
163245085
171904305
132287572
713297875
502523423
335794502
875962444
899988026
334795427
559485964
536803605
517823172
111263730
214936360
234520740
542127884
690334115
590979942
958131873
29092603
656393512
759495070
407324128
316612768
973096992
212047318
523273878
708900899
265251343
316368746
147171516
35231320
971646765
527072086
384056867
298013706
343345539
309636760
682502145
452456161
219363016
222747004
872219783
707351704
541098905
494155188
288267191
852431465
829512581
584379995
407715989
597694107
167493951
720556560
51537122
795987220
921936152
207095493
124873603
696871429
886726418
412289680
918223766
374243150
176363440
313590740
323442609
325036200
750272148
574628206
748072768
120993796
510754961
490096209
563854638
504985075
711400832
560242199
371582138
621531836
294997749
220161689
487639989
138068501
557830659
610206479
261865843
185096460
130037474
348147197
962295255
726015669
844620069
954637034
355281571
716727266
82910590
348256598
694775728
389866967
512546218
75818756
699716061
914413755
275400556
800301773
711138938
190442435
159843040
326741215
472846900
174936598
455670530
583054187
495221421
281695712
425359518
951727495
169260915
856188951
475981387
632218238
567134818
480661802
405545928
402736000
71744188
828638129
560193632
233875414
554809547
526376046
553622419
353086736
834687013
394774784
256051538
867007863
506968815
964253289
182786506
948985681
890018933
932755285
997132474
145596675
780332492
467793643
727444298
964959040
205257341
273125752
27602053
916496499
862276871
164368026
48801678
695076523
992716967
515919547
882293152
910634700
711682642
879065821
78690643
537371967
817211345
44518943
754198750
844356883
431765423
859877680
206395022
624287237
415136734
250464614
900885416
361163586
887150114
899408604
584389413
585455318
610737793
218050091
741359322
884297539
872714820
710996670
8636552
54491725
909390235
585717048
613017148
105022808
526640330
750299358
424205924
805770781
510281310
670458635
879554462
130731623
385141331
832906560
265342142
682938284
732919471
691284429
960471944
407283125
282489642
44314138
33377012
257521619
971301702
837989394
285960742
89714536
260164275
97697040
104140346
954247841
680725248
68156444
713578544
758905273
616896344
905233213
411236935
316525222
499723015
762895874
842117580
14838895
291979602
808232875
902110501
784947898
310887804
1768372
439803643
832060731
955563400
509455921
188681063
313931056
626532704
132878364
261222494
629077089
350232530
678283884
829196363
455249669
962678060
97750060
282705506
333356685
243843173
165720613
365890828
803537669
629568240
830329475
371012033
926020597
71346371
364707497
375074823
84672791
280123925
58666832
809414979
749571507
304740482
115181057
627149247
868836518
547636586
539126040
535678756
7484150
558781889
305242122
372248849
155103075
255956214
198194686
770636230
785279953
362388504
62998002
799896804
170926319
744195233
765498107
350261777
579588465
288797935
336666399
772905574
857343659
914281996
330571945
292386932
837063524
298094244
582325753
441021556
547529059
231710145
804579350
209416693
657162587
145145284
483246967
421256293
565787906
717381597
981813965
29416334
916969687
782041414
941217002
554063814
539622689
880591491
342034164
555871862
826297350
523694727
98074009
857991843
215908392
130355045
114381715
510154726
226878509
273668159
354663526
568262163
865116902
516056403
39681257
735789760
240969256
93095364
516945791
984592748
17664043
153325488
821432957
538146415
87524999
528791960
43922088
124797838
684223104
564284304
752461844
641402011
199325136
700800110
821741678
703666036
90510349
997454331
477517753
21134741
937091491
976972278
252268507
800295263
120867604
673871137
261956728
91529675
311354420
190137142
271513756
801383615
41149625
974702768
944458778
674654471
27049101
195623630
917670723
347098290
252234806
214851958
474115362
632165988
146316375
352509836
812760639
788788206
103755997
449699238
127161194
952420867
783438158
258503378
829804958
812062806
730356302
44326555
728849447
888772179
376955177
430842929
475323125
982407214
781080381
494255627
105925415
296866736
630311162
508184905
171813233
402287043
18964242
181039078
150329148
468393020
642386559
43484936
664582124
436361134
987579883
940742517
283312586
452557577
544900055
98847006
779752487
396910076
934087109
624050254
65234803
487442351
694590234
714637025
587135603
569780692
88299243
812337970
105642390
85548145
175663472
122387620
707122826
342410632
947080788
477752822
533112060
645710342
593049205
53287706
515687243
361348289
129273575
294041568
555623292
835518054
919400419
820290158
525182974
974512640
634299921
803258065
373125760
780839386
67487623
377376081
707451183
744195043
470817590
811939215
523406757
857468153
595558003
56451264
718756862
538130241
808111728
980419906
902481278
126071181
539967887
86037629
841163749
886609524
38388523
110217270
792912026
239049495
288984669
964857581
194192804
305393569
316326192
612968860
525036105
101016581
615145267
839509426
23429063
803344165
97080205
822218634
877897050
409979595
210995194
744458623
964582344
462183430
526929210
491867442
173123217
961011071
618213308
195906257
778834243
272840147
987586483
855359927
505253164
490270389
474765609
944448455
535019206
65077992
439471077
11760095
297969353
333845981
94796925
621658578
401483461
84961037
391121329
878345822
840540753
99723101
659425267
599591935
598851039
923461863
603494887
885745020
207323711
296288518
423786270
936735342
303582293
911124593
659163824
977105872
987692546
236191236
434554551
241404094
184905586
769627364
890956991
311332191
154524159
985687563
294347451
852933670
433166
228975152
661823864
254316294
45407645
55294289
102016846
144860732
991109876
864756314
547548290
244390562
959272890
429764954
914368026
984825346
233131145
332887217
618832800
417501707
357725761
398757924
516857485
255440123
501997781
504968033
245737924
701671757
492393531
224321891
795115473
170053954
683648774
929711555
176467069
23892403
607248674
150556868
330220377
28491997
594778849
201802133
616056103
607729079
426714044
382788515
401349186
59211956
338719793
727274055
897861676
627546875
279193610
121136113
54530433
627563357
553329860
917165973
215078233
774542619
378798364
599290432
750382569
788082783
157285281
895742278
877444925
341931594
133819926
337990723
271644605
61483851
77472779
592823128
817112252
483955930
680881610
44581122
732564671
878485303
375589833
424927747
804598096
241962018
809964288
243490773
401632571
735361508
574418667
397661946
857197486
352086274
213484534
38760059
592454863
750080556
756402792
82734250
483347089
321434562
837516026
410922375
319890732
422853569
885097264
431739430
713712338
4064769
928589300
865077617
383803515
490299655
671677351
244671926
296061968
510430532
386314975
304214902
128282728
634419969
585258030
622386753
156504833
135009343
137374515
373808080
553696826
608588480
336113054
396425853
989094350
75062472
131631838
157807731
898672624
146009162
6135434
957919710
22891364
150365232
456675618
74721723
962475785
213828060
177933446
109471375
590843915
511943242
284694874
582203998
387184967
210285167
777297030
757506248
201455273
413076610
289533182
925055919
373378307
529879597
84040222
201236916
300478361
515970524
29010747
48830664
877230804
149527106
831904191
375422588
885808763
976379802
521049419
412696367
249690858
887163238
829750962
620968572
475341573
197721513
184715923
13606498
894036810
916216623
871466833
898398906
557715960
57325790
695637860
28841688
299868894
366977735
69324408
767244931
313979017
209048762
370380522
838262369
234846814
661001506
544054092
434295767
90957247
931671362
986872307
793253490
712299636
514270025
390183761
821432107
736019193
158491581
165201025
37505431
509223807
386860676
140075446
867032941
269056623
20071624
451716181
433214116
376997215
374288600
829176704
836397462
921034627
484933547
392923609
558765794
299503972
570980664
760641935
292762295
218522146
31949025
392495793
784902974
718882373
475377482
41508602
677778248
164618111
302972853
612071942
109729019
830819038
768370737
436374038
440755822
864078316
105682683
522860776
209022989
964215502
950898680
204939090
709007231
258624357
790841263
905044593
887740499
210800871
968543760
704068064
611222263
974372652
545872557
721865400
633111441
577426713
408338837
916017913
375006199
323795700
140782272
553596305
225658305
369030000
278471217
403154118
154384362
634023974
753881102
673691342
822097978
133776077
130903623
702592191
706850990
223930668
703349233
285164562
211052070
353147675
576019549
766456790
165214893
817105104
704149666
536876314
25550030
277354146
686387049
709098370
632902047
909453492
158455698
381676067
629617701
282219207
51959920
276039852
439654813
390970351
556135429
989029739
843952826
867393188
554730386
799698298
791506985
913785613
178985304
623763529
528646479
182968327
924502039
437097422
741592590
281440143
164066849
611143296
841224563
827463103
339503625
464378479
523955605
292550403
905335858
925979003
129990415
534031322
834758987
464057057
963466696
472289577
269260433
209106599
490965686
497904732
430961353
686933244
273629030
780136328
253553056
865664876
442368673
34601638
617679299
993042380
467051021
180813220
612612459
757654823
73891944
289677372
692978984
558814006
447023333
194862794
114298951
713074329
389964892
320622711
635226140
22389170
493363979
273615405
425894650
735319709
92469206
432563564
210250523
192009860
272633442
884439083
253261290
554474438
762633465
675372505
36851426
555947564
719636632
407828981
717154449
741873471
392175422
669678334
491386647
587522618
679726810
102133265
120766708
800883757
741423914
343058565
60837562
794202178
597589159
953122180
734407360
990338262
987328831
984659626
138831337
171129617
616741830
390798423
857332844
981677662
500428185
13158617
330936401
326324791
648061274
668819901
284094619
300185874
314637978
609861669
785886619
341279192
8647418
641010985
818640838
72896422
58268721
851090332
188694456
150958247
629064394
621247239
34705269
581667235
800602058
372075754
70066729
117762256
26420876
16660968
485417099
142075784
572907384
881248283
658001603
513692143
921621164
561268449
545857198
540866716
99919035
667999596
796195246
228010816
152440585
311102758
17663017
452159309
994885874
275556921
251259341
739178168
281605107
277690109
556087243
879085168
618669784
186097247
370363473
489986273
21136437
577768672
729134422
662255794
150307539
124860755
284116597
473173913
617601405
100377263
579897079
671917385
667768745
477975537
877174441
186806669
159392675
718305395
333196827
845755407
54232138
922781316
954479126
995093998
45140624
197542621
456014397
304748344
52416363
750305915
403301120
577141210
910059726
620008096
160722163
131917870
402839529
473419540
501840224
291994485
120326613
602575629
173908474
6927645
209680180
831968086
262036057
534234123
300912618
880062599
707487315
493943811
739136070
670399653
294842002
332492028
944073330
243442922
139216459
803964768
294871735
469303628
680001621
693579297
923241189
926933279
872344765
391439773
975694845
855855665
735769289
779780728
175511147
654820107
705720111
29280861
255395836
236448371
698473092
55764141
995390723
854221604
414610146
185689516
88514317
243955000
893925132
289973209
327021541
696229946
590166672
767996067
265468776
780592232
264247482
896963289
673822518
918872033
708882127
506803367
477819082
459124136
879724598
79184665
156746902
797760937
130076846
811625306
713431342
38308223
655025705
892504652
320914240
731481382
119070105
841392453
139401676
231822599
408394539
500228890
286043926
838389871
638786546
132943200
192552447
667851496
138519834
828361645
382639473
22992774
614119720
860093323
986918349
404337887
917625115
562115300
175969458
631595621
900858621
125269604
614543474
959265673
118633494
380112289
419201173
172539768
314384905
903250748
213643112
729295954
149583831
246907099
730333341
941626572
322468394
497504368
701228357
835489075
44926916
152456051
784146068
728281099
727713643
499702714
486006046
28972577
211906375
870923505
231163235
211667831
144516997
947756307
258988110
3946051
400242794
316037054
766973832
58899635
15351999
670161297
89094993
938544435
278387146
45444258
15816294
472718844
721193063
384414037
35932982
121099906
748196940
109756600
158416428
33726685
747601237
771772202
671495176
812028481
676916249
242842726
259929529
986048325
631772307
60379810
259619184
503194939
443049557
969741935
51137949
88472412
594915311
527930082
878982209
941681404
489894259
210522569
632734637
15167104
12246015
909623338
530495413
507657978
718976262
615751605
126690487
916291099
435677241
591762699
647723046
620495379
441384712
691427730
942000522
98499693
84224965
855474875
580092584
95083912
652345414
747906454
472697750
141123002
472383380
745614749
919831671
783274812
893798249
635364477
255895084
476963651
732394614
609248414
838396831
989651357
87867220
979193551
483172126
464199966
138384574
96227778
966719586
428974427
87559419
988253758
466834673
422341615
114078732
20528945
385886608
62287283
974321977
433054685
79499447
955924947
897009963
558076149
153010965
485727150
757849966
676723889
154486038
369775940
275838166
796019714
114505533
178523295
861337153
768579121
629239587
123895638
19737025
869082938
820265667
983052229
631425553
482211621
603055169
788060583
710979384
113861840
795705477
963914689
795466511
73425130
732498926
844697317
4691880
760273770
265289508
514680648
26864204
598457641
209536130
640536885
680282742
967217369
417972776
969405193
455954194
909130608
172116846
148675197
532299843
397972446
380809745
970381997
219530523
376931832
432051440
824501591
48169284
900925209
959945824
308119812
761625805
792750695
98859204
621057757
284269372
832264853
867110712
253437593
847997456
650214117
399340933
583842377
489748564
226291504
246691897
847280997
568262911
126844766
280200779
396547187
857308353
587997549
463649286
676246888
222448980
356122422
845587413
59015568
432570806
281129412
176627919
913448524
576282186
131489802
249901792
579833207
606750552
469634408
684148111
982202462
660747150
118251589
432199214
593741979
643198193
282221878
991795454
733053203
245008480
826906014
839789457
818130810
391904878
192149367
380482810
218401134
269707104
125582812
123887321
807168835
530501376
975134949
571006955
604776867
919228487
583626104
577317158
139194955
509873835
856191065
901532149
443930032
133055621
995057057
900366902
645875630
670520648
576987945
304745668
869578923
833467311
170377914
980518199
869553570
985446852
965073440
728786120
289286316
88727606
321735541
359604130
553530177
887254469
426804720
914053499
619900098
224849212
632257899
120630658
320576533
37524876
22518539
686387788
313881940
407291917
741422909
204243040
200382669
400420477
71595104
605231407
148421007
138740699
569678995
356115181
820018450
630601208
906096446
547045220
420828720
856057388
6547805
138588299
866841329
33929298
901950424
524835105
162482520
259225540
388923220
892867810
877777385
741498724
278583772
232270152
137161881
494176125
793463738
374062464
646959869
880052734
683535999
694729379
86505739
325000168
4502248
536904835
375318118
910423802
69952467
840625277
916173759
432489894
377100445
860585328
914272345
209966159
563679435
151333864
160359539
413781271
504742368
623249136
870714069
541385772
392974761
280749429
180360175
270644762
99279713
175082430
859134800
824258093
401901254
901933056
778453867
165753771
873830981
272078888
32935901
819915657
436928253
276694302
434295682
665747294
108852486
578724573
100348121
648272133
739806242
724414102
273173849
649671623
936546134
370892690
272556012
845313354
339641476
919888308
289031889
938447643
340314603
434233243
138518936
133318074
702934873
837835861
475955195
868807712
556654317
522391468
281237992
260937799
531606069
535983443
269387254
723950011
418959441
631760547
94009276
672898182
879000023
454635122
915216629
883096018
400486580
115176471
162880432
563538512
465384464
396004255
893340307
535875712
385163480
937281476
736400008
11249858
282125815
69337375
898839994
700730132
550509474
597512552
604407089
443091579
982677830
379419937
44968644
790166888
711738419
201626872
682991679
507988696
165698115
326671607
880495010
950812176
981208370
542166778
111979977
472681014
590407063
635598656
297009960
229914555
122144938
975549635
226204142
558098060
98122450
528282295
490231507
98595302
433485380
416182888
820232933
248514995
394398427
583711048
922670203
950248114
431202898
211009765
512935069
704293457
93575356
889809437
829020047
205720885
696484534
851256952
837256701
448943178
296869963
286226489
416070922
55318658
976584851
14269020
871261238
747433751
607262283
868940581
378494104
440602060
274485867
13847866
689651309
775675119
241635347
97123238
586090729
179338380
994418503
608423920
393765678
595095262
88853937
109371179
978111904
489977703
191419886
729424845
58253312
833384169
711120815
241550762
161829970
85680643
108994324
47209743
100346176
919324507
138070526
951063836
935683694
687780077
904538799
789957709
283887122
273135539
425274021
763442334
642715792
703112664
445332036
691786200
231489471
195628344
938043980
374920582
950429276
80449249
393105040
992000685
683345514
96135186
736338050
570277956
82617926
125949712
456110318
543223046
998048850
662719382
23396551
459462969
242894155
689411784
341670389
378553041
69849301
888111438
435718091
987649607
901903254
360114807
141762633
678920322
212100801
472593169
325797342
191358205
764208871
862573200
920888427
382317563
409869008
507782239
496313946
455477797
237165490
629546361
43498807
73949851
280986262
767185971
263559627
469138727
833574163
898038270
524350473
15980262
124966586
389846526
210825791
508852191
610074201
706132191
923982320
605890688
351714817
964285661
913071539
137063423
185022508
285365484
89359109
390367202
863456877
708531097
367502500
143149981
800892785
990036101
14002609
227694433
377767629
957822916
560915287
815826712
963101916
818178009
300012201
767731193
262627292
551483791
665290160
815080492
881033014
765347906
29471437
371779803
302704310
30858197
660352225
488248632
583466847
664306269
767033858
106003533
717806930
922086535
990428022
339055953
873298948
445730013
721131590
628844659
120322248
333460476
297575272
6655327
312549664
743223316
509779093
29370632
155180877
91192096
934139719
152934099
434309162
391423701
469422585
888007244
330980102
716261934
801508130
371122150
988980851
540480612
464950270
957273818
234417750
500019596
650859201
110911632
932199223
806281302
136713825
883919187
166354369
199245259
7694311
313660329
971809728
330157022
419329833
297484040
299953720
541018967
865126535
503772059
717854660
899716720
906178976
330585038
256948004
306536668
176142452
885606786
686498397
831461078
130582894
137734750
822444991
3588015
232048987
818134195
610695729
718567799
142887788
216076565
96880435
645084432
608197718
635180267
156909018
822207197
870968499
755039082
333151296
386776352
825667686
188585269
640386690
842536417
803752411
560756763
14906818
158453633
294448003
568487104
422648012
954125457
841872491
11551209
740910931
854493957
261642046
613148397
208648341
965061560
455419826
993781825
636345263
713080505
498660522
391869683
371883961
544024960
682822019
369313585
448050438
855993407
800767115
539769431
327789193
753095853
682559790
621818639
397653779
703603229
799881829
493010563
398819478
658710881
788425712
326686334
950731219
134336883
993808738
748414139
153272548
14528808
901983141
197795644
554683320
309972537
979582805
308429714
549732337
104461821
467683794
486520009
949912813
687332936
902187140
576048583
771842515
898796500
565638378
139376658
583389300
455390237
933991284
26955714
550768507
87686886
898690854
131789557
652001619
170486333
408961974
487960144
859325814
443319628
474109689
448386748
283374848
2696078
775759946
170367655
815949737
74257962
269681210
934771947
159271392
315073995
519733790
450387103
302447228
199883052
195567586
133848227
219722689
340391172
153391331
411022444
332391398
750834935
856690672
985794689
149034042
188756122
352552096
87770013
888006635
160735579
131596141
545685231
480657450
625904756
902554206
557257153
3701785
381343065
603326678
75795332
654907028
67424287
831628898
565813098
144628767
323863860
946645331
313597305
463390980
975091093
26980172
346852288
595262446
884711212
742706398
937963089
10563074
747524091
608750618
423324678
409374006
461125906
895520117
730886458
987124234
390398941
383307732
254703761
755639875
533217651
549322845
205829606
101323102
659940606
261228512
323540188
505712610
887135150
508752530
644692711
824615503
512585258
125637062
408907341
696789215
985426340
209641144
173307716
57739086
280157269
301966043
856457304
665167668
789386057
830093635
462437765
984174271
329257031
189870585
188183990
659262793
456343794
664667734
866212898
387541902
133332895
290187110
327724944
887013873
728552594
509214711
29704952
168824826
711581028
182819194
303249239
116798800
692038178
228516371
960893320
320174645
571986431
233918730
516959855
858723933
277640547
387164279
513137628
279426539
695316388
162579576
234764478
920959152
641821144
333078860
318769678
523139714
583692390
788942857
228787232
704861609
231244990
155951678
214608706
683807175
519106351
546502766
777676427
965303581
496986724
174208149
480479630
835622939
535496067
129066628
239139207
475292256
771934176
894795902
995226782
950250113
490380395
507081522
27894438
67057124
805867494
927849373
527444410
772668472
230366496
198329072
244040576
743673768
321385507
665552881
903971287
225170776
971096469
960750539
430579149
468337734
227001934
281932637
986774782
281653323
681720546
974193692
40886642
182905038
812694488
15910015
784420911
573036340
124440951
155716029
866729883
441084580
688747241
833187263
759453965
214917934
74450343
18608702
21170958
777934174
335913146
697340485
956510176
9651500
169093061
715709591
338849284
889694908
170677657
929535478
716842686
513178055
587029734
633331072
662989278
183841989
588848050
79068394
5964493
39349610
535742198
133945881
94753584
579386965
983210129
730456528
244269256
712813390
631807580
524316525
264405851
621366733
926489303
702968249
255739377
577173619
541207018
967243538
285563136
763118407
339805117
804323591
504589852
498236292
446059923
786397805
59924881
478272097
672845947
176683331
933431452
146684142
599972078
393223393
350558975
742230951
724998075
360290360
940470417
475438097
297252661
412628044
905498871
82927191
764051447
409650036
75406339
489014582
825768388
169111403
703146334
672228488
257130783
805535871
88432948
187354912
210711594
110126706
3718315
847651498
750010687
92762424
674498870
546337218
45434627
381597036
581468619
922850504
638627590
324827631
159440439
512320047
451494384
318333333
783180547
763640650
233159650
197025019
381408554
235414148
184092446
704627099
490947355
529485898
753317810
89639840
171148389
728319209
127144922
122275861
665752575
355408759
510663150
975673079
43569636
597387685
166763167
676616721
972757046
61241493
304484776
981561693
337191257
609228516
236248560
544491025
618063810
64055654
794833389
110654558
232277909
84429131
170203265
210592277
925798459
592103806
881579141
356239713
757006390
949763482
506049726
644753933
907293427
862719287
968761151
259555937
954942085
125913048
866711781
691239945
627648840
629968711
795724933
464544568
207705642
219917538
767695432
89014662
663710723
8616463
525979102
151360650
580053911
860625929
261219121
645461052
545848162
510837740
499120505
643357157
997262300
45552072
189732062
589195074
476060421
776116931
158330151
66799534
136520765
937762415
230136149
752971025
474867332
114637992
621531619
117066157
564236234
201538878
278074516
766535781
395372219
164591727
151026186
821327664
240065917
369821666
855053513
568934111
529240568
961929106
994079425
215865192
578579827
549691961
410878322
338775425
178507448
614898061
509915435
568489603
519942111
788949392
487330802
726035770
861459470
410795926
887098680
916348941
952139791
555843111
69965858
435720468
424603343
498310740
111107322
276061793
993673200
525874817
686935640
182308389
644935642
860928238
879731180
526172544
450781467
937287193
706179174
660567696
33040041
699777297
111234884
631721190
349224024
208215855
635973238
854725331
747127105
678690063
228812179
578829201
856400927
882946959
118660631
817785743
329447359
865191223
292384021
564686831
890694592
343590935
135336936
579295472
73560150
577005381
525974144
297428415
973690282
547395315
104417846
963885342
881012640
645905879
766734856
356120131
230141021
809560432
543647773
375539776
632567457
687983857
754587338
816699225
699206724
430537908
459130581
673913760
905305074
161929257
300122707
330037358
790670800
328512401
598010315
750454570
209915053
479545593
428398323
377307195
133997914
350964741
600531604
266910786
983266179
785556301
572491923
79401001
402530172
810099464
257630279
762129963
940297833
600880803
66637283
745512876
233434154
47630368
627084234
196665080
274222816
122482560
952001620
696676926
606176150
329580456
263732745
438059943
246637650
17032520
458235371
798503246
480646535
542700398
578679629
110594172
408530452
941753340
643756362
247470277
207157676
586715085
216283608
372721643
82323695
465638479
914183916
114751758
250402008
880276614
869802397
724854945
621650585
264630428
243518064
990384941
661241817
758194650
17174606
175039725
918578853
540041160
918730254
316062504
951924170
702360574
635712723
235191842
589886072
899980728
41807765
307637922
463094903
587539704
889840066
114388923
450512033
577865675
389997829
347077624
796673864
259600864
656094092
26943362
652300518
32247648
668014302
404712934
717625611
261286084
657059158
420215365
416500858
697648106
329525363
335310992
241136222
582932221
838711641
648027675
258279180
460990982
429827301
982687722
727017085
532140937
309807196
875793560
991473323
5185558
462829565
389929373
470922320
48356004
495123590
491382484
960262523
688197753
827307482
767864123
476606254
710491706
603007690
777157208
253877326
348361667
226945532
546930757
309275679
38965867
525896965
300288360
639357650
222322056
804135543
320440736
19467768
633547606
337916406
334551342
140248568
520316507
100574093
625729506
892605658
881765281
313083705
429506149
125235540
806294206
160714945
3705259
925625021
149895248
546295621
846889808
390094375
106700062
715170135
449829968
918302596
460528203
726260090
433450113
905971980
840560603
540484131
866615344
626018074
283296762
302112779
31721471
432662597
172760832
212094916
423042671
906097608
58505283
801403751
403185037
922670590
313702737
795644938
787024230
410493040
829410242
473051323
49487744
895469972
618110386
206302816
951868109
336265413
792576654
549761911
360186509
799026843
11404580
584255005
239226551
826595493
367190673
710736775
874091433
78865037
222632282
720968819
655646458
444090412
324561202
426148485
25193530
239676390
305844035
625561673
888050002
575717070
560277016
650870009
846966617
412195110
868268432
125899325
260526641
572397608
577954239
115241664
917077483
28133461
805097922
676500387
766563655
165644094
60736376
364656416
380400677
599432134
226201509
154053590
787645586
193952938
856844962
405797512
961786215
242186436
254424685
339557648
207707257
336373536
226722836
316620097
308128708
667938610
130713482
380401637
894635889
375820190
639658128
591830021
955028457
142906634
53927137
714872126
305719688
80997824
855247792
418381415
637688118
59199630
398913991
776998851
365433972
348078643
298744441
734643126
302424330
987332211
436485949
875447907
769543675
515910969
569503937
925288617
464658815
359261956
796818456
365139823
467824077
45924524
432147614
440918569
246595736
848368781
110096880
557855988
22758339
792060646
368448173
195789525
894571359
440974911
622725791
115518064
747974045
724270188
193515942
564789968
529915791
389311246
713898601
185569050
677714847
864395491
499150615
178307483
324105767
421516700
985278410
983463177
811698527
687956133
212391309
600726806
660813936
271326869
211349881
310888909
635339142
113520085
779834758
404992721
975802926
362362535
590625844
336215596
45657156
946851766
76511366
891524818
96710969
8683460
454155700
500363450
650303132
512475547
942059794
8984568
784975451
815872775
97122349
133157220
582453589
286370419
675927939
275965700
658704364
106036530
453867046
827052143
275290761
844303145
623140655
791537581
665894824
211624677
37521243
926012493
210421241
446118604
193280110
743247531
398203851
606991644
543819630
56418958
535233817
374267444
497691488
12181321
486768910
556148533
331417269
856768198
132401469
142853419
461477866
945998290
216347675
721992528
418816123
253879462
547947172
630932607
887760102
787679058
376123587
748136686
816811739
25043975
516015112
347163432
976892640
911323207
848486935
499611012
764195129
772591608
779513521
366439522
977910598
324661989
991020912
806307450
430010510
293984336
131790440
124108839
271019166
185017827
1989876
921485795
168730825
534737171
752934343
263581698
420029068
566468997
57271028
878009228
700499809
996051409
180208245
571437368
329390773
432845020
945244439
268095274
255281401
812337833
788423468
811587407
810128556
566663882
421531512
604260577
584858102
147995888
679288926
619610049
507801804
514281990
136290737
916324698
967709215
95621459
396471547
260788709
3159976
508796993
573630547
937855144
33995505
909602857
978926063
838242962
559765978
372804192
23564063
590942335
614879467
971153707
398566875
69775737
121685898
90405614
184136964
744154113
898678475
190682186
451558299
227829244
757091718
830074084
536524550
114285625
588462106
611019495
254956499
76011968
672472934
968686180
910490198
187069776
839698984
388710339
948756531
685471956
223024703
276923572
157204026
482061789
545609122
791650058
725718078
780821557
928539017
296903743
683272116
481507351
365246456
636233119
980247066
414267183
500711663
907472488
601678785
821214350
269215967
285868053
54643794
857020525
171005842
916561197
977038893
425645308
483022695
767085892
123064653
323351099
6911675
249537245
880361514
857748628
849549190
444090789
828145002
273144387
47530429
41821094
177073713
348319773
909516908
763616922
3480499
708768829
883555729
12301106
839891379
280506779
74650511
329010038
868038740
604295669
500605154
657097848
562847259
659635216
163746161
57902774
710270355
719004845
527006866
832356893
139758112
673657866
217615413
782653256
19878797
674191703
738624745
368152342
912107289
736327349
441692528
197695080
776206958
565605740
588676883
647409359
281399065
508580110
484057073
959744644
495989118
300541975
129242630
997499888
360960159
384109751
566328257
234976806
790643290
144633228
30310138
242273970
269911482
685068496
498782571
229120552
496758246
792401314
932307043
249673997
807439390
341985714
686021076
440057197
152902407
673311342
165076023
360476211
65453750
930335650
924435616
34992941
798345408
382172025
229051061
926238450
960443567
27399637
340747173
61073903
217555158
74170415
169706494
916393892
157430043
782039637
663166039
150084444
887361248
545895232
93469200
835945033
193188176
130614450
7059926
342386766
931020750
613070431
649679362
393754748
378002979
217320103
303992405
695584747
246810509
100002802
678519942
91414439
220190763
975475399
729472209
839836413
289180292
812421482
191982257
624697402
511014191
777950636
867596027
823374249
147671960
736043209
802078754
85802692
905843287
19707822
343270255
636509614
189850788
769382213
475119787
65405475
980959677
524402587
299556868
529131123
625658424
812454345
146907062
925543000
845815363
552684092
234244003
888389356
632644898
607213931
716765861
945193561
348477298
142031603
160250680
680422361
952857672
413388006
858808657
734807280
454799427
628196990
970176761
45568152
758642396
891782669
832780580
871881091
374915758
110464133
838198931
488908115
300732005
338127814
265127790
629852971
849743646
555195344
766200047
526898371
245431108
781581940
834514184
679436115
564024673
82519189
757901904
457727977
152829037
892104108
522097270
503797519
798041151
739155147
293677694
830873414
199078316
254730756
792907833
937577365
183627371
663924409
242356463
328969278
913295830
787428414
391366871
49170613
626662918
204108957
284967234
442964098
741162829
917379572
58257664
351126697
807379783
496956186
374336721
743640202
538039020
620211131
412926771
213443810
832337791
17209803
841689867
592208070
93007361
290105499
964193974
313219041
264329709
597068504
309366793
367698756
488543491
177477511
61204267
38859654
497921427
606450830
385020890
278473863
8525754
866578342
356956551
578702631
4283795
344671016
660949106
4615073
80586552
192100302
171722029
753779326
60515010
332925900
167865774
912893045
559674492
725504200
55084004
95238246
903288706
439648825
11731855
235533029
117386821
663293213
879957141
485323147
203910048
898028115
294116283
219771346
649468969
373466671
637123364
822194373
66835565
930454127
996080800
904460544
377571503
58524446
762078337
868846141
408620331
896573634
727116219
313731025
115889509
400318752
489865799
167174749
726635857
862539824
810833240
589742192
490226236
829393331
67475258
284615929
703622382
184306194
734425816
506112517
109172241
421668456
199804461
576842128
50179747
216669953
842730065
940078630
698524212
90597163
897436639
187084803
689395084
690374095
614734198
261550671
617624788
785006895
831892753
609647314
884215850
128122327
877048802
159867199
660275425
551965484
617158448
326827737
649738861
458163328
206320520
696214125
395930815
211432382
630141051
874805747
377828837
663261974
504569359
128716028
327480175
548925152
818031610
991391130
494175401
376098777
262919734
28919091
188248916
670559591
99249559
581958501
498538000
139058080
336432488
454578271
234795793
11669369
803182028
705428155
872575723
503466409
426750532
474827968
76783174
764741133
171346554
218444229
619841398
529450976
222774609
265002998
20097547
101600839
527522725
918046975
294112770
882220325
541377780
262339238
305303449
990246402
957331690
914860699
145181976
463766722
662083943
79270906
809406169
773059211
407208760
855431751
454021524
960400151
497169231
208015541
61526948
184459315
231902999
820073414
323703981
738777424
488176439
908274014
437754073
391074905
400968294
281383663
668567675
779916504
804816204
956719205
735319555
58594740
623089373
48008084
529407009
309477428
246174346
632677941
562640311
38141556
191498103
398396706
48385362
384926059
744165073
486364126
768920774
625819104
165769314
426751854
700262111
560063564
232203889
382247836
505352448
248680344
555026298
464738840
790881716
598618190
17023008
411097607
943074510
862173702
573739373
962542892
411569679
268228
68398052
90648235
526596177
606055541
636839959
633685155
722342415
893478440
78776991
981382887
759630325
850338001
971050882
603296364
903965439
533049559
629498779
772746836
341964718
556285498
946811257
164411434
807083904
693730862
132578594
151235762
655493248
984407567
892430910
864171388
314136834
197556615
495736586
322455235
318734296
276837707
193718646
751174701
920796731
234627861
617417501
596137207
575520119
668966237
273313627
276531549
15113551
255869835
525354764
43579672
585041576
76213451
201103376
400689974
837577699
453849024
436417968
795759040
850154628
841864980
795159597
299371484
122067519
193488152
551644578
168071797
686028373
600727620
28086001
133719221
387891092
749117910
579911853
103428766
368896370
897279615
185475523
140047432
68955937
560928176
833217046
7205920
444477503
842087268
383343244
333430143
886147439
679133138
135380308
159594299
567788830
879460606
358883958
43871561
173492187
675054544
729185852
747745934
238904494
169234797
267513539
902227220
839228778
126768578
950597801
196849098
962720916
956920153
495463400
413340115
958855642
25388188
491531765
504555994
728376839
698578619
592024332
31153996
585668875
234284839
491247676
652149229
161119107
647006976
594566053
623808706
338816122
395102958
695547044
81707036
212925712
360198391
158734315
309472157
490058099
28830932
48290387
667667523
620089836
310267935
6089058
236652018
60254853
28232180
472672801
889056916
181328506
882130914
704668417
501915506
867790383
599855751
664952703
196990601
967202065
482608641
318890007
176041617
835679492
712250037
331987097
469054278
138882610
362815010
393342167
561891840
869331958
141650676
643221551
660959978
740691870
408384794
60289604
255103075
559775461
35275463
965015819
627436557
391875022
436455395
825463220
503725435
960841347
755642139
699063064
769739865
621895789
310961803
981059380
677053466
184691421
448774936
309431498
356279438
726573980
315167702
453569245
628693298
522447556
843546778
932517986
353928333
808583756
130154245
158868372
791752796
20358175
180012151
41808728
903358550
305865112
385090990
65207670
161115798
917243569
439933610
606361589
553434941
702142791
258628403
192990613
152555365
702853030
435527621
95900999
889952122
642914820
876995515
6441768
787282505
11517976
16170867
248191682
833446687
159484820
884496585
798540753
603810246
301895839
124607870
59416658
191362965
518755262
327533205
213671938
597969522
488004251
193058345
149325787
856680326
492953810
979090376
838220360
636112086
654934967
399814299
791384987
439009943
798270719
138919130
530726520
181785212
131442780
948865720
282103797
856354415
504358520
551083589
269411765
264207037
145782443
288558054
68746856
233856838
669314073
497051971
530974663
729681784
674316112
51169613
95196462
180176074
860306180
124075778
111033102
649470697
50522137
804391437
28612494
560971989
61500278
215477742
472493336
291944932
449276433
756042349
106829775
749706991
355335263
189423609
702777864
337985188
933719500
117151689
757302662
202913175
443495273
817952135
298863119
799835636
231484132
53005605
326935075
777099836
938825065
175131762
820887202
283767595
71583190
370246982
5862284
455034101
167676
35692083
827736149
497864823
532498352
737376305
492994587
588459688
666813643
968893850
71825226
126114081
61530820
732283147
23504711
570491828
884687114
782703208
451324451
167597615
870629568
146849347
91768913
536934969
257645992
868679867
681797525
960905498
98746053
561929761
471976949
844494694
981033161
926245085
134464187
644938461
303288894
64594315
767721044
693755882
585476907
973045794
274243638
50957788
649203348
260230861
152190586
201038502
415299526
167816093
67411116
699891064
466895705
975866531
226834065
878341667
690452746
477608882
730973307
122514192
575876386
27004834
11001418
902718836
615013620
194195804
213819798
933462230
376256060
135161711
729719642
185714743
112618643
137600540
271987448
393286515
650796269
588264905
358573765
636828854
793592369
132457420
98065612
521112764
587545814
613522331
508812357
645476059
777400972
619021022
695271601
416184015
71012696
592431866
945895217
53290296
692327956
690067993
627942983
353925938
101114446
646440083
53480749
888394415
920866663
524027414
639036650
734201633
783319125
239566453
260809989
260715419
210870471
435714396
268466768
303021758
396610670
931332298
942440673
471530946
899826960
670600284
61787955
692842690
592963906
207901215
296657956
790660776
739413969
49874976
993757173
429409604
249992598
578479814
699054506
429515321
79120397
375652679
70314306
484893248
217852230
689622751
844587824
477966328
596836220
950712283
822447888
433153583
588766728
654833381
275518535
671004905
143125121
961413643
817705991
740806451
986176460
463268675
238375303
410006927
697410649
874486687
881200597
295203269
270074973
368738885
542917570
50885376
208961466
555853745
216778893
597007734
586766477
436874629
306947166
790250274
828944175
342864897
484873141
17933643
663919822
75036073
190302540
326407007
804763506
245120317
497259285
713628937
381099694
290878557
584082894
893533448
334299678
188108677
802657175
915037770
685344675
432540941
459371371
638593429
624930696
400385397
105128265
979685210
230030816
851499085
529199435
582095136
363668549
343398779
565659977
298490663
681877091
368250592
756146876
534606411
65470204
6705464
731998684
819424648
641396812
323178015
81093398
953519986
667854965
194983153
654193910
200521467
132483798
258882080
487809790
645060219
514194758
158551249
714425206
127045796
811844243
186025689
102338667
216635219
438716227
799419129
476442671
931308180
708022961
23372200
369741652
218119424
145303937
418682716
114805775
641960125
878468760
605185081
393806785
956717949
581133675
523120433
657817536
838941836
376257305
780871509
205114847
39618597
927149140
974311486
282704536
665558854
574695905
942981466
463597897
16163517
197211868
665948694
699072121
425660971
301165089
90255472
855176657
961467924
628603910
16759599
555018360
200520474
620428871
762888199
102785914
236221210
983735204
766684694
148888762
319892570
978408558
785031707
186237621
37027056
904306808
1121330
627075762
640342492
82256165
320279342
507086102
743827846
710888492
886846996
906819518
201014517
131750582
261971937
206685313
129634076
355792986
725930277
932809206
519717621
779609623
142616764
875172499
380349792
66762750
201963355
717457336
201814599
967129867
470482022
594957637
55456050
609325625
195981796
902832388
93895285
127061272
888219667
724360998
712881388
777596367
995988530
501260755
938790044
485974506
532160281
231595603
963407731
116828896
541729630
296100607
156942308
485571313
269143991
599199231
698307748
868331980
970463167
206441737
753722404
837476088
491409343
937991985
906216137
225010592
580070764
722366630
19605270
546795269
440158956
463904472
587137079
489605374
972517284
172655621
473136085
44003659
552246590
483895857
589309425
367737589
323890852
241618558
958250195
289392274
777189260
243602836
476561793
613745492
846927207
227033753
390880676
612615200
649556666
211246155
821417836
995337389
513080614
3475527
242718763
369902873
169052172
665983423
543979548
228730353
733338672
428182422
531968866
233747283
789238897
991440021
690905090
676649967
866722080
467603137
373558956
261672255
286026517
882367546
587014249
238224810
154818242
937471881
988791221
784841247
355505170
888498279
345150214
178414744
970310439
152104292
492842337
373128548
428543023
751275948
491339873
405760874
953196552
505394291
102303493
803734576
669553909
61672
212199991
416273562
931660038
171411674
952097335
748335191
715651578
828961457
399509856
975506632
514791895
916558364
221075679
519808997
652179098
605866859
341856121
171150284
328621752
986573981
171646404
779932058
812391247
171840076
688188490
302751951
688941299
561699651
783532561
828429889
911474510
910635717
4211077
326371863
355656781
923504594
209444555
657155648
308897722
822419185
544394462
29773673
798745037
892205762
492854425
337998091
679005333
355559325
679777550
765641991
906623247
622718535
298428030
515627449
962380350
849088050
705981198
445970895
526642182
613406986
9604374
92201622
458889597
802902532
973789755
723840193
411762168
623734759
418622857
624998720
462266798
230902119
58966256
475506352
91862129
850418079
555942152
351462871
728449633
227771149
530781164
807715552
283832476
374489695
457988383
110704637
510493305
668717880
546420283
141261997
76300530
7823066
974682945
362212093
452095153
744536426
56767929
9923814
976969820
105371934
265757856
787232208
947466775
651645443
883624705
996366152
703742892
755556391
125818469
39453051
654629342
248856844
275160835
554633509
808938457
486393485
901920405
315740166
229643365
47249514
923531176
823937865
287471122
437571549
176661884
804776699
936386350
506133628
127355365
373466661
350889671
766753038
602045728
733124526
804941245
792871011
893501916
239253845
753579429
751279075
387118508
492608597
377641127
772079024
345894469
901206223
7700067
567943007
890545449
845984343
584782105
802423928
933279363
784068662
496384420
644242428
455387420
224478099
244265151
306268026
187807882
893356874
309323730
182913844
244041153
344503969
100610795
287755396
476078625
844202606
559549362
484288296
242092331
609221446
329485254
938267525
711210754
723682444
838712374
360321657
742869799
678708215
736845450
736826760
148582323
381203784
253060427
785656715
975407098
910887781
267693916
337344265
896300334
3646557
765584398
961673543
306870496
948070266
311268355
415111585
290045141
228390
397624789
702985891
396032081
80165259
612572755
787718638
770336618
524124296
985622897
856992552
481874055
688618400
775868953
965143862
205721935
138361335
429901717
410975684
169258582
786459490
756319521
221114417
691536167
942076359
486493529
915107187
66777015
978278086
112753343
120701198
150875438
549600397
31145716
98157756
997266472
15578014
143453210
465317789
83376260
686573584
476889842
755155328
197950375
149400609
983013175
817036379
788072051
301063428
314291781
452339171
717208331
450450317
122996122
894784488
267175047
318531547
875503500
404824406
619406611
121954032
897977092
380351617
509783351
200291106
595522831
212558247
790064122
636847880
760228389
726214604
40181406
526944153
217840672
394007148
40960847
72872797
704210595
156470603
284875058
884607187
343699061
823686377
96660508
87849397
276189902
372722365
920398049
990582226
938032116
273028178
602562273
873513132
182140361
546668883
850146907
253396896
434157115
759775257
320467659
984560358
637902793
682577644
410135344
490996619
356768138
741830308
798538510
789498580
422605982
765064775
767674377
891486303
894865377
673890614
95063928
675913895
515013472
550634086
769359124
924547245
794378750
180486980
961888313
722635998
409931104
530480817
351228026
73065563
379095656
768735236
365192407
849146785
864005593
22466242
361674672
707663274
616063440
723076300
775009343
224492701
708016319
869559194
427376031
628129494
838920028
216598283
308727180
891487795
744203830
88645036
411085781
357472316
6316202
765907268
444882339
389430933
575470701
781481043
972073052
855714530
469636523
177549286
945246941
830891233
266061569
132978593
268651620
79835047
356751129
123000184
37745269
950691095
975431459
283131021
699336537
622295114
434817122
792354367
918324815
197235522
232713832
357485036
787959678
361466739
847780120
221215791
929044189
134999461
671339633
573778213
715161658
215338786
378936907
819951866
780219239
759194702
265925835
284908713
310153947
408838828
857567045
727169236
55685909
954536043
149239571
404177293
963169094
192330962
622749550
649530490
130280019
744698014
489560977
31342742
388083055
51407620
728940191
494301536
83324504
762947812
565514178
768569965
557594202
2343582
387812484
580529952
597922925
636112116
936530238
21961850
889351271
486319486
651329906
561083065
417251181
825202529
765134647
79982516
514505816
318355310
895535915
885796939
200677708
958677864
277119052
32175223
161446562
244389775
217315901
956639738
643052326
379169170
73486398
107749089
18730612
136971524
667954487
84280129
985357890
232061440
386723736
260966457
692868380
329371454
855422917
799380936
298584489
552968950
973518236
612138082
778675296
181161772
443585121
791087195
475841468
38336674
527939263
339988412
493483147
50618308
804126809
904357282
71003358
411832947
57130907
838047264
976597908
564751934
272563823
907467873
189303279
348872511
859116134
34943792
815925555
576553524
317324632
182596438
750960257
904429584
313389727
737913138
857617467
332813562
497607507
215916033
866081029
858282832
899356983
207331525
189947772
747777343
330030331
643852492
245610855
135247131
178565867
861109782
117326592
607669270
897625678
898962939
150786899
267927798
394874593
990551511
737693072
328522111
434011178
790525729
332341858
914737003
663335611
803612424
343723634
802659025
804794270
599054939
583711488
990752939
904581367
441552599
324332149
614120944
685529629
415045108
677362172
588083322
267022257
677040035
475914552
738448819
959768864
852940207
246856913
309387167
499302040
60078490
261593475
620286393
204745307
895400698
797962086
530583288
214443399
619140283
798066111
724407488
583624276
892889622
123151057
477414995
463116587
172626187
712742806
181033476
540179587
205860319
457931811
490036278
998113500
604093060
380338720
675995478
452653399
245685389
758822875
16594752
938340816
516698718
699205666
976187024
108173337
956022023
916929365
22991803
905575407
702837860
338666287
459924407
972660867
464185497
267825437
687673552
503528215
475776413
757668872
266472161
632634202
364401961
23319770
538011936
468817797
146062239
608922934
992597402
82035191
14450446
173564524
451485071
766119400
144879220
824897120
701884645
121887897
739455758
636342256
201489523
196382357
676533311
277224610
547974576
674616267
97801524
605745193
222965647
615346365
135813375
630521526
681776742
610207297
127025507
796099000
524504213
430681727
528547318
770071343
467475533
751471944
505671829
451528514
845850261
505475957
699640012
705760970
490058599
803871914
233881233
881962867
66809670
425607559
225309970
838513707
54618335
328696884
921093417
358400643
139752498
60659960
44245869
466080846
431343831
927284223
642484408
48100486
733826395
980820714
93428173
481240763
317853722
564258282
747596200
307746746
799256933
17657187
580899142
753055107
129401166
467700229
669455998
735069306
622948516
414122110
775307921
172878662
290904901
717858450
609360124
894404532
628637874
94030013
256201022
408702684
149916838
59440731
823547271
811472785
738077772
868182685
783579177
702105079
807405473
478959621
843665002
42530404
691285993
120266264
871826007
944544019
794275886
482172172
83350553
662066869
785730300
675560806
539489590
136695845
730696016
484309946
18995277
973362853
844986077
978834285
620941749
995557776
264925855
198912273
986491870
127441799
87358899
772422782
383366317
892536338
845534278
505781498
537630610
232915240
348155618
504485124
270147287
809056318
53925844
773159037
450187645
100765937
491864951
885681603
339959230
197767451
958583578
131045872
40075116
882557862
214292306
648184361
189099122
679241028
442527720
553490671
41494435
111808558
758183590
448471864
677977301
97152729
903102146
949517468
763624149
957713386
440449476
959704146
762248985
685208157
598448105
253985432
579080865
529432457
25521310
527003482
436985180
353586061
566075632
85501661
515268738
879709087
463765478
475296021
252824096
852104839
933931295
820262944
144148617
321469909
300957119
865632051
567872005
455430165
622527041
309458326
106828028
557215062
628166123
451090346
911253838
969856419
1020823
8462131
933624213
500181449
686350658
477695421
967751829
409350114
612839218
144725198
506058531
270465858
572407414
446342501
757758315
468623585
283143087
695393194
775591488
791616967
731811262
555365011
46478697
151193077
162053392
91174461
753059046
320877768
95926888
463188194
456865563
68843101
324011192
31641821
698497038
165875034
44561178
625609917
673141431
300514371
969852071
418878032
914456709
219096917
606506859
165071845
464368252
261733688
851849983
217218586
857055670
361168845
993411628
754149262
689069976
628633130
76151619
92452385
881642806
900237870
514030991
386188194
5612477
913987137
544977253
776648897
467703715
942323639
415636358
130020550
778740583
554212834
599763115
651448050
733497973
933024408
181560182
819641274
120253406
975349300
295817094
900310189
988997473
192264685
627940920
166116637
993919067
528311174
861528582
112118457
141697803
102146286
817052291
43463700
163501808
568999891
235694037
898975902
392720224
12124404
3314505
204980184
771863376
590992623
107848117
594854741
788305271
758929294
347404358
935116585
282217172
10500840
830127774
664962552
632659182
56573802
482296053
638940750
448912723
7460753
530204229
46602098
247574215
964174804
526718160
517130835
62455333
874710183
284691432
576973382
553823286
522442360
514749058
320085042
111965965
786901548
260748433
963559857
746205463
718219681
979999995
179434990
226067756
691594538
241990140
274060371
364425284
203659438
730179872
244442852
101723441
547101080
201349168
254636267
169580601
788976468
884164856
843446810
222683385
523272047
401907866
53991612
812629131
521913652
781446261
555604203
994266088
252586900
70334957
814854643
615244400
684647392
798548402
557348358
809136187
336130478
449049150
422310703
816887815
626369701
239454619
429097793
461513473
443170259
822812199
585115829
99688795
917015019
125452620
315037041
480620208
758973697
731315604
874567941
857590418
261795347
530511392
694373278
874358175
426874559
84104476
553806540
141218566
541167744
652738245
833363812
210187831
347732796
470124819
308237774
410934512
261312854
782414073
605866058
235279546
739801686
64333809
909462935
387909132
141643365
864786691
31413631
125166560
786306747
964974124
890675929
476005503
723076799
480631278
731524639
183327419
149490452
593018007
121382809
852103494
31150285
933458610
300635357
40838669
524903574
178784082
396602028
726430591
511939704
865962313
8769326
681293378
916023864
501802177
34015018
463454964
187144466
809216224
882457257
876649630
664621614
593965379
804766921
622848611
744267137
138848923
53995858
928974463
197160482
14997311
542242302
620764032
771594040
800759766
148162055
305571854
376733813
516398769
804675250
783553579
387131437
175041736
878659617
581147903
246861907
995685334
703608552
918293594
698972879
271671357
805011884
423451836
251007192
605939050
496492952
115411145
357462135
34975650
94596032
970290364
3452101
984086176
795387741
376517481
781122630
261578832
180161785
878538790
334658653
743557957
547232202
804663835
100283166
744250500
192997067
699155732
485870281
459681748
150779101
26212671
52153738
82836411
363899248
710097061
764979346
807861848
341484163
513702085
652512129
167258806
979854068
288257914
216130915
552766683
353147200
306238448
77757374
124960214
224352542
947233557
541726670
270550526
920048657
857296830
21527057
511548342
582701929
912200691
298573331
620640950
924184257
603057799
885322383
270822222
501066878
790302867
717500474
899636591
397980695
292278260
920496703
179202840
902072284
75476081
650027120
133175681
521876620
940945041
950491602
185317563
18461404
162089770
311960421
699636330
276140260
814834611
996790398
482620559
546918170
231975975
635762524
135555760
124822913
854218441
293091201
666428258
640012175
474080793
866122801
803441347
575452396
427446822
396830270
388977751
488932622
179040267
727095803
189426462
429915225
347510011
503442596
971518618
916454553
827903193
826482458
826789482
472276216
273497268
697571234
172819683
464271865
401217176
960149529
883576089
629308774
87226399
435457025
431173224
365247117
435315652
489676367
726059749
834208171
8110021
727521834
482997143
270913259
756643521
74930624
577414008
149473424
881860612
393840292
248436393
222272222
178172332
732373007
699507941
723934126
300149611
208223759
802422112
983055427
665486409
37843812
650354775
47628377
780385144
535517343
696586573
286218498
943471326
335195511
755187569
948877825
732236842
794864185
595521121
794757418
956741547
295898408
839647331
855619716
576065142
370247826
719926166
609604697
243896265
738125137
91731926
125325171
129229552
46797458
646857281
829473811
529958564
881130280
435902382
179345291
663664938
705071576
972929865
609466934
787471245
118872360
918318873
822497838
100512300
223228718
255209325
370099055
94692682
811570136
438094788
299548815
784571141
388691151
150312769
923461825
973745101
938632805
928468383
743205408
513879067
989260040
585387993
613670118
289888407
475225673
357254620
65403941
770210063
513632598
230893637
210301193
675998606
973972915
582488503
386835320
23041519
264522053
735259779
171456158
439101297
318402614
403614769
527343569
812818661
618545702
265581361
382149262
306697384
722635042
172958793
79253304
274509472
214117603
866197387
557206650
818004482
512504436
182968395
790010118
747824287
141645999
914073616
132534796
740564449
712190238
630922780
770190158
739354332
731277015
59470824
159249354
649112574
463019842
571425095
729540257
736392757
799057289
248783763
841777412
592590395
353058859
967417679
486114841
382839789
871265566
80839313
545284706
74002281
929386212
34167508
597971490
334887906
581682180
524120945
30959040
537168892
281724409
456644602
362391622
61608804
200767414
167034937
373914320
658336151
387995964
814832034
152468041
442959030
582293197
840051043
826992267
773668529
990793581
64806772
286434410
135834593
76215245
866618247
923537300
878741926
366346036
433346170
499117641
547977892
679955728
735464316
334682771
370736569
522873041
975750981
252566050
968604739
673410574
995536440
726526250
544760215
800091159
898304524
800401502
536415739
315561888
221387044
300424160
195355311
767316354
968661765
990913906
924417248
636147288
658753120
305365685
955762655
372730233
532657142
801357710
84000958
111959231
643507225
438809608
395810418
736643854
312668861
267645188
739032778
159626245
464940370
357262705
343063064
853379317
350719365
598202579
228788569
866211513
108863746
335859090
228469023
906071439
823264034
319953085
478391840
655491315
478734101
872512999
267547740
194241952
961224034
98669762
813669022
513295749
516849858
989976173
920110187
960809658
535820568
952265782
793850357
556937735
31515162
696356223
936327222
195169939
678478013
586719027
722256440
580753222
33702524
326193922
829251923
129293305
245262105
411376682
451618912
646958677
302819474
403952943
786817333
943385968
241173593
909793174
281569425
230147659
291611661
849638194
843205125
677346803
940160023
993801476
241944816
104729476
283788628
260082325
795725682
132087097
48840863
553526117
827148053
947441168
489724558
393402012
798879179
699946268
823893813
823112341
820104872
784642339
790698977
232913888
82661420
574388636
422052709
461709769
17046369
810309209
395808574
525510034
205235962
620092638
587679999
293725727
213069761
399924651
931825776
821948119
734979787
80100452
809511550
392860724
627734059
910841130
923506982
806696314
520265367
678566053
166408467
523289567
83421979
730408267
665634254
74183151
438055676
823326810
388906145
452834570
554257610
47243604
681969929
82021067
314314418
870045402
140575533
348283610
600531944
967070332
62222267
387753905
329001387
291764502
114821327
615204964
976828174
444508510
801168501
926002737
895130302
287906035
305598054
669359297
86065454
423561747
991998312
74706200
871990375
939045745
67401033
511105435
609902402
63503002
37218158
645302629
6711989
126085957
562858033
893979618
799242543
527414368
400756328
459483263
42065351
747583094
787007410
296085315
817185752
756713964
747781176
528804682
141395290
884589320
834839433
360872962
63545033
106730783
900085663
254438677
146590295
985496659
285713814
968220219
351790877
317129755
394108837
408445364
461767283
952953878
922251892
536082619
74601801
377636130
445139989
63971983
516415497
599463230
725736493
53825807
936964573
712878923
157463799
172526410
978732376
948424759
680303674
280915256
992177798
351986227
945176348
213242008
763037576
466154955
725054503
740649573
456244504
521051336
913115327
842095605
385911558
262139926
236795194
234510167
633499099
63910293
672926404
526427272
605973938
600642069
798619131
443522903
900506445
150037659
448563636
786496688
3929737
65359493
458736964
949976054
73362813
399273851
665140287
634372867
786460046
37230559
760465851
904485827
211475647
749488743
75778156
134973533
896774225
886722935
948776925
247728051
180720105
623087192
473482189
547661599
287356707
912700784
116520652
156103503
717102594
825373633
298134245
563898361
710076913
650668228
147554699
337105609
712968212
732387234
240546406
142077861
810213581
876043432
405937487
531580238
460786577
945249170
462064389
343099856
841647382
341324324
117957483
491944384
282558784
680207161
221304903
210445809
166470954
58669821
522984863
146133388
713867938
701757954
152537354
931961679
20629172
926617297
390817345
71862924
11518014
632469926
206754608
912617697
62661593
304236450
611197303
365860496
195024515
925096460
248700673
52416687
795192421
35552069
152648315
587439900
596680236
483644291
880147483
388608547
882309306
312135517
91563893
921298819
945584521
95439004
455071199
769633630
962389260
499687270
470433521
134124913
949511070
621507150
996208307
528949199
551372795
511219198
121467960
129013551
292897206
962704290
959081756
577462874
751892933
706980515
263189796
217097753
360680599
136722429
811247037
122954803
572236755
430657987
433980607
468135284
827396799
584176953
43729712
104760416
758406867
503861064
566008036
80685794
832018689
90373501
154286055
839393147
241799891
238445389
946603058
370456974
715965150
712357885
978274112
103745765
901097071
65735191
791132188
487658849
26600149
986856339
471851535
978381448
136990322
794881084
639515126
970325088
220872957
25326853
82380773
246694440
497609745
682142248
551652233
442735665
501785060
744740381
255757770
390360812
103541133
747076677
544013589
575721737
893480997
29356345
200793925
766529063
732672670
64135238
84032803
836512441
111625513
261446783
643745061
489970458
356318345
186600423
493164918
707064444
915249966
400390641
82769413
279692558
760884776
104554976
189832992
708062360
150948655
718278762
976498083
719076287
301530467
599604589
523522670
116095888
623608256
295128155
847476653
640196696
655207652
790578305
66830236
378370391
44005384
381541366
536914163
140826572
749127409
593411702
874483403
179960776
619034648
853376278
84576825
373942710
644778579
267557738
952769779
885879755
665821456
798416392
471113015
358101565
630156667
580226862
278457845
722993707
937691893
59640400
551294593
764865311
604134810
462473064
989193280
49950214
930983673
314808195
772779542
788952604
676868147
485058310
689169582
779576768
135190243
333978544
429697906
141806738
689344667
278836905
418960237
880487755
574143485
607943233
539881505
694582170
138576340
788682127
356180862
762576833
148194852
333713790
187378564
29970763
432241738
261331726
341362093
259875398
636638038
730571778
396312864
882038099
473920497
396695156
496626121
550975482
547085754
164703569
229532219
384059856
288684463
942666653
164860637
400244738
886583911
672412864
101411781
989285698
295258308
989786782
462271712
119394865
687300131
572637783
935861158
718484778
722302955
558130997
22929223
742508382
850351673
295929248
707358174
205537369
337372415
451297102
849872380
853186352
486301287
323172936
234929288
539690882
243828533
980459170
119893821
586332208
328199798
830394145
947698755
432388871
111742599
619882922
841215945
392416791
97867739
595482686
535491044
661410653
776654952
974919914
586258304
210530686
483688377
722644233
769926373
680090600
103884802
381073456
546142762
126487394
210316455
385080524
970931204
10522143
317828262
510564056
985560805
729936359
553532775
405101321
953885336
724201881
762925478
481855907
620878864
178314946
497241957
116741173
675934072
86240913
749348266
802258378
413394860
553721871
649930161
364255800
296553656
267524133
361570317
274894851
67890354
214440398
119227530
945834613
129515977
407461942
202819804
762878544
812086840
600914785
863396127
220090639
142876058
897846437
795685575
439467854
41697709
622511827
129254065
66675466
294373636
983733893
347387491
221798669
36884329
791655725
620288913
9386811
205509018
840759424
31950134
16949777
473994473
64875224
8770296
395929002
479687574
595621387
278801784
455367625
229959641
837042779
938933050
216346844
826166778
802650404
653057555
273763267
666721230
847633702
963998214
456052822
329884735
634278539
939519540
840691571
266045171
605418535
94361387
692397264
59996337
21701590
842430778
512028987
839340305
257993827
299788097
367481082
660067046
955731670
511411729
298548046
852022836
407917966
389668444
935971038
857747188
694326106
539411516
626144775
850175789
672592487
806424754
523708691
436821216
943649410
702279231
190946608
431936574
372991237
717575671
580712897
394463723
820297983
856088493
449327786
116350609
974870937
107341212
811022782
535010529
798307074
983632451
813211650
906806455
253503973
586983922
117588745
87400427
917957253
214707823
129426083
726308613
24663591
359446016
412087927
231365299
973806966
497298912
273521985
891118103
462639870
264914808
353191426
922241391
165121482
891183188
469962061
873385594
157865516
10817125
329742140
388223246
52480912
765783255
316015739
571065200
752375137
666331007
881931149
840195668
285809872
265636006
771268090
291663170
762698894
956972876
928881889
100596191
56226490
492192114
637894536
68030125
589793999
847031725
603140934
137577039
318944993
188691020
44536563
882763992
802272620
304650991
682332939
861409848
963451222
917392351
509268574
408079520
968662489
697966448
782456393
491993493
622907243
236545094
935279007
581440454
34716432
40813852
582626962
12635106
278936043
54961031
312019110
99783080
444254438
327406246
58949631
82660759
901051809
144619352
166445022
989048565
439148256
8329955
446096792
990704288
73525990
64687315
631964200
878915585
717316857
815191924
42877376
261287004
948691914
238186837
523495128
123528713
389485427
207319236
86341626
55553826
482784891
407962277
434451196
201488450
417662117
242681632
274808649
250262634
377874882
452994876
632185289
258245139
583887103
62560106
560327871
390810691
986722681
485856883
994046946
365947216
472411135
206555411
215122043
642913825
137867596
291833907
327655847
581152744
452276695
650309973
499384359
528334465
395143611
466543247
925974678
374140709
892185766
644299939
510103969
114034519
557011903
47356946
801149906
928448770
960667138
569711622
24674452
866784398
42148931
135421245
255668947
682271159
619605347
452759547
127118584
563221861
67656811
127927238
178053377
973736539
565309388
436162730
309917954
766177395
178760516
696011965
782050180
679739562
201187354
688297951
97707096
976271624
461086905
230831847
291718986
230371366
30968069
520609083
218928330
266707373
852777237
562222638
597481021
660566970
968724104
384527641
373988632
980412883
779773077
751242012
435692792
975836623
859402712
450439257
734448830
802305200
531553543
449003609
916656536
446276560
560544198
337905793
307915276
345942835
642966007
189654335
932707451
810082409
972929977
373876883
187269244
617527117
868509852
497541620
667365382
251343188
14240726
265550184
662058624
40368139
316737687
602836669
93808375
489267476
165107243
338251117
160693434
816503518
801487293
722178309
548311140
818559777
239443575
170809783
549833859
271827937
498448600
258071581
305885827
784400454
194064243
218461995
896557833
276477537
140498191
602014812
991684275
75898248
844604842
910046949
70210660
343436532
733959114
759593633
145075361
721278184
743506318
14800180
516249125
52563820
118553416
23670081
342145503
498057722
666355238
629161612
262511408
361261448
148836646
332238017
867777756
452924129
303327793
936665417
759808071
386141164
270306082
445347741
859948806
758275044
265673807
170287851
224280732
659767392
328364712
200278485
616822840
625448783
425882720
320929049
679197850
332689556
596160024
652639589
380331803
954409012
841265339
845795207
319608963
713746930
564988565
914808269
977402250
393090297
599442410
584958032
614390840
609721212
434004532
528885788
390491833
775975770
273339746
521608730
759857384
828636601
579458981
857607144
808199749
119837595
371173756
930907269
666116605
699703021
682153246
220448993
766322954
126249883
818244272
471839181
964449609
966136750
791577602
374923347
350983396
344626410
757290190
855766870
713429886
50847111
519118503
562393946
656025329
498153720
381617658
595998455
165054189
454846682
36528852
512935069
922848330
602338637
696133515
533499911
449552989
375424070
792525324
809723531
76645268
920128976
827115888
245425571
613415448
835956536
39821261
985151579
669917053
771929542
79895876
902329159
765479870
143460361
617401547
462897630
148279341
750503497
379361796
514580253
412128114
469102596
738632929
201877083
171936633
613507898
991181123
918824460
317278574
883986646
912002925
223440840
447148910
852176290
584110031
473053479
590490394
499972167
217870309
578095348
305656612
859051418
989606412
738838939
59791196
712961809
665320738
368837696
310898613
478591462
755144392
264023286
342718612
884261534
314710654
899553238
881906092
640664463
407838827
194709523
205722271
627595416
647355751
923351670
464333064
407131635
201837267
175610632
251445720
309504414
1585364
581419192
416088905
647632683
107633224
757744568
557294681
638453232
337507918
253187302
962488861
947617963
314812372
611477072
604852426
345412987
563662575
282197827
569332529
455288890
242699242
516687707
36883702
797795197
866559750
621249670
58517181
365897516
474376770
64316394
845356224
26430496
178901742
103662748
598451021
786639699
258555269
126274825
205453921
673926846
249880438
997111911
828351012
155769
849043847
436348635
263966665
123893481
171028252
566186156
576659934
820316372
695462205
303110408
721693950
29287389
486643356
409096200
53118380
856217592
208438054
915036225
228225504
820288296
578216362
198698375
973506413
705054898
538587807
939053259
852034348
84667856
221836468
109456369
410130077
572367155
260441150
142409699
669846592
654782358
701407395
668466713
988479310
64246758
848749653
670476149
76097733
86168717
347629837
176104939
132211589
606623296
680064288
589922231
107151591
320549576
398926125
829765022
737538739
105988511
624981849
72512153
971234505
307291776
790128076
741881281
651000162
605136703
46050396
330635678
780361389
379058305
320163511
482663613
809768966
96155051
424340704
651160048
611710771
626460386
81364086
620551639
82109903
499618888
992449049
543081642
246982252
621121189
866364786
905189792
467950179
935031187
165960185
347970947
306519962
814216725
747373063
515000389
938473503
437094726
435029277
352718006
658305499
642355865
564525212
885084344
327724400
66832425
83351053
907763145
29575689
907677259
514422810
210369844
732095572
691450978
735334142
828492223
198436410
938368903
822207955
644685453
746944275
224053701
863858884
334446665
872196224
743635122
989615715
357441779
434107578
370281564
832981735
571573224
990897080
824980284
398600981
427987941
195692090
854748897
248379224
514941756
17758691
561856967
663420141
321712329
209740714
353835497
21235360
41567630
16728255
640163270
266914117
696000667
318101409
333485958
352780594
836730701
529407810
94675956
761401598
506731352
12935604
715840770
257683594
593564536
414270003
591972287
548124281
579566855
165877445
455895546
466385583
276553966
357974564
158052901
260195649
710180588
219393262
524642849
842462371
53820572
615033571
859062032
196120190
566849704
701791501
275777579
262740134
829816862
102863211
205396917
657293702
385599665
252198691
781837113
339991852
175779899
116475038
972433159
120959489
22738453
776487823
564445071
565399144
592021627
558255764
632638348
69532867
540720529
508873365
234600681
550735635
693294994
92610950
347162192
950181563
651449717
314262387
51775446
591506973
234587534
875831068
892796349
939900905
301028197
757759787
554332139
136486372
493881755
702481181
181696391
951134086
196034055
885411269
628328031
203327240
152516364
46260386
96963985
656280722
497578753
520849166
273631574
346214091
412415877
677895550
612227631
825976987
128473066
474313341
539159209
317009510
689526495
473927400
349980429
909999805
480133021
298210349
474658282
1010581
715562735
539950344
484759505
845062981
262524553
791374437
605516562
955746408
876740870
969911918
451964844
374640122
463973163
630205121
939268605
849776259
390117366
115101338
961196574
108803538
314634197
392474414
705848350
234707235
495160970
201067047
525672510
745828697
461829650
186098214
262918959
48245825
735814344
950241899
961743038
846662420
846110129
959489107
871032282
440472587
343756075
979488523
885214115
694183719
735765157
529432438
621028120
327700264
84476452
71059339
178785234
265595757
18358097
166968381
672756095
63279931
206665340
263498005
633133066
896903085
965385082
304719951
701058667
341434778
752648723
802342583
423172226
536862592
894011160
53160668
156261971
233075706
566375862
470951350
261194301
675506845
844478436
891206843
599745617
331575269
910271551
444410835
64463898
898725814
315153627
603417901
882938313
755250550
242580918
494497216
674935271
380448526
788881070
721528946
292558555
579336
362120026
932562813
830733593
621940827
602212252
243369017
826470876
639877652
214818786
593417849
454897237
240628682
805469800
566733813
641258563
298881018
655855399
588218726
374675664
901701865
993527314
616632019
162729203
237023227
392405063
390583377
94984170
272809300
493827767
746381036
704673658
852621195
566366231
62889239
654407064
13041588
495513016
167839922
29585603
285240911
954253151
265139689
959616577
163623329
340296217
463731836
185247645
802254572
495444397
444243837
58294787
283644870
922945816
863509310
358494201
551508178
352491095
959132443
624735739
22327673
681142542
157108308
602981927
343634963
165552126
285438073
646223028
192069292
102609948
549490075
10702539
760046725
433423927
921965852
594578858
567303155
94316094
458014341
311283646
596002939
249030194
629464120
219408558
848550770
703661250
223707823
833849526
385497069
689333384
924367801
780013998
632516771
298538079
436825476
254111343
469929578
279550821
213045631
29040466
427845008
476790438
180560792
827622044
917530457
100852829
541989316
272726501
858546889
270990797
128584062
321871847
509321519
941450515
947717344
100906509
896154222
295620570
251142993
155228303
854545072
377089144
380263713
230698013
87047269
163062876
102304856
564985103
305923989
485936195
162024757
963202697
464207963
518578954
73034264
762600612
592070325
878092223
936090991
663703297
210089500
105586596
994140051
245502158
184976426
700512186
540364448
454859911
769758499
500320634
405523641
433267083
290318222
125260653
613806974
959595436
692184914
755723115
638568329
919738809
705873364
437633139
93647093
579260622
954973661
38642909
993708373
60192842
76735566
521720701
375844120
475371055
919501860
117440935
236550355
812788616
686954669
10379492
808111952
394846391
404738456
247094725
255552865
93193725
119900182
410198099
834120043
982507438
48653344
229976055
309128240
648469920
960502999
115569131
643003882
676881959
502109820
560927585
613363515
698632732
579373539
739936267
696561488
206415619
27261648
17360162
121783232
917099518
292288242
992849392
495322590
787423837
866277235
568057264
205864251
154151437
572267869
913290141
99044070
165810847
116025562
749242842
990600125
296605437
865973013
528977551
908745311
224695827
307368068
680405778
315216309
47454846
532604774
300968043
426136302
375940580
494023980
987681461
117596786
825689066
831363786
390673247
917873926
577538274
589483127
685510064
175832491
906871210
292272618
639474948
53477007
758605280
721076070
73035387
607376202
23603741
566887225
776398507
811678585
252448488
183689059
526690885
287152881
321525388
757592124
736702831
115225874
710154702
416330926
529075033
674692468
190661086
825110477
805592378
474187120
616493408
447839618
396258421
9940007
713054473
560576033
647031755
557562486
100312694
119877562
991547916
965410912
466987494
519806283
741461213
809243981
661254149
612154155
273573014
924372147
322913035
856125958
157859576
131177063
578126264
513670370
174555027
626185704
629940225
234183208
352650619
420862373
263430817
19040591
656640543
287267150
959610146
442132739
202861114
549698288
454538650
373895882
316113204
141552939
878914411
155406546
180537527
360087843
676570881
679293554
938825861
751757684
141754194
439190206
522070584
860962518
847556217
819335811
8117106
641910303
475012647
528129413
177424024
336241574
279815386
916367122
634878480
977025212
965112431
617824517
570089046
974214252
636259319
656051338
198484262
622783265
884955398
844025966
59840682
809713008
803671948
180240302
924691793
77184276
271828699
98254831
310788822
1891217
957308864
502803865
634964477
856371678
249699331
436150963
927718781
48636886
747689066
909531005
652421461
487212691
216044078
348617160
21545596
337719125
272426519
68801960
29672877
137185480
535446772
266752171
814767346
770673965
666721522
806286875
28700509
59680204
353657235
302736457
51557679
692944386
553109347
256494220
457514062
89995600
517246151
227226162
737647776
280266960
81722525
944797006
734435171
725726407
780385342
192954594
46875363
988020541
581332420
312580568
550028523
778561864
784881578
691476313
404967121
27270061
922950322
796024275
160479405
320732259
615841621
570045828
564297257
408418876
861410551
942247966
987576582
547964661
867860762
514460858
47833263
495700358
885133619
699107394
58790052
350970823
610804196
183433169
439396141
50773194
362689636
126614485
452042961
90155432
1752574
939584316
622747725
580717531
470627542
363817339
569176575
786770846
827705538
265709574
627585772
234735155
83660094
629390928
360871504
551856879
600740334
916133940
451834871
346410279
559789534
717944990
829344184
463622245
903233709
190051225
554083278
31369412
218021979
463665229
534262126
646746479
213345354
465006109
698307711
261735083
504319891
611871594
187282514
271963906
563310066
336341546
660085069
486254376
424761719
654397479
665487247
294007697
292998544
107837748
309753814
927443788
668358101
188661650
119261571
579386574
717192214
918107934
909017118
165399848
985114660
546177944
804857054
759710905
299796945
429307520
337514924
753004276
243333476
96482805
255382122
651994760
459860421
268143738
112851010
406509032
426191716
72177884
758415150
366064799
761791890
788283325
839793970
613941788
790211956
452429733
15727189
151777172
740525580
185435873
140914945
506781903
173643530
737227734
829225143
984317002
854561916
351634465
679720838
282918232
760376723
985472789
489240150
762958452
646749836
612185842
520588022
628282086
471811484
879388720
667481907
278593694
212180390
208072483
164207109
96193801
408287189
758726630
45366420
288500890
844963394
741102253
576796102
322333269
723150336
208727693
611017973
598601551
514460367
914424133
791316074
101845973
419480936
170012317
317686371
116929550
402969412
726738223
616363173
279105478
961530285
650036187
334447949
947352484
395239740
790457846
255022020
756470507
870858776
687635581
724435234
958584381
197109033
747882230
867868895
310862524
455208583
950592533
90577324
788977157
524924523
68001818
232250107
924562604
973979858
106098627
323167259
484547866
502307006
280744058
878067184
81285295
873450824
957320870
679221327
936494103
237033224
710959150
812488377
405574201
24164836
66819640
915518931
322491906
32827860
92360766
425322331
63419638
719012413
427025878
23130296
103463428
345453996
208991231
452586130
965094281
198023375
157426606
155212232
13682979
634600714
303068171
651523739
153362148
953527692
44797142
468041074
358549134
433494259
170460451
477374310
857204521
744123894
689851089
82875388
314791495
155054075
626063370
102653207
528145946
571565674
232511119
160352627
136216224
145243789
675956947
46400971
452481007
61018894
194181106
983604311
664638604
108222084
566627802
225855318
141217403
542701352
259416916
892022875
940812984
933685189
498922735
636546040
326702492
205417065
17456321
979921520
234092916
792436338
162104621
133957735
951644829
893244074
515546664
530482532
565318769
284989763
832110137
699517595
241938331
758417191
304442372
696372921
658646166
12774328
982857018
141422208
830383754
534332081
437518541
109204006
550243089
376455461
501780224
534521316
406719338
757091532
172257876
970552777
676241183
441569889
95132247
337839416
848898917
982910170
151165471
917179818
182168584
862200183
721374303
902753023
61224325
228599355
665414285
344171301
441815534
995759422
831799379
448477686
735784638
464179606
132183038
915640148
81267022
757608587
601835763
898302077
439606389
783718116
917387950
895419953
899620148
111360274
738955949
423899536
760815781
969081632
840509803
515711456
591184632
954519586
402876208
346859877
547954904
275983068
592692031
165137615
781746359
792244166
172200691
44688142
93289927
279235162
604267459
413699550
406967699
191406561
697126468
789292158
844225982
13180135
64262580
41454770
523195754
910635544
106604513
141271833
887817702
726942287
552521749
281094551
713597809
643512115
413287714
686005128
671088358
357309365
36826584
923836795
197830213
831634320
237710448
310727112
122236590
319071698
448121072
806803546
708082169
349724351
48667869
708852737
888908973
768527433
561878606
155330238
923437283
448121661
112181985
907701954
394734132
164998729
4362882
362242601
355658419
972493775
832633257
264409955
498524914
595462441
638232586
642076531
64062697
814356722
32960598
59594730
507694476
682571300
266154155
852167051
822122861
348677891
802118858
689149889
481931460
763002061
870588745
628495261
281609232
651195937
78593894
415782999
323249542
669665998
93401123
96675650
712748674
175460896
316560061
29709854
352122611
354726145
248991736
253721597
555675148
385836168
528081315
388891277
150539202
785597206
723169090
657921634
979759299
200007000
568496857
734137324
506769605
153774841
554584219
382586640
881435850
722973067
814803734
42040422
266278466
964183819
449382636
579404590
990737114
169455974
244436120
481007484
213118764
348166266
109537195
197670424
215115781
195547322
225255056
804724969
867873811
946712776
415409934
885356224
990320102
422226828
901065750
106955660
717773443
293248291
357901662
771126
648354712
327617356
388495269
964443584
397690890
810082006
453866743
204803585
802224670
497042194
13167443
459861637
809482715
493925966
495975126
161545039
131423915
812845157
524254168
486966323
893730222
894162857
533517270
584393452
33549518
24285645
60078021
923909082
384803108
694450382
865926143
545943501
483985455
5807351
520140061
581718351
901981537
453710717
156361273
973374779
841237888
928851587
15214491
561662110
576275224
319708622
359359036
164449544
659365227
35956311
497351063
680960544
538576843
762539755
806526562
144611294
10505104
585010946
868735447
710134742
879306181
909516509
438105654
721993022
925838927
106833064
170455205
631266186
926302445
23601550
180657326
832355396
140743180
978239863
286299640
645862369
388619150
396480239
853586274
327336922
877496717
906143750
17248676
297113445
529028486
248004052
339837241
658151960
965177158
534226199
210111559
205647698
153851601
914532293
330708186
542260472
517414645
302201017
131710324
724682942
269024014
845531973
444522142
845252632
426836231
171051808
97527542
453030870
140360353
836292786
741107313
450844455
730451548
224970910
4334846
463728479
728509651
259000312
329714828
133835621
567243378
301324964
847144987
735518338
139705688
141768773
994644553
101183557
613267543
336219386
677339272
531496387
750846048
460837363
442488911
862847651
164681596
771299058
441714270
952420561
588581031
788593984
507659733
334279934
803647714
530419446
216162000
98074696
336383699
736566529
357730065
540849886
980780943
7008820
338307807
254901799
482458784
724271076
849901030
89522850
718264656
986788827
170348423
145728776
981716810
703324076
685481220
512941393
126011877
345057965
458602068
345925421
289495878
225823830
211974423
879101051
534503341
709493564
888433417
948043439
887590200
356770025
817872900
940073818
945385240
728764027
263813985
672997968
237649202
126943789
699285264
866498077
219617272
515231983
965582778
33816985
808213757
244191153
934918560
585536869
190617051
263569739
535968780
419567992
669538618
703904608
720071545
544953833
206290312
696661025
81932868
29348699
371603257
688767993
827397770
904468962
767425272
723982488
29049553
565236224
700123087
930640640
388345257
195542474
13228609
560198377
743225778
374769446
829010152
746267964
721666184
614379237
709131283
650871050
878655197
470950826
383469445
53526256
569104121
286406433
608382979
836030889
366979241
273609586
696172377
472856139
94084164
180466660
685161038
752343032
29073618
834259817
589156090
378631267
593455972
747470934
507726985
474116222
107532678
375802885
773138731
784328059
651036979
543023344
906328042
44457790
411024583
441396981
789599935
693892255
917257302
843497412
581041508
770725198
282243399
599085886
948319814
400917054
872679844
402598118
363828153
128552592
745291574
571236036
885049176
295548696
114382504
789522543
942205466
571832735
759366272
289062049
102016804
436859702
669264180
274514309
551914159
764947163
46106862
883752332
1884235
158187909
669365990
309283374
430120837
175625528
155264936
571990481
681492702
171876249
723267852
177265832
739187367
423920966
651440008
293809815
312120776
841016501
363594881
755849991
268822095
9612916
415113923
461948475
705844141
215570119
156925624
581896354
797328548
504210377
374809296
575180390
852947875
729023941
176584802
343283098
462475670
865517089
534134278
54892047
839395504
752878467
862032202
107947007
79615111
917366740
871514780
930491002
136225883
75427239
665311570
479902132
405878375
3304900
839725267
16409903
664486165
768203774
724469771
389909663
609541624
26124020
919504424
29381610
312897593
42537232
580754234
24587162
493400130
584615312
150806572
230429326
459717083
103831250
827746521
629201514
531795984
712382168
106658093
620119560
557336680
11208487
722623471
375722436
690133254
190886776
678285149
605335353
221562751
863032558
844212565
608506312
28689854
322199774
156827284
487689351
986590528
486706391
21884149
936616280
175517178
72327397
279757126
857766161
434424888
96333547
205372235
917140998
726558872
718304134
905052555
134686130
502545666
855720384
474692261
289837246
317526086
395404114
809930519
250146010
661350152
521766772
527847230
596885641
195987831
899274509
115130695
973666407
327594475
337148204
291964420
967673933
862552588
119468243
978800882
37380288
569950686
762890091
430889880
730284495
74079237
405254852
776025829
194727326
627149074
132531028
297341836
158596979
561181770
719752131
553790410
452934068
212653232
333208163
192221592
850949903
656941205
438805102
337637475
268882039
759018003
453881026
590128871
828099490
708548565
882578471
334836670
894682940
931395014
843468276
733696734
176903029
128491860
473042765
230016475
182508857
957839331
974982475
149026508
820643830
167946036
330741810
946748591
601772513
586331084
939813440
335555088
917936350
563616719
78138089
854321394
769617000
843617403
725876269
873995111
266387432
844276801
5217154
900635567
86426476
385305373
832244367
375298953
272844805
982120611
149487494
217643571
549535997
528819460
208199908
21356368
101771229
29968920
353163079
259695512
203152583
820239455
190182768
554488447
986251651
153033024
111906904
195536248
778493895
120281702
534121298
761967246
223199683
676367648
989309476
448936129
437748353
413627581
562008746
561277240
188635707
486578803
570169824
266226608
841988937
2325668
261381733
902778146
282211265
762537459
478168570
921371233
979464461
704184804
182591944
686101469
16399388
131177219
809638625
889251538
30734333
735553652
832179947
771486623
130518181
443166071
883857485
760837798
379688080
681723263
448045263
524431088
808941304
488974729
9803939
797365886
502183637
381662292
641546293
372233463
966588720
597088266
455449733
376367188
503049894
287893136
729058059
844385325
244708066
840263662
623422498
900274349
249171186
390063337
667087278
750693144
353569862
158022232
993084756
103365078
105952568
656973463
661152561
149439601
421115445
977867869
977847038
676861473
729310147
696580799
992891564
457817916
96447687
582461795
914308866
821013218
970079381
699112454
780994822
128874467
140623447
900285813
440836773
13278815
486772486
560305072
175473174
419764629
5918049
646448853
860190006
987816660
23757474
163706852
883207188
314910473
26678551
167859473
302491834
944756763
632473488
692961642
483450980
547811359
170673275
260867874
964265301
520730838
363201370
557908729
908152516
457173445
933346998
38677332
943545143
718362503
9019572
784157674
738985269
830359638
733329321
742726769
371451969
948863338
7597139
814444591
301932227
311477397
956618307
89590705
573274912
719372611
510248116
75552817
387735739
995284637
744967626
17109043
709299513
172781702
484537719
110687359
714696915
767732081
215334022
20220982
622899197
759761325
30119125
378187564
596402307
872929089
405416486
246677981
24913680
137054126
735480101
393776360
764221525
197673640
292210443
233211833
288202528
501715916
282467952
249987238
216485969
180878699
994786979
23241425
456617561
690235832
92730070
264736520
348183914
80130688
278233296
520255870
27106072
849790256
937481565
848057877
177154425
198705179
763414975
583242936
506915518
654025299
150246248
622040412
176666868
434768328
753018412
844111014
824305206
632127678
903669343
49357902
27092355
316517079
274067473
855626150
277466236
229989498
400348430
149222755
526153891
294127604
478766774
771446305
130195084
280977813
929033910
667473682
575263999
547532672
635357108
23804732
276940622
120888090
49857760
764570108
65317683
168038440
168894407
666198207
647580053
92626669
170928940
705343436
856953989
353085124
176203380
197173699
92159479
332664078
123884729
974628486
944198381
470049074
956394588
776103360
941938263
875569483
577285224
969080006
338952308
559721446
575380437
883135397
355519583
16559450
363864532
558950089
825359983
53811030
741745723
429335479
532445341
403367153
968714796
217505174
62463590
655836861
279387698
2744363
484092656
828195470
430692534
99734572
530597178
804772723
343062343
116124136
279826124
491788559
16576032
944282817
219547238
226848200
537333586
928899722
421185484
621897738
401602215
964431904
780599765
660607042
844717236
315175443
368815193
382441731
92567092
742794731
922579725
117004617
892383717
32133751
353430183
217372043
458734273
991328306
885841377
403111216
805816990
273118802
515129292
744365596
163080210
606924856
167074306
697417117
972026841
223863008
331571770
439176364
306479542
974118036
104922366
269731927
578840900
741169894
125397955
263900201
584208375
583174631
401193141
210135745
255362553
523150409
383905638
949388976
991369471
450202467
942775432
636548677
954886748
864484052
229926119
803845218
86851852
983961532
369172756
494429647
441710370
332262835
608860945
937052340
227327241
221487681
503575257
296179070
825090585
890856118
424115638
693172287
755682794
17235820
604113887
560059674
359151054
324412305
610910962
716472492
589736672
985494497
730073406
599174108
278363499
235899072
537898407
32404951
39998855
734999052
614633260
133776157
210869991
914022987
996675714
290628678
541000672
939255205
335964946
511759115
132952692
227963544
138042727
58363942
478066288
89783600
732941389
186011791
463645396
797856260
385562630
742267061
118004662
387334681
118059741
455452206
913110239
840083566
913558044
417231345
136841687
470032169
472693966
446990876
391904434
213558714
265427146
811724131
854387245
139323390
405125540
563478372
446303482
553601646
133649508
843065145
730113857
80794428
85307408
780608513
460212261
980708715
593298421
705294185
742110636
565585959
262942195
851351092
374966930
152660455
661329626
902875248
145695154
603314745
915532380
755890267
249859027
681746550
564028188
931938
944829090
494744880
130841821
861043658
266043387
878995900
912521574
171126756
947728574
944830022
429629373
137096507
682669539
249075707
630551237
805197661
81941045
921867992
366208454
965509082
932003367
201327645
816118297
51114249
470163593
776030505
187441738
69334111
494451808
264472953
903819481
962241054
348259341
11396011
118724462
51426159
853213415
443034212
233256508
299399071
81443156
643375738
291873098
597785630
18560116
740203162
508474255
15219167
525865710
525637135
936802252
193315469
493408967
401485232
331712965
339490922
411721025
539444658
423134985
719755615
16687742
768139780
246927810
229158383
987578997
257887409
708189189
753786601
38449747
212718949
451492725
882917736
922457156
234200725
875257168
928786309
371282657
708240140
480931230
22310765
247027712
506694357
977323126
799881413
85225451
930594708
825480769
600147886
515476987
133329148
326049898
308344079
691471692
246538053
995469683
636279910
41676960
186121371
145171364
627076912
522729183
479766772
964027231
300273929
261795700
904355382
733287595
142297932
58566185
87436750
340023067
163667111
357681117
227711418
795093991
921047780
189114730
561889291
848967251
513069858
878347940
460389472
925633479
258331160
71538791
70935043
300152364
1504278
424682323
289634829
232011228
205951831
625346734
236604700
633174780
550930983
351255280
457121427
904289309
185366105
293923366
956057298
909389431
283091571
824889031
139887377
154476206
530591691
834474396
280724081
82156341
795361447
837234611
604339076
223541463
788849173
570180178
665888049
835007751
743580818
394109913
387909611
302626869
644604713
958465579
533221239
170458482
95841979
103443653
689256809
581278545
262766324
429689032
655349750
804317754
930609891
419369542
967747080
609065622
917541008
785382778
397450292
79669450
260268485
184554465
378436604
943266741
69113034
701457275
542371797
428026271
822825866
476647283
611445290
968360846
193378862
504139309
908049461
489935353
813333579
873379651
68849731
445172830
792354914
664816247
13733339
698218210
92462400
240004733
544154601
490938096
343343247
231585744
199175021
812676438
39799296
196499081
429741577
246021749
582279840
298220692
469165917
791588993
287660910
637016180
872243790
137588452
670374784
540783576
241894301
283966293
440049708
352250830
847241953
913371068
58011741
518364683
492766926
214350830
45289069
103038421
554848809
204311153
80689545
704722699
191319613
408271029
158620281
291134483
972817524
883591720
734909380
815734007
248770422
820371584
382140199
320465116
898094315
660516068
698089537
360552414
229162920
160577387
956222169
464308897
949349349
40531045
490548947
401837709
740008269
87257090
165268175
121733419
431179397
108861138
734231552
939799593
757215037
583796163
288109964
636684354
587755716
349179429
241771313
878988548
684311046
138082165
900860350
74672346
138460656
605010446
359042407
588615311
50824238
931159753
262179143
794749805
928057485
472147763
455084783
602825064
488455860
589019938
150153433
847638339
904734558
600958586
819644332
705655124
486517944
984927291
765784987
568711038
307440915
509815560
308379235
369437241
899319235
915284743
458422920
236540988
309510127
392706842
890397343
104460296
139226747
773014915
267269377
405711012
969926389
832312811
857917490
887410500
367077414
334374809
97144225
650766903
291243027
52516447
582372526
606293430
195145112
190694746
814502070
200896017
121034838
532593173
532883210
174470731
757897557
982492195
206664901
92845285
475229048
878669440
469439725
726359002
971598265
987097782
254270627
100198493
291176649
253216578
551524276
227104233
899146654
572511208
911672624
718162392
68478383
625777
668783532
246552891
151361253
129699707
666528014
257716795
388254192
771088067
340093365
959400755
4504191
249573390
699977596
502326258
90881916
623387917
632987486
574502951
639070493
151797821
887345890
533014434
583264827
208615735
906473759
292296824
347962484
45286995
669052368
467015857
757755840
196287282
915036243
563635225
101217127
782549780
214703373
13725386
536170607
912387950
361315115
94715844
451043899
607496318
453356246
352529941
540252919
435044800
693766537
167777978
472800167
837153610
722461979
610595570
927473009
269915832
386370604
244335798
2788520
475339845
716514273
103560147
438790862
305482040
640722324
709892408
938499982
725083543
756419556
832501385
380900135
734108382
596538348
318640837
918530827
774164411
911029649
407993684
751379132
705266860
547207298
607825446
544705312
776727358
271514453
379188006
512708288
56097123
37146104
765556489
67360873
483084073
149933107
407532597
112270299
392720915
277637338
973306258
591283944
491482609
114447843
441773869
371050809
424138084
121663212
781576130
129276663
464468143
50411554
86927998
95442163
348696431
882261701
634497751
975183258
339970299
82166810
154452768
606363142
792718812
197534473
339191136
330215897
6148398
865540244
831921659
957762507
661134294
650302818
299211314
367657178
10734244
27005795
525169114
749295140
753994608
603889418
421023231
878791106
29433246
805457437
91075618
221891221
587835075
240117567
900156322
211333780
88010721
282310321
565980217
272694460
240372599
269602633
908480645
114869255
368860712
72833477
989396964
134444506
428393107
768889058
459026980
872155382
91386875
699107785
548462237
656687788
31870214
986433190
545783093
457422143
870785094
822817849
721558722
50448305
104772313
276055557
807955783
174627897
548357265
374947300
194905991
67231704
848797446
658337752
708819180
69602914
710795819
280361390
378867723
304236013
307899002
91339387
374988252
70651785
75562024
940765346
621817998
849175972
734205922
363403555
459682190
937016924
476703556
230695804
857255370
331147284
63945736
303910410
522022417
351180215
327939759
118118554
305686217
786378784
480021798
595413124
749632785
589929934
527649295
918160221
815651999
113525850
982575822
913184957
168298452
172919932
521672767
355812526
354396679
920687849
580469140
249326890
73052755
231064848
383125117
696819287
960141600
198256672
842903186
966054220
300418162
152449986
530055244
69533050
144439944
406859499
598433986
223518312
498795333
370712539
315879525
22805772
164293578
262736484
556669236
367930912
939746738
293095113
763047093
919122010
727502188
276089026
634009913
732400023
399237423
692577233
651332928
799868096
622035116
125020444
95672766
863357096
649578948
365175006
896506209
153045613
30516028
651655568
290932071
612061245
266288763
741330993
748979971
134466770
46269051
987517237
411907802
403357544
188291268
437550196
891723366
862414706
526779068
930003957
860951640
672875860
901051581
390428424
567087407
675680200
631954620
296331994
155215989
384015297
188451524
19676898
709007251
117462142
73633616
805581766
254011323
311005116
209070461
478458125
344039060
509468944
438062867
192212913
62330923
957081491
969971116
806494287
617465759
837637951
987153296
579684849
835246707
263476237
769753395
116490244
293686800
449458007
225468803
352971911
864432609
398303804
469234502
858313119
834685384
191320225
753884289
6187014
59253758
30035187
459472817
495481748
702391964
144242061
422699389
431868341
428125638
348320236
856199666
491893352
836928041
417234142
309388401
807273681
845309433
624483112
269205156
261266747
308459443
976518125
624604404
126023259
371031690
346607115
83498594
421463239
332651654
380979405
605250432
739204204
200628294
86995153
348819178
8693184
499298435
623887141
962548834
786938476
569094198
601276528
420605423
581123599
455715110
72382149
380936560
375528458
732396739
667340640
730039504
963398050
613365154
129779709
394448986
230172495
822098281
44800210
548925034
351624866
42387685
613388926
599154468
362244680
40219006
981229278
968852296
533891546
882680654
924720021
477432577
878451120
348721637
821200120
224808536
281144870
489153942
540115817
94858221
712675463
147864434
794250749
903109723
553095470
502183594
263309825
602993622
835670541
726540586
91093379
46976948
762897131
197510898
154509917
484941522
665616538
759206922
534870931
747945750
102367504
271280997
403220539
11982076
170752025
918129492
546107929
102269191
698340737
526898028
515263244
321389662
304934515
799099103
385545408
764495156
935075544
985957859
284669286
607823829
435005495
532270000
376443125
353772864
810077538
917848367
349301580
839956729
103791
374739265
93193736
443303131
915950409
184596180
84492258
74102061
103150130
150951268
800953625
758142775
237625344
363417057
98964397
373817326
364788086
374108260
944447381
753308750
873186842
623472349
874279644
523592085
171069749
371548857
775257322
466356552
114990442
37470664
505296646
31710662
605032428
371283220
309534088
753377994
215684552
668432038
875066676
891131761
668561726
518231588
676816580
138142082
522052149
676185949
794254601
961533449
870341928
851588351
241250988
444644622
696244426
28400603
551932594
556515674
63618854
321396179
598178497
452579827
704262839
713243719
158361736
745832593
366918868
769788151
420635146
141462008
775406183
783783497
873570013
681775980
827866366
223931216
93008304
451880124
221865045
717584991
995127904
590889199
440078885
597837937
631990593
147287418
12152765
519838434
672013366
854801529
611526780
174538773
792146915
708623024
7045615
901283180
19654706
591273349
574674629
418985667
408533165
403347620
56067043
154667273
436227296
21403046
817765794
96138892
775819795
482294867
899337231
309259334
984029879
625969446
846034189
37354780
418569172
486666706
785930377
716698375
563245073
227936640
939106557
182037915
26421827
18557812
882765579
685974380
746753704
906597439
128747869
747089444
411254024
8056682
466631693
981712370
237914868
147378566
47356644
330980373
716265157
785313639
865785426
165009754
965957004
435355580
657337826
636673288
819784754
831075045
394062651
536840394
19168873
44186736
502350788
278924222
831353821
916091217
866455143
273766831
458538063
637298580
748772877
66282457
196449311
809105497
520433614
80882999
662399597
540351205
332867335
526587691
370860980
837719826
643426345
845589151
796814367
904845568
240693347
710122853
52754369
951801880
244899964
976519423
844042231
123282550
100388127
167201590
792699784
490318970
722970602
153267662
879696897
193173030
207231745
995555143
391474523
316857616
711107390
621319697
560748636
636831448
569041821
749035734
953869069
527530734
495377924
631193491
645586268
679841846
292807195
5287426
497704755
914357299
377869133
711456825
129088953
597660939
848466974
495968632
164728688
122617923
350420460
398917774
711029683
502210944
330977318
939820677
983599297
11265624
554835243
974871790
402522572
980761021
368424700
786749842
491285862
885590240
984668617
842012487
675888512
708129441
549612160
792288293
564311537
4214989
396722996
429571012
116812603
789629476
444024416
890867656
805025252
513133653
703873055
535973137
577445558
545373934
118323617
497542100
123455799
783691318
303199840
925863532
931931266
51399874
216371741
950454858
53583967
386866456
464943021
884353614
46044190
235662290
83868637
89245245
467486144
609171270
145127923
559391864
816313096
47781530
335491904
647360926
868543862
794067042
976539067
628279017
829078658
191929223
417857771
770685327
198862227
282612102
375679014
884837114
455757246
352362267
676282591
893322973
252412543
631292068
414899930
853727682
882402024
974967865
866545
840398706
442532107
291805303
204578222
694838898
42375899
740716603
957046875
29650298
282013622
85100381
682243823
580499544
540885357
64801647
738346092
327959472
821860484
896962669
829967226
468740361
59223460
900276144
786806892
805893472
664523947
277710128
393708165
391112778
915787031
875956983
659156363
564552169
206168735
637218577
55195984
755402013
852030033
226759328
666937343
715773170
199164077
715377653
820205099
114498725
241561305
92954745
532910211
485424392
429346901
768726064
955454690
524159137
23226942
696252209
608690912
156524639
833752273
95562295
280203591
871165445
894657297
290689357
794329238
236481870
823703109
108480034
617434088
890418731
422857562
668301204
210086020
897393472
154336222
984317717
198865848
270278762
203553740
972495955
564314233
187741462
613029093
513247461
883926342
537848103
860827338
868971386
455534264
994087691
269850301
521092730
514401743
827611471
284197235
858377074
101445740
534426090
878130159
97432020
649792896
244436047
692114691
282693751
880446741
345823955
948569087
852943993
593239440
792845136
99839978
766110411
577641580
825811577
696307862
883828406
381116144
683026664
377582468
498183956
95458619
612264563
29594840
514199321
808217323
165697459
628262126
543843772
369985688
283799537
22231184
945476996
703207782
223632003
975135309
416716917
197272009
334885043
813957609
677605687
797459056
854965766
937464276
819951199
501155554
529590995
443466802
625985340
82409502
841534693
350569517
189162480
351403045
689160850
238134878
404320097
236575230
76974593
353988104
741744332
266258577
425969328
856828963
804683123
992124949
935601409
53731939
492434309
953171565
377433970
346639250
990981625
918572609
993447012
60531028
602654847
850372532
103361815
380227432
616438360
462281458
114163206
14724923
19032434
504133832
429837724
468112203
125955666
160551556
181728331
802299837
656334061
222549698
441440598
980618503
512964167
248193551
764151472
148730381
786030314
897225275
780546129
436066842
707192210
583693511
909313679
680374937
388678964
905451368
746293750
88226594
821320627
623976472
968785593
316439467
767593500
680661973
98868381
101819167
697508845
471021619
348036197
369035766
316311038
529281351
985960611
652360832
858041200
85086750
327993308
60664098
248099851
911452184
549453091
582560368
763334253
652223457
808447933
65801764
231192251
479091027
638249115
365725369
197232607
864364538
643434625
6504933
184556886
589118989
137255025
926147270
488385324
862023148
255911946
755908355
213641918
722673700
466360825
96621786
45104954
767239946
334103499
499377309
954920197
732355897
358159795
536143543
328712802
649776999
606092308
169337705
257432157
616969048
663681353
11760429
816391421
853836369
478150601
576601854
812790470
471869841
107791057
610009889
277802372
628475673
153055509
547661073
252997596
762672534
710654376
456068524
201345339
575630662
923474903
612905631
721068761
356616422
781152062
204332251
431256573
843503617
219825154
524087414
952406784
63848474
756580853
311805547
71296031
33204628
110520998
953836554
824601609
492409764
972371474
686671602
76709613
927978589
811859027
314930667
247993032
842498532
259910018
935834046
306270801
32589470
675287882
554494585
401088964
561705137
808469124
273707659
369246420
694526184
818841688
490769835
177609187
37257594
442546842
768557413
947669300
942277516
115820639
668359926
310686025
178286512
680772578
728698172
770937625
675525169
127653120
16509843
954903672
350457155
474296695
971050828
649145777
836281931
268108555
915286965
461098071
864308653
152867120
283999413
410412393
246334324
262993327
235479800
674120967
251544584
286618485
742262487
710208281
92720267
647749830
137316866
361787617
965242295
120653276
248244296
410735775
15072313
139146526
2252675
250731150
24685923
801268412
784425364
93983260
662597161
237760398
3514926
121810720
233666735
465699910
384079297
275845384
750775206
208861664
834522085
14838547
657195159
166534857
255830582
367943453
606016013
182003236
5357727
11125307
199659188
702305814
351987097
308253197
371808686
688449029
474410304
295305478
564356974
300229928
495931881
660828520
443298170
70208211
876670994
274055110
853075952
416516384
218462812
177120094
529659291
729209888
692727158
650712731
903979978
429158063
89273083
366122920
951653717
225797055
697265408
870410972
970530209
584297465
973148311
488263510
6343115
810357193
407827916
975618066
859989402
454577667
345200258
309876113
501999455
72600508
107957771
669185682
905774066
566713524
60838700
458854610
730041334
259805719
585913788
30607093
128763364
978136234
981659319
80737077
251928302
586737102
469800663
352017116
515603446
718047386
114212897
504730826
574089783
565958193
649855586
335845733
61965796
687004402
237655396
852376965
332972823
576383648
907091677
191853554
823000076
916854862
973743171
443622306
121216561
943737598
69506130
918091098
358824449
808717497
875721477
963659444
374504125
19613313
724597515
681932916
649670196
378198066
842792185
80029195
889279150
880963039
922731413
18245779
217164140
344849388
44653007
121995631
611720948
329879501
864646122
663281656
519195800
234690094
486299042
843909178
756614598
182464808
953699674
688473917
134092501
949255321
544596141
691232
447152586
318011343
632281639
596294463
151567388
239812725
329643368
123344349
72094336
793520764
263929974
48659571
214238252
134687717
831441969
466751713
810968480
312253830
327112730
654002639
77271255
707304520
676741438
422962994
818755210
99539901
38389713
667793497
852696099
386740274
306164613
837633356
7995229
729842189
904926849
644612598
142069280
23596435
674344532
413731654
641397638
306647277
352135897
792486805
540329608
920528051
66277070
659286889
91462047
851076560
564590975
709221347
105320415
356777979
883323324
326410457
101243730
133700410
228774280
173770003
92033479
986325955
224700756
306914505
364444758
275596136
917763725
139483015
112137526
486527342
749851338
543843272
640198128
921038799
986545287
654808740
87442896
38592342
159736747
575291734
446643024
301501845
527438797
318545723
625723445
80325799
840694313
322302540
104800529
70398450
785384486
46133929
499930776
725061213
594471929
586896044
46346584
438634120
672869887
967425515
64349563
479650848
528824423
208783588
974388511
985201267
204014487
741829851
152771009
747915639
524571229
927881049
686668780
570317540
901484947
320587875
328036460
14251722
805012697
402742461
53458177
436775568
863823869
396936801
191054510
261753440
245577416
99788189
20251370
534489269
505625541
352431028
501169006
440326888
604399899
376722370
791374056
59572725
487381253
779558134
638573929
186052189
553121856
778022287
192893089
779475869
213139348
273339762
238890059
467266239
925294812
819809782
983408523
623431248
230246979
227059067
140768487
438040478
794574181
383750983
42745980
960490125
153814251
118678365
682653452
696876259
149911668
890878785
390600392
714210714
460311040
312917884
758243082
346641704
958384618
973585023
73836732
598082424
980700586
720767113
424874636
185773903
820252806
405686596
481382358
95317193
454121266
583440228
126781109
9775767
696964786
267011938
742029636
969866539
796762938
333454020
159180713
797009664
109909032
343805533
211831125
451114814
744813385
926522115
664650760
18631808
407449862
339382123
1290535
925520246
775563752
606512397
37366883
634208498
346594967
158679824
456958600
203689092
139170648
477422224
679235490
920763716
572930008
628569611
508740572
620869947
510483762
332630647
809315212
807864261
24659022
739349457
336653634
50658704
522291182
652382488
268541114
17336319
168401093
204669094
906448560
49896262
641376483
47307453
458717663
171752822
889196524
741501850
249954333
411889777
329310834
732473275
726489609
615208820
663222350
207487451
939966260
676560225
101834812
675125820
912402984
201799815
866307267
917718702
516443687
13207931
498267901
826365453
528435337
929090115
211241601
322561937
985505794
184691405
77240024
700764174
947121645
706225368
302173896
777868509
63142040
367695867
498769920
684915915
982227390
407050926
973143366
966759721
160862490
600417415
734855270
286302355
595469994
217834378
341368284
641730545
123117279
353090199
180213715
371747517
328736163
536423899
71865247
895232320
358138992
390601217
455471516
586722279
782740695
734661899
332612255
495712008
439312122
636916197
710223366
985311422
397444256
115712127
948828156
318451179
425968136
413115269
58020333
622475350
199572247
126330902
739161132
404904305
757630349
882849803
907313121
929709027
718860119
532978646
943737567
635017055
902889438
797703565
646811508
736509324
978492520
123656148
282164280
484693263
105369416
901476034
16614034
311941187
261440419
595825183
375602946
351095182
419380830
692092119
579039162
983898237
569202601
405608521
300526601
167692292
641476717
604041359
417116196
403618832
524598924
795452925
58981273
25823119
515240838
799156693
606689624
216486593
732449289
562206140
543962635
410905134
747048041
844711887
397466310
111840033
213093354
652220926
437056827
790507109
957057127
93000337
619128419
422147766
685314014
251213168
448493471
876965431
141361438
998084319
67687302
210070312
697201565
109890344
678950501
383726834
859126952
256744439
748168059
710998869
161749653
736268999
135760385
316405827
635450438
633818575
637187406
519536804
466456455
710625210
906457814
951934783
605378555
738413718
223833626
950812890
35134992
64425005
948922847
332761387
370315448
2915457
952205385
392886073
868759432
70779886
446980460
779487247
744801451
384291063
441784195
629227577
287848581
902117121
858051566
45341611
763778510
733484955
65403945
351152108
743629087
318242501
27320842
811981332
717328250
366829089
467413052
579344649
693414052
157107852
614631595
760852707
437041448
489117967
972805510
268128025
980733615
274197681
130977645
85513277
643570009
710441373
346652274
301758582
461872560
827999976
409801659
510585628
30086209
631258283
33046702
125105248
769982478
224108129
81185384
917565739
507518392
182013446
771671988
397728403
912610305
365570061
149036679
280938682
360436689
98791218
766808698
856303461
811152935
970009097
817290896
652880208
872068363
106989997
884719067
987509954
620154942
783295779
164242747
254874665
736549396
271369213
74024424
600953083
340108252
8926606
652667830
229519403
834857853
511025789
961405489
297310605
759885885
916003955
645457722
580423152
622748447
918254850
137579435
938657997
788329596
59151834
624806844
867869535
441630549
696906464
854461392
514605477
382162875
104562724
50895897
960189772
282075475
469051935
943680985
214901566
267494668
190026451
881842436
636452742
160397619
996237622
404571410
920088936
800467110
69302858
303120717
892378171
242696081
485848468
695456218
388259656
681448030
570303422
388320908
604646096
342559075
372185152
883692998
732013225
672756981
25490834
829140172
60419551
41532757
41930471
742475462
970194111
340337013
109884625
534041187
870978406
307321396
860663196
777524202
268501859
778920662
541876452
84946498
280238551
675550751
340068259
349993841
216496566
45438282
98212566
11486593
839461761
234379923
524704919
79241019
116657876
573394256
610560291
287884408
19389368
628055707
192433247
512895431
723626588
763853715
213915901
535293836
631373438
144390128
233440205
721725094
572706737
903812804
544747784
234562025
625341095
375090759
942121216
436474346
758568169
7428176
281177664
887512788
681205025
993153388
117313213
848951255
2800728
121950790
663002103
659430817
929638357
511511112
776481055
673336724
482113702
739346982
148509288
451121123
710962250
393499791
411768267
783542423
958183174
498688655
546109521
806302386
891890918
743885982
90035416
468033122
138165462
65987974
5676930
688544150
441144674
959870222
96622906
279410009
939699356
908412422
958797398
288657661
823033536
870472386
597974111
386490828
464063820
51540085
88486539
363892489
825120914
416912298
773593936
118633203
443217133
553862721
107935929
327270151
865461867
812302287
514483921
600845556
985774371
364653250
516139888
537318343
595056298
59524258
414416040
299795393
566606161
574473589
579563698
588620786
148633480
534531029
91671368
42751698
600272517
382291872
294075107
486536359
526749865
966446530
268108137
871327310
896440978
767340695
706618295
257407502
521829224
255421755
174741543
597494419
449268556
755090136
697191373
844255856
225176585
985052954
314794087
37619018
138199975
143283445
773563708
286740219
959804679
194649247
760173080
961676072
490545882
139095117
980520820
549330048
223226328
232001621
874971245
983048291
741320011
664589111
550685320
987341558
489871965
862349812
805502655
528189384
727860914
422032823
127025117
63497069
947053061
56885847
841895790
622061797
887106137
331387279
128341161
30185393
67956258
94261899
167862922
600280150
252940057
606316711
581203348
966599425
926022854
725516253
450742825
78929704
842518503
972736874
164901056
923390065
177761419
309828895
268644431
772067667
361354705
6795737
130724481
291594631
328918372
57853243
971596871
283931002
211894748
604816937
762533767
54330323
643685104
798301303
445683696
373431870
500199613
543157647
341475845
68207907
794075560
213124045
987186083
59907201
451758930
650026355
548346065
105915957
284139971
195081349
222606419
443970558
295524230
475586764
906594616
262289481
364401417
35450232
432207590
8437337
659507689
329157281
880641129
214498150
279627939
963995181
146220533
368851492
718000543
141326924
129877120
485914434
548311665
617623081
18664828
309718234
215811307
196984070
155637769
79531376
176308243
557165732
804398340
543189981
708059746
484636547
177129186
770277991
108807325
588782354
181953778
243381478
962107907
938251560
382514628
787241500
528892154
580598906
884057955
730327114
651016805
183124576
211265103
156033856
32812275
165152036
37137485
809363956
820257615
724523532
556708765
801460084
515256311
957438470
285015330
9979268
244239579
758487249
465987879
269428347
709650444
172655037
166685958
919077154
221692974
685110158
64271239
623761785
342323897
941405459
908852341
752816368
606431355
943993497
934623542
531576206
445431765
687197230
582543092
505690043
24857360
189723139
84138297
385788406
45311393
995300051
382905977
57625116
476177266
88583324
373256212
870706375
581978695
510002481
448426929
939614712
53019569
50700017
486740742
262954382
602087719
954250672
430084169
391039810
136240411
249004480
817384780
54156497
177534501
288307325
587383445
580307798
97935486
820879676
838008301
397692348
176436057
580014743
347265415
761911047
990445614
514881854
481982591
129676469
707641922
695673145
938590494
842833839
773880878
912382914
399341557
155623496
208522864
201945196
569211490
759520294
656655131
365154506
481592141
144959219
486398055
467482755
416726598
222042517
223787828
701799319
811557241
773941441
649872695
791754237
367924250
763690005
131977176
574809315
334366929
132977134
771193180
898954739
3945575
590394065
219763292
816003684
480500445
223727573
572023433
499844283
319449488
655146374
604594133
818356587
167307080
694301423
930816343
297404025
815485855
92822849
706979709
11957953
736433089
955925753
697789848
60880382
738581942
368642260
555595502
441492877
435625043
846631198
850511040
160399652
305545805
944303764
11895202
42669040
993808576
72216443
787384487
242324712
790098910
893057481
484070796
47675397
314715474
187541794
907268551
584180596
83514342
469584649
313753013
290829206
302074154
537894237
417231190
248282641
205890289
773833341
808619157
486050300
511536981
571301232
11921888
560791754
916484283
593436151
746553724
726584883
87236472
108936256
596059638
559304513
410795851
584737849
532800932
62573953
20547925
979657586
828821092
993422285
469696324
748767856
319891905
546464347
311185522
955368277
573360941
571840839
541030449
228584196
862809930
251284811
426708232
7136802
832692186
530084324
827757995
976868057
148392835
863131016
837221293
778727864
861639534
561105848
390899471
177242693
559717389
681868758
15258098
683175807
490197938
166255503
935954730
360175609
360925308
377391278
752452716
741239830
886007824
871759728
618610332
19279598
426611704
479501902
560885810
262637334
674215639
208794436
220755409
197177345
836959086
369153894
341480370
911562329
131875303
661092420
907998848
371907647
892187524
849714880
727286163
992689678
373580726
338098815
884232347
141580632
535041701
396740553
384621242
583655117
561130200
987236134
736028343
764502385
807510739
7647549
176426624
191640184
566886210
322183470
246778815
153750374
68293302
567376988
409823187
184136641
881487
624093122
32682656
485875735
712061596
806347400
488067099
189179062
783144580
769080006
834750822
665833458
249892838
348688464
796060351
763431407
363848702
186437589
80008334
357555209
405729223
484447065
880260706
400127100
610166167
452588737
930131709
278367199
418334450
412692936
20329577
430936266
201135574
277164924
323155314
678852048
418733934
865497788
695050616
848851179
304719658
292329282
592532531
101406374
220377332
857889008
957290015
960320647
492228541
201988969
812225175
997128704
10674222
615056979
271674013
178323595
113587431
27511189
780735484
724511695
232976572
911574362
602394473
22028143
855131375
478060985
991461681
865853970
158246937
318905122
285324725
278423377
843057676
885670362
438698965
598433039
769425664
908579690
586706702
569341577
645802433
518579530
473494347
354267962
453306540
616585595
495339845
19075833
955608021
532294956
984870600
544306772
422345970
673130381
555242482
100728463
392822724
817859381
992780298
795439469
979328368
418513846
729880076
9114355
72392561
396152858
241345777
60531381
648873101
625821054
335187
583538765
125595063
396799485
717310539
788306506
246673917
225549184
592810821
788418951
323334646
471795552
170027652
24727273
99281515
15002548
967988594
453539010
139314315
47225285
910752719
211563812
798855546
407334110
468350698
129938472
978997586
388403266
491747452
497264161
102795036
978500531
486665501
619998746
280514398
137103165
292380902
141141038
160410126
442345779
553423159
967383250
8286914
454224070
176939315
620349340
64503929
443133490
299497849
516309778
782779365
326755234
360183137
27957033
689207441
59785555
900512430
283673107
5737091
317050761
151139454
226083834
823078265
467888101
42895356
983333848
281058833
204586916
899237964
903894568
281376469
849562250
377171456
805241496
574302306
272073071
622197751
757273011
874188114
50563096
847410783
268393477
497983076
219746003
778315901
496528167
667180639
817584235
489389314
820860628
199999963
528579438
924948400
546158829
484849732
583726458
697353430
250233502
465879841
952634919
585155524
40024352
852679061
218456358
69124557
889640150
331442071
896494793
993283542
553531605
783151052
583748839
38913003
276530917
232880289
142302999
246587449
762539571
910668850
964467826
605960131
731390523
307504892
351965652
973096333
282160843
896687613
825958075
973087420
427246940
803002151
142888612
588439478
775631983
275908934
352185874
294039982
756762517
500610101
343031340
848342887
751317780
666460459
142702244
178566437
653625231
616717801
354132338
720568164
165343061
262689293
428168783
22940228
461031093
132494660
469373215
304422647
258496834
307719253
438159416
251815166
87165319
212132282
747564602
242515468
961867828
590735423
742439868
232795685
909258103
31988067
488814920
640670691
225315273
311614128
156927130
587585786
53515039
950742996
530606217
310610043
314105646
855665837
678211921
416237325
115575885
499266896
228436501
481594303
9364061
753278087
779388122
17633397
441931482
196664664
950819977
630895135
82418606
661107022
35335931
854592387
223239242
500654187
549189928
710734964
584236505
820450145
981582022
992067215
167616572
434854664
870738000
931090542
500630869
7524353
142922516
797573656
884910836
889226151
160281752
343660693
656294807
866777076
607582567
456663156
866138514
485403494
84851992
550877957
46467815
224078008
797117361
316610095
731038584
408972589
992939994
650050301
171897007
899179157
745104075
436727360
460555423
219629214
514633366
62267544
769157066
982993208
521150534
514739205
133235306
630815564
540082898
614794662
834930490
782407424
280991186
668915164
355370385
742996515
202620857
109374474
589389206
749441130
753156627
298831688
429468657
957379811
489244622
849895547
388467465
39349402
756428086
59986068
430435334
882020277
243767973
118870293
566691414
617086580
287378943
231855554
745837834
740358609
340356351
703665525
204690547
379727079
160628795
54438589
335455247
388638378
199383871
587724484
800424622
911919941
491695210
588935996
335204749
147821724
494772637
130603399
548983279
20734527
216080754
293342770
39643624
133297092
166057343
812303314
761081957
136063912
754740509
668198776
507842059
541353387
872789958
129765077
900844731
517549506
225478985
174956323
15140589
766352753
512230740
476951705
548250969
391889250
267996637
72174054
959646820
98268679
997144710
414157512
627540680
81144395
323207650
465349052
370021718
874724553
355257652
900509773
913116042
67540356
555619278
364536584
718081037
961061330
40840554
356317129
157090018
875418947
155678330
364514364
994426527
565829895
837097771
163208889
309967705
125815726
321253367
128801810
152522562
248642970
871283665
659710620
210859480
397502760
191806570
701563925
413805075
201961401
354958048
562282809
500225389
567422257
903426357
190853263
696868837
909831411
22703556
545067710
939671448
810831673
370782371
364779639
29654694
543651952
605307886
945528388
706463720
881642133
579964278
40205603
172497199
595987592
918803277
944829885
909519022
62954033
793730750
979420572
411285154
588092595
45283245
390345187
447019758
715154788
117514214
94498317
990041235
553033411
274211721
227163373
94743978
148376233
405501272
75994832
622638735
174940788
711703437
614301285
922597591
758268655
383401026
994936454
618282603
386276226
60458993
357933783
456626511
282633876
151380076
661795875
906627569
82107613
994989655
361453896
983971862
896758032
998230981
70089403
722528626
988861267
313596394
229244253
504452522
890987563
871826473
276630272
539938878
504223706
16089581
788792882
236548759
43702586
648910115
341279263
718413718
824069362
886299112
274714905
291366029
41266320
581134325
860880359
467781288
75911580
670218156
281134902
354241236
954355131
708255245
541273337
163388840
923329549
612589149
676250783
129538734
711570209
669467975
17203480
480361631
345394469
929776475
531008149
801627627
957943485
291811328
145666004
459597122
640693522
552225128
247425600
200241132
44727132
129698165
504747522
415666379
484526319
758564954
925719645
152054036
41650493
615710357
949093385
342745296
855605734
596312841
263790890
637925283
540861139
132116282
914807914
90631928
690714583
300738579
407733280
740132579
880922406
818519805
309399598
463039527
158507902
941096434
766014692
169195490
3185605
359331616
119321812
96578486
32978094
279870957
518442400
248892966
175162100
196388941
825071780
351859738
715255427
624267070
17361270
61776926
606395005
829943000
236136730
139782817
428849378
825745797
686004127
329219498
915048729
160353984
895168374
638109825
426773992
33099467
882503752
147563776
941235635
473520784
521801623
774354682
72328820
487554541
591271674
929150227
837157233
841906143
474001669
978637780
590824521
146639687
560753540
652502549
322686256
990937000
224318172
334146668
358414029
604603515
361843014
670731251
42963407
295129745
565517763
300076946
264616151
369318455
191843447
323554523
550965657
836807341
936298001
806616674
421546877
559703245
562503016
59515703
367291767
478320437
15574646
227860977
929043708
928492244
757061192
751666400
867581742
497833998
402696745
38929769
577578340
757205632
514678208
836155029
953277008
354560426
384588564
227959577
443177119
577656040
14795183
425845554
472702985
965788187
483323866
507798360
470069335
201643255
298847943
611272845
996441726
485552605
203341180
422451537
851907716
784124680
631978534
736900214
128679531
831481028
201090593
163287479
167403290
581218684
255579696
335472789
83564805
503174849
401172148
673711922
464381843
308333077
723053519
755415084
379485278
498752054
666499185
828074915
328772747
761359757
950437341
814884361
745915078
589206273
400549625
782624446
485060281
218037065
394554947
796024446
604719904
427564053
610127254
567062382
177263674
977786507
850857954
358634253
396481089
214535608
885812289
700926656
15792970
510317925
184784372
899642456
328615484
23890552
674067194
704124955
802766276
84368842
339067494
927778910
286563546
914032248
626357839
48753103
750275035
804368526
349440073
635199853
662545685
3565271
183508790
681183859
452706868
571509377
136227491
641165774
311223047
178125517
533927635
531618266
856282950
662458247
345593622
509565287
789678868
262997930
729970599
904005151
663479492
552240974
990848375
713560903
885126526
645329612
191016199
693931295
736474362
138919756
613580718
985073130
16635686
673258213
156456195
309270366
616014085
920154872
27950490
190052762
985903210
153410053
977220666
460141081
203568436
45619636
104284054
422110803
142160522
132220541
274092670
456824344
86000501
863921288
208181267
857333191
446994543
39852964
233337269
459126711
72225441
132503915
7359184
734493661
859163495
885167582
147615702
890436069
394140308
580453974
218546620
195825092
446901715
325762312
732538817
970414772
496280169
849684917
227758782
140662677
750808143
762587498
972278468
44101367
487990828
355125234
607004254
206252247
702376587
449212474
9901687
485967759
356287232
667186772
507357393
707350058
125951431
117964205
100862501
714914385
304079465
334580032
983392638
475725724
543581128
259140313
39900045
635076418
848393845
132228812
471279002
251434977
860266958
50809282
116884665
302002687
595764329
152431731
585860328
811700013
817323211
617672871
325667629
935261480
470745882
782894464
510933524
98192729
73243810
484652876
115790551
841303586
856722639
804510010
442877041
221231145
869529616
659777050
11845879
30249247
624253308
729879705
589143260
549869289
508051487
120910351
34991969
648431142
231834162
143517601
956659774
379838780
463769438
23495516
687903131
638727263
129571252
548386651
173715951
326157356
753705139
858178700
502290626
831562276
530095900
935720167
917145246
756232790
985996026
307036813
603328112
692710115
745365507
784803385
168412770
