13142
440736 440736
447701 447701
119618 119618
144291 144291
226117 226117
726711 726711
152963 152963
260792 260792
542720 542720
230125 230125
381535 381535
549509 549509
687171 687171
10910 10910
868466 868466
733188 733188
285955 285955
60678 60678
576695 576695
315965 315965
261835 261835
240408 240408
435771 435771
4458 4458
364073 364073
183602 183602
729119 729119
372386 372386
120742 120742
644386 644386
377223 377223
844831 844831
433096 433096
127717 127717
372784 372784
45237 45237
647793 647793
690093 690093
127221 127221
421271 421271
658779 658779
154613 154613
389775 389775
190420 190420
501657 501657
809866 809866
109716 109716
702532 702532
45130 45130
770715 770715
256065 256065
511691 511691
823244 823244
116389 116389
268136 268136
549614 549614
48351 48351
4368 4368
26851 26851
158279 158279
306418 306418
355971 355971
51604 51604
13678 13678
209133 209133
629744 629744
544728 544728
254223 254223
305441 305441
231647 231647
128 128
120958 120958
578650 578650
98692 98692
643052 643052
226233 226233
692730 692730
331511 331511
745845 745845
146675 146675
313876 313876
18220 18220
323999 323999
111 111
273176 273176
400707 400707
300821 300821
400218 400218
206963 206963
383025 383025
548310 548310
244266 244266
605735 605735
95874 95874
297140 297140
387317 387317
351785 351785
134131 134131
280207 280207
284420 284420
463099 463099
2394 2394
210492 210492
162581 162581
62772 62772
294203 294203
373308 373308
377851 377851
601851 601851
371779 371779
366662 366662
695666 695666
262115 262115
43889 43889
221702 221702
308666 308666
133710 133710
344304 344304
271324 271324
13065 13065
638507 638507
232514 232514
620155 620155
121042 121042
822629 822629
401723 401723
50127 50127
60725 60725
13377 13377
121139 121139
6021 6021
593803 593803
197139 197139
31994 31994
193731 193731
354347 354347
513518 513518
47814 47814
155982 155982
336382 336382
581908 581908
656969 656969
73292 73292
818080 818080
527161 527161
335995 335995
513368 513368
147239 147239
278579 278579
168375 168375
265553 265553
69885 69885
644768 644768
653921 653921
234617 234617
761178 761178
381300 381300
37001 37001
601390 601390
86921 86921
84204 84204
610507 610507
679442 679442
33758 33758
418827 418827
333912 333912
216586 216586
310528 310528
756778 756778
295334 295334
324389 324389
192184 192184
244387 244387
390217 390217
62235 62235
47699 47699
259443 259443
850907 850907
688720 688720
826216 826216
39652 39652
683069 683069
329292 329292
46157 46157
217402 217402
372498 372498
663026 663026
447720 447720
284234 284234
187456 187456
21991 21991
475224 475224
660356 660356
403335 403335
237223 237223
647195 647195
301777 301777
604623 604623
366939 366939
391114 391114
455607 455607
365640 365640
272297 272297
260089 260089
94922 94922
208377 208377
134321 134321
149486 149486
320455 320455
251859 251859
375522 375522
740829 740829
102342 102342
287985 287985
83100 83100
57866 57866
417296 417296
460607 460607
320111 320111
481389 481389
242915 242915
211955 211955
236104 236104
728517 728517
197518 197518
407591 407591
67967 67967
672558 672558
334821 334821
372889 372889
88822 88822
33457 33457
277730 277730
745077 745077
240907 240907
447524 447524
731670 731670
548935 548935
97415 97415
481557 481557
410650 410650
376259 376259
520060 520060
15952 15952
406950 406950
419685 419685
178787 178787
135427 135427
383888 383888
851145 851145
66267 66267
167287 167287
167121 167121
649521 649521
25362 25362
307479 307479
51484 51484
116127 116127
185111 185111
123562 123562
548919 548919
202124 202124
238887 238887
779131 779131
592304 592304
619553 619553
183760 183760
494172 494172
741173 741173
25325 25325
859071 859071
242395 242395
35472 35472
82532 82532
395027 395027
708816 708816
136220 136220
237383 237383
51585 51585
424489 424489
720194 720194
266087 266087
27189 27189
215979 215979
690945 690945
1298 1298
170068 170068
150261 150261
28755 28755
222621 222621
205738 205738
567017 567017
314732 314732
345307 345307
919151 919151
129219 129219
807243 807243
72797 72797
69249 69249
343975 343975
314471 314471
631055 631055
224429 224429
183603 183603
780253 780253
47235 47235
92051 92051
521776 521776
951765 951765
47649 47649
109680 109680
751781 751781
372824 372824
660439 660439
250910 250910
427904 427904
445335 445335
28176 28176
43987 43987
783775 783775
178446 178446
106732 106732
530330 530330
144103 144103
8251 8251
100809 100809
203203 203203
22111 22111
733098 733098
560692 560692
290242 290242
497484 497484
36008 36008
268181 268181
379196 379196
691394 691394
289317 289317
35783 35783
585459 585459
112454 112454
95614 95614
223807 223807
529557 529557
636320 636320
427871 427871
3330 3330
501302 501302
755050 755050
116195 116195
224756 224756
50304 50304
114515 114515
465645 465645
94334 94334
291311 291311
416845 416845
99085 99085
869259 869259
379434 379434
305639 305639
84530 84530
357369 357369
446383 446383
120745 120745
87693 87693
459766 459766
580959 580959
101384 101384
406545 406545
211634 211634
569968 569968
56722 56722
12353 12353
454140 454140
465779 465779
798191 798191
156775 156775
40343 40343
341948 341948
199470 199470
214026 214026
331577 331577
53980 53980
701530 701530
285475 285475
178773 178773
7034 7034
41235 41235
558565 558565
347204 347204
475166 475166
399241 399241
297185 297185
136282 136282
110037 110037
191806 191806
698773 698773
409201 409201
300812 300812
162920 162920
171816 171816
541269 541269
310466 310466
294019 294019
540021 540021
460623 460623
440474 440474
572320 572320
206899 206899
340688 340688
308067 308067
86727 86727
696328 696328
119034 119034
172337 172337
119004 119004
240008 240008
631104 631104
305848 305848
416502 416502
96349 96349
272687 272687
428532 428532
694806 694806
699547 699547
151741 151741
568414 568414
393307 393307
417793 417793
460342 460342
399142 399142
92601 92601
73996 73996
705128 705128
205311 205311
623395 623395
441177 441177
373517 373517
383980 383980
627381 627381
583535 583535
457233 457233
321648 321648
337793 337793
341760 341760
478000 478000
257842 257842
165839 165839
96681 96681
206697 206697
391557 391557
12486 12486
157536 157536
38478 38478
29764 29764
868088 868088
95089 95089
324295 324295
648954 648954
869957 869957
421693 421693
510272 510272
173456 173456
610546 610546
19541 19541
341024 341024
277699 277699
15085 15085
192389 192389
419346 419346
317837 317837
888650 888650
821762 821762
281255 281255
285688 285688
88132 88132
175467 175467
425014 425014
574102 574102
28043 28043
139348 139348
242272 242272
789579 789579
133216 133216
224058 224058
19586 19586
10102 10102
855289 855289
2094 2094
384171 384171
369428 369428
100132 100132
238584 238584
155003 155003
59230 59230
385984 385984
158748 158748
60191 60191
931346 931346
157973 157973
36208 36208
14402 14402
100323 100323
80242 80242
356248 356248
771523 771523
631899 631899
294831 294831
704012 704012
394472 394472
396729 396729
489353 489353
216200 216200
142306 142306
35673 35673
579688 579688
58082 58082
98015 98015
769333 769333
132630 132630
331960 331960
199752 199752
263052 263052
11355 11355
310070 310070
568482 568482
475602 475602
200380 200380
535000 535000
536163 536163
687547 687547
477620 477620
492875 492875
771490 771490
68108 68108
55010 55010
334324 334324
286925 286925
512651 512651
63521 63521
438087 438087
51988 51988
270407 270407
328011 328011
626292 626292
49851 49851
443575 443575
406868 406868
24345 24345
63337 63337
472363 472363
254292 254292
144891 144891
617464 617464
203200 203200
86862 86862
233261 233261
327650 327650
802661 802661
657053 657053
622275 622275
90597 90597
177711 177711
63510 63510
402769 402769
349164 349164
276512 276512
538458 538458
684105 684105
434814 434814
234279 234279
227044 227044
877164 877164
568995 568995
493889 493889
282425 282425
611061 611061
148262 148262
830584 830584
236135 236135
565748 565748
595142 595142
381604 381604
524683 524683
162936 162936
550757 550757
252581 252581
485328 485328
191506 191506
462422 462422
792818 792818
7197 7197
329783 329783
34439 34439
839647 839647
472793 472793
162583 162583
911218 911218
505939 505939
757928 757928
706802 706802
481327 481327
339493 339493
399140 399140
236444 236444
145493 145493
254849 254849
255330 255330
420241 420241
84769 84769
394031 394031
602979 602979
574301 574301
760294 760294
46530 46530
583644 583644
149410 149410
131096 131096
86831 86831
254901 254901
293281 293281
103918 103918
187762 187762
240828 240828
900287 900287
128211 128211
157018 157018
341863 341863
755739 755739
296626 296626
9112 9112
11193 11193
453155 453155
174404 174404
114787 114787
383904 383904
427479 427479
346058 346058
778389 778389
675780 675780
525946 525946
134728 134728
322174 322174
635629 635629
557813 557813
165034 165034
883906 883906
661543 661543
416202 416202
132367 132367
266241 266241
607754 607754
497056 497056
24115 24115
199196 199196
82854 82854
463926 463926
601974 601974
632939 632939
241532 241532
302226 302226
99126 99126
433062 433062
235322 235322
284585 284585
338321 338321
760877 760877
849217 849217
306865 306865
29119 29119
655955 655955
523301 523301
312984 312984
216174 216174
71561 71561
202286 202286
705490 705490
90915 90915
265924 265924
190238 190238
368234 368234
517926 517926
509380 509380
273102 273102
335573 335573
125560 125560
101131 101131
352205 352205
574187 574187
276120 276120
520106 520106
621758 621758
648032 648032
743464 743464
1857 1857
177690 177690
174965 174965
45965 45965
100322 100322
931786 931786
70308 70308
376113 376113
523933 523933
38562 38562
150418 150418
321643 321643
67635 67635
41961 41961
517099 517099
335463 335463
106733 106733
305160 305160
76998 76998
453386 453386
378105 378105
207022 207022
289523 289523
287578 287578
581933 581933
440419 440419
308568 308568
176237 176237
215895 215895
198018 198018
358839 358839
172757 172757
340632 340632
895537 895537
416546 416546
131507 131507
72082 72082
56280 56280
262842 262842
435505 435505
607459 607459
82208 82208
438848 438848
435053 435053
67662 67662
108522 108522
818955 818955
490909 490909
652118 652118
298640 298640
583856 583856
6272 6272
193491 193491
593368 593368
433560 433560
50862 50862
67050 67050
221866 221866
263505 263505
129396 129396
476423 476423
114674 114674
168629 168629
667277 667277
488551 488551
26094 26094
237269 237269
140387 140387
162458 162458
766645 766645
58913 58913
317751 317751
382062 382062
457010 457010
116688 116688
119155 119155
402974 402974
63155 63155
432496 432496
43146 43146
127118 127118
10791 10791
690477 690477
162657 162657
437079 437079
370537 370537
47905 47905
211285 211285
449856 449856
72955 72955
84733 84733
57988 57988
155969 155969
65434 65434
59871 59871
59622 59622
239872 239872
12803 12803
73098 73098
140081 140081
412596 412596
295610 295610
202216 202216
458596 458596
592072 592072
181435 181435
236734 236734
253193 253193
94192 94192
11568 11568
135894 135894
788734 788734
364433 364433
343885 343885
774908 774908
425031 425031
16643 16643
755431 755431
378954 378954
180285 180285
94167 94167
392469 392469
113506 113506
236371 236371
553950 553950
23713 23713
710323 710323
187389 187389
485554 485554
682997 682997
440076 440076
367736 367736
350480 350480
330934 330934
315285 315285
135388 135388
629204 629204
515861 515861
437889 437889
339488 339488
512946 512946
177498 177498
366972 366972
8949 8949
671541 671541
363428 363428
70149 70149
147570 147570
471845 471845
763300 763300
38156 38156
442218 442218
474984 474984
130344 130344
362901 362901
213658 213658
410844 410844
617257 617257
797749 797749
355895 355895
708182 708182
286512 286512
630460 630460
360653 360653
675855 675855
280734 280734
195426 195426
2377 2377
377264 377264
26412 26412
238629 238629
354640 354640
530740 530740
421785 421785
769264 769264
211886 211886
33780 33780
161660 161660
432718 432718
592868 592868
631356 631356
502350 502350
76682 76682
608676 608676
415817 415817
113792 113792
126603 126603
494531 494531
809070 809070
329345 329345
836168 836168
682879 682879
170631 170631
548876 548876
297303 297303
772428 772428
8035 8035
119454 119454
6490 6490
13151 13151
186480 186480
106799 106799
714506 714506
445248 445248
384771 384771
52966 52966
459914 459914
31883 31883
293309 293309
106226 106226
626554 626554
580471 580471
486351 486351
354034 354034
319727 319727
29488 29488
380514 380514
580315 580315
385485 385485
134769 134769
607800 607800
423129 423129
390203 390203
405213 405213
277692 277692
352330 352330
261003 261003
661618 661618
5626 5626
788164 788164
803264 803264
340938 340938
391707 391707
373670 373670
601356 601356
562514 562514
882644 882644
71597 71597
126242 126242
668368 668368
703501 703501
188507 188507
32435 32435
584966 584966
66937 66937
844629 844629
441754 441754
696 696
373605 373605
12546 12546
325957 325957
389214 389214
61195 61195
368846 368846
540345 540345
25418 25418
371245 371245
211883 211883
189456 189456
495463 495463
439957 439957
532179 532179
64319 64319
53959 53959
211579 211579
705825 705825
405539 405539
324621 324621
369040 369040
322005 322005
155151 155151
106124 106124
729543 729543
159923 159923
542411 542411
356163 356163
234396 234396
113482 113482
177134 177134
592130 592130
210799 210799
166449 166449
772849 772849
598376 598376
507600 507600
429829 429829
481680 481680
293875 293875
61860 61860
503545 503545
166674 166674
112934 112934
154629 154629
389647 389647
249240 249240
221494 221494
108078 108078
195819 195819
511843 511843
71288 71288
837102 837102
626416 626416
668256 668256
788734 788734
626936 626936
175278 175278
229314 229314
57198 57198
200491 200491
440080 440080
60460 60460
423945 423945
497875 497875
872964 872964
219173 219173
848275 848275
49428 49428
350592 350592
211903 211903
832070 832070
30356 30356
468162 468162
23809 23809
507100 507100
358397 358397
217463 217463
286666 286666
432046 432046
276527 276527
148506 148506
30190 30190
288086 288086
641001 641001
175013 175013
233636 233636
152103 152103
643837 643837
646068 646068
139236 139236
254917 254917
149790 149790
471856 471856
460512 460512
583844 583844
345965 345965
274748 274748
639907 639907
151467 151467
494389 494389
462124 462124
697302 697302
187271 187271
159217 159217
667332 667332
368174 368174
53638 53638
132866 132866
384050 384050
215974 215974
61031 61031
8505 8505
166823 166823
177954 177954
266529 266529
213438 213438
43557 43557
90761 90761
426445 426445
229815 229815
426638 426638
478958 478958
145398 145398
365392 365392
259902 259902
61349 61349
388980 388980
737769 737769
643781 643781
160825 160825
24216 24216
163825 163825
10801 10801
146339 146339
302282 302282
61366 61366
380895 380895
342108 342108
926326 926326
46973 46973
594598 594598
765963 765963
195169 195169
138502 138502
363046 363046
60559 60559
337290 337290
13568 13568
446361 446361
90124 90124
212304 212304
354901 354901
595564 595564
517004 517004
904005 904005
155041 155041
243289 243289
178541 178541
379264 379264
296820 296820
294531 294531
386378 386378
525732 525732
54208 54208
105620 105620
99178 99178
627844 627844
432891 432891
830139 830139
226775 226775
282389 282389
10284 10284
142198 142198
334114 334114
225101 225101
13251 13251
450884 450884
578874 578874
20909 20909
209706 209706
589194 589194
394154 394154
199222 199222
949 949
764712 764712
243604 243604
278544 278544
318605 318605
867944 867944
319164 319164
162963 162963
13711 13711
509560 509560
174686 174686
336892 336892
446395 446395
479150 479150
766853 766853
197902 197902
100960 100960
70387 70387
226119 226119
630116 630116
317220 317220
323456 323456
293727 293727
351436 351436
102626 102626
146285 146285
133818 133818
361387 361387
42113 42113
561334 561334
292715 292715
543403 543403
409568 409568
752228 752228
480643 480643
303780 303780
357425 357425
236776 236776
543464 543464
121293 121293
278841 278841
77504 77504
285775 285775
677690 677690
141838 141838
377486 377486
890086 890086
431108 431108
186909 186909
368355 368355
200528 200528
424422 424422
335048 335048
87563 87563
291140 291140
517217 517217
1832 1832
447797 447797
608973 608973
1837 1837
377785 377785
354081 354081
656921 656921
644049 644049
584473 584473
317660 317660
147852 147852
834834 834834
380948 380948
815316 815316
289480 289480
51140 51140
386750 386750
609895 609895
174290 174290
473986 473986
84868 84868
297201 297201
554683 554683
195266 195266
166977 166977
331772 331772
229583 229583
520092 520092
628176 628176
1900 1900
246899 246899
707184 707184
269488 269488
422203 422203
339212 339212
462930 462930
405245 405245
29517 29517
370088 370088
401398 401398
570146 570146
224766 224766
15580 15580
475452 475452
685986 685986
130146 130146
447638 447638
4501 4501
133756 133756
622141 622141
68307 68307
394365 394365
107849 107849
163227 163227
491875 491875
301932 301932
187477 187477
381918 381918
125304 125304
336026 336026
753595 753595
568618 568618
599984 599984
418758 418758
249862 249862
43084 43084
58463 58463
365180 365180
824341 824341
446142 446142
168005 168005
755191 755191
426349 426349
830007 830007
864888 864888
193751 193751
285458 285458
820375 820375
287998 287998
605888 605888
652689 652689
237222 237222
186749 186749
174174 174174
714377 714377
262254 262254
126130 126130
581808 581808
310679 310679
250821 250821
760275 760275
250268 250268
5010 5010
665884 665884
364516 364516
85105 85105
205839 205839
117225 117225
191186 191186
8694 8694
515726 515726
737103 737103
290204 290204
359802 359802
307825 307825
4284 4284
239014 239014
213055 213055
224425 224425
849948 849948
235137 235137
250717 250717
84923 84923
676324 676324
165788 165788
121898 121898
280044 280044
172731 172731
35193 35193
424052 424052
158781 158781
197389 197389
435393 435393
419307 419307
298511 298511
291661 291661
639832 639832
82674 82674
766997 766997
153168 153168
851913 851913
600181 600181
670368 670368
12479 12479
220091 220091
429146 429146
183160 183160
666021 666021
315817 315817
189326 189326
564640 564640
41645 41645
913187 913187
164429 164429
243666 243666
124085 124085
21666 21666
423507 423507
298911 298911
337104 337104
186215 186215
402895 402895
140622 140622
6148 6148
430111 430111
113207 113207
411460 411460
77293 77293
87268 87268
558256 558256
19688 19688
150167 150167
132777 132777
519394 519394
151468 151468
18890 18890
29575 29575
158223 158223
294115 294115
17351 17351
777812 777812
232482 232482
421234 421234
209089 209089
33792 33792
11243 11243
39156 39156
258334 258334
308934 308934
215479 215479
410813 410813
202030 202030
624161 624161
347010 347010
278939 278939
19792 19792
477274 477274
935571 935571
616641 616641
467385 467385
219073 219073
470596 470596
409648 409648
572648 572648
709420 709420
69928 69928
714846 714846
63665 63665
116892 116892
317711 317711
643392 643392
162408 162408
158579 158579
489149 489149
30565 30565
129850 129850
142609 142609
610007 610007
298988 298988
119512 119512
765071 765071
363496 363496
459619 459619
19093 19093
431449 431449
739490 739490
314780 314780
210569 210569
331290 331290
65845 65845
361213 361213
641745 641745
241350 241350
530237 530237
264079 264079
226118 226118
132240 132240
172531 172531
126493 126493
254794 254794
467088 467088
425512 425512
366449 366449
148620 148620
33782 33782
472397 472397
258590 258590
865921 865921
250441 250441
182504 182504
85244 85244
235367 235367
682760 682760
72710 72710
313602 313602
157784 157784
661178 661178
396636 396636
137366 137366
188167 188167
698208 698208
147300 147300
272530 272530
228418 228418
57243 57243
377757 377757
195749 195749
835981 835981
201154 201154
265853 265853
173888 173888
99046 99046
295900 295900
44141 44141
466438 466438
557296 557296
145346 145346
473616 473616
462007 462007
630059 630059
54631 54631
287059 287059
566593 566593
485438 485438
572459 572459
27135 27135
270224 270224
105589 105589
245325 245325
581179 581179
167926 167926
131940 131940
40743 40743
448949 448949
64820 64820
364387 364387
553300 553300
105877 105877
49002 49002
251656 251656
17099 17099
247078 247078
277090 277090
333641 333641
66757 66757
656304 656304
47287 47287
634698 634698
394267 394267
318960 318960
746712 746712
533089 533089
544557 544557
332570 332570
15531 15531
409487 409487
37744 37744
14785 14785
454932 454932
313406 313406
97791 97791
257774 257774
10933 10933
260239 260239
843637 843637
31641 31641
147150 147150
832175 832175
536599 536599
878236 878236
352763 352763
514643 514643
144420 144420
194838 194838
312064 312064
538522 538522
52887 52887
299722 299722
342235 342235
12487 12487
121462 121462
63267 63267
580108 580108
375284 375284
135983 135983
14045 14045
36190 36190
83268 83268
163287 163287
537329 537329
425880 425880
256876 256876
14983 14983
132575 132575
124911 124911
85297 85297
499527 499527
82938 82938
52984 52984
18764 18764
372872 372872
536667 536667
90523 90523
71341 71341
599704 599704
274755 274755
326682 326682
823350 823350
270397 270397
258322 258322
807506 807506
342496 342496
106446 106446
522350 522350
677733 677733
20090 20090
710095 710095
199067 199067
349785 349785
107277 107277
265108 265108
740214 740214
416428 416428
430883 430883
187747 187747
373679 373679
362718 362718
156323 156323
357241 357241
310597 310597
422847 422847
290371 290371
350567 350567
487829 487829
401100 401100
429605 429605
734798 734798
236089 236089
52065 52065
935973 935973
486798 486798
484524 484524
460785 460785
531012 531012
263017 263017
592175 592175
555614 555614
925916 925916
193136 193136
49138 49138
136927 136927
45612 45612
105054 105054
617669 617669
139453 139453
349102 349102
317652 317652
263177 263177
41343 41343
596123 596123
106181 106181
744835 744835
343270 343270
371570 371570
28140 28140
218669 218669
33580 33580
633103 633103
391039 391039
731024 731024
442714 442714
124774 124774
726957 726957
431560 431560
398515 398515
98030 98030
219019 219019
10056 10056
587708 587708
50288 50288
328991 328991
241898 241898
309438 309438
306767 306767
146886 146886
100398 100398
105236 105236
66697 66697
126482 126482
90573 90573
13363 13363
689868 689868
49909 49909
383420 383420
378060 378060
113716 113716
101556 101556
376960 376960
344695 344695
147115 147115
705439 705439
373222 373222
531090 531090
367085 367085
79081 79081
202943 202943
94634 94634
65601 65601
801691 801691
572713 572713
387303 387303
362001 362001
139606 139606
122123 122123
310876 310876
307477 307477
324351 324351
501896 501896
364171 364171
41507 41507
289908 289908
295276 295276
630352 630352
79161 79161
123420 123420
585418 585418
184713 184713
70989 70989
11790 11790
40809 40809
56410 56410
265163 265163
41729 41729
266214 266214
376199 376199
85366 85366
178665 178665
388792 388792
596707 596707
114836 114836
890384 890384
410393 410393
29114 29114
60249 60249
125013 125013
490309 490309
236089 236089
243182 243182
135073 135073
284235 284235
208019 208019
44294 44294
27555 27555
120284 120284
614313 614313
359258 359258
554387 554387
262015 262015
192924 192924
178580 178580
95909 95909
169152 169152
272050 272050
579324 579324
240080 240080
278292 278292
177967 177967
346633 346633
465908 465908
483516 483516
124778 124778
189819 189819
656633 656633
781237 781237
309769 309769
222659 222659
717342 717342
516935 516935
512121 512121
412933 412933
201843 201843
388380 388380
351304 351304
268662 268662
6634 6634
361530 361530
418866 418866
217747 217747
551740 551740
4946 4946
738526 738526
30244 30244
14195 14195
228665 228665
849025 849025
180246 180246
395943 395943
569647 569647
431753 431753
222003 222003
464479 464479
538053 538053
155681 155681
364793 364793
168804 168804
270767 270767
173676 173676
666983 666983
714790 714790
157334 157334
4002 4002
389248 389248
75647 75647
692811 692811
764357 764357
403748 403748
594852 594852
234559 234559
83157 83157
512926 512926
515802 515802
288886 288886
498778 498778
315124 315124
268213 268213
370193 370193
126343 126343
271576 271576
961670 961670
36134 36134
57869 57869
142080 142080
65152 65152
457977 457977
548876 548876
152160 152160
128163 128163
104935 104935
283015 283015
229615 229615
115017 115017
416631 416631
255227 255227
477081 477081
363646 363646
262579 262579
52807 52807
54282 54282
367915 367915
229497 229497
66945 66945
450112 450112
761522 761522
106043 106043
21108 21108
435551 435551
474995 474995
625791 625791
838797 838797
82421 82421
235065 235065
241629 241629
61412 61412
231918 231918
200072 200072
487467 487467
509753 509753
141456 141456
664130 664130
169891 169891
491098 491098
333820 333820
659405 659405
277851 277851
438444 438444
175932 175932
104477 104477
218061 218061
19299 19299
359823 359823
424963 424963
520625 520625
159904 159904
191465 191465
402116 402116
2456 2456
17748 17748
208710 208710
290101 290101
117379 117379
662221 662221
901743 901743
237946 237946
680259 680259
297138 297138
67760 67760
147547 147547
187291 187291
337493 337493
362623 362623
692277 692277
768454 768454
526463 526463
803160 803160
382011 382011
479649 479649
132954 132954
882968 882968
301089 301089
125962 125962
231843 231843
454951 454951
63863 63863
592087 592087
16890 16890
97889 97889
308695 308695
429554 429554
17966 17966
213339 213339
609029 609029
679233 679233
133350 133350
81765 81765
285161 285161
98038 98038
527072 527072
798326 798326
141346 141346
191082 191082
213268 213268
395250 395250
426958 426958
255582 255582
243544 243544
316210 316210
69433 69433
294558 294558
337743 337743
112810 112810
121419 121419
279108 279108
431435 431435
143498 143498
15141 15141
45306 45306
241767 241767
800365 800365
193565 193565
692323 692323
276061 276061
495386 495386
195524 195524
531058 531058
799055 799055
563520 563520
200242 200242
313221 313221
749028 749028
186478 186478
59555 59555
340705 340705
453955 453955
370569 370569
201264 201264
287683 287683
118270 118270
949896 949896
228024 228024
417246 417246
191666 191666
185703 185703
462579 462579
622327 622327
238794 238794
272157 272157
506936 506936
430871 430871
151161 151161
576428 576428
218612 218612
373348 373348
147621 147621
476851 476851
383835 383835
630868 630868
621869 621869
741582 741582
403461 403461
373204 373204
48723 48723
74355 74355
430221 430221
5913 5913
337643 337643
620872 620872
88685 88685
437777 437777
285803 285803
421731 421731
55696 55696
48639 48639
701305 701305
231013 231013
402905 402905
461841 461841
525906 525906
318753 318753
459017 459017
350886 350886
182203 182203
220696 220696
143669 143669
359563 359563
114962 114962
827277 827277
314351 314351
37530 37530
266812 266812
343531 343531
221692 221692
311547 311547
21790 21790
606369 606369
763493 763493
633047 633047
654060 654060
285581 285581
160526 160526
78028 78028
1804 1804
486979 486979
216660 216660
432676 432676
603287 603287
313967 313967
546980 546980
8487 8487
133001 133001
800315 800315
743086 743086
85551 85551
513530 513530
20748 20748
260284 260284
118513 118513
28013 28013
304301 304301
544499 544499
569998 569998
619319 619319
192507 192507
612031 612031
62598 62598
461894 461894
166254 166254
574584 574584
191942 191942
216195 216195
193460 193460
275705 275705
429041 429041
583931 583931
413938 413938
241729 241729
278259 278259
520073 520073
10857 10857
74599 74599
578753 578753
460988 460988
513917 513917
168303 168303
607243 607243
772824 772824
515631 515631
676267 676267
555208 555208
548378 548378
84730 84730
60629 60629
21311 21311
626485 626485
510987 510987
659297 659297
205508 205508
114750 114750
8635 8635
118600 118600
191757 191757
126840 126840
119980 119980
67523 67523
233876 233876
762628 762628
488150 488150
292034 292034
4551 4551
147771 147771
125119 125119
144452 144452
110468 110468
143207 143207
510040 510040
34287 34287
287347 287347
480906 480906
453300 453300
375118 375118
380675 380675
335630 335630
214645 214645
485100 485100
153979 153979
7420 7420
82869 82869
140812 140812
564032 564032
179837 179837
55085 55085
214962 214962
798419 798419
198353 198353
807989 807989
207462 207462
8198 8198
543407 543407
151339 151339
726501 726501
345946 345946
51770 51770
698074 698074
5341 5341
3316 3316
447840 447840
567894 567894
182841 182841
976101 976101
342035 342035
171452 171452
205286 205286
207604 207604
29985 29985
532337 532337
128941 128941
709198 709198
188762 188762
305175 305175
491717 491717
346751 346751
905286 905286
82329 82329
165748 165748
465462 465462
773330 773330
21980 21980
101453 101453
16369 16369
732517 732517
73106 73106
355997 355997
435934 435934
30977 30977
299846 299846
227189 227189
869262 869262
109577 109577
111366 111366
320593 320593
75659 75659
398364 398364
372913 372913
165744 165744
112187 112187
128329 128329
61508 61508
466685 466685
304666 304666
7125 7125
715072 715072
336104 336104
319168 319168
373483 373483
39204 39204
77590 77590
133541 133541
92483 92483
110399 110399
97704 97704
574144 574144
336287 336287
483321 483321
261315 261315
287653 287653
596353 596353
47524 47524
290158 290158
550174 550174
212958 212958
28837 28837
672617 672617
279220 279220
239291 239291
605709 605709
274282 274282
753168 753168
440776 440776
553919 553919
152024 152024
611290 611290
271732 271732
548520 548520
490989 490989
7757 7757
148707 148707
379912 379912
296595 296595
168377 168377
404829 404829
620791 620791
372101 372101
655183 655183
144240 144240
401773 401773
380981 380981
32843 32843
286903 286903
451173 451173
130052 130052
130318 130318
315696 315696
139093 139093
196235 196235
650600 650600
367266 367266
255700 255700
680232 680232
184293 184293
539868 539868
205260 205260
874963 874963
88420 88420
49839 49839
184692 184692
184791 184791
689763 689763
470889 470889
326382 326382
91178 91178
399122 399122
136789 136789
589312 589312
725151 725151
862956 862956
624093 624093
494171 494171
59919 59919
166480 166480
1916 1916
205511 205511
16533 16533
107260 107260
778901 778901
209040 209040
459511 459511
322176 322176
190511 190511
456145 456145
491237 491237
338771 338771
175533 175533
289082 289082
293874 293874
324649 324649
247745 247745
497543 497543
306058 306058
886458 886458
79998 79998
659748 659748
716989 716989
116171 116171
532357 532357
377133 377133
578981 578981
400964 400964
256096 256096
273472 273472
189635 189635
212157 212157
98865 98865
38595 38595
151584 151584
470016 470016
53597 53597
732719 732719
218021 218021
299286 299286
434664 434664
221554 221554
317023 317023
567713 567713
867386 867386
81873 81873
150565 150565
18467 18467
590178 590178
349026 349026
369333 369333
464676 464676
686228 686228
85966 85966
436712 436712
6758 6758
130317 130317
62594 62594
370081 370081
43255 43255
75736 75736
244829 244829
85454 85454
490366 490366
294799 294799
233109 233109
560295 560295
245878 245878
132406 132406
79841 79841
675641 675641
64924 64924
37039 37039
336554 336554
122143 122143
157823 157823
132220 132220
553017 553017
853708 853708
50144 50144
165374 165374
503457 503457
461538 461538
59595 59595
42753 42753
550676 550676
343704 343704
756240 756240
601777 601777
117182 117182
738453 738453
109761 109761
42937 42937
553323 553323
508546 508546
167696 167696
110703 110703
575836 575836
22947 22947
568598 568598
294892 294892
51548 51548
203808 203808
379431 379431
762044 762044
515948 515948
138799 138799
255319 255319
281426 281426
677450 677450
112884 112884
23142 23142
115720 115720
260107 260107
675120 675120
510667 510667
302243 302243
761736 761736
29843 29843
146024 146024
65203 65203
702217 702217
149079 149079
692214 692214
134345 134345
183628 183628
167650 167650
258026 258026
246435 246435
330440 330440
512376 512376
123450 123450
532022 532022
352266 352266
697066 697066
754472 754472
80101 80101
861491 861491
198293 198293
109663 109663
550538 550538
319835 319835
131900 131900
405383 405383
660181 660181
135413 135413
290650 290650
196253 196253
103789 103789
9418 9418
266555 266555
59926 59926
307434 307434
174872 174872
707323 707323
73547 73547
813067 813067
592496 592496
201069 201069
409842 409842
409611 409611
619292 619292
24476 24476
367822 367822
48630 48630
704448 704448
54962 54962
116858 116858
21393 21393
209275 209275
355796 355796
47705 47705
197436 197436
99532 99532
349381 349381
345770 345770
251764 251764
315579 315579
95739 95739
508973 508973
242583 242583
223630 223630
217995 217995
55694 55694
914961 914961
766387 766387
173684 173684
434153 434153
967656 967656
176630 176630
419871 419871
532037 532037
171465 171465
692166 692166
841767 841767
19821 19821
410657 410657
909219 909219
146316 146316
630552 630552
138422 138422
434358 434358
437673 437673
244613 244613
132556 132556
140404 140404
735487 735487
126627 126627
218992 218992
551965 551965
708712 708712
240489 240489
138469 138469
309675 309675
103729 103729
401506 401506
152812 152812
553378 553378
171463 171463
11045 11045
304220 304220
735756 735756
50786 50786
86497 86497
729858 729858
253695 253695
399805 399805
336938 336938
289895 289895
136632 136632
246428 246428
734850 734850
630025 630025
591839 591839
675131 675131
278598 278598
70423 70423
153669 153669
97492 97492
589962 589962
746608 746608
586366 586366
306759 306759
304617 304617
507507 507507
885755 885755
291683 291683
51405 51405
103673 103673
4692 4692
656622 656622
269112 269112
560433 560433
332393 332393
435870 435870
227379 227379
424131 424131
65629 65629
522559 522559
744170 744170
340071 340071
193842 193842
6821 6821
604566 604566
217569 217569
888682 888682
642032 642032
180757 180757
182606 182606
27226 27226
318790 318790
283314 283314
654573 654573
152941 152941
490223 490223
4329 4329
456301 456301
518704 518704
134959 134959
18909 18909
332293 332293
102006 102006
47215 47215
50537 50537
128694 128694
30552 30552
338228 338228
525228 525228
383651 383651
150146 150146
456850 456850
230812 230812
212106 212106
139370 139370
482385 482385
72928 72928
4676 4676
255966 255966
550323 550323
461093 461093
80053 80053
256450 256450
725533 725533
352504 352504
46909 46909
19827 19827
543554 543554
473143 473143
52794 52794
307837 307837
61503 61503
212964 212964
123465 123465
471857 471857
691681 691681
98411 98411
501021 501021
19480 19480
542046 542046
489557 489557
514809 514809
665021 665021
74254 74254
387995 387995
445827 445827
870563 870563
405065 405065
9898 9898
155968 155968
76810 76810
97624 97624
488363 488363
378226 378226
160945 160945
588960 588960
628210 628210
670255 670255
228220 228220
280213 280213
675680 675680
318357 318357
772434 772434
173363 173363
39377 39377
521271 521271
7800 7800
114456 114456
375466 375466
192097 192097
350982 350982
221215 221215
794795 794795
290851 290851
337075 337075
307218 307218
598263 598263
475180 475180
303257 303257
137391 137391
278292 278292
98345 98345
828900 828900
32292 32292
330161 330161
94704 94704
486501 486501
411566 411566
100263 100263
556739 556739
117623 117623
202656 202656
51004 51004
802797 802797
88959 88959
109300 109300
44844 44844
425656 425656
146698 146698
187273 187273
22205 22205
509372 509372
185674 185674
811883 811883
128841 128841
333074 333074
567717 567717
530635 530635
177776 177776
76238 76238
674225 674225
339972 339972
258922 258922
138577 138577
691828 691828
188550 188550
112924 112924
746929 746929
196610 196610
147871 147871
249472 249472
800491 800491
123311 123311
471250 471250
235840 235840
356763 356763
390096 390096
354730 354730
323104 323104
301263 301263
601095 601095
261129 261129
574311 574311
622406 622406
290690 290690
187512 187512
10276 10276
471049 471049
22197 22197
481679 481679
20122 20122
171180 171180
34674 34674
152452 152452
160307 160307
108328 108328
87777 87777
150039 150039
660029 660029
45726 45726
547699 547699
469222 469222
129818 129818
51709 51709
405727 405727
202537 202537
726679 726679
453054 453054
250954 250954
226431 226431
310077 310077
40693 40693
95816 95816
150250 150250
656958 656958
314095 314095
804253 804253
397835 397835
160174 160174
406875 406875
538481 538481
463215 463215
740074 740074
644606 644606
13941 13941
662490 662490
398201 398201
210234 210234
403866 403866
917767 917767
14486 14486
453070 453070
277672 277672
773599 773599
533882 533882
4057 4057
645921 645921
315710 315710
468637 468637
208329 208329
110260 110260
71249 71249
11587 11587
660783 660783
199585 199585
892082 892082
14617 14617
216020 216020
373781 373781
313033 313033
409094 409094
218338 218338
612840 612840
343539 343539
207098 207098
246219 246219
606990 606990
170355 170355
560069 560069
12927 12927
219332 219332
726699 726699
71671 71671
131714 131714
575887 575887
371935 371935
613342 613342
563635 563635
26620 26620
448490 448490
297153 297153
813987 813987
485643 485643
367799 367799
114903 114903
51491 51491
87014 87014
292758 292758
205379 205379
246282 246282
276704 276704
181784 181784
117724 117724
125511 125511
104836 104836
430040 430040
732667 732667
72218 72218
239932 239932
353832 353832
686846 686846
188667 188667
560873 560873
126211 126211
9488 9488
549522 549522
581263 581263
192501 192501
314914 314914
292705 292705
810856 810856
595617 595617
546201 546201
139364 139364
258754 258754
391806 391806
331501 331501
72036 72036
355405 355405
329345 329345
260557 260557
581019 581019
151051 151051
85972 85972
334562 334562
246426 246426
468993 468993
23561 23561
34293 34293
305243 305243
647268 647268
719814 719814
375142 375142
51022 51022
374098 374098
570506 570506
100842 100842
15345 15345
270421 270421
40862 40862
33133 33133
341862 341862
226592 226592
390260 390260
577017 577017
558365 558365
255327 255327
295072 295072
220472 220472
23769 23769
374398 374398
621173 621173
231804 231804
773007 773007
818065 818065
749943 749943
266389 266389
769288 769288
227601 227601
115105 115105
811588 811588
660566 660566
483324 483324
44946 44946
128766 128766
43147 43147
238416 238416
85286 85286
787646 787646
339715 339715
491341 491341
226530 226530
200248 200248
136609 136609
48269 48269
635553 635553
2299 2299
364105 364105
156671 156671
93483 93483
614004 614004
97627 97627
290170 290170
218208 218208
38565 38565
357694 357694
51744 51744
358390 358390
453789 453789
110060 110060
907626 907626
216482 216482
72557 72557
141539 141539
400086 400086
472325 472325
568183 568183
3962 3962
105299 105299
372408 372408
167353 167353
628542 628542
7491 7491
19856 19856
844001 844001
156424 156424
281650 281650
156754 156754
706012 706012
52321 52321
17683 17683
712827 712827
54259 54259
677854 677854
506877 506877
828022 828022
6330 6330
334624 334624
215720 215720
9979 9979
51769 51769
53464 53464
388663 388663
204595 204595
159480 159480
232283 232283
276344 276344
159928 159928
466080 466080
280159 280159
5554 5554
98391 98391
49390 49390
522968 522968
300651 300651
610449 610449
116798 116798
157676 157676
7237 7237
297345 297345
490052 490052
599824 599824
102166 102166
133896 133896
256095 256095
247105 247105
427917 427917
250702 250702
73800 73800
82287 82287
366488 366488
312090 312090
226846 226846
542165 542165
333859 333859
682916 682916
164046 164046
621456 621456
273113 273113
187425 187425
458990 458990
44673 44673
752080 752080
851131 851131
226645 226645
181081 181081
146541 146541
321170 321170
925078 925078
875920 875920
743616 743616
842961 842961
478453 478453
129381 129381
88945 88945
292703 292703
105525 105525
38975 38975
458289 458289
368150 368150
295053 295053
220372 220372
24607 24607
133428 133428
145356 145356
522886 522886
284159 284159
215958 215958
126052 126052
703900 703900
522125 522125
301876 301876
624597 624597
143562 143562
299989 299989
129190 129190
202529 202529
304235 304235
67581 67581
489767 489767
135957 135957
461940 461940
493706 493706
110836 110836
477491 477491
107125 107125
59713 59713
814813 814813
467708 467708
579391 579391
210115 210115
159915 159915
639114 639114
261437 261437
336687 336687
254423 254423
192994 192994
116021 116021
29217 29217
851212 851212
107011 107011
143821 143821
207742 207742
67911 67911
98861 98861
168248 168248
92580 92580
496156 496156
338728 338728
169069 169069
284410 284410
779839 779839
523269 523269
19820 19820
7551 7551
68512 68512
458642 458642
676713 676713
143909 143909
677881 677881
24964 24964
327479 327479
296839 296839
412465 412465
490459 490459
619936 619936
154517 154517
139449 139449
132797 132797
533351 533351
646711 646711
599956 599956
134388 134388
246269 246269
73546 73546
278235 278235
20368 20368
31348 31348
593401 593401
242126 242126
689622 689622
813502 813502
555224 555224
29460 29460
406714 406714
662134 662134
60025 60025
333810 333810
572669 572669
340540 340540
308074 308074
81721 81721
395124 395124
275274 275274
249239 249239
507539 507539
313116 313116
143388 143388
267596 267596
485099 485099
813391 813391
496410 496410
481502 481502
387716 387716
17704 17704
209734 209734
313613 313613
912 912
284238 284238
221870 221870
238060 238060
128719 128719
749133 749133
55988 55988
42140 42140
465991 465991
92769 92769
580480 580480
320229 320229
30077 30077
5797 5797
581036 581036
321081 321081
101229 101229
373819 373819
225162 225162
302334 302334
106367 106367
378662 378662
593065 593065
29227 29227
122920 122920
403021 403021
827325 827325
142155 142155
651009 651009
657527 657527
38629 38629
52094 52094
182458 182458
37526 37526
341345 341345
420652 420652
489426 489426
624483 624483
107649 107649
238917 238917
66139 66139
678056 678056
269797 269797
85150 85150
384656 384656
549228 549228
228747 228747
562634 562634
623950 623950
107187 107187
307865 307865
353930 353930
494185 494185
134654 134654
34913 34913
66076 66076
193035 193035
516539 516539
839702 839702
56409 56409
265493 265493
344212 344212
619933 619933
77517 77517
750488 750488
208356 208356
88737 88737
73747 73747
630980 630980
130189 130189
202885 202885
351385 351385
36586 36586
537759 537759
108336 108336
328383 328383
6484 6484
48677 48677
757826 757826
49980 49980
662829 662829
644492 644492
103965 103965
191001 191001
30801 30801
31697 31697
42873 42873
310450 310450
387109 387109
111112 111112
511623 511623
138961 138961
620234 620234
624896 624896
748061 748061
262671 262671
513841 513841
359578 359578
252666 252666
315612 315612
88406 88406
168683 168683
545581 545581
327193 327193
83691 83691
761272 761272
53150 53150
56213 56213
675402 675402
662511 662511
718820 718820
129583 129583
311061 311061
115749 115749
47356 47356
438164 438164
38702 38702
537183 537183
261819 261819
487244 487244
628005 628005
509741 509741
637547 637547
172335 172335
505892 505892
105417 105417
193082 193082
225593 225593
799730 799730
62292 62292
244710 244710
592651 592651
862114 862114
345938 345938
262371 262371
490762 490762
115296 115296
6011 6011
384062 384062
213630 213630
217053 217053
113921 113921
89532 89532
153452 153452
45364 45364
404166 404166
149899 149899
403468 403468
209053 209053
583145 583145
34852 34852
74365 74365
340925 340925
422827 422827
627830 627830
613850 613850
304822 304822
660358 660358
204784 204784
895306 895306
216995 216995
17114 17114
610585 610585
648313 648313
456881 456881
508029 508029
322359 322359
363600 363600
106444 106444
673360 673360
156969 156969
370560 370560
385149 385149
207753 207753
655828 655828
785867 785867
448515 448515
557595 557595
573804 573804
109077 109077
190733 190733
7295 7295
242839 242839
478790 478790
379460 379460
308311 308311
622180 622180
638110 638110
336866 336866
450764 450764
47401 47401
148603 148603
503833 503833
170737 170737
445227 445227
487336 487336
406412 406412
350156 350156
189127 189127
521527 521527
600718 600718
71841 71841
182103 182103
218119 218119
547515 547515
872036 872036
187005 187005
383303 383303
754521 754521
473559 473559
323506 323506
298828 298828
74694 74694
418802 418802
395919 395919
577878 577878
544253 544253
110153 110153
433138 433138
273105 273105
167885 167885
259087 259087
188839 188839
92375 92375
60058 60058
551223 551223
322724 322724
786704 786704
262563 262563
167587 167587
840519 840519
305882 305882
440722 440722
106087 106087
270879 270879
530474 530474
110235 110235
485841 485841
37779 37779
111847 111847
297159 297159
211225 211225
773795 773795
773832 773832
200221 200221
242397 242397
203584 203584
103175 103175
742020 742020
23575 23575
56920 56920
470875 470875
235617 235617
7377 7377
632896 632896
760858 760858
440755 440755
319619 319619
113108 113108
135330 135330
127388 127388
421994 421994
546659 546659
372606 372606
630716 630716
22036 22036
82899 82899
856762 856762
801733 801733
377113 377113
331375 331375
80985 80985
232768 232768
191241 191241
163865 163865
571855 571855
130766 130766
102750 102750
558208 558208
628834 628834
188991 188991
472400 472400
348619 348619
562133 562133
148676 148676
240526 240526
144158 144158
237012 237012
657533 657533
214317 214317
315573 315573
48209 48209
662165 662165
397017 397017
525448 525448
549960 549960
165401 165401
340635 340635
718671 718671
744626 744626
388984 388984
200596 200596
532605 532605
335206 335206
390037 390037
147738 147738
683579 683579
778009 778009
287035 287035
7298 7298
77576 77576
134073 134073
51782 51782
104327 104327
819405 819405
399908 399908
847518 847518
348300 348300
663480 663480
473585 473585
34221 34221
184255 184255
403522 403522
497776 497776
93580 93580
341251 341251
385473 385473
445285 445285
312385 312385
325020 325020
11564 11564
640400 640400
505796 505796
304957 304957
141715 141715
331494 331494
486699 486699
806001 806001
716207 716207
187933 187933
25218 25218
34158 34158
379575 379575
299655 299655
412054 412054
273581 273581
69398 69398
793250 793250
556665 556665
491502 491502
589502 589502
436587 436587
546181 546181
487010 487010
142757 142757
55524 55524
523836 523836
548541 548541
241390 241390
23168 23168
180603 180603
335780 335780
511217 511217
774531 774531
591946 591946
485062 485062
462585 462585
294542 294542
737273 737273
658835 658835
20355 20355
436930 436930
633039 633039
157447 157447
945252 945252
645504 645504
596233 596233
333748 333748
24651 24651
123601 123601
181640 181640
619972 619972
239494 239494
13241 13241
111557 111557
665932 665932
556119 556119
211166 211166
665273 665273
73680 73680
136415 136415
470476 470476
538296 538296
405981 405981
386807 386807
96568 96568
424885 424885
147628 147628
500284 500284
240045 240045
95527 95527
371641 371641
511677 511677
76126 76126
33854 33854
198908 198908
16810 16810
499919 499919
322015 322015
116059 116059
68268 68268
88613 88613
470494 470494
454834 454834
197071 197071
426768 426768
656080 656080
418422 418422
48937 48937
191811 191811
135930 135930
604830 604830
62302 62302
8356 8356
287197 287197
512948 512948
314053 314053
320877 320877
33462 33462
7153 7153
302106 302106
135703 135703
107880 107880
627223 627223
342992 342992
263528 263528
476522 476522
240709 240709
443510 443510
95736 95736
94854 94854
702913 702913
303117 303117
262083 262083
98133 98133
323622 323622
489664 489664
146398 146398
25825 25825
93620 93620
143692 143692
80854 80854
19983 19983
816701 816701
344083 344083
31240 31240
59296 59296
243444 243444
532445 532445
818553 818553
218341 218341
192178 192178
583198 583198
589003 589003
430594 430594
168178 168178
535662 535662
170704 170704
8902 8902
58078 58078
552063 552063
418572 418572
362818 362818
429755 429755
641541 641541
103962 103962
64415 64415
923938 923938
135558 135558
671393 671393
832650 832650
264752 264752
231286 231286
335094 335094
47616 47616
328096 328096
522670 522670
629060 629060
733265 733265
548522 548522
243250 243250
398856 398856
435375 435375
256459 256459
469116 469116
14533 14533
350351 350351
514478 514478
4140 4140
170345 170345
82285 82285
140033 140033
557828 557828
234596 234596
451621 451621
75251 75251
95230 95230
127919 127919
546447 546447
74787 74787
348178 348178
695151 695151
50269 50269
330357 330357
487335 487335
13856 13856
308493 308493
277548 277548
349742 349742
279747 279747
250973 250973
338092 338092
608638 608638
76237 76237
67821 67821
538282 538282
344772 344772
124678 124678
66198 66198
934987 934987
587715 587715
58799 58799
470975 470975
367434 367434
326715 326715
312276 312276
364009 364009
664206 664206
895864 895864
116628 116628
100154 100154
27141 27141
50390 50390
40015 40015
261684 261684
188901 188901
348193 348193
530353 530353
727377 727377
274214 274214
142611 142611
459831 459831
19874 19874
104453 104453
23787 23787
52041 52041
429611 429611
46420 46420
6304 6304
379907 379907
84984 84984
11903 11903
882098 882098
25954 25954
349544 349544
210701 210701
637020 637020
637425 637425
588919 588919
542279 542279
74131 74131
45023 45023
102293 102293
270215 270215
59523 59523
458048 458048
212500 212500
188167 188167
216583 216583
135645 135645
77949 77949
345500 345500
374537 374537
197938 197938
276927 276927
600150 600150
302705 302705
174278 174278
638111 638111
55233 55233
492711 492711
247925 247925
681885 681885
8632 8632
246275 246275
6957 6957
595580 595580
511994 511994
564770 564770
30992 30992
548832 548832
254321 254321
361543 361543
208433 208433
20019 20019
594466 594466
156478 156478
44150 44150
74961 74961
442665 442665
288608 288608
232790 232790
255672 255672
340749 340749
514342 514342
156027 156027
114104 114104
69935 69935
432582 432582
390284 390284
529705 529705
84889 84889
837262 837262
230349 230349
125923 125923
139896 139896
127864 127864
299030 299030
280123 280123
160552 160552
408324 408324
5308 5308
623672 623672
134467 134467
688097 688097
493213 493213
111425 111425
663477 663477
914426 914426
371514 371514
355026 355026
653057 653057
453093 453093
85944 85944
579665 579665
64190 64190
677321 677321
435685 435685
11704 11704
280052 280052
466002 466002
825842 825842
298586 298586
281347 281347
545822 545822
385124 385124
237850 237850
132373 132373
649929 649929
388611 388611
112566 112566
531272 531272
231356 231356
741982 741982
139864 139864
214750 214750
29137 29137
555768 555768
118285 118285
95465 95465
142593 142593
209174 209174
10465 10465
318380 318380
409472 409472
130543 130543
394637 394637
295752 295752
387947 387947
400451 400451
188506 188506
203089 203089
404391 404391
100842 100842
606954 606954
213112 213112
270387 270387
409811 409811
323994 323994
254629 254629
464962 464962
833596 833596
277612 277612
192306 192306
526098 526098
33639 33639
288570 288570
216992 216992
442017 442017
150239 150239
536608 536608
40287 40287
196372 196372
120102 120102
668432 668432
234242 234242
103472 103472
29392 29392
734959 734959
78956 78956
256003 256003
292874 292874
16454 16454
403367 403367
592431 592431
351766 351766
104811 104811
634822 634822
473418 473418
726444 726444
471055 471055
355716 355716
365679 365679
595109 595109
197481 197481
164160 164160
147443 147443
36609 36609
417668 417668
24422 24422
978635 978635
711453 711453
73411 73411
52288 52288
228200 228200
718733 718733
105010 105010
87392 87392
384175 384175
406372 406372
140139 140139
375695 375695
476141 476141
32656 32656
623703 623703
481376 481376
573771 573771
852171 852171
784382 784382
233135 233135
563978 563978
349191 349191
586539 586539
176761 176761
53370 53370
94771 94771
302681 302681
528502 528502
568011 568011
593898 593898
42190 42190
900678 900678
68593 68593
86937 86937
4131 4131
210024 210024
563462 563462
45778 45778
225344 225344
31354 31354
498426 498426
195502 195502
745451 745451
327123 327123
111367 111367
530123 530123
215146 215146
398391 398391
446312 446312
309702 309702
12564 12564
130835 130835
334844 334844
228735 228735
133319 133319
42101 42101
352109 352109
394572 394572
169025 169025
195060 195060
315310 315310
155957 155957
92176 92176
779545 779545
173391 173391
74427 74427
7280 7280
55084 55084
320051 320051
251211 251211
99547 99547
892301 892301
128996 128996
282061 282061
228082 228082
203644 203644
87516 87516
14011 14011
94886 94886
601823 601823
263012 263012
190923 190923
475878 475878
11143 11143
418146 418146
163077 163077
513514 513514
255712 255712
318663 318663
438976 438976
714851 714851
377531 377531
624831 624831
142908 142908
159205 159205
643009 643009
111830 111830
34728 34728
687533 687533
106419 106419
94250 94250
605473 605473
800868 800868
4302 4302
150949 150949
637157 637157
952504 952504
267848 267848
436085 436085
99695 99695
288968 288968
329704 329704
256519 256519
416412 416412
534077 534077
422303 422303
73297 73297
212731 212731
246151 246151
482792 482792
283875 283875
219370 219370
741186 741186
348796 348796
626939 626939
13002 13002
648823 648823
363895 363895
177509 177509
291955 291955
691208 691208
269503 269503
233678 233678
268378 268378
216984 216984
125532 125532
568182 568182
204789 204789
280865 280865
15066 15066
746453 746453
437230 437230
121474 121474
58839 58839
411112 411112
106200 106200
126042 126042
588252 588252
19203 19203
768264 768264
512647 512647
157775 157775
433532 433532
382687 382687
102141 102141
328221 328221
133204 133204
306477 306477
91431 91431
851678 851678
460922 460922
91357 91357
50111 50111
105379 105379
87514 87514
85354 85354
282644 282644
259444 259444
193305 193305
393794 393794
22243 22243
428731 428731
213900 213900
200281 200281
89297 89297
36475 36475
667312 667312
848378 848378
628032 628032
321151 321151
268998 268998
599895 599895
223601 223601
157103 157103
654660 654660
660164 660164
156686 156686
648082 648082
449906 449906
803584 803584
102097 102097
402653 402653
753547 753547
683906 683906
215898 215898
585939 585939
246091 246091
141730 141730
223558 223558
126293 126293
821304 821304
749169 749169
106880 106880
31441 31441
298566 298566
158425 158425
249182 249182
461577 461577
105863 105863
224259 224259
373106 373106
567957 567957
100373 100373
125828 125828
45580 45580
659111 659111
157764 157764
73870 73870
731093 731093
30377 30377
567605 567605
85810 85810
276335 276335
186319 186319
76365 76365
19400 19400
530084 530084
44155 44155
50809 50809
709089 709089
618058 618058
556073 556073
155422 155422
182256 182256
173818 173818
34602 34602
648819 648819
417928 417928
447185 447185
653885 653885
210216 210216
59672 59672
18751 18751
401137 401137
501811 501811
238594 238594
579945 579945
293623 293623
206921 206921
203306 203306
68769 68769
325571 325571
35478 35478
25521 25521
102382 102382
87675 87675
364339 364339
540759 540759
137005 137005
124888 124888
13734 13734
85149 85149
243927 243927
329961 329961
308954 308954
106573 106573
694234 694234
282978 282978
733532 733532
169147 169147
402253 402253
211186 211186
501933 501933
238712 238712
454577 454577
109766 109766
54728 54728
880298 880298
289892 289892
66653 66653
810289 810289
202435 202435
455128 455128
290063 290063
165336 165336
712874 712874
330637 330637
126926 126926
568940 568940
196614 196614
677501 677501
195743 195743
594962 594962
434294 434294
280213 280213
21660 21660
656932 656932
524350 524350
565836 565836
315482 315482
49588 49588
294610 294610
398025 398025
75189 75189
75295 75295
40987 40987
226066 226066
257329 257329
361072 361072
470797 470797
684445 684445
672707 672707
483370 483370
534095 534095
208138 208138
21116 21116
38210 38210
643719 643719
245258 245258
264027 264027
919341 919341
78697 78697
169079 169079
246912 246912
831711 831711
89485 89485
22037 22037
828015 828015
228665 228665
122909 122909
4938 4938
603468 603468
17451 17451
166100 166100
201093 201093
817741 817741
1731 1731
274110 274110
212691 212691
799676 799676
415731 415731
161419 161419
714225 714225
555919 555919
316867 316867
211408 211408
476238 476238
251129 251129
282495 282495
428227 428227
149885 149885
66028 66028
549140 549140
178161 178161
404362 404362
320013 320013
459136 459136
86829 86829
221420 221420
605960 605960
113272 113272
517270 517270
187868 187868
341779 341779
233678 233678
244815 244815
809207 809207
128206 128206
206736 206736
64074 64074
11551 11551
303357 303357
54383 54383
14510 14510
195655 195655
257135 257135
208511 208511
158793 158793
672671 672671
118091 118091
56980 56980
237486 237486
34138 34138
288023 288023
770568 770568
142322 142322
779041 779041
199994 199994
87501 87501
250591 250591
339816 339816
132494 132494
281560 281560
208304 208304
765536 765536
84690 84690
266742 266742
147105 147105
304512 304512
389356 389356
740484 740484
424172 424172
248941 248941
523151 523151
770640 770640
31848 31848
333419 333419
333468 333468
652941 652941
53761 53761
220870 220870
254155 254155
16949 16949
414686 414686
14211 14211
546972 546972
369948 369948
237917 237917
346307 346307
680985 680985
484543 484543
352458 352458
371170 371170
456427 456427
677152 677152
303404 303404
546321 546321
10994 10994
104353 104353
852900 852900
164084 164084
609938 609938
9860 9860
353064 353064
801558 801558
62410 62410
415934 415934
313191 313191
148084 148084
406294 406294
291841 291841
11643 11643
63276 63276
431422 431422
652044 652044
19226 19226
949909 949909
234488 234488
44621 44621
551116 551116
650580 650580
621924 621924
392759 392759
78321 78321
795626 795626
422678 422678
946853 946853
224016 224016
902683 902683
47642 47642
336287 336287
175530 175530
492596 492596
50055 50055
105540 105540
169972 169972
274326 274326
42873 42873
805569 805569
50137 50137
778567 778567
373844 373844
778457 778457
411490 411490
340937 340937
141041 141041
237374 237374
331549 331549
379550 379550
499426 499426
455881 455881
21830 21830
478415 478415
6160 6160
117200 117200
583016 583016
405271 405271
474659 474659
144332 144332
563008 563008
323069 323069
484383 484383
448609 448609
360727 360727
107630 107630
426684 426684
462144 462144
487778 487778
59526 59526
558840 558840
48899 48899
167233 167233
721760 721760
763863 763863
407936 407936
239809 239809
588114 588114
111855 111855
223783 223783
561402 561402
197455 197455
165652 165652
181275 181275
390533 390533
20245 20245
252143 252143
583993 583993
463153 463153
298863 298863
453808 453808
843509 843509
454953 454953
269332 269332
20105 20105
64099 64099
448021 448021
721134 721134
400066 400066
457025 457025
405757 405757
764626 764626
19346 19346
498904 498904
98260 98260
264992 264992
120738 120738
435348 435348
709531 709531
753701 753701
504909 504909
904552 904552
770161 770161
122166 122166
213268 213268
7641 7641
246097 246097
713929 713929
111601 111601
17985 17985
258713 258713
13000 13000
121902 121902
179532 179532
15259 15259
49025 49025
350833 350833
49784 49784
444043 444043
31591 31591
290860 290860
537529 537529
603050 603050
686621 686621
188963 188963
102844 102844
185611 185611
261099 261099
126558 126558
465906 465906
150505 150505
490386 490386
279228 279228
329833 329833
575144 575144
231608 231608
773043 773043
177761 177761
847788 847788
382685 382685
510881 510881
24436 24436
548008 548008
533561 533561
16492 16492
45408 45408
144515 144515
33636 33636
169386 169386
357658 357658
121773 121773
541060 541060
206055 206055
461894 461894
26553 26553
159202 159202
762647 762647
339145 339145
481523 481523
910058 910058
112620 112620
978069 978069
244378 244378
74024 74024
239084 239084
80562 80562
132142 132142
498121 498121
164182 164182
124898 124898
379734 379734
183254 183254
225590 225590
275459 275459
226156 226156
89501 89501
88287 88287
802877 802877
216740 216740
751090 751090
886508 886508
209591 209591
240694 240694
226906 226906
287081 287081
87265 87265
569230 569230
194574 194574
356999 356999
363666 363666
654004 654004
463042 463042
351891 351891
280394 280394
191230 191230
352401 352401
464646 464646
100590 100590
717801 717801
732368 732368
217265 217265
645886 645886
312199 312199
79024 79024
92174 92174
453734 453734
430099 430099
23734 23734
2241 2241
124971 124971
113510 113510
326197 326197
139907 139907
627569 627569
176977 176977
483079 483079
101256 101256
457683 457683
226983 226983
267376 267376
323128 323128
783676 783676
5289 5289
5785 5785
500536 500536
87195 87195
279200 279200
153842 153842
641496 641496
197873 197873
258097 258097
381648 381648
95089 95089
794170 794170
409211 409211
73395 73395
88079 88079
309602 309602
337348 337348
205695 205695
893247 893247
468251 468251
208547 208547
874836 874836
79414 79414
272619 272619
75243 75243
213229 213229
218875 218875
254362 254362
424414 424414
49151 49151
10168 10168
375573 375573
735157 735157
349167 349167
405648 405648
136916 136916
37211 37211
222313 222313
146474 146474
34689 34689
342228 342228
94707 94707
795900 795900
377569 377569
63224 63224
274102 274102
12550 12550
230972 230972
70286 70286
76490 76490
632177 632177
405172 405172
526555 526555
254796 254796
207092 207092
787374 787374
615979 615979
228403 228403
284167 284167
213239 213239
149520 149520
138603 138603
132793 132793
103916 103916
445348 445348
124624 124624
425822 425822
225874 225874
287814 287814
332483 332483
49579 49579
219904 219904
350672 350672
757456 757456
142057 142057
934187 934187
236367 236367
60352 60352
472153 472153
193180 193180
7893 7893
266821 266821
253451 253451
654614 654614
71958 71958
401638 401638
290753 290753
66406 66406
147255 147255
863030 863030
862014 862014
179179 179179
252137 252137
230976 230976
132217 132217
307365 307365
125192 125192
9473 9473
29315 29315
973680 973680
136001 136001
117306 117306
693864 693864
289515 289515
472886 472886
278211 278211
543005 543005
584321 584321
128050 128050
346473 346473
366841 366841
629432 629432
436702 436702
381774 381774
667942 667942
179545 179545
466632 466632
204891 204891
376251 376251
599479 599479
157882 157882
715942 715942
132824 132824
107776 107776
898827 898827
8622 8622
135175 135175
127345 127345
441849 441849
359032 359032
476534 476534
8192 8192
634677 634677
290086 290086
9633 9633
376054 376054
124474 124474
121258 121258
439462 439462
529264 529264
38299 38299
104568 104568
17037 17037
802195 802195
101022 101022
265093 265093
88991 88991
317618 317618
83197 83197
20937 20937
167858 167858
449404 449404
56313 56313
67061 67061
388455 388455
323407 323407
122629 122629
383681 383681
466 466
289519 289519
575757 575757
67885 67885
151559 151559
18716 18716
431806 431806
559236 559236
17550 17550
85111 85111
670540 670540
151075 151075
813399 813399
770619 770619
545506 545506
258400 258400
51054 51054
476906 476906
355890 355890
497615 497615
200930 200930
37471 37471
570737 570737
361355 361355
233897 233897
522725 522725
232265 232265
529578 529578
687292 687292
584407 584407
529254 529254
701488 701488
332090 332090
701323 701323
101553 101553
448729 448729
806142 806142
250290 250290
670273 670273
483090 483090
324891 324891
679635 679635
613472 613472
81119 81119
12699 12699
481597 481597
705167 705167
297843 297843
251788 251788
582316 582316
957374 957374
848595 848595
594432 594432
246716 246716
46613 46613
385349 385349
13227 13227
195801 195801
16289 16289
321701 321701
26749 26749
429188 429188
284890 284890
34724 34724
681907 681907
189791 189791
239977 239977
232581 232581
288610 288610
193164 193164
106183 106183
207201 207201
9315 9315
285581 285581
15993 15993
243595 243595
109808 109808
754789 754789
523704 523704
53707 53707
251160 251160
282086 282086
250858 250858
327082 327082
183457 183457
19209 19209
304617 304617
508979 508979
514349 514349
385934 385934
13011 13011
332284 332284
523910 523910
686261 686261
767597 767597
439451 439451
466517 466517
566322 566322
17772 17772
669368 669368
635354 635354
235246 235246
756384 756384
782197 782197
504047 504047
176869 176869
722665 722665
44657 44657
237561 237561
482341 482341
482777 482777
325730 325730
709143 709143
630840 630840
96045 96045
49041 49041
280118 280118
56443 56443
378789 378789
320103 320103
58814 58814
542935 542935
162023 162023
335170 335170
832604 832604
492199 492199
90310 90310
421878 421878
117778 117778
112330 112330
306830 306830
807674 807674
173813 173813
220100 220100
83407 83407
210180 210180
18967 18967
749655 749655
857561 857561
628055 628055
324366 324366
533303 533303
149914 149914
49986 49986
376751 376751
749056 749056
459787 459787
24574 24574
244634 244634
216532 216532
217301 217301
5753 5753
273403 273403
761361 761361
628001 628001
892888 892888
660396 660396
8672 8672
132889 132889
599144 599144
903441 903441
638579 638579
303339 303339
12172 12172
390831 390831
630669 630669
768204 768204
675071 675071
459448 459448
160429 160429
370359 370359
124270 124270
65903 65903
647355 647355
464323 464323
328188 328188
594850 594850
763932 763932
784923 784923
655904 655904
209407 209407
660557 660557
637562 637562
589625 589625
364137 364137
170436 170436
138973 138973
221922 221922
213636 213636
558450 558450
763553 763553
388019 388019
217045 217045
423477 423477
17171 17171
170687 170687
549815 549815
147976 147976
8674 8674
651427 651427
367577 367577
568389 568389
711572 711572
231273 231273
201091 201091
372627 372627
135412 135412
45730 45730
502465 502465
343326 343326
185190 185190
121179 121179
478838 478838
357200 357200
436731 436731
87219 87219
107960 107960
75889 75889
631047 631047
273985 273985
116696 116696
271267 271267
101122 101122
205906 205906
163175 163175
741453 741453
245045 245045
182046 182046
871632 871632
628010 628010
38023 38023
158292 158292
83808 83808
51266 51266
693109 693109
458473 458473
840332 840332
122793 122793
761905 761905
20662 20662
129691 129691
134107 134107
283403 283403
572534 572534
73905 73905
160843 160843
326284 326284
289195 289195
400774 400774
366302 366302
395974 395974
210419 210419
13794 13794
114191 114191
130835 130835
756086 756086
450188 450188
336073 336073
238870 238870
290277 290277
15723 15723
410836 410836
314663 314663
70879 70879
168121 168121
726881 726881
547364 547364
768402 768402
389871 389871
646235 646235
169033 169033
42635 42635
190669 190669
277630 277630
317897 317897
29518 29518
74206 74206
151996 151996
580803 580803
359759 359759
581513 581513
344723 344723
233537 233537
946431 946431
618722 618722
431609 431609
173713 173713
122674 122674
58103 58103
175927 175927
6056 6056
137933 137933
497163 497163
222374 222374
634769 634769
570739 570739
15761 15761
266293 266293
74037 74037
460319 460319
986610 986610
131712 131712
39452 39452
414145 414145
391549 391549
540227 540227
75278 75278
424697 424697
711502 711502
306633 306633
805094 805094
534300 534300
392378 392378
634887 634887
30442 30442
511276 511276
118227 118227
460894 460894
88783 88783
727131 727131
297434 297434
389081 389081
347036 347036
30848 30848
213601 213601
61369 61369
560365 560365
764562 764562
615453 615453
86493 86493
804359 804359
2690 2690
370584 370584
454248 454248
338571 338571
139684 139684
137385 137385
470534 470534
84736 84736
32335 32335
312711 312711
254363 254363
688448 688448
102226 102226
225439 225439
325875 325875
88394 88394
109317 109317
30062 30062
206093 206093
500044 500044
244593 244593
549729 549729
619547 619547
448947 448947
227565 227565
211542 211542
703352 703352
22390 22390
228873 228873
522651 522651
48280 48280
14570 14570
56265 56265
160624 160624
251825 251825
616175 616175
22563 22563
139734 139734
414664 414664
345277 345277
162973 162973
518569 518569
120728 120728
170825 170825
913 913
718084 718084
320495 320495
50860 50860
5432 5432
483023 483023
3154 3154
289335 289335
610251 610251
64821 64821
5032 5032
118547 118547
453127 453127
85996 85996
243812 243812
183481 183481
455918 455918
316348 316348
18879 18879
165088 165088
196551 196551
155296 155296
665722 665722
263969 263969
50875 50875
341457 341457
794679 794679
167944 167944
754836 754836
37997 37997
336235 336235
796242 796242
601663 601663
184491 184491
603530 603530
360224 360224
196305 196305
464073 464073
335417 335417
93764 93764
248891 248891
90821 90821
124077 124077
64480 64480
67392 67392
431492 431492
306685 306685
117430 117430
278986 278986
712959 712959
49506 49506
500797 500797
25382 25382
233619 233619
520554 520554
452235 452235
16712 16712
344801 344801
424453 424453
162269 162269
275134 275134
111992 111992
262280 262280
178142 178142
504508 504508
219781 219781
18438 18438
73371 73371
137034 137034
9378 9378
374182 374182
306580 306580
46733 46733
236166 236166
855876 855876
487903 487903
78942 78942
300871 300871
236863 236863
654140 654140
754730 754730
34365 34365
98433 98433
889626 889626
15148 15148
390481 390481
147362 147362
298886 298886
241694 241694
546270 546270
180236 180236
528064 528064
48294 48294
290756 290756
740995 740995
49246 49246
339860 339860
317791 317791
183626 183626
496370 496370
170447 170447
162697 162697
89218 89218
621171 621171
46285 46285
15729 15729
804028 804028
865805 865805
191102 191102
53905 53905
104119 104119
219734 219734
101425 101425
498592 498592
252223 252223
260663 260663
77005 77005
47905 47905
574886 574886
169892 169892
286400 286400
188892 188892
870240 870240
23350 23350
425303 425303
2435 2435
201854 201854
825120 825120
56327 56327
45886 45886
400716 400716
623888 623888
465317 465317
182628 182628
278380 278380
590363 590363
498174 498174
110695 110695
253278 253278
57507 57507
231812 231812
269269 269269
41674 41674
402307 402307
454090 454090
486308 486308
10281 10281
35892 35892
36611 36611
442182 442182
29298 29298
245066 245066
261070 261070
583293 583293
296727 296727
614439 614439
97330 97330
557176 557176
165548 165548
133340 133340
158274 158274
229847 229847
296408 296408
137986 137986
25376 25376
414069 414069
547207 547207
248868 248868
102266 102266
99478 99478
63015 63015
51301 51301
295741 295741
379682 379682
135923 135923
454897 454897
203756 203756
178615 178615
696031 696031
565373 565373
466360 466360
231917 231917
452618 452618
701534 701534
196714 196714
375973 375973
89978 89978
14388 14388
586476 586476
67583 67583
580987 580987
39617 39617
38831 38831
19483 19483
175575 175575
611925 611925
617922 617922
53148 53148
607308 607308
303927 303927
305516 305516
190720 190720
456172 456172
152285 152285
727534 727534
483128 483128
286280 286280
61042 61042
83049 83049
628749 628749
813476 813476
65343 65343
96750 96750
380885 380885
80306 80306
545838 545838
191175 191175
262735 262735
135655 135655
52667 52667
241440 241440
89317 89317
47136 47136
75680 75680
399889 399889
511482 511482
643216 643216
721247 721247
517519 517519
33623 33623
321933 321933
296397 296397
270184 270184
98672 98672
35610 35610
211861 211861
569623 569623
177899 177899
588328 588328
134643 134643
432290 432290
413961 413961
178074 178074
182478 182478
849537 849537
248330 248330
795704 795704
874596 874596
76989 76989
392922 392922
320323 320323
160981 160981
186233 186233
100759 100759
624667 624667
861232 861232
65039 65039
560203 560203
129012 129012
217262 217262
198535 198535
426874 426874
163846 163846
837523 837523
526292 526292
82263 82263
604551 604551
574537 574537
7299 7299
251983 251983
35779 35779
41186 41186
5858 5858
332353 332353
878125 878125
181392 181392
555614 555614
754978 754978
372901 372901
541424 541424
102648 102648
331853 331853
551242 551242
58018 58018
286946 286946
480246 480246
240353 240353
343797 343797
329194 329194
564028 564028
505707 505707
3647 3647
33809 33809
515951 515951
373532 373532
249400 249400
467510 467510
802319 802319
149665 149665
395569 395569
600167 600167
12354 12354
166268 166268
384450 384450
43288 43288
520482 520482
193544 193544
101960 101960
139556 139556
358477 358477
188076 188076
245406 245406
379304 379304
169437 169437
209347 209347
257602 257602
907904 907904
24946 24946
79342 79342
85558 85558
94635 94635
371230 371230
205317 205317
124527 124527
353828 353828
94912 94912
677449 677449
348216 348216
43971 43971
255527 255527
18264 18264
87434 87434
215050 215050
312587 312587
128182 128182
109480 109480
658171 658171
720490 720490
416824 416824
574120 574120
268876 268876
216679 216679
207582 207582
72498 72498
292250 292250
806875 806875
304478 304478
548951 548951
435441 435441
507471 507471
303312 303312
20944 20944
267453 267453
382443 382443
473306 473306
82034 82034
117763 117763
164252 164252
12472 12472
112686 112686
164845 164845
47829 47829
592349 592349
131081 131081
94332 94332
91990 91990
8483 8483
344591 344591
576452 576452
45218 45218
464480 464480
140257 140257
427727 427727
115903 115903
5412 5412
359483 359483
772141 772141
66552 66552
29740 29740
29416 29416
26369 26369
114694 114694
289901 289901
360915 360915
454558 454558
170899 170899
83898 83898
262152 262152
492845 492845
315143 315143
240219 240219
184086 184086
64061 64061
463995 463995
323348 323348
807804 807804
516636 516636
100071 100071
662985 662985
46707 46707
294631 294631
413728 413728
293182 293182
456429 456429
727925 727925
161184 161184
503188 503188
630148 630148
305163 305163
364813 364813
276068 276068
229884 229884
321456 321456
637872 637872
154432 154432
231270 231270
586085 586085
215544 215544
487939 487939
683192 683192
138794 138794
791896 791896
213651 213651
105617 105617
62152 62152
247685 247685
47498 47498
3762 3762
477863 477863
319460 319460
715830 715830
253471 253471
286763 286763
154545 154545
752586 752586
201249 201249
132533 132533
419556 419556
237953 237953
620169 620169
845293 845293
296596 296596
27849 27849
408369 408369
258821 258821
262466 262466
28221 28221
619526 619526
412912 412912
317998 317998
900706 900706
35738 35738
642611 642611
171010 171010
49638 49638
264319 264319
581348 581348
138261 138261
386104 386104
220059 220059
133436 133436
765869 765869
296207 296207
381862 381862
302341 302341
753578 753578
528019 528019
237781 237781
362670 362670
409210 409210
806555 806555
359483 359483
346139 346139
523129 523129
12543 12543
314512 314512
46245 46245
522235 522235
147504 147504
486111 486111
148550 148550
190712 190712
91056 91056
152402 152402
70795 70795
415619 415619
533144 533144
64933 64933
412880 412880
330563 330563
235015 235015
275347 275347
149975 149975
296326 296326
93961 93961
72006 72006
266595 266595
182403 182403
114514 114514
472562 472562
147860 147860
678437 678437
355001 355001
106435 106435
447107 447107
90637 90637
566420 566420
51245 51245
318564 318564
23136 23136
137071 137071
374377 374377
568377 568377
402270 402270
712670 712670
665596 665596
687620 687620
422126 422126
78160 78160
807279 807279
55575 55575
364407 364407
359245 359245
252973 252973
263607 263607
543499 543499
412760 412760
209642 209642
241742 241742
67763 67763
454262 454262
940962 940962
62110 62110
282191 282191
325724 325724
332389 332389
182658 182658
389976 389976
303074 303074
477629 477629
419129 419129
202012 202012
67088 67088
142853 142853
189841 189841
328915 328915
1417 1417
333324 333324
539196 539196
571514 571514
835996 835996
269513 269513
5669 5669
42799 42799
67115 67115
569086 569086
73474 73474
77038 77038
652457 652457
359248 359248
229426 229426
214133 214133
510410 510410
409495 409495
178088 178088
57892 57892
136820 136820
354050 354050
148165 148165
651472 651472
283735 283735
785583 785583
405641 405641
930880 930880
361320 361320
930151 930151
707014 707014
168598 168598
421372 421372
158413 158413
320636 320636
288045 288045
337444 337444
653534 653534
690706 690706
78163 78163
287385 287385
550906 550906
85290 85290
554570 554570
353223 353223
562621 562621
475145 475145
182972 182972
592726 592726
196601 196601
540490 540490
775180 775180
188524 188524
667923 667923
378826 378826
95191 95191
253351 253351
635930 635930
77691 77691
351074 351074
23540 23540
294582 294582
306272 306272
331629 331629
391136 391136
103017 103017
190544 190544
594760 594760
548465 548465
363987 363987
813686 813686
217674 217674
516621 516621
538695 538695
78784 78784
657944 657944
351203 351203
472143 472143
641768 641768
220836 220836
315555 315555
248880 248880
43878 43878
712734 712734
128363 128363
449913 449913
584376 584376
129173 129173
24554 24554
366263 366263
287394 287394
215049 215049
709108 709108
135810 135810
78247 78247
579149 579149
386763 386763
132581 132581
184492 184492
851380 851380
575343 575343
483867 483867
819864 819864
810135 810135
67982 67982
517522 517522
280658 280658
374343 374343
635903 635903
654178 654178
126424 126424
469346 469346
129536 129536
862940 862940
61765 61765
144725 144725
653073 653073
16208 16208
57164 57164
220169 220169
552985 552985
168688 168688
10695 10695
108534 108534
31099 31099
314799 314799
69297 69297
479156 479156
240265 240265
502020 502020
134789 134789
496995 496995
416599 416599
63851 63851
537713 537713
83935 83935
199464 199464
748136 748136
387417 387417
160344 160344
198027 198027
106538 106538
173983 173983
607835 607835
67358 67358
160598 160598
44378 44378
906001 906001
226545 226545
318054 318054
306271 306271
313228 313228
698360 698360
270547 270547
159549 159549
795392 795392
589078 589078
74345 74345
67055 67055
432631 432631
792594 792594
107187 107187
304662 304662
570022 570022
57845 57845
259267 259267
40696 40696
146358 146358
620911 620911
618678 618678
437396 437396
19635 19635
452583 452583
645653 645653
89021 89021
209107 209107
109071 109071
24254 24254
597086 597086
260746 260746
624169 624169
4665 4665
49399 49399
343213 343213
611482 611482
214495 214495
85195 85195
25488 25488
143414 143414
151369 151369
261539 261539
457327 457327
404086 404086
719653 719653
195121 195121
133741 133741
408592 408592
410289 410289
477054 477054
437706 437706
373209 373209
32104 32104
122479 122479
111576 111576
276074 276074
124051 124051
81191 81191
601383 601383
216883 216883
162853 162853
194403 194403
178791 178791
201362 201362
226034 226034
350960 350960
13337 13337
403207 403207
150048 150048
602427 602427
188895 188895
862145 862145
522850 522850
532355 532355
140376 140376
604482 604482
311955 311955
262568 262568
527369 527369
596968 596968
236087 236087
99018 99018
270995 270995
78040 78040
139161 139161
124481 124481
37774 37774
639020 639020
216414 216414
681302 681302
309804 309804
208821 208821
321875 321875
213924 213924
231595 231595
852433 852433
426989 426989
359868 359868
755141 755141
776456 776456
87910 87910
102982 102982
21291 21291
2403 2403
865086 865086
672093 672093
207794 207794
852104 852104
412295 412295
510568 510568
151003 151003
256378 256378
364901 364901
414700 414700
708379 708379
644698 644698
71073 71073
284605 284605
255697 255697
873838 873838
469860 469860
167392 167392
93493 93493
289109 289109
617437 617437
264195 264195
85041 85041
108092 108092
567373 567373
433411 433411
257490 257490
192844 192844
229334 229334
201633 201633
611635 611635
265064 265064
424111 424111
437364 437364
189 189
377200 377200
313649 313649
230449 230449
312801 312801
620812 620812
255464 255464
36583 36583
52726 52726
476428 476428
127930 127930
146603 146603
412925 412925
297385 297385
20517 20517
658213 658213
848473 848473
806618 806618
512341 512341
592455 592455
157338 157338
237206 237206
4259 4259
552299 552299
306953 306953
66466 66466
503819 503819
442643 442643
198527 198527
108538 108538
650497 650497
815462 815462
47201 47201
93269 93269
214623 214623
634967 634967
225627 225627
448371 448371
552085 552085
104285 104285
577311 577311
224978 224978
178783 178783
571234 571234
644961 644961
60571 60571
730647 730647
379658 379658
143082 143082
426255 426255
379205 379205
35283 35283
518084 518084
211707 211707
834180 834180
488753 488753
158648 158648
746026 746026
86113 86113
89498 89498
235327 235327
817814 817814
661997 661997
95296 95296
123342 123342
243961 243961
354783 354783
73230 73230
173008 173008
60368 60368
625352 625352
335975 335975
338173 338173
286401 286401
501493 501493
481321 481321
786507 786507
947389 947389
586732 586732
73277 73277
274282 274282
268601 268601
603611 603611
727229 727229
110787 110787
721201 721201
930600 930600
289182 289182
239398 239398
594644 594644
200664 200664
109026 109026
149041 149041
356323 356323
218730 218730
15048 15048
355854 355854
161075 161075
183446 183446
149478 149478
49832 49832
58615 58615
205116 205116
72120 72120
407051 407051
9294 9294
245727 245727
146968 146968
955639 955639
464234 464234
348786 348786
614540 614540
388528 388528
789046 789046
243062 243062
458734 458734
7821 7821
212521 212521
199438 199438
120406 120406
22017 22017
66716 66716
250826 250826
480812 480812
177554 177554
614911 614911
488149 488149
349369 349369
231733 231733
282752 282752
115751 115751
173957 173957
38591 38591
336785 336785
104619 104619
620258 620258
178683 178683
220171 220171
800191 800191
597181 597181
560560 560560
35786 35786
428212 428212
34334 34334
568874 568874
434510 434510
483244 483244
803175 803175
137934 137934
107793 107793
166063 166063
130040 130040
107501 107501
353297 353297
274476 274476
327842 327842
176180 176180
737492 737492
644821 644821
121980 121980
534387 534387
1356 1356
423238 423238
247556 247556
105441 105441
23657 23657
187458 187458
274510 274510
320903 320903
417792 417792
700387 700387
54183 54183
670112 670112
389534 389534
192072 192072
640704 640704
1429 1429
544518 544518
57132 57132
105432 105432
284774 284774
33624 33624
605009 605009
13855 13855
136770 136770
84454 84454
116074 116074
850447 850447
34909 34909
69984 69984
39438 39438
68003 68003
777844 777844
137217 137217
417388 417388
272892 272892
384202 384202
195028 195028
31421 31421
298905 298905
679180 679180
340155 340155
491391 491391
185858 185858
269898 269898
77247 77247
414445 414445
442415 442415
426728 426728
361543 361543
737245 737245
478838 478838
632822 632822
296459 296459
527194 527194
529392 529392
143860 143860
696572 696572
241318 241318
304217 304217
16171 16171
28445 28445
802277 802277
44920 44920
248462 248462
103891 103891
18747 18747
291090 291090
216532 216532
284646 284646
78356 78356
70970 70970
518345 518345
409933 409933
94450 94450
567901 567901
165947 165947
359530 359530
76118 76118
33077 33077
702659 702659
285018 285018
297146 297146
296768 296768
434655 434655
323367 323367
27711 27711
66 66
829286 829286
63742 63742
260509 260509
119566 119566
67206 67206
615948 615948
681713 681713
59011 59011
172773 172773
104490 104490
602648 602648
827459 827459
350977 350977
457919 457919
37764 37764
88410 88410
409882 409882
26719 26719
152288 152288
797138 797138
279154 279154
562951 562951
102395 102395
263581 263581
7288 7288
118806 118806
670150 670150
149071 149071
186261 186261
719858 719858
35610 35610
300730 300730
220360 220360
165033 165033
112268 112268
84444 84444
295071 295071
213535 213535
79340 79340
209029 209029
114607 114607
228285 228285
457627 457627
76494 76494
772576 772576
757812 757812
719206 719206
13025 13025
302301 302301
619777 619777
72752 72752
348502 348502
242476 242476
603200 603200
262985 262985
660460 660460
244023 244023
425214 425214
419171 419171
421188 421188
68781 68781
683643 683643
217182 217182
412268 412268
114161 114161
135783 135783
489977 489977
98371 98371
605472 605472
341460 341460
133566 133566
416191 416191
158558 158558
31072 31072
454224 454224
502595 502595
591059 591059
319654 319654
500405 500405
163869 163869
118181 118181
56236 56236
105162 105162
133511 133511
53289 53289
443838 443838
211086 211086
35500 35500
25197 25197
239571 239571
410386 410386
586736 586736
134727 134727
61601 61601
690706 690706
245177 245177
413722 413722
438184 438184
33091 33091
321479 321479
384345 384345
544781 544781
644590 644590
369337 369337
169544 169544
383014 383014
95689 95689
239355 239355
335 335
312780 312780
734635 734635
140241 140241
133422 133422
326880 326880
698205 698205
621972 621972
267837 267837
21673 21673
297141 297141
55850 55850
179746 179746
57744 57744
551877 551877
145141 145141
30135 30135
490159 490159
232133 232133
65788 65788
462539 462539
109242 109242
161548 161548
797250 797250
602593 602593
470666 470666
246484 246484
19992 19992
199492 199492
73025 73025
248642 248642
419198 419198
103572 103572
428285 428285
235468 235468
310418 310418
302547 302547
255321 255321
54266 54266
713193 713193
302053 302053
685732 685732
186833 186833
227312 227312
256723 256723
492571 492571
727043 727043
903113 903113
325639 325639
176730 176730
295779 295779
151642 151642
140161 140161
198440 198440
447844 447844
285288 285288
418283 418283
114667 114667
621544 621544
425413 425413
677157 677157
321190 321190
533338 533338
48162 48162
234385 234385
703712 703712
19723 19723
355589 355589
147254 147254
826596 826596
36001 36001
209960 209960
235884 235884
152320 152320
425562 425562
161729 161729
765029 765029
130761 130761
10496 10496
24003 24003
627362 627362
247386 247386
374744 374744
213126 213126
779429 779429
163608 163608
148584 148584
162260 162260
784797 784797
642821 642821
364371 364371
115965 115965
346597 346597
188506 188506
548615 548615
524686 524686
491437 491437
287852 287852
63569 63569
77769 77769
434284 434284
439264 439264
361116 361116
254285 254285
473877 473877
573116 573116
186696 186696
99301 99301
184161 184161
448783 448783
487041 487041
276162 276162
346177 346177
304912 304912
871506 871506
50220 50220
1893 1893
251245 251245
35642 35642
700210 700210
20900 20900
68877 68877
139540 139540
384449 384449
55961 55961
410996 410996
100247 100247
8975 8975
15781 15781
90146 90146
131866 131866
714973 714973
571380 571380
143246 143246
425366 425366
444314 444314
451102 451102
87899 87899
136484 136484
20134 20134
990568 990568
71852 71852
168357 168357
244256 244256
457568 457568
184506 184506
179326 179326
454450 454450
182410 182410
287370 287370
245536 245536
176683 176683
433211 433211
145626 145626
458596 458596
673379 673379
743447 743447
186390 186390
544029 544029
224118 224118
474042 474042
361131 361131
503259 503259
168136 168136
232099 232099
67606 67606
406169 406169
276761 276761
286474 286474
407956 407956
402290 402290
597856 597856
80826 80826
50072 50072
407832 407832
514615 514615
100652 100652
909502 909502
616905 616905
779761 779761
598033 598033
306435 306435
77822 77822
169378 169378
479917 479917
775558 775558
567187 567187
206523 206523
471762 471762
359752 359752
96182 96182
204522 204522
33568 33568
536939 536939
216149 216149
477946 477946
245293 245293
228692 228692
136952 136952
423728 423728
473621 473621
284886 284886
370976 370976
68233 68233
690994 690994
234059 234059
244835 244835
12709 12709
276385 276385
454991 454991
584377 584377
498323 498323
249989 249989
138286 138286
117940 117940
193059 193059
242115 242115
93848 93848
163149 163149
150035 150035
506271 506271
150925 150925
75717 75717
455137 455137
274210 274210
682055 682055
632362 632362
18922 18922
719607 719607
398313 398313
734330 734330
111642 111642
805820 805820
55855 55855
102227 102227
687674 687674
200322 200322
166868 166868
154448 154448
236605 236605
541707 541707
680322 680322
81908 81908
583517 583517
358893 358893
308382 308382
70127 70127
303150 303150
379483 379483
49204 49204
64557 64557
378305 378305
268306 268306
131605 131605
270145 270145
327634 327634
840743 840743
378940 378940
135390 135390
34259 34259
237452 237452
280500 280500
43376 43376
10008 10008
738474 738474
287190 287190
53267 53267
546739 546739
144257 144257
390516 390516
734833 734833
426340 426340
462668 462668
381771 381771
716184 716184
64887 64887
491799 491799
120349 120349
186516 186516
4757 4757
268200 268200
466193 466193
346130 346130
288291 288291
10219 10219
606557 606557
50365 50365
251339 251339
244380 244380
91042 91042
516843 516843
416201 416201
695000 695000
2819 2819
677841 677841
165354 165354
403280 403280
410597 410597
637168 637168
59055 59055
382542 382542
871265 871265
25205 25205
166142 166142
485211 485211
286995 286995
546367 546367
200543 200543
47643 47643
106702 106702
386487 386487
71458 71458
143691 143691
281687 281687
188024 188024
408485 408485
217483 217483
25758 25758
191838 191838
192907 192907
19394 19394
349382 349382
368306 368306
54071 54071
111795 111795
706757 706757
107470 107470
935283 935283
62160 62160
731758 731758
40877 40877
1505 1505
358203 358203
225496 225496
82297 82297
130699 130699
670645 670645
20603 20603
353998 353998
175316 175316
372430 372430
107973 107973
144839 144839
1990 1990
581843 581843
526889 526889
412915 412915
200608 200608
206369 206369
168692 168692
173871 173871
110486 110486
86851 86851
140808 140808
568840 568840
585237 585237
388746 388746
129815 129815
48461 48461
252072 252072
27123 27123
341806 341806
324367 324367
256849 256849
105502 105502
326989 326989
262609 262609
480352 480352
548539 548539
24392 24392
562190 562190
181280 181280
378186 378186
437571 437571
192644 192644
730329 730329
52716 52716
584353 584353
873793 873793
467279 467279
272513 272513
759610 759610
418296 418296
690946 690946
625529 625529
58324 58324
637355 637355
509991 509991
640619 640619
210706 210706
29324 29324
306509 306509
57241 57241
383111 383111
129904 129904
429956 429956
170707 170707
694745 694745
254311 254311
556296 556296
285009 285009
37575 37575
643716 643716
528744 528744
376109 376109
91647 91647
932840 932840
199591 199591
798104 798104
645375 645375
680771 680771
539353 539353
143721 143721
136919 136919
275396 275396
73726 73726
13678 13678
194298 194298
453008 453008
502782 502782
164687 164687
593055 593055
105328 105328
226437 226437
426929 426929
8124 8124
226655 226655
7085 7085
80353 80353
257818 257818
675519 675519
127336 127336
222264 222264
206582 206582
643831 643831
159520 159520
308628 308628
94744 94744
354461 354461
411938 411938
561410 561410
802349 802349
702190 702190
865661 865661
772364 772364
32733 32733
42193 42193
578469 578469
11535 11535
820143 820143
6652 6652
49555 49555
431883 431883
585544 585544
522169 522169
754488 754488
33749 33749
834172 834172
414819 414819
604102 604102
613879 613879
458123 458123
571032 571032
855797 855797
496724 496724
107540 107540
347405 347405
326649 326649
55837 55837
365772 365772
177906 177906
325594 325594
97165 97165
190635 190635
334009 334009
9760 9760
287920 287920
319676 319676
468708 468708
247000 247000
639273 639273
450643 450643
19285 19285
408322 408322
124155 124155
661566 661566
100714 100714
105990 105990
508321 508321
580348 580348
128333 128333
265737 265737
526943 526943
424659 424659
406485 406485
513109 513109
222563 222563
589157 589157
203585 203585
40338 40338
357938 357938
755933 755933
681408 681408
63592 63592
509226 509226
427753 427753
381925 381925
11971 11971
155542 155542
425829 425829
137676 137676
530818 530818
324392 324392
158787 158787
210110 210110
724912 724912
391878 391878
182636 182636
109745 109745
77931 77931
235670 235670
393178 393178
347277 347277
289730 289730
876406 876406
20720 20720
121429 121429
476047 476047
47554 47554
471757 471757
33597 33597
365347 365347
105973 105973
423857 423857
725383 725383
51246 51246
298219 298219
357266 357266
116593 116593
750653 750653
127266 127266
61910 61910
296057 296057
34856 34856
360172 360172
17775 17775
49475 49475
545122 545122
370160 370160
394731 394731
167577 167577
665634 665634
150686 150686
228380 228380
342158 342158
264680 264680
439625 439625
597692 597692
884049 884049
206774 206774
58151 58151
96569 96569
260229 260229
386962 386962
494809 494809
363531 363531
320203 320203
286490 286490
83330 83330
83671 83671
374130 374130
25306 25306
647589 647589
720448 720448
536346 536346
490816 490816
456940 456940
215237 215237
413692 413692
111297 111297
451778 451778
388321 388321
503901 503901
365523 365523
723111 723111
44439 44439
451878 451878
20432 20432
890700 890700
143363 143363
94686 94686
138473 138473
333589 333589
23692 23692
23162 23162
613098 613098
248509 248509
220369 220369
899822 899822
214119 214119
74071 74071
47737 47737
94442 94442
176635 176635
497213 497213
589052 589052
95717 95717
164222 164222
17646 17646
29004 29004
366322 366322
419342 419342
24023 24023
527485 527485
132337 132337
575195 575195
24048 24048
71940 71940
100103 100103
394901 394901
531523 531523
662578 662578
100011 100011
495918 495918
642831 642831
99372 99372
219719 219719
172174 172174
755271 755271
387789 387789
2495 2495
582929 582929
229885 229885
792011 792011
82020 82020
180317 180317
22096 22096
555761 555761
131650 131650
709799 709799
724608 724608
587820 587820
664000 664000
674258 674258
648328 648328
385829 385829
628232 628232
16682 16682
504224 504224
803897 803897
117376 117376
657099 657099
150524 150524
208849 208849
50578 50578
39927 39927
444904 444904
286192 286192
109220 109220
114231 114231
168339 168339
787683 787683
159293 159293
62169 62169
812078 812078
712790 712790
161751 161751
837150 837150
259994 259994
1155 1155
182581 182581
333984 333984
699736 699736
248096 248096
56375 56375
216533 216533
124866 124866
541017 541017
383196 383196
466048 466048
111206 111206
349326 349326
241981 241981
485521 485521
681629 681629
301056 301056
692818 692818
789079 789079
559876 559876
454187 454187
30766 30766
544899 544899
336289 336289
272115 272115
138117 138117
190431 190431
588317 588317
222428 222428
4738 4738
404053 404053
200818 200818
575947 575947
845617 845617
872300 872300
415286 415286
801335 801335
436168 436168
174852 174852
596731 596731
399312 399312
531125 531125
598469 598469
145286 145286
77331 77331
23852 23852
904792 904792
90139 90139
100203 100203
54388 54388
776211 776211
904698 904698
599675 599675
214611 214611
235642 235642
280041 280041
526273 526273
693979 693979
178369 178369
290167 290167
104051 104051
202804 202804
480372 480372
757167 757167
579402 579402
307583 307583
41766 41766
180387 180387
492634 492634
588282 588282
474349 474349
746322 746322
489517 489517
266840 266840
287448 287448
858604 858604
635782 635782
188411 188411
89040 89040
189079 189079
601596 601596
256996 256996
685185 685185
12255 12255
299653 299653
45394 45394
824343 824343
554903 554903
296114 296114
89832 89832
743876 743876
114617 114617
89178 89178
283619 283619
631378 631378
83990 83990
572188 572188
202064 202064
163702 163702
198204 198204
146240 146240
777772 777772
441501 441501
409882 409882
148606 148606
15289 15289
317873 317873
168282 168282
61911 61911
324735 324735
546855 546855
284932 284932
330072 330072
624407 624407
737400 737400
90010 90010
16835 16835
362537 362537
811205 811205
526282 526282
265189 265189
361575 361575
87108 87108
476049 476049
138741 138741
710089 710089
54580 54580
684105 684105
671173 671173
751173 751173
549194 549194
543886 543886
561352 561352
201185 201185
8084 8084
258839 258839
114267 114267
229355 229355
165876 165876
191733 191733
211637 211637
279685 279685
113454 113454
114027 114027
225817 225817
206861 206861
322546 322546
153504 153504
372302 372302
81579 81579
226277 226277
673729 673729
587933 587933
497617 497617
103954 103954
395481 395481
260799 260799
288628 288628
1644 1644
209652 209652
201015 201015
716069 716069
320364 320364
490942 490942
46665 46665
298622 298622
450873 450873
277829 277829
180393 180393
573464 573464
592834 592834
268944 268944
323363 323363
458830 458830
323917 323917
65603 65603
18412 18412
487744 487744
607559 607559
615639 615639
199389 199389
9322 9322
238158 238158
776787 776787
492271 492271
21278 21278
20432 20432
109928 109928
149251 149251
237363 237363
752124 752124
357154 357154
945137 945137
7761 7761
524311 524311
736278 736278
331156 331156
75702 75702
168441 168441
471154 471154
115898 115898
16576 16576
322796 322796
587717 587717
648922 648922
614694 614694
934994 934994
938546 938546
617866 617866
470807 470807
240522 240522
356614 356614
468709 468709
463853 463853
145110 145110
462440 462440
437242 437242
632345 632345
307932 307932
10758 10758
37971 37971
55544 55544
461566 461566
148294 148294
296228 296228
160522 160522
303132 303132
501000 501000
100454 100454
284421 284421
324022 324022
500913 500913
400974 400974
60788 60788
918949 918949
618609 618609
578404 578404
97968 97968
27423 27423
311648 311648
126115 126115
281161 281161
312375 312375
86671 86671
523 523
55462 55462
23680 23680
336738 336738
538763 538763
348599 348599
382788 382788
25014 25014
70065 70065
643729 643729
310888 310888
104610 104610
367017 367017
423226 423226
562057 562057
32713 32713
79381 79381
178090 178090
223454 223454
512369 512369
287395 287395
589142 589142
387335 387335
241740 241740
635544 635544
31387 31387
611534 611534
47155 47155
126970 126970
358365 358365
144081 144081
58192 58192
214793 214793
793642 793642
463683 463683
128723 128723
313347 313347
645433 645433
128905 128905
314754 314754
713573 713573
630745 630745
258536 258536
305670 305670
273852 273852
356096 356096
66582 66582
448871 448871
21871 21871
796952 796952
43360 43360
472140 472140
118209 118209
575797 575797
204271 204271
518497 518497
149684 149684
188071 188071
111381 111381
278771 278771
419849 419849
116075 116075
590199 590199
507585 507585
648264 648264
249526 249526
401663 401663
501658 501658
165949 165949
833431 833431
493403 493403
476736 476736
368380 368380
338179 338179
437873 437873
679051 679051
412725 412725
72909 72909
642352 642352
360398 360398
119783 119783
660815 660815
231340 231340
281884 281884
139817 139817
56688 56688
248851 248851
553155 553155
107927 107927
872290 872290
341781 341781
152538 152538
90899 90899
85786 85786
751620 751620
470153 470153
524548 524548
778622 778622
111905 111905
843459 843459
272101 272101
145294 145294
839963 839963
49324 49324
19710 19710
93629 93629
41669 41669
48564 48564
410650 410650
382337 382337
196479 196479
119822 119822
117110 117110
115779 115779
818063 818063
502184 502184
337939 337939
475997 475997
60468 60468
674104 674104
316014 316014
258571 258571
217851 217851
217351 217351
260716 260716
178483 178483
58158 58158
201827 201827
427317 427317
409040 409040
77678 77678
602804 602804
229777 229777
241894 241894
797216 797216
696574 696574
494482 494482
92040 92040
429200 429200
275394 275394
105905 105905
67920 67920
258646 258646
287546 287546
282469 282469
920518 920518
427207 427207
679161 679161
274324 274324
420179 420179
170282 170282
411894 411894
628808 628808
341175 341175
682931 682931
431533 431533
63978 63978
524339 524339
549463 549463
65580 65580
193568 193568
19068 19068
283251 283251
166088 166088
380160 380160
644302 644302
102701 102701
319830 319830
36904 36904
792369 792369
85983 85983
900012 900012
113058 113058
287610 287610
232887 232887
524849 524849
87644 87644
229480 229480
190030 190030
207865 207865
694630 694630
30950 30950
175854 175854
103040 103040
506912 506912
569555 569555
97982 97982
170008 170008
150312 150312
217830 217830
386523 386523
257820 257820
245548 245548
836013 836013
84039 84039
349555 349555
168907 168907
310495 310495
478195 478195
219858 219858
261928 261928
342597 342597
276441 276441
848622 848622
323357 323357
113228 113228
942721 942721
216603 216603
194752 194752
246708 246708
483376 483376
164207 164207
94430 94430
229018 229018
380857 380857
912220 912220
71946 71946
515687 515687
142950 142950
303230 303230
35497 35497
204811 204811
364402 364402
90320 90320
71850 71850
373521 373521
324879 324879
198722 198722
433868 433868
277644 277644
213878 213878
322292 322292
15371 15371
188367 188367
95327 95327
304841 304841
503133 503133
334763 334763
851597 851597
41724 41724
3785 3785
15640 15640
556598 556598
3323 3323
220188 220188
302669 302669
394503 394503
72602 72602
127329 127329
264696 264696
235072 235072
539743 539743
172402 172402
418286 418286
271459 271459
331015 331015
141761 141761
343867 343867
585063 585063
168217 168217
69046 69046
392361 392361
17089 17089
818984 818984
225395 225395
410257 410257
328233 328233
412238 412238
790479 790479
750999 750999
44789 44789
4758 4758
23567 23567
16533 16533
736803 736803
658199 658199
687995 687995
717922 717922
854448 854448
102131 102131
96573 96573
82857 82857
373019 373019
124788 124788
849749 849749
440440 440440
365819 365819
302917 302917
180028 180028
450534 450534
347511 347511
106260 106260
675493 675493
361395 361395
191048 191048
872737 872737
384478 384478
132373 132373
375260 375260
450780 450780
719650 719650
417727 417727
634023 634023
471053 471053
203540 203540
156779 156779
24349 24349
72034 72034
203061 203061
104331 104331
113157 113157
175334 175334
20212 20212
625557 625557
499198 499198
295409 295409
74358 74358
872290 872290
281824 281824
425189 425189
58388 58388
291653 291653
481935 481935
723889 723889
111468 111468
724319 724319
206977 206977
105355 105355
144481 144481
1648 1648
439010 439010
192593 192593
471909 471909
355478 355478
329556 329556
141427 141427
215207 215207
295865 295865
331199 331199
308831 308831
64763 64763
632074 632074
361289 361289
330930 330930
605781 605781
129862 129862
287656 287656
637379 637379
142107 142107
621411 621411
256596 256596
317881 317881
33059 33059
859588 859588
356150 356150
352819 352819
230092 230092
695732 695732
53140 53140
105339 105339
138398 138398
86003 86003
557540 557540
165859 165859
417661 417661
125549 125549
171837 171837
309915 309915
237080 237080
149886 149886
341107 341107
138910 138910
832234 832234
16984 16984
64866 64866
73813 73813
242969 242969
907089 907089
821697 821697
56386 56386
31836 31836
165900 165900
153702 153702
86522 86522
595522 595522
861678 861678
120036 120036
393597 393597
246602 246602
684942 684942
273795 273795
291946 291946
159357 159357
312146 312146
263799 263799
483930 483930
206263 206263
348125 348125
508191 508191
445632 445632
89625 89625
199773 199773
440991 440991
281000 281000
260481 260481
510368 510368
723101 723101
632319 632319
562017 562017
236597 236597
801164 801164
474695 474695
558894 558894
225070 225070
447266 447266
453421 453421
380589 380589
383681 383681
112260 112260
468665 468665
71672 71672
335414 335414
144804 144804
64434 64434
76668 76668
367915 367915
727974 727974
47792 47792
102990 102990
754659 754659
280026 280026
809949 809949
438981 438981
32516 32516
331042 331042
205649 205649
576255 576255
37014 37014
574589 574589
268513 268513
275758 275758
221144 221144
264007 264007
106039 106039
533528 533528
68022 68022
393686 393686
122546 122546
220270 220270
323232 323232
674260 674260
222041 222041
354449 354449
556884 556884
23110 23110
366545 366545
878506 878506
696103 696103
228810 228810
556255 556255
584682 584682
402306 402306
536540 536540
793501 793501
202481 202481
180 180
307669 307669
174448 174448
380162 380162
477777 477777
589053 589053
431920 431920
47139 47139
805195 805195
232279 232279
70627 70627
58841 58841
11770 11770
403023 403023
419562 419562
210346 210346
330131 330131
506128 506128
23992 23992
280553 280553
87759 87759
329089 329089
686622 686622
39209 39209
232413 232413
34764 34764
123627 123627
299213 299213
291633 291633
446302 446302
792017 792017
260982 260982
262643 262643
832257 832257
381598 381598
30546 30546
401336 401336
504742 504742
360684 360684
739701 739701
27958 27958
138855 138855
112567 112567
92562 92562
505325 505325
356565 356565
77397 77397
175971 175971
196297 196297
491647 491647
61333 61333
133464 133464
368916 368916
86933 86933
222790 222790
425130 425130
62266 62266
46758 46758
163061 163061
111847 111847
133337 133337
415125 415125
540609 540609
733678 733678
409747 409747
131908 131908
178368 178368
511718 511718
468709 468709
568311 568311
218484 218484
148320 148320
725581 725581
327891 327891
342640 342640
97457 97457
257428 257428
679142 679142
131047 131047
760338 760338
695664 695664
553729 553729
59025 59025
230325 230325
661519 661519
522616 522616
18104 18104
425732 425732
577805 577805
67566 67566
27690 27690
104633 104633
323133 323133
657079 657079
105548 105548
343174 343174
70260 70260
611668 611668
360125 360125
243839 243839
394203 394203
282520 282520
238147 238147
439971 439971
241018 241018
72676 72676
738954 738954
864727 864727
117920 117920
15008 15008
142020 142020
279524 279524
163729 163729
202065 202065
486993 486993
207594 207594
170053 170053
464056 464056
114390 114390
254124 254124
65979 65979
402046 402046
276262 276262
270160 270160
6920 6920
121166 121166
328211 328211
360488 360488
206176 206176
640951 640951
231762 231762
529972 529972
614465 614465
361414 361414
842611 842611
522294 522294
815641 815641
746790 746790
33071 33071
151367 151367
49043 49043
9568 9568
112137 112137
25228 25228
327959 327959
12250 12250
95461 95461
829474 829474
270520 270520
483999 483999
398105 398105
15730 15730
160218 160218
30413 30413
657011 657011
192192 192192
653087 653087
83834 83834
251581 251581
165046 165046
380394 380394
36533 36533
212367 212367
527807 527807
794822 794822
600536 600536
163766 163766
150655 150655
148433 148433
252098 252098
10856 10856
518722 518722
503446 503446
18636 18636
248817 248817
308641 308641
338 338
174677 174677
393449 393449
473247 473247
231560 231560
377231 377231
18131 18131
420669 420669
302696 302696
135758 135758
258340 258340
658188 658188
324626 324626
177037 177037
386643 386643
173325 173325
36065 36065
237797 237797
294741 294741
179098 179098
477762 477762
818008 818008
480105 480105
496017 496017
249661 249661
35156 35156
44582 44582
19787 19787
81973 81973
248977 248977
668227 668227
604471 604471
458615 458615
359853 359853
345808 345808
463409 463409
294308 294308
520198 520198
378956 378956
288890 288890
447452 447452
333901 333901
427189 427189
139381 139381
376242 376242
134498 134498
91125 91125
126938 126938
773825 773825
799658 799658
804118 804118
176531 176531
105606 105606
278531 278531
82059 82059
218706 218706
870643 870643
593923 593923
429805 429805
121281 121281
517424 517424
268769 268769
89429 89429
525714 525714
120001 120001
486408 486408
143163 143163
186836 186836
15359 15359
889100 889100
151907 151907
104583 104583
346503 346503
165330 165330
282086 282086
9971 9971
332238 332238
750064 750064
87648 87648
88904 88904
268757 268757
146726 146726
114733 114733
534215 534215
726470 726470
286708 286708
103090 103090
104507 104507
168759 168759
382256 382256
77425 77425
131597 131597
294139 294139
229 229
376299 376299
523524 523524
209260 209260
353099 353099
835394 835394
142297 142297
116069 116069
245429 245429
74227 74227
232189 232189
162780 162780
166356 166356
736301 736301
165879 165879
569369 569369
76146 76146
687722 687722
595154 595154
449249 449249
340259 340259
88512 88512
159360 159360
354418 354418
73819 73819
257704 257704
185427 185427
164916 164916
126864 126864
565887 565887
174687 174687
125729 125729
720170 720170
50472 50472
19395 19395
177281 177281
118416 118416
138126 138126
275897 275897
52736 52736
705935 705935
146257 146257
552873 552873
417173 417173
23578 23578
86689 86689
397295 397295
592556 592556
235256 235256
250439 250439
377810 377810
257123 257123
58406 58406
142806 142806
161270 161270
108877 108877
392237 392237
633262 633262
41000 41000
722327 722327
255583 255583
10788 10788
289959 289959
91065 91065
658431 658431
366002 366002
187121 187121
278498 278498
455675 455675
126944 126944
23468 23468
390910 390910
200813 200813
375960 375960
111074 111074
249882 249882
386287 386287
310396 310396
139208 139208
529616 529616
437816 437816
247529 247529
310344 310344
55719 55719
194527 194527
175252 175252
102727 102727
197306 197306
210682 210682
404070 404070
332009 332009
597808 597808
91893 91893
793373 793373
35033 35033
48649 48649
652806 652806
397065 397065
506353 506353
769018 769018
152734 152734
311033 311033
461723 461723
36265 36265
121764 121764
830412 830412
609617 609617
109621 109621
737257 737257
206262 206262
820407 820407
110423 110423
602407 602407
414850 414850
273721 273721
484048 484048
120769 120769
131371 131371
79057 79057
118455 118455
484847 484847
202235 202235
667982 667982
105298 105298
900255 900255
285299 285299
153080 153080
37179 37179
271575 271575
232392 232392
33962 33962
623574 623574
179157 179157
29394 29394
509055 509055
348935 348935
125951 125951
556263 556263
192302 192302
827962 827962
277652 277652
123752 123752
508813 508813
543026 543026
831486 831486
499002 499002
224534 224534
436214 436214
71325 71325
664486 664486
400941 400941
718516 718516
183326 183326
115677 115677
36326 36326
339591 339591
750925 750925
379660 379660
41038 41038
520432 520432
40318 40318
237422 237422
531757 531757
307244 307244
402043 402043
293083 293083
229367 229367
282352 282352
39805 39805
59480 59480
660081 660081
215412 215412
380264 380264
35287 35287
354308 354308
922939 922939
66129 66129
588491 588491
90549 90549
422653 422653
60454 60454
22118 22118
140610 140610
269176 269176
382493 382493
379945 379945
497490 497490
239832 239832
22765 22765
598744 598744
55355 55355
59640 59640
379415 379415
173776 173776
414283 414283
66142 66142
770232 770232
111851 111851
340570 340570
308384 308384
440332 440332
468388 468388
150472 150472
243234 243234
304278 304278
340350 340350
313426 313426
73377 73377
368877 368877
18751 18751
621394 621394
149244 149244
107076 107076
71363 71363
764328 764328
398414 398414
279361 279361
610972 610972
49198 49198
92668 92668
848543 848543
237867 237867
232684 232684
50432 50432
420743 420743
416438 416438
495074 495074
298489 298489
728405 728405
671125 671125
424212 424212
16606 16606
416602 416602
163840 163840
255093 255093
192677 192677
544090 544090
288348 288348
94129 94129
170766 170766
645693 645693
147284 147284
86313 86313
489128 489128
446732 446732
8164 8164
210606 210606
180078 180078
470585 470585
677376 677376
74860 74860
264250 264250
134949 134949
364975 364975
208667 208667
224985 224985
267145 267145
222738 222738
443892 443892
691028 691028
703951 703951
173545 173545
679218 679218
724116 724116
501885 501885
263585 263585
486693 486693
17550 17550
170297 170297
422549 422549
174759 174759
563461 563461
93215 93215
497267 497267
147292 147292
362130 362130
376130 376130
694974 694974
263273 263273
52377 52377
206768 206768
348672 348672
121356 121356
242178 242178
482064 482064
140881 140881
53908 53908
848053 848053
220831 220831
681187 681187
161948 161948
669435 669435
22315 22315
185439 185439
290112 290112
596807 596807
847304 847304
399208 399208
964675 964675
538555 538555
837927 837927
398059 398059
100519 100519
55005 55005
135335 135335
538361 538361
496410 496410
33436 33436
677429 677429
331733 331733
323029 323029
543176 543176
668810 668810
538730 538730
813757 813757
503592 503592
483665 483665
95244 95244
419489 419489
642517 642517
5508 5508
510828 510828
113860 113860
165896 165896
485521 485521
350582 350582
254082 254082
300199 300199
227899 227899
158968 158968
43497 43497
956064 956064
288320 288320
2621 2621
41641 41641
659377 659377
621478 621478
36572 36572
485084 485084
319674 319674
56604 56604
392149 392149
316473 316473
437173 437173
486124 486124
27331 27331
84297 84297
543976 543976
370774 370774
112780 112780
464569 464569
462957 462957
90709 90709
452541 452541
38672 38672
516707 516707
483770 483770
755441 755441
124728 124728
555958 555958
111798 111798
26302 26302
739983 739983
700236 700236
383731 383731
482528 482528
770741 770741
186854 186854
27202 27202
114284 114284
451670 451670
323610 323610
422849 422849
150615 150615
3672 3672
158745 158745
559741 559741
636828 636828
212520 212520
111733 111733
633564 633564
287000 287000
349273 349273
81114 81114
147006 147006
319437 319437
500834 500834
575467 575467
594693 594693
378029 378029
638823 638823
106215 106215
105510 105510
554837 554837
524989 524989
106907 106907
903129 903129
304543 304543
308412 308412
450619 450619
382451 382451
610333 610333
501863 501863
20500 20500
765973 765973
817630 817630
213141 213141
302497 302497
436197 436197
26324 26324
837402 837402
601145 601145
520002 520002
580087 580087
248135 248135
180266 180266
399670 399670
22651 22651
669287 669287
53171 53171
164861 164861
361125 361125
391606 391606
590214 590214
151025 151025
73489 73489
99132 99132
159519 159519
647530 647530
157864 157864
172295 172295
75632 75632
283318 283318
466063 466063
606301 606301
137529 137529
2569 2569
236654 236654
668679 668679
152078 152078
220968 220968
411182 411182
286671 286671
169938 169938
445630 445630
441696 441696
623617 623617
329264 329264
177469 177469
141520 141520
748759 748759
266668 266668
812513 812513
132013 132013
567635 567635
593532 593532
284154 284154
394789 394789
447468 447468
87426 87426
265754 265754
466163 466163
447391 447391
189995 189995
293792 293792
2079 2079
185548 185548
583194 583194
165094 165094
619164 619164
119203 119203
621118 621118
104247 104247
78023 78023
100106 100106
836970 836970
813840 813840
619861 619861
53880 53880
438007 438007
21740 21740
226310 226310
810001 810001
331501 331501
211731 211731
221393 221393
22798 22798
122736 122736
710059 710059
258589 258589
178537 178537
319930 319930
3152 3152
142726 142726
203188 203188
529510 529510
696244 696244
781689 781689
12388 12388
214934 214934
742805 742805
43094 43094
12321 12321
218766 218766
828675 828675
167932 167932
283285 283285
850575 850575
70663 70663
66021 66021
494 494
477865 477865
159917 159917
152032 152032
241978 241978
696460 696460
494041 494041
215125 215125
519223 519223
86877 86877
423988 423988
627702 627702
178128 178128
37872 37872
626699 626699
156022 156022
133305 133305
287635 287635
527398 527398
717336 717336
379160 379160
464676 464676
81584 81584
323249 323249
8854 8854
780000 780000
866928 866928
526362 526362
364730 364730
270119 270119
687265 687265
615395 615395
45789 45789
12398 12398
326899 326899
704717 704717
35639 35639
24057 24057
90011 90011
15324 15324
13161 13161
276501 276501
538434 538434
306124 306124
564824 564824
135335 135335
23481 23481
446467 446467
102848 102848
303442 303442
221577 221577
94136 94136
456433 456433
624591 624591
292708 292708
44850 44850
29113 29113
85622 85622
129317 129317
305565 305565
347328 347328
527615 527615
803735 803735
360618 360618
410094 410094
351821 351821
84782 84782
535058 535058
52943 52943
279022 279022
76743 76743
80039 80039
36309 36309
117019 117019
52164 52164
747570 747570
875911 875911
73075 73075
384839 384839
403427 403427
11117 11117
680542 680542
341075 341075
704065 704065
698018 698018
149154 149154
617798 617798
14091 14091
459729 459729
75616 75616
241347 241347
233834 233834
506977 506977
307 307
432307 432307
399800 399800
122236 122236
347680 347680
384463 384463
412657 412657
522669 522669
896419 896419
330964 330964
450166 450166
216886 216886
680403 680403
213390 213390
362326 362326
325210 325210
213642 213642
278495 278495
244695 244695
344960 344960
422931 422931
133287 133287
762111 762111
22546 22546
210080 210080
246239 246239
183087 183087
273606 273606
252210 252210
53810 53810
166031 166031
181663 181663
455128 455128
500140 500140
430991 430991
476772 476772
136025 136025
407771 407771
564435 564435
501831 501831
26614 26614
229352 229352
174736 174736
428583 428583
211750 211750
27791 27791
152033 152033
76184 76184
434653 434653
451171 451171
146157 146157
268530 268530
814581 814581
779545 779545
374385 374385
438667 438667
26072 26072
150628 150628
467826 467826
774133 774133
154843 154843
371482 371482
78070 78070
474308 474308
449631 449631
34815 34815
888489 888489
64384 64384
529107 529107
12490 12490
282370 282370
65677 65677
121109 121109
248515 248515
123875 123875
569094 569094
175465 175465
419627 419627
561292 561292
371638 371638
462364 462364
95686 95686
154660 154660
172725 172725
832431 832431
269246 269246
473502 473502
297754 297754
368463 368463
165743 165743
643498 643498
395149 395149
118230 118230
110076 110076
278141 278141
201178 201178
630821 630821
806426 806426
274842 274842
143644 143644
144674 144674
435853 435853
837189 837189
342313 342313
70988 70988
202032 202032
59202 59202
43026 43026
467919 467919
134653 134653
342250 342250
223288 223288
399478 399478
495190 495190
528941 528941
364222 364222
131531 131531
231615 231615
319844 319844
444578 444578
465472 465472
102168 102168
45671 45671
492885 492885
379023 379023
317813 317813
476910 476910
167059 167059
861500 861500
333118 333118
815082 815082
41282 41282
162747 162747
298607 298607
280681 280681
223771 223771
173337 173337
206388 206388
329939 329939
425795 425795
628322 628322
21157 21157
219172 219172
167712 167712
378855 378855
132999 132999
962052 962052
29773 29773
226146 226146
109041 109041
156683 156683
14135 14135
67126 67126
505796 505796
593229 593229
277024 277024
810081 810081
377971 377971
156731 156731
43264 43264
118539 118539
193179 193179
187613 187613
99487 99487
69605 69605
786902 786902
765513 765513
199141 199141
656910 656910
800659 800659
649077 649077
212745 212745
424741 424741
115679 115679
239024 239024
780787 780787
360415 360415
71887 71887
921157 921157
366718 366718
312031 312031
486643 486643
164451 164451
20876 20876
801291 801291
152493 152493
1263 1263
36767 36767
229303 229303
139482 139482
125720 125720
90893 90893
28230 28230
512281 512281
245470 245470
84820 84820
774338 774338
145504 145504
644115 644115
405114 405114
235827 235827
199160 199160
36679 36679
876490 876490
327943 327943
204634 204634
306051 306051
164887 164887
371676 371676
527980 527980
323941 323941
587980 587980
610640 610640
478873 478873
39908 39908
152775 152775
94538 94538
28252 28252
109797 109797
42794 42794
100260 100260
801380 801380
2319 2319
89775 89775
540555 540555
138102 138102
736859 736859
219661 219661
310361 310361
34449 34449
168260 168260
522196 522196
90505 90505
256130 256130
259011 259011
558533 558533
917908 917908
471988 471988
123602 123602
211979 211979
18103 18103
29460 29460
174051 174051
61048 61048
137621 137621
362277 362277
440078 440078
478462 478462
248347 248347
429750 429750
79214 79214
540747 540747
445714 445714
325954 325954
283717 283717
117172 117172
313203 313203
49749 49749
613053 613053
909283 909283
287674 287674
335183 335183
189701 189701
314111 314111
551802 551802
486124 486124
11009 11009
182638 182638
63016 63016
12476 12476
695339 695339
435850 435850
210980 210980
1187 1187
118768 118768
23000 23000
266943 266943
15589 15589
114515 114515
518094 518094
171106 171106
661 661
726113 726113
440639 440639
620750 620750
343754 343754
456126 456126
2971 2971
21435 21435
690078 690078
165385 165385
180395 180395
79257 79257
506906 506906
13522 13522
22929 22929
618618 618618
438622 438622
413381 413381
131195 131195
470726 470726
35096 35096
377909 377909
1043 1043
64640 64640
332147 332147
229890 229890
443973 443973
277879 277879
83211 83211
618741 618741
592877 592877
369099 369099
345601 345601
152394 152394
353530 353530
265104 265104
615124 615124
366313 366313
549362 549362
590665 590665
242270 242270
92773 92773
330978 330978
393808 393808
624186 624186
155064 155064
564248 564248
443978 443978
67740 67740
834251 834251
256379 256379
448730 448730
314317 314317
25873 25873
327951 327951
47987 47987
212314 212314
461685 461685
203916 203916
127807 127807
115130 115130
433366 433366
717300 717300
450206 450206
261985 261985
195472 195472
70237 70237
528494 528494
736507 736507
88666 88666
214755 214755
147303 147303
910580 910580
820100 820100
292477 292477
446348 446348
221959 221959
515467 515467
912081 912081
388452 388452
789996 789996
12485 12485
253219 253219
356401 356401
552020 552020
296065 296065
511090 511090
815679 815679
330399 330399
605560 605560
3318 3318
746341 746341
384303 384303
14825 14825
781944 781944
882980 882980
607326 607326
547093 547093
462483 462483
589596 589596
496606 496606
218883 218883
502351 502351
748804 748804
319112 319112
677579 677579
116515 116515
22607 22607
77882 77882
452984 452984
131777 131777
269809 269809
249185 249185
313917 313917
220096 220096
22996 22996
315379 315379
251923 251923
123547 123547
656330 656330
578372 578372
23872 23872
134778 134778
151434 151434
376480 376480
288296 288296
236231 236231
79299 79299
536303 536303
256957 256957
161100 161100
527073 527073
294965 294965
472680 472680
511093 511093
137292 137292
725572 725572
342313 342313
540109 540109
421874 421874
40593 40593
42461 42461
134297 134297
367495 367495
844572 844572
103599 103599
127813 127813
170969 170969
663242 663242
589785 589785
632731 632731
733591 733591
334908 334908
143503 143503
425210 425210
478889 478889
160481 160481
53612 53612
264765 264765
282311 282311
596873 596873
85942 85942
188296 188296
756808 756808
328836 328836
52066 52066
192547 192547
772326 772326
574782 574782
100908 100908
523613 523613
113842 113842
262149 262149
554321 554321
742031 742031
140306 140306
388913 388913
595878 595878
430869 430869
474953 474953
416741 416741
794880 794880
169179 169179
346105 346105
275033 275033
53972 53972
456106 456106
348760 348760
323214 323214
140881 140881
315928 315928
909800 909800
586321 586321
28992 28992
11997 11997
154157 154157
829277 829277
509709 509709
52865 52865
636866 636866
635447 635447
271750 271750
246341 246341
416098 416098
282689 282689
336909 336909
411008 411008
516514 516514
3217 3217
289005 289005
766157 766157
150881 150881
125589 125589
9651 9651
99104 99104
515150 515150
601396 601396
581247 581247
147972 147972
258275 258275
462605 462605
111367 111367
14062 14062
71850 71850
232256 232256
323330 323330
615409 615409
402953 402953
529548 529548
729299 729299
41051 41051
468728 468728
552304 552304
310874 310874
699049 699049
325221 325221
396949 396949
443770 443770
21785 21785
53568 53568
64269 64269
54540 54540
132920 132920
43576 43576
275566 275566
550034 550034
796505 796505
725737 725737
489616 489616
357565 357565
326872 326872
228506 228506
588212 588212
498315 498315
146351 146351
714465 714465
360023 360023
24175 24175
178133 178133
454501 454501
460194 460194
530644 530644
61142 61142
63644 63644
401086 401086
844231 844231
213244 213244
51454 51454
899679 899679
32870 32870
779182 779182
447286 447286
231946 231946
26976 26976
328053 328053
119636 119636
291063 291063
223260 223260
239325 239325
39063 39063
66147 66147
32214 32214
677772 677772
188097 188097
406908 406908
415931 415931
444633 444633
226534 226534
47017 47017
64437 64437
326734 326734
32565 32565
387704 387704
832793 832793
397593 397593
67518 67518
438791 438791
129894 129894
654079 654079
748189 748189
677239 677239
539370 539370
478637 478637
803347 803347
385141 385141
141517 141517
162280 162280
661205 661205
248638 248638
109672 109672
455877 455877
113847 113847
283094 283094
96480 96480
328827 328827
680418 680418
267261 267261
91212 91212
132575 132575
217190 217190
362605 362605
16592 16592
659812 659812
125636 125636
25420 25420
162673 162673
172293 172293
443958 443958
264890 264890
161018 161018
289800 289800
649192 649192
384734 384734
510453 510453
199672 199672
401060 401060
286808 286808
20415 20415
735169 735169
638785 638785
159128 159128
16300 16300
210934 210934
125310 125310
54268 54268
160039 160039
523642 523642
268190 268190
76090 76090
223429 223429
351088 351088
541232 541232
233687 233687
256636 256636
75684 75684
52261 52261
425797 425797
261566 261566
380555 380555
31733 31733
821990 821990
409248 409248
181126 181126
200759 200759
402711 402711
667514 667514
601429 601429
278313 278313
412838 412838
19915 19915
289978 289978
819506 819506
47946 47946
44247 44247
165675 165675
197871 197871
289560 289560
857193 857193
29051 29051
15117 15117
721224 721224
201447 201447
788748 788748
895704 895704
626425 626425
161458 161458
98462 98462
536574 536574
448047 448047
223 223
250163 250163
186045 186045
262576 262576
339963 339963
650754 650754
119040 119040
410882 410882
574390 574390
167716 167716
226271 226271
349618 349618
189466 189466
70443 70443
493986 493986
296497 296497
530399 530399
499415 499415
78825 78825
433670 433670
647973 647973
261102 261102
118849 118849
30675 30675
195422 195422
924770 924770
467933 467933
174739 174739
74367 74367
7807 7807
96171 96171
4523 4523
617316 617316
240062 240062
81103 81103
13758 13758
580430 580430
305542 305542
876712 876712
6548 6548
753807 753807
687261 687261
394000 394000
234768 234768
644687 644687
533050 533050
163924 163924
95067 95067
53992 53992
665206 665206
13103 13103
430917 430917
142233 142233
420920 420920
446839 446839
67669 67669
9312 9312
512409 512409
104775 104775
191197 191197
182074 182074
36569 36569
317616 317616
571147 571147
294458 294458
679067 679067
203486 203486
51129 51129
809727 809727
237542 237542
126790 126790
473227 473227
576352 576352
68181 68181
8638 8638
726049 726049
403652 403652
147670 147670
8371 8371
570238 570238
2343 2343
124169 124169
340717 340717
630108 630108
166940 166940
127232 127232
50917 50917
108192 108192
134967 134967
154042 154042
242213 242213
347340 347340
231100 231100
80437 80437
41630 41630
604130 604130
187113 187113
54090 54090
184425 184425
315901 315901
153500 153500
213183 213183
721692 721692
171256 171256
30901 30901
113886 113886
573244 573244
466396 466396
337451 337451
150387 150387
470440 470440
335271 335271
32565 32565
651153 651153
477409 477409
176244 176244
371307 371307
257223 257223
540084 540084
60408 60408
115984 115984
250794 250794
264668 264668
629075 629075
538063 538063
241188 241188
910005 910005
300631 300631
669406 669406
64814 64814
377796 377796
245173 245173
486317 486317
317507 317507
33763 33763
10415 10415
157278 157278
188443 188443
631736 631736
222720 222720
12686 12686
384970 384970
395421 395421
69240 69240
863697 863697
536395 536395
558647 558647
130201 130201
667738 667738
10915 10915
104904 104904
128254 128254
434993 434993
571340 571340
280594 280594
412831 412831
213676 213676
20400 20400
315387 315387
294788 294788
22467 22467
15293 15293
829689 829689
110696 110696
54471 54471
749462 749462
113554 113554
101185 101185
190383 190383
66790 66790
493279 493279
647376 647376
87485 87485
510527 510527
397672 397672
56831 56831
629290 629290
377231 377231
202141 202141
759473 759473
205580 205580
286904 286904
584471 584471
399037 399037
620201 620201
456865 456865
243437 243437
397464 397464
280685 280685
118499 118499
117863 117863
658072 658072
410651 410651
591347 591347
460083 460083
162658 162658
420785 420785
111063 111063
387876 387876
821730 821730
190860 190860
45536 45536
88383 88383
79306 79306
527344 527344
563142 563142
117326 117326
11581 11581
219508 219508
317876 317876
55168 55168
64892 64892
295154 295154
846588 846588
233971 233971
56779 56779
124084 124084
219168 219168
268208 268208
82599 82599
398839 398839
108467 108467
734856 734856
395696 395696
567140 567140
565966 565966
515741 515741
240313 240313
102825 102825
231723 231723
265773 265773
123205 123205
271186 271186
243289 243289
140764 140764
378489 378489
170390 170390
233816 233816
652271 652271
92676 92676
663767 663767
229505 229505
385820 385820
603492 603492
6936 6936
349789 349789
516295 516295
18986 18986
263331 263331
276973 276973
217137 217137
184555 184555
120340 120340
718592 718592
127316 127316
91022 91022
179869 179869
333614 333614
435852 435852
286086 286086
33887 33887
726489 726489
148605 148605
81957 81957
675104 675104
338268 338268
327228 327228
595113 595113
381438 381438
28868 28868
809470 809470
675846 675846
118299 118299
18546 18546
165768 165768
645180 645180
60570 60570
387471 387471
914430 914430
236508 236508
39882 39882
277432 277432
324487 324487
779330 779330
435464 435464
185846 185846
503803 503803
813631 813631
390493 390493
283478 283478
180436 180436
162404 162404
261315 261315
641950 641950
432150 432150
21452 21452
728628 728628
392746 392746
416905 416905
202893 202893
86528 86528
348092 348092
99475 99475
75845 75845
213640 213640
240149 240149
55107 55107
340795 340795
100682 100682
8905 8905
508460 508460
202069 202069
12946 12946
269727 269727
267125 267125
139738 139738
285470 285470
227447 227447
456847 456847
4180 4180
114972 114972
297751 297751
448982 448982
154961 154961
808679 808679
113595 113595
736212 736212
113780 113780
389576 389576
458986 458986
516054 516054
476998 476998
161835 161835
32973 32973
255749 255749
577355 577355
518625 518625
207002 207002
253890 253890
43924 43924
24007 24007
229372 229372
125631 125631
590473 590473
616956 616956
114059 114059
143516 143516
340848 340848
54324 54324
545597 545597
225845 225845
47051 47051
86689 86689
12965 12965
118961 118961
329979 329979
242760 242760
536154 536154
371026 371026
240768 240768
529489 529489
84491 84491
359007 359007
69132 69132
567145 567145
455837 455837
666650 666650
693109 693109
117885 117885
699789 699789
492535 492535
506470 506470
432576 432576
204576 204576
10996 10996
89686 89686
633867 633867
149437 149437
213591 213591
819621 819621
219210 219210
652698 652698
579838 579838
565166 565166
57517 57517
186873 186873
385367 385367
163670 163670
123041 123041
693732 693732
605551 605551
190670 190670
65457 65457
707316 707316
314989 314989
139570 139570
265299 265299
567222 567222
604341 604341
103825 103825
462543 462543
322007 322007
535422 535422
336232 336232
17607 17607
457468 457468
239749 239749
126167 126167
60905 60905
604015 604015
153646 153646
216509 216509
178257 178257
36042 36042
442082 442082
461451 461451
191161 191161
171200 171200
612683 612683
337550 337550
617271 617271
252757 252757
456631 456631
351615 351615
842567 842567
528196 528196
518623 518623
650845 650845
59663 59663
343068 343068
509677 509677
247872 247872
576519 576519
414894 414894
634288 634288
802109 802109
207474 207474
871459 871459
93300 93300
64209 64209
841110 841110
266604 266604
97029 97029
199383 199383
602853 602853
3688 3688
662741 662741
331101 331101
516543 516543
106762 106762
318288 318288
505269 505269
764761 764761
193599 193599
434938 434938
539409 539409
88147 88147
743227 743227
913256 913256
564690 564690
611664 611664
74401 74401
351781 351781
736106 736106
156269 156269
340805 340805
267436 267436
382401 382401
339350 339350
45923 45923
487628 487628
668902 668902
177523 177523
227194 227194
207235 207235
83065 83065
438660 438660
173768 173768
236273 236273
170145 170145
130401 130401
433718 433718
91064 91064
76746 76746
298183 298183
688965 688965
417776 417776
285276 285276
700950 700950
27979 27979
659006 659006
75868 75868
395608 395608
104705 104705
474431 474431
75933 75933
79198 79198
74671 74671
263944 263944
795086 795086
308589 308589
109917 109917
96734 96734
423283 423283
206619 206619
576109 576109
374440 374440
281005 281005
188925 188925
94945 94945
85987 85987
36556 36556
39675 39675
251680 251680
264162 264162
81917 81917
760405 760405
83855 83855
584596 584596
123222 123222
371745 371745
166760 166760
239739 239739
389300 389300
140453 140453
362233 362233
61611 61611
55686 55686
71761 71761
47525 47525
796187 796187
558742 558742
583930 583930
21154 21154
76036 76036
241129 241129
154491 154491
14360 14360
449615 449615
505673 505673
317612 317612
290805 290805
367776 367776
524220 524220
410497 410497
35238 35238
492361 492361
497169 497169
358556 358556
134983 134983
621373 621373
156470 156470
41004 41004
551144 551144
81318 81318
192499 192499
722818 722818
255560 255560
372221 372221
695241 695241
283678 283678
409765 409765
806007 806007
68171 68171
397390 397390
466623 466623
80627 80627
477780 477780
185858 185858
517511 517511
244463 244463
170837 170837
315554 315554
57509 57509
874366 874366
398928 398928
427809 427809
237070 237070
460501 460501
704423 704423
725361 725361
99218 99218
148918 148918
190583 190583
146182 146182
270319 270319
151626 151626
661626 661626
531871 531871
553481 553481
233747 233747
177644 177644
98200 98200
752899 752899
884717 884717
377490 377490
72258 72258
500255 500255
401319 401319
21445 21445
145590 145590
444451 444451
519151 519151
123622 123622
40630 40630
83407 83407
802749 802749
134630 134630
768371 768371
123211 123211
873493 873493
559474 559474
86050 86050
112935 112935
640593 640593
650381 650381
107058 107058
495908 495908
806184 806184
341120 341120
821358 821358
225252 225252
400285 400285
321736 321736
69753 69753
298985 298985
24735 24735
538266 538266
131140 131140
163014 163014
610140 610140
806822 806822
383997 383997
101418 101418
145921 145921
321631 321631
551962 551962
149974 149974
250595 250595
495905 495905
233483 233483
411781 411781
313039 313039
315958 315958
194489 194489
172317 172317
921191 921191
151702 151702
102026 102026
382366 382366
255519 255519
484407 484407
9341 9341
221253 221253
169366 169366
276706 276706
588737 588737
473172 473172
587361 587361
7496 7496
688060 688060
675124 675124
48193 48193
3802 3802
524232 524232
682435 682435
360209 360209
659884 659884
335235 335235
742488 742488
141638 141638
50447 50447
5517 5517
244218 244218
463945 463945
255333 255333
83928 83928
458079 458079
501044 501044
141020 141020
607108 607108
124238 124238
322922 322922
222855 222855
294247 294247
26631 26631
23725 23725
141446 141446
326049 326049
727184 727184
415645 415645
103001 103001
107292 107292
268819 268819
204743 204743
63133 63133
856890 856890
791641 791641
247789 247789
664547 664547
47370 47370
353106 353106
759956 759956
134451 134451
339845 339845
18445 18445
73811 73811
450800 450800
598536 598536
42573 42573
174388 174388
449801 449801
702812 702812
2804 2804
104110 104110
527512 527512
578236 578236
835402 835402
280542 280542
207299 207299
502043 502043
901285 901285
404309 404309
277266 277266
424608 424608
505995 505995
568603 568603
129399 129399
476650 476650
115047 115047
198736 198736
97334 97334
31775 31775
136979 136979
198389 198389
113858 113858
688492 688492
379448 379448
175648 175648
230685 230685
143087 143087
229503 229503
210542 210542
482708 482708
542537 542537
401221 401221
309262 309262
567853 567853
610752 610752
215620 215620
623639 623639
229597 229597
6145 6145
572781 572781
548547 548547
311055 311055
537471 537471
393840 393840
589179 589179
288454 288454
401715 401715
104398 104398
207876 207876
823095 823095
762542 762542
777173 777173
33682 33682
358913 358913
485189 485189
468830 468830
182367 182367
90986 90986
391961 391961
231426 231426
138608 138608
6949 6949
345068 345068
265923 265923
94044 94044
13531 13531
99598 99598
632895 632895
339967 339967
24093 24093
485426 485426
9923 9923
721528 721528
377223 377223
842245 842245
226310 226310
170563 170563
30308 30308
64844 64844
24972 24972
468431 468431
82758 82758
168775 168775
565596 565596
503450 503450
411850 411850
132450 132450
414892 414892
183179 183179
102870 102870
175800 175800
359483 359483
338243 338243
319997 319997
244644 244644
129026 129026
378858 378858
432813 432813
194653 194653
264854 264854
237809 237809
524940 524940
723935 723935
845534 845534
10898 10898
888036 888036
183948 183948
151469 151469
362708 362708
615480 615480
368488 368488
296775 296775
638981 638981
138377 138377
517337 517337
195868 195868
255694 255694
217173 217173
184827 184827
480027 480027
132018 132018
37007 37007
262832 262832
197808 197808
363936 363936
409624 409624
375312 375312
155825 155825
263727 263727
96134 96134
629950 629950
600549 600549
787646 787646
6507 6507
425726 425726
760479 760479
134699 134699
117903 117903
116702 116702
626219 626219
65341 65341
614025 614025
390881 390881
46737 46737
341331 341331
492381 492381
376779 376779
334699 334699
488608 488608
306275 306275
7554 7554
279638 279638
380528 380528
353698 353698
849106 849106
212304 212304
126962 126962
465279 465279
560975 560975
177214 177214
626341 626341
757570 757570
298998 298998
353845 353845
150907 150907
577928 577928
146465 146465
105233 105233
258697 258697
549121 549121
237187 237187
88423 88423
334500 334500
701394 701394
182942 182942
494077 494077
671047 671047
251980 251980
419577 419577
57634 57634
322795 322795
654050 654050
199965 199965
742237 742237
27932 27932
261732 261732
2157 2157
207528 207528
78209 78209
397982 397982
733482 733482
127441 127441
288929 288929
57181 57181
477732 477732
505262 505262
42709 42709
511371 511371
548655 548655
335443 335443
107282 107282
309665 309665
177027 177027
100874 100874
577337 577337
454567 454567
622641 622641
88339 88339
250210 250210
77709 77709
555268 555268
330793 330793
127360 127360
8793 8793
672531 672531
31131 31131
60518 60518
79067 79067
308186 308186
56467 56467
205423 205423
573877 573877
209274 209274
703771 703771
18679 18679
125132 125132
191939 191939
523617 523617
185317 185317
630574 630574
560667 560667
125663 125663
211482 211482
336660 336660
281219 281219
386952 386952
568461 568461
563211 563211
423650 423650
526521 526521
136263 136263
236394 236394
310733 310733
44504 44504
606446 606446
153596 153596
31675 31675
776124 776124
428248 428248
881941 881941
669025 669025
397332 397332
586636 586636
683754 683754
224740 224740
508606 508606
208744 208744
166832 166832
314968 314968
370565 370565
965535 965535
808993 808993
41951 41951
289918 289918
239697 239697
493884 493884
587212 587212
430296 430296
285284 285284
123702 123702
419047 419047
63972 63972
94976 94976
598900 598900
86457 86457
450171 450171
147321 147321
38814 38814
66068 66068
158523 158523
103482 103482
610579 610579
436600 436600
346982 346982
646312 646312
259194 259194
26863 26863
389629 389629
246677 246677
30527 30527
111138 111138
820860 820860
814118 814118
273610 273610
664641 664641
512628 512628
474166 474166
225020 225020
695247 695247
437805 437805
271509 271509
336565 336565
82798 82798
9823 9823
32331 32331
343747 343747
134902 134902
542605 542605
683705 683705
6124 6124
15830 15830
170473 170473
53734 53734
79124 79124
253958 253958
488696 488696
295244 295244
338333 338333
343688 343688
578607 578607
94977 94977
674310 674310
165399 165399
70084 70084
217810 217810
452738 452738
133618 133618
119670 119670
150155 150155
624893 624893
531125 531125
326108 326108
908160 908160
18115 18115
304284 304284
163264 163264
3509 3509
737642 737642
136953 136953
580814 580814
261261 261261
590409 590409
305480 305480
211282 211282
401554 401554
485935 485935
418082 418082
535540 535540
462667 462667
185415 185415
673489 673489
400866 400866
391493 391493
142451 142451
524891 524891
326133 326133
666849 666849
320320 320320
349030 349030
499299 499299
190839 190839
197140 197140
357032 357032
175829 175829
795036 795036
451896 451896
68318 68318
919449 919449
457258 457258
111224 111224
261559 261559
471227 471227
193338 193338
181553 181553
101135 101135
56542 56542
32762 32762
335124 335124
265127 265127
15647 15647
654021 654021
24999 24999
59133 59133
424418 424418
203683 203683
32064 32064
473518 473518
140981 140981
108406 108406
506088 506088
34537 34537
659432 659432
188704 188704
782628 782628
189723 189723
322380 322380
578678 578678
225494 225494
613786 613786
458725 458725
243816 243816
506830 506830
75014 75014
617363 617363
163615 163615
9227 9227
88922 88922
87354 87354
693127 693127
432338 432338
30799 30799
232090 232090
538918 538918
531366 531366
662908 662908
213492 213492
243351 243351
50145 50145
740220 740220
254321 254321
740001 740001
62825 62825
441480 441480
308234 308234
84033 84033
123344 123344
135972 135972
386408 386408
112923 112923
774149 774149
413607 413607
644235 644235
87425 87425
229692 229692
219031 219031
317610 317610
461645 461645
149549 149549
530672 530672
588096 588096
312257 312257
123671 123671
146114 146114
468530 468530
209085 209085
175014 175014
161692 161692
100089 100089
625496 625496
244670 244670
283321 283321
678257 678257
575262 575262
232172 232172
73362 73362
111468 111468
222211 222211
651046 651046
682523 682523
55872 55872
575569 575569
125459 125459
171891 171891
346980 346980
220648 220648
402960 402960
213493 213493
39558 39558
323002 323002
323485 323485
180664 180664
728036 728036
119129 119129
120633 120633
276802 276802
394600 394600
328441 328441
65256 65256
499817 499817
807945 807945
216420 216420
513751 513751
12151 12151
415390 415390
768444 768444
37285 37285
179091 179091
82179 82179
651055 651055
681336 681336
267095 267095
419378 419378
414852 414852
123122 123122
798081 798081
93176 93176
754465 754465
89696 89696
373977 373977
514241 514241
175105 175105
805887 805887
275819 275819
736571 736571
404647 404647
333708 333708
38635 38635
750500 750500
430320 430320
439870 439870
531764 531764
693307 693307
554668 554668
457265 457265
178709 178709
578323 578323
154581 154581
443880 443880
96745 96745
242166 242166
156823 156823
351479 351479
204816 204816
627511 627511
26845 26845
369193 369193
491460 491460
64126 64126
232069 232069
417216 417216
328844 328844
436752 436752
820053 820053
51607 51607
383044 383044
398708 398708
1155 1155
506185 506185
301386 301386
303059 303059
109489 109489
786022 786022
104024 104024
128618 128618
252124 252124
98559 98559
280094 280094
827698 827698
198678 198678
352728 352728
667595 667595
289926 289926
27752 27752
603600 603600
76402 76402
521753 521753
91094 91094
81859 81859
188917 188917
553384 553384
121957 121957
665528 665528
747355 747355
422347 422347
534031 534031
520562 520562
14354 14354
98151 98151
453681 453681
481691 481691
21753 21753
209991 209991
336410 336410
299943 299943
841994 841994
906577 906577
866020 866020
130763 130763
54074 54074
378579 378579
212594 212594
589029 589029
410742 410742
140279 140279
484414 484414
626398 626398
516682 516682
293203 293203
448192 448192
307802 307802
199575 199575
442482 442482
509557 509557
863026 863026
162171 162171
4209 4209
215894 215894
37336 37336
480648 480648
205178 205178
658811 658811
623304 623304
284759 284759
410199 410199
487018 487018
243737 243737
569066 569066
162338 162338
267636 267636
269444 269444
455231 455231
216853 216853
32927 32927
568258 568258
214293 214293
154476 154476
171367 171367
593579 593579
35527 35527
80183 80183
61041 61041
355119 355119
770395 770395
83281 83281
514786 514786
671229 671229
111662 111662
210209 210209
175662 175662
478139 478139
269353 269353
182483 182483
425531 425531
437530 437530
286926 286926
50989 50989
595809 595809
130575 130575
205222 205222
436343 436343
730691 730691
744257 744257
476876 476876
206220 206220
340745 340745
779267 779267
28589 28589
180614 180614
177078 177078
615177 615177
53588 53588
510136 510136
358374 358374
504904 504904
368864 368864
91821 91821
787089 787089
56487 56487
108899 108899
267472 267472
448957 448957
553007 553007
36893 36893
58676 58676
45374 45374
920996 920996
161249 161249
12301 12301
47458 47458
426888 426888
604481 604481
248307 248307
436754 436754
333037 333037
169022 169022
51985 51985
456754 456754
637512 637512
780970 780970
232286 232286
775514 775514
39340 39340
54136 54136
116121 116121
137621 137621
239865 239865
19417 19417
16967 16967
247867 247867
681115 681115
41541 41541
35304 35304
317047 317047
542272 542272
404235 404235
236193 236193
34325 34325
41618 41618
559254 559254
216559 216559
119713 119713
74626 74626
204404 204404
210066 210066
173912 173912
218185 218185
678426 678426
81925 81925
363840 363840
183871 183871
125247 125247
249894 249894
111738 111738
786490 786490
289813 289813
115052 115052
285208 285208
252647 252647
374844 374844
422568 422568
116776 116776
490196 490196
360508 360508
444645 444645
182619 182619
658360 658360
416928 416928
378508 378508
47518 47518
71776 71776
292754 292754
185385 185385
226686 226686
271530 271530
2551 2551
271829 271829
709120 709120
41622 41622
33142 33142
127636 127636
462150 462150
196853 196853
574142 574142
636760 636760
276485 276485
91640 91640
485484 485484
399371 399371
521101 521101
69758 69758
789877 789877
273004 273004
738206 738206
595529 595529
366834 366834
395878 395878
122895 122895
134564 134564
100523 100523
827124 827124
305994 305994
144528 144528
206694 206694
572414 572414
213400 213400
300092 300092
468094 468094
927040 927040
359677 359677
56301 56301
62364 62364
535211 535211
173436 173436
408532 408532
840603 840603
471921 471921
20479 20479
598009 598009
30472 30472
439918 439918
643100 643100
711687 711687
263790 263790
333247 333247
55109 55109
846619 846619
107491 107491
122290 122290
306121 306121
279152 279152
636455 636455
222920 222920
681264 681264
226481 226481
194347 194347
375139 375139
105211 105211
470278 470278
555554 555554
254068 254068
164389 164389
228341 228341
4560 4560
23011 23011
137230 137230
713036 713036
639398 639398
161729 161729
616041 616041
147317 147317
881870 881870
13087 13087
432102 432102
51085 51085
37012 37012
653533 653533
572938 572938
322286 322286
437744 437744
651016 651016
781863 781863
28997 28997
11399 11399
638807 638807
271733 271733
296784 296784
378915 378915
310928 310928
256586 256586
733305 733305
211049 211049
385888 385888
123260 123260
220418 220418
282593 282593
326955 326955
774694 774694
262702 262702
5347 5347
296186 296186
357208 357208
403320 403320
763339 763339
393933 393933
121616 121616
569392 569392
228838 228838
403220 403220
584757 584757
111435 111435
238771 238771
358860 358860
253986 253986
804962 804962
134036 134036
74843 74843
53150 53150
282436 282436
508454 508454
499964 499964
811960 811960
184104 184104
516242 516242
34226 34226
170559 170559
240578 240578
156908 156908
345652 345652
74920 74920
135373 135373
603977 603977
53113 53113
554458 554458
451095 451095
309010 309010
295012 295012
776265 776265
441856 441856
335514 335514
342763 342763
69760 69760
529388 529388
431710 431710
24660 24660
659678 659678
828532 828532
112389 112389
159965 159965
96329 96329
652238 652238
863914 863914
307902 307902
717695 717695
254353 254353
18748 18748
70847 70847
499840 499840
22411 22411
77058 77058
218100 218100
187554 187554
218745 218745
260405 260405
573534 573534
440287 440287
320862 320862
33486 33486
547219 547219
892656 892656
509069 509069
72978 72978
620945 620945
495952 495952
631073 631073
59711 59711
252762 252762
428861 428861
136534 136534
553897 553897
27466 27466
214085 214085
335222 335222
262111 262111
458819 458819
564444 564444
140894 140894
140301 140301
229659 229659
270312 270312
323928 323928
119749 119749
347936 347936
155192 155192
70470 70470
53842 53842
303209 303209
308711 308711
564428 564428
16787 16787
334156 334156
196223 196223
947 947
158160 158160
90564 90564
345257 345257
328161 328161
158943 158943
396102 396102
214540 214540
675576 675576
731288 731288
292441 292441
531369 531369
329016 329016
775881 775881
63084 63084
37380 37380
486724 486724
944881 944881
306701 306701
457459 457459
715297 715297
443760 443760
658522 658522
447509 447509
666304 666304
127131 127131
289743 289743
36789 36789
270800 270800
683690 683690
694559 694559
503718 503718
337413 337413
686197 686197
427484 427484
165686 165686
664101 664101
202367 202367
483604 483604
344742 344742
42545 42545
705192 705192
157719 157719
117310 117310
72545 72545
40765 40765
479691 479691
71792 71792
835507 835507
172934 172934
563863 563863
412816 412816
339917 339917
321682 321682
301369 301369
962176 962176
171727 171727
334189 334189
255520 255520
268200 268200
77427 77427
173095 173095
623172 623172
35192 35192
639508 639508
260267 260267
750188 750188
337158 337158
6979 6979
80055 80055
259864 259864
47547 47547
60976 60976
27898 27898
553715 553715
99171 99171
217696 217696
358700 358700
89115 89115
337353 337353
353926 353926
82385 82385
390641 390641
507725 507725
63622 63622
541234 541234
22602 22602
645615 645615
72221 72221
249465 249465
78908 78908
94664 94664
198793 198793
304457 304457
202039 202039
392329 392329
362688 362688
437002 437002
273257 273257
319354 319354
763789 763789
622256 622256
502310 502310
129209 129209
52294 52294
190748 190748
638683 638683
73431 73431
611654 611654
23992 23992
189818 189818
107345 107345
310881 310881
401526 401526
142062 142062
670869 670869
9807 9807
186489 186489
30332 30332
130955 130955
37988 37988
322682 322682
977048 977048
237619 237619
362021 362021
403668 403668
285028 285028
242801 242801
127766 127766
212784 212784
241917 241917
411635 411635
186123 186123
648525 648525
471769 471769
300994 300994
731237 731237
127103 127103
56053 56053
678327 678327
512931 512931
500890 500890
441267 441267
870138 870138
766712 766712
400291 400291
192841 192841
505489 505489
420625 420625
494977 494977
330350 330350
210931 210931
337104 337104
716562 716562
407241 407241
304 304
239142 239142
716890 716890
882015 882015
128392 128392
135548 135548
495632 495632
546380 546380
10460 10460
387716 387716
72534 72534
267050 267050
164664 164664
153133 153133
30180 30180
63688 63688
275706 275706
235953 235953
400018 400018
11148 11148
839154 839154
413584 413584
360436 360436
147843 147843
327454 327454
136452 136452
181394 181394
583411 583411
434535 434535
375087 375087
559818 559818
298091 298091
469485 469485
386288 386288
121456 121456
74665 74665
652420 652420
131340 131340
512373 512373
483443 483443
667897 667897
678526 678526
48018 48018
244989 244989
542945 542945
130055 130055
583892 583892
129063 129063
150677 150677
192577 192577
90621 90621
151259 151259
45749 45749
656597 656597
811106 811106
804296 804296
464557 464557
622158 622158
1655 1655
229214 229214
227230 227230
259818 259818
315053 315053
304774 304774
400002 400002
425747 425747
269048 269048
175993 175993
319033 319033
555571 555571
314857 314857
222981 222981
518313 518313
393754 393754
52009 52009
672798 672798
54835 54835
305927 305927
371679 371679
82174 82174
379745 379745
672718 672718
54262 54262
398134 398134
811351 811351
386282 386282
16520 16520
928460 928460
521748 521748
101975 101975
13618 13618
479586 479586
58288 58288
327512 327512
297220 297220
82385 82385
74250 74250
149336 149336
13737 13737
409388 409388
644149 644149
403094 403094
1131 1131
125376 125376
376304 376304
331388 331388
245298 245298
176442 176442
123271 123271
62840 62840
85233 85233
577706 577706
661626 661626
664276 664276
378651 378651
236180 236180
935680 935680
46096 46096
516726 516726
258588 258588
551808 551808
184398 184398
290392 290392
34760 34760
365695 365695
517403 517403
139768 139768
175537 175537
462043 462043
684897 684897
230713 230713
324614 324614
611078 611078
191046 191046
241534 241534
783091 783091
125474 125474
532327 532327
470482 470482
420906 420906
390987 390987
253768 253768
822807 822807
367987 367987
690592 690592
175000 175000
130635 130635
846315 846315
193210 193210
480943 480943
784005 784005
167986 167986
214968 214968
482743 482743
232864 232864
131820 131820
41715 41715
643811 643811
410491 410491
185583 185583
152863 152863
235701 235701
762913 762913
189776 189776
595801 595801
11033 11033
175065 175065
704082 704082
132360 132360
195554 195554
388481 388481
85988 85988
643213 643213
722423 722423
353851 353851
232774 232774
445901 445901
21686 21686
43341 43341
167123 167123
636189 636189
111001 111001
112544 112544
675717 675717
107525 107525
404135 404135
598599 598599
250597 250597
332814 332814
602624 602624
221849 221849
3221 3221
363575 363575
473937 473937
38801 38801
232153 232153
139847 139847
210351 210351
180479 180479
492751 492751
22896 22896
175715 175715
145319 145319
138598 138598
310792 310792
245048 245048
263949 263949
30179 30179
627533 627533
155552 155552
36263 36263
180007 180007
597197 597197
543887 543887
230181 230181
181440 181440
22959 22959
336950 336950
380042 380042
656006 656006
488984 488984
26760 26760
48909 48909
252781 252781
970609 970609
879 879
116280 116280
813774 813774
100514 100514
117598 117598
673209 673209
9593 9593
286339 286339
195894 195894
183443 183443
159354 159354
326732 326732
292424 292424
190532 190532
197200 197200
286522 286522
455497 455497
280310 280310
123521 123521
266952 266952
216023 216023
453391 453391
651350 651350
254522 254522
114658 114658
116007 116007
143367 143367
344327 344327
651652 651652
363970 363970
496668 496668
569835 569835
64188 64188
283622 283622
243503 243503
517758 517758
143955 143955
127985 127985
412348 412348
283420 283420
625245 625245
99522 99522
56778 56778
59002 59002
631432 631432
275229 275229
852632 852632
491743 491743
66626 66626
163495 163495
134849 134849
88977 88977
130120 130120
79149 79149
517402 517402
380518 380518
345494 345494
563998 563998
435008 435008
445725 445725
269441 269441
105066 105066
663436 663436
176568 176568
426182 426182
146340 146340
430045 430045
678044 678044
371676 371676
101244 101244
62314 62314
309925 309925
158079 158079
61888 61888
416480 416480
10202 10202
65642 65642
17010 17010
149856 149856
30035 30035
545110 545110
599399 599399
476845 476845
18184 18184
314917 314917
448591 448591
83823 83823
106573 106573
276900 276900
284930 284930
904263 904263
64414 64414
671161 671161
45095 45095
32904 32904
169569 169569
285747 285747
311024 311024
780890 780890
60118 60118
58621 58621
89825 89825
315805 315805
42452 42452
700519 700519
72124 72124
620311 620311
516937 516937
319696 319696
283044 283044
15665 15665
559141 559141
72349 72349
764653 764653
120999 120999
25741 25741
281530 281530
29893 29893
523597 523597
170544 170544
708782 708782
793648 793648
47983 47983
52492 52492
318870 318870
12559 12559
258335 258335
950320 950320
334091 334091
442736 442736
165157 165157
206933 206933
332830 332830
313025 313025
717810 717810
18944 18944
719398 719398
481334 481334
291192 291192
58999 58999
225156 225156
372065 372065
41828 41828
374574 374574
367648 367648
420720 420720
629983 629983
125783 125783
190372 190372
332990 332990
170578 170578
707773 707773
527651 527651
462632 462632
11173 11173
86944 86944
40814 40814
790901 790901
818026 818026
603167 603167
42934 42934
751623 751623
72611 72611
395504 395504
14540 14540
746519 746519
375310 375310
83740 83740
140031 140031
3042 3042
304077 304077
243337 243337
340216 340216
173993 173993
306904 306904
18761 18761
53857 53857
271183 271183
364455 364455
140423 140423
47897 47897
532828 532828
147476 147476
543604 543604
536557 536557
318840 318840
374211 374211
662030 662030
60386 60386
477704 477704
213303 213303
345978 345978
741730 741730
423802 423802
219349 219349
289485 289485
527337 527337
448780 448780
182567 182567
76691 76691
45841 45841
589302 589302
131981 131981
199499 199499
35201 35201
825123 825123
115729 115729
60940 60940
89545 89545
288989 288989
208837 208837
325020 325020
443524 443524
6556 6556
828738 828738
792279 792279
227431 227431
58863 58863
13105 13105
155673 155673
91575 91575
107387 107387
51705 51705
794322 794322
770621 770621
229950 229950
577024 577024
507046 507046
15957 15957
47348 47348
480568 480568
240055 240055
14642 14642
31645 31645
124906 124906
239510 239510
539456 539456
260051 260051
187665 187665
348032 348032
119062 119062
657857 657857
7384 7384
358485 358485
280107 280107
545319 545319
551570 551570
552695 552695
762943 762943
349188 349188
689296 689296
730052 730052
246371 246371
623226 623226
276252 276252
224088 224088
100479 100479
17908 17908
122993 122993
547284 547284
198529 198529
131873 131873
84139 84139
382751 382751
548350 548350
845861 845861
410599 410599
301112 301112
288415 288415
108341 108341
454062 454062
91523 91523
55185 55185
293875 293875
109815 109815
126245 126245
568956 568956
221436 221436
707952 707952
125712 125712
195993 195993
423928 423928
249235 249235
266592 266592
50012 50012
781460 781460
347427 347427
139235 139235
631039 631039
217546 217546
31200 31200
109022 109022
245779 245779
729032 729032
32242 32242
404634 404634
401224 401224
477365 477365
43839 43839
120892 120892
145908 145908
3710 3710
166029 166029
31881 31881
192307 192307
798052 798052
362206 362206
503417 503417
184200 184200
53030 53030
325732 325732
747336 747336
137751 137751
842020 842020
253569 253569
505569 505569
405958 405958
763182 763182
436740 436740
237008 237008
208021 208021
250548 250548
265887 265887
838477 838477
472706 472706
741653 741653
233765 233765
204636 204636
696882 696882
324144 324144
177071 177071
236048 236048
248236 248236
194544 194544
711501 711501
162535 162535
109760 109760
714451 714451
58045 58045
27840 27840
359305 359305
253143 253143
6727 6727
20779 20779
536433 536433
225477 225477
124354 124354
95365 95365
368501 368501
101171 101171
343816 343816
124638 124638
853735 853735
414432 414432
648891 648891
919914 919914
519523 519523
259098 259098
446937 446937
62696 62696
378061 378061
390162 390162
225213 225213
584726 584726
758239 758239
424495 424495
15253 15253
123118 123118
22042 22042
575470 575470
107915 107915
262886 262886
109987 109987
607173 607173
445006 445006
95108 95108
237063 237063
687597 687597
568627 568627
198425 198425
106074 106074
164646 164646
284532 284532
543549 543549
72335 72335
180087 180087
155625 155625
61681 61681
433445 433445
2078 2078
303194 303194
658742 658742
262332 262332
362658 362658
12238 12238
351453 351453
423036 423036
499019 499019
36946 36946
284241 284241
295573 295573
69737 69737
46864 46864
704601 704601
492580 492580
66683 66683
126244 126244
312872 312872
51680 51680
124040 124040
90554 90554
339518 339518
610616 610616
369047 369047
444434 444434
104063 104063
621343 621343
100475 100475
324087 324087
80345 80345
43065 43065
168745 168745
289615 289615
466445 466445
360333 360333
242521 242521
18454 18454
45249 45249
159393 159393
487774 487774
80278 80278
512575 512575
219463 219463
60982 60982
492174 492174
47607 47607
372173 372173
409915 409915
184163 184163
202491 202491
561087 561087
820049 820049
477224 477224
410523 410523
805025 805025
485351 485351
63372 63372
66624 66624
713911 713911
107439 107439
298853 298853
268441 268441
762725 762725
25736 25736
256272 256272
197448 197448
886058 886058
35272 35272
677264 677264
179082 179082
319363 319363
530990 530990
356149 356149
431528 431528
105611 105611
308627 308627
22013 22013
340824 340824
357393 357393
364727 364727
769 769
259976 259976
564526 564526
665625 665625
259316 259316
90370 90370
4912 4912
6997 6997
570925 570925
303723 303723
654242 654242
12138 12138
169937 169937
461287 461287
519682 519682
2996 2996
320104 320104
358019 358019
85292 85292
128816 128816
667200 667200
195729 195729
403345 403345
414320 414320
69646 69646
664991 664991
260310 260310
519517 519517
489695 489695
317996 317996
683897 683897
567050 567050
447495 447495
103135 103135
534952 534952
222720 222720
124013 124013
156016 156016
891171 891171
172764 172764
806870 806870
575657 575657
303766 303766
168543 168543
215395 215395
208589 208589
443998 443998
436920 436920
292990 292990
317984 317984
138311 138311
256899 256899
235935 235935
832351 832351
70314 70314
32007 32007
412880 412880
365682 365682
260417 260417
261915 261915
251518 251518
141066 141066
112839 112839
665742 665742
63021 63021
211220 211220
141146 141146
83628 83628
508801 508801
533261 533261
400500 400500
153249 153249
375382 375382
308801 308801
126575 126575
374271 374271
276177 276177
414536 414536
351684 351684
432175 432175
838736 838736
182206 182206
861845 861845
176878 176878
525962 525962
234802 234802
492675 492675
114529 114529
265828 265828
54532 54532
118462 118462
192165 192165
164773 164773
24087 24087
471394 471394
190286 190286
293480 293480
102060 102060
460070 460070
161135 161135
479629 479629
280085 280085
606377 606377
63915 63915
102879 102879
206369 206369
450346 450346
708686 708686
50575 50575
901196 901196
112611 112611
716451 716451
278885 278885
256634 256634
62275 62275
545914 545914
47934 47934
247959 247959
100927 100927
173039 173039
518029 518029
132401 132401
60506 60506
266324 266324
43654 43654
880258 880258
437812 437812
90720 90720
177729 177729
759851 759851
571925 571925
746310 746310
198591 198591
617284 617284
652104 652104
42916 42916
129600 129600
130891 130891
480740 480740
147968 147968
548437 548437
397285 397285
528350 528350
524506 524506
265569 265569
433631 433631
221687 221687
760392 760392
371344 371344
692981 692981
164066 164066
225984 225984
803067 803067
255529 255529
224595 224595
289079 289079
154601 154601
265398 265398
181491 181491
403089 403089
101353 101353
400112 400112
57249 57249
287449 287449
563892 563892
123652 123652
280195 280195
923185 923185
460994 460994
338819 338819
295022 295022
76503 76503
33064 33064
72502 72502
354090 354090
218694 218694
297224 297224
30855 30855
310598 310598
117164 117164
257144 257144
201963 201963
627366 627366
889969 889969
768696 768696
426765 426765
527198 527198
184577 184577
529978 529978
107893 107893
324485 324485
114157 114157
156436 156436
46245 46245
211001 211001
141462 141462
363400 363400
399304 399304
221634 221634
601344 601344
196213 196213
330929 330929
771275 771275
141442 141442
565658 565658
438034 438034
640637 640637
345399 345399
416445 416445
566740 566740
7941 7941
569068 569068
230759 230759
401542 401542
13539 13539
197832 197832
147253 147253
115245 115245
478 478
681414 681414
638554 638554
41935 41935
552715 552715
95394 95394
518768 518768
738279 738279
180031 180031
863745 863745
241763 241763
247060 247060
557200 557200
554643 554643
237506 237506
114516 114516
415324 415324
373634 373634
597727 597727
330896 330896
263855 263855
730599 730599
566990 566990
420965 420965
69816 69816
354830 354830
51980 51980
347165 347165
221665 221665
60223 60223
21425 21425
303699 303699
174321 174321
206072 206072
554537 554537
190871 190871
28402 28402
258757 258757
682108 682108
550949 550949
439511 439511
134283 134283
170987 170987
38684 38684
684933 684933
358951 358951
266286 266286
639 639
184740 184740
286682 286682
221243 221243
70330 70330
269755 269755
145323 145323
474119 474119
7088 7088
101716 101716
140492 140492
353371 353371
876850 876850
820623 820623
274428 274428
682936 682936
240730 240730
220621 220621
282020 282020
75931 75931
101963 101963
430856 430856
533825 533825
149005 149005
294665 294665
84674 84674
539565 539565
334713 334713
535676 535676
824181 824181
363868 363868
940149 940149
517367 517367
116010 116010
575533 575533
317056 317056
39924 39924
557693 557693
296644 296644
582982 582982
719219 719219
107305 107305
243180 243180
79509 79509
707608 707608
142690 142690
45134 45134
143027 143027
403231 403231
115697 115697
575722 575722
211224 211224
153777 153777
511801 511801
203850 203850
374391 374391
371444 371444
718413 718413
380429 380429
242198 242198
248581 248581
286370 286370
481538 481538
208587 208587
740264 740264
343032 343032
183273 183273
810085 810085
684947 684947
621609 621609
421182 421182
270092 270092
210836 210836
281270 281270
531027 531027
50371 50371
758353 758353
234772 234772
47208 47208
313213 313213
350082 350082
321714 321714
315883 315883
166236 166236
105040 105040
208269 208269
56024 56024
104391 104391
25714 25714
153927 153927
359792 359792
367709 367709
27945 27945
31985 31985
123719 123719
135727 135727
102444 102444
51993 51993
349921 349921
827987 827987
13052 13052
666011 666011
5560 5560
467723 467723
10190 10190
334327 334327
190084 190084
54459 54459
360041 360041
383274 383274
503149 503149
177671 177671
95195 95195
555009 555009
417866 417866
268209 268209
169768 169768
389961 389961
577423 577423
646077 646077
147091 147091
3103 3103
325902 325902
197170 197170
204212 204212
528194 528194
75727 75727
368396 368396
295777 295777
52215 52215
335961 335961
234999 234999
195706 195706
384231 384231
243082 243082
146977 146977
88810 88810
190829 190829
262872 262872
36289 36289
264722 264722
593425 593425
307340 307340
776936 776936
760647 760647
594547 594547
239676 239676
212132 212132
102513 102513
550436 550436
298812 298812
401499 401499
719226 719226
81017 81017
618273 618273
195838 195838
684825 684825
420053 420053
285142 285142
70790 70790
51158 51158
321996 321996
331425 331425
303471 303471
206408 206408
61204 61204
580643 580643
144983 144983
237081 237081
385487 385487
289545 289545
34838 34838
498863 498863
577668 577668
117193 117193
497001 497001
181023 181023
21806 21806
112082 112082
509324 509324
741811 741811
3365 3365
219164 219164
222178 222178
19236 19236
283736 283736
265572 265572
63667 63667
27624 27624
223526 223526
51966 51966
272430 272430
490618 490618
664537 664537
4506 4506
320046 320046
408282 408282
274746 274746
440853 440853
261728 261728
127162 127162
371751 371751
203055 203055
336619 336619
185440 185440
89109 89109
367811 367811
44465 44465
634739 634739
412993 412993
12543 12543
564520 564520
222741 222741
413043 413043
483931 483931
395803 395803
97343 97343
131073 131073
704776 704776
216292 216292
420643 420643
606945 606945
301809 301809
549683 549683
816386 816386
31797 31797
26670 26670
787985 787985
402033 402033
174452 174452
468042 468042
36170 36170
705818 705818
32436 32436
304208 304208
252110 252110
26235 26235
6024 6024
155822 155822
375245 375245
47756 47756
151605 151605
669333 669333
689095 689095
563627 563627
26992 26992
97777 97777
804457 804457
358171 358171
850868 850868
621412 621412
597720 597720
863795 863795
658037 658037
447276 447276
249109 249109
863510 863510
336336 336336
247682 247682
594331 594331
19440 19440
785173 785173
207648 207648
27794 27794
503512 503512
50892 50892
339168 339168
760945 760945
283657 283657
514669 514669
639078 639078
314198 314198
624330 624330
363060 363060
113101 113101
343649 343649
114035 114035
113213 113213
365184 365184
310661 310661
732031 732031
869507 869507
228232 228232
47035 47035
59897 59897
74080 74080
53353 53353
325957 325957
449293 449293
109242 109242
82067 82067
476349 476349
541135 541135
384326 384326
577929 577929
596365 596365
750524 750524
152624 152624
443734 443734
436242 436242
467386 467386
674704 674704
405697 405697
32665 32665
231965 231965
638255 638255
10859 10859
104204 104204
85197 85197
169084 169084
425066 425066
155743 155743
4280 4280
745012 745012
441199 441199
76033 76033
215352 215352
563707 563707
445790 445790
444561 444561
589560 589560
128651 128651
216856 216856
56279 56279
217493 217493
311778 311778
232627 232627
300607 300607
232924 232924
800770 800770
213376 213376
341230 341230
573010 573010
10988 10988
110593 110593
260803 260803
575820 575820
936206 936206
384288 384288
719199 719199
241033 241033
579399 579399
360285 360285
460376 460376
802074 802074
419844 419844
532393 532393
438111 438111
177239 177239
70444 70444
655163 655163
537883 537883
139073 139073
204500 204500
468321 468321
37111 37111
45584 45584
226234 226234
153273 153273
478455 478455
886021 886021
318431 318431
125780 125780
339474 339474
407095 407095
545358 545358
191440 191440
177195 177195
133966 133966
105072 105072
725234 725234
778642 778642
699424 699424
560423 560423
269446 269446
422209 422209
511535 511535
63264 63264
97858 97858
7459 7459
252368 252368
482566 482566
385536 385536
40808 40808
78627 78627
447944 447944
635649 635649
515568 515568
31888 31888
465871 465871
490582 490582
646665 646665
393714 393714
205180 205180
620937 620937
10636 10636
300132 300132
123053 123053
392222 392222
341117 341117
617455 617455
296626 296626
222765 222765
554616 554616
147117 147117
168383 168383
861110 861110
134898 134898
769201 769201
210336 210336
568044 568044
107384 107384
74330 74330
62878 62878
33175 33175
72970 72970
291273 291273
29353 29353
181611 181611
617404 617404
327637 327637
216513 216513
436577 436577
411499 411499
211864 211864
179561 179561
404487 404487
121808 121808
493457 493457
585841 585841
559784 559784
229746 229746
560082 560082
220187 220187
270217 270217
44612 44612
587524 587524
907606 907606
804073 804073
548450 548450
191262 191262
48180 48180
175659 175659
295748 295748
26043 26043
233770 233770
39088 39088
183326 183326
155827 155827
611034 611034
312766 312766
73516 73516
76370 76370
524274 524274
341771 341771
388384 388384
711413 711413
677855 677855
146152 146152
172916 172916
310305 310305
378587 378587
268257 268257
324981 324981
113789 113789
303565 303565
244053 244053
33745 33745
158181 158181
312915 312915
964846 964846
282456 282456
273420 273420
167086 167086
93297 93297
552963 552963
223698 223698
153560 153560
336252 336252
380708 380708
78754 78754
277345 277345
375456 375456
64821 64821
813553 813553
199466 199466
118703 118703
130001 130001
336564 336564
905522 905522
124098 124098
662441 662441
267429 267429
794090 794090
103056 103056
37026 37026
178216 178216
458538 458538
544540 544540
518946 518946
145354 145354
92971 92971
632293 632293
77559 77559
703862 703862
120335 120335
308949 308949
510398 510398
714327 714327
128763 128763
266819 266819
183717 183717
490831 490831
214918 214918
529895 529895
327244 327244
17689 17689
887202 887202
297312 297312
517847 517847
283165 283165
133803 133803
213555 213555
603320 603320
381287 381287
250992 250992
655152 655152
17931 17931
97875 97875
645569 645569
227495 227495
188649 188649
57397 57397
268229 268229
45417 45417
427989 427989
469979 469979
15834 15834
212880 212880
600918 600918
437320 437320
7972 7972
110560 110560
307163 307163
227565 227565
460010 460010
759510 759510
64932 64932
494417 494417
587395 587395
326647 326647
530580 530580
180767 180767
762738 762738
450878 450878
184715 184715
424349 424349
290115 290115
255125 255125
164005 164005
108405 108405
289398 289398
137646 137646
758349 758349
157754 157754
9909 9909
803451 803451
403823 403823
47285 47285
133494 133494
295310 295310
419175 419175
96898 96898
45378 45378
425023 425023
135611 135611
370846 370846
13613 13613
476077 476077
297829 297829
774041 774041
705737 705737
504052 504052
337134 337134
497930 497930
368406 368406
165834 165834
606465 606465
8096 8096
288796 288796
211311 211311
277212 277212
180190 180190
525231 525231
306433 306433
330874 330874
485434 485434
875518 875518
384774 384774
532110 532110
445945 445945
202842 202842
526962 526962
328477 328477
760182 760182
292424 292424
913213 913213
650966 650966
349018 349018
944461 944461
178092 178092
139540 139540
649628 649628
569994 569994
5379 5379
193132 193132
844057 844057
200753 200753
210148 210148
144921 144921
504809 504809
98584 98584
330474 330474
48255 48255
276081 276081
906335 906335
57540 57540
773780 773780
166990 166990
432983 432983
888331 888331
958055 958055
162210 162210
498611 498611
480071 480071
250905 250905
149210 149210
843776 843776
710092 710092
708460 708460
168439 168439
316606 316606
103937 103937
555422 555422
476543 476543
512885 512885
315619 315619
57939 57939
319156 319156
28718 28718
778672 778672
197590 197590
444371 444371
79324 79324
278802 278802
97055 97055
189682 189682
518486 518486
450651 450651
411794 411794
295190 295190
603476 603476
364648 364648
203672 203672
30588 30588
21916 21916
55868 55868
686816 686816
382838 382838
787020 787020
145640 145640
419775 419775
227119 227119
256428 256428
7997 7997
290678 290678
549403 549403
373644 373644
323065 323065
153413 153413
59796 59796
114252 114252
723751 723751
75291 75291
174875 174875
184412 184412
321419 321419
448363 448363
53125 53125
391304 391304
387454 387454
79439 79439
199732 199732
137402 137402
120853 120853
187456 187456
547284 547284
293704 293704
123382 123382
697775 697775
11868 11868
571958 571958
238512 238512
480026 480026
487977 487977
357544 357544
72955 72955
318572 318572
194402 194402
453077 453077
692454 692454
726308 726308
362912 362912
104229 104229
80556 80556
219836 219836
59660 59660
190211 190211
669939 669939
43252 43252
69140 69140
288341 288341
369194 369194
769970 769970
401555 401555
123831 123831
593946 593946
354262 354262
391488 391488
263218 263218
110027 110027
70840 70840
664438 664438
19513 19513
112888 112888
39052 39052
354233 354233
261251 261251
356583 356583
479262 479262
109055 109055
186793 186793
433738 433738
579053 579053
196111 196111
780598 780598
132428 132428
282063 282063
639572 639572
5193 5193
529766 529766
89181 89181
397081 397081
22973 22973
310590 310590
154795 154795
313170 313170
283943 283943
250096 250096
53193 53193
150071 150071
695558 695558
662044 662044
224554 224554
469237 469237
35857 35857
230427 230427
148180 148180
375732 375732
109662 109662
572690 572690
43801 43801
70872 70872
558663 558663
263310 263310
113654 113654
116873 116873
11126 11126
333580 333580
656627 656627
246113 246113
543717 543717
259238 259238
478929 478929
460567 460567
53845 53845
204048 204048
243680 243680
469689 469689
796969 796969
747606 747606
364154 364154
145689 145689
75865 75865
682372 682372
876418 876418
541403 541403
618564 618564
239705 239705
580706 580706
507635 507635
314639 314639
255919 255919
339752 339752
3548 3548
473356 473356
571801 571801
399428 399428
179562 179562
141841 141841
163962 163962
647029 647029
401027 401027
164464 164464
337193 337193
322702 322702
430489 430489
45987 45987
227757 227757
88296 88296
617224 617224
33916 33916
383881 383881
249949 249949
400563 400563
96027 96027
581361 581361
161908 161908
198742 198742
194989 194989
203291 203291
67351 67351
533015 533015
704251 704251
298083 298083
863649 863649
237452 237452
58983 58983
694031 694031
729092 729092
549559 549559
295276 295276
310703 310703
542712 542712
461280 461280
343704 343704
96940 96940
224187 224187
533230 533230
96259 96259
482309 482309
54492 54492
214227 214227
351995 351995
695996 695996
193888 193888
333557 333557
13616 13616
97521 97521
736365 736365
202160 202160
33916 33916
98156 98156
192977 192977
765869 765869
262652 262652
154806 154806
736983 736983
816148 816148
603219 603219
629085 629085
185054 185054
191980 191980
598924 598924
301594 301594
721284 721284
193871 193871
176865 176865
93325 93325
164534 164534
533664 533664
539688 539688
292560 292560
105057 105057
688222 688222
78888 78888
61112 61112
477337 477337
209461 209461
461392 461392
25163 25163
596980 596980
827962 827962
597705 597705
476995 476995
275461 275461
35243 35243
58613 58613
681772 681772
483332 483332
4417 4417
201039 201039
251627 251627
447220 447220
45923 45923
390604 390604
575831 575831
325734 325734
163349 163349
895366 895366
912922 912922
631703 631703
36667 36667
502881 502881
107247 107247
290004 290004
534955 534955
62752 62752
441179 441179
382603 382603
418255 418255
156987 156987
119447 119447
448728 448728
357638 357638
190513 190513
304124 304124
506557 506557
630003 630003
165625 165625
279534 279534
75293 75293
241818 241818
199403 199403
898029 898029
592985 592985
71893 71893
667785 667785
67321 67321
216997 216997
526211 526211
67576 67576
175869 175869
417302 417302
455266 455266
469217 469217
347853 347853
2506 2506
25278 25278
161523 161523
147293 147293
703505 703505
598140 598140
19867 19867
87805 87805
239036 239036
141687 141687
964659 964659
254371 254371
627350 627350
573906 573906
334180 334180
597270 597270
45531 45531
5261 5261
24455 24455
894703 894703
594812 594812
210061 210061
199619 199619
42522 42522
412700 412700
456340 456340
310921 310921
856356 856356
307878 307878
167462 167462
258951 258951
35698 35698
404220 404220
147351 147351
54981 54981
864802 864802
163283 163283
443235 443235
325853 325853
143440 143440
669874 669874
40367 40367
119570 119570
477140 477140
616145 616145
53344 53344
218340 218340
192438 192438
516993 516993
605474 605474
193171 193171
65724 65724
475068 475068
749154 749154
872948 872948
385230 385230
259960 259960
4885 4885
260073 260073
373836 373836
49687 49687
537433 537433
20761 20761
503622 503622
139239 139239
909324 909324
285203 285203
172 172
193569 193569
28699 28699
635794 635794
326779 326779
154803 154803
437292 437292
466017 466017
157130 157130
606359 606359
503048 503048
310028 310028
262400 262400
242592 242592
747986 747986
162616 162616
631711 631711
94938 94938
739346 739346
425608 425608
29812 29812
630545 630545
63384 63384
626186 626186
670738 670738
299290 299290
417199 417199
129056 129056
402440 402440
246749 246749
483459 483459
304961 304961
281898 281898
162384 162384
24421 24421
637399 637399
693986 693986
402994 402994
504 504
13380 13380
514242 514242
143403 143403
563175 563175
28556 28556
829613 829613
396070 396070
336865 336865
418336 418336
326413 326413
941658 941658
124921 124921
402177 402177
340889 340889
524389 524389
34884 34884
437678 437678
330197 330197
136182 136182
273109 273109
7805 7805
272178 272178
310776 310776
172020 172020
127259 127259
23182 23182
155302 155302
264094 264094
607222 607222
38853 38853
633611 633611
98042 98042
164704 164704
254466 254466
128482 128482
2785 2785
490744 490744
601410 601410
162428 162428
200156 200156
21221 21221
150265 150265
72547 72547
387657 387657
345825 345825
30795 30795
261228 261228
474653 474653
27642 27642
236967 236967
393946 393946
710158 710158
335229 335229
385258 385258
243319 243319
190911 190911
331849 331849
431220 431220
146681 146681
495029 495029
79026 79026
307355 307355
808501 808501
318070 318070
319021 319021
85256 85256
506239 506239
254286 254286
701656 701656
242284 242284
427760 427760
404262 404262
106326 106326
762798 762798
767044 767044
79904 79904
36376 36376
705895 705895
639344 639344
781049 781049
231740 231740
86060 86060
203590 203590
139090 139090
576909 576909
440278 440278
525464 525464
11705 11705
511037 511037
356908 356908
159863 159863
177504 177504
661261 661261
51900 51900
452831 452831
850411 850411
802793 802793
108357 108357
412497 412497
84233 84233
329146 329146
10494 10494
496867 496867
491876 491876
535598 535598
281949 281949
185604 185604
60077 60077
277984 277984
601841 601841
663125 663125
507332 507332
467348 467348
265922 265922
20939 20939
258922 258922
319393 319393
447959 447959
466638 466638
268633 268633
946918 946918
196447 196447
490299 490299
173988 173988
239614 239614
393288 393288
633058 633058
672947 672947
467127 467127
814684 814684
160940 160940
142141 142141
917824 917824
219885 219885
305164 305164
190412 190412
54017 54017
201740 201740
23864 23864
58312 58312
11683 11683
305506 305506
355715 355715
209658 209658
626098 626098
93675 93675
173960 173960
39632 39632
664720 664720
314766 314766
182918 182918
345944 345944
265652 265652
125750 125750
344319 344319
734646 734646
326273 326273
422735 422735
421524 421524
648753 648753
485664 485664
59437 59437
59769 59769
295176 295176
135595 135595
89571 89571
392413 392413
848210 848210
146908 146908
649369 649369
893643 893643
646637 646637
188155 188155
191458 191458
370815 370815
337369 337369
245848 245848
316854 316854
171123 171123
7164 7164
740037 740037
310358 310358
406299 406299
382387 382387
236105 236105
433151 433151
611880 611880
56604 56604
156762 156762
291603 291603
459494 459494
496909 496909
74603 74603
651457 651457
182462 182462
600544 600544
131790 131790
171412 171412
365865 365865
197201 197201
228566 228566
628180 628180
537079 537079
267266 267266
742864 742864
283817 283817
288766 288766
594358 594358
515988 515988
159433 159433
239556 239556
617081 617081
258282 258282
290181 290181
288013 288013
113030 113030
711761 711761
238943 238943
517507 517507
708910 708910
41184 41184
61577 61577
841392 841392
279220 279220
151563 151563
585835 585835
369831 369831
96761 96761
204194 204194
886413 886413
804684 804684
466132 466132
577853 577853
161834 161834
80793 80793
3600 3600
774699 774699
201368 201368
117093 117093
509349 509349
197324 197324
252449 252449
937897 937897
23753 23753
427404 427404
129833 129833
33983 33983
222272 222272
893946 893946
851131 851131
148500 148500
105884 105884
448506 448506
71571 71571
366840 366840
709473 709473
6646 6646
571264 571264
318639 318639
193172 193172
122323 122323
839541 839541
124465 124465
110900 110900
635537 635537
273863 273863
458397 458397
725434 725434
287388 287388
649578 649578
480081 480081
439256 439256
921462 921462
521273 521273
319948 319948
32899 32899
58579 58579
176408 176408
159561 159561
617764 617764
490546 490546
213704 213704
17189 17189
34422 34422
256295 256295
49296 49296
100146 100146
283850 283850
260619 260619
85054 85054
