10616
279913 853548
260610 323431
44328 107473
128535 945441
169354 186995
192564 301635
92844 546505
208561 243397
196411 971598
412344 946756
105185 982890
22682 821482
47746 763200
547398 629787
453744 839847
239669 963378
28433 577427
42192 406820
382316 523071
96288 159069
775385 961404
301795 852914
124705 751655
460318 649172
393565 505113
17446 657226
464627 704362
538977 967351
520408 687554
31779 328878
546058 813845
190059 285030
113745 484024
801612 882423
58728 591284
212651 948042
254693 682691
542617 661049
727606 788629
162287 853592
440911 664381
90509 921359
135296 925660
145948 163767
742645 988967
447887 990345
18663 381927
710820 816050
264679 953769
223272 280167
48269 518003
70627 962166
320763 533219
140026 951567
18687 487485
14004 110674
300082 591553
465709 964294
147893 410838
709448 981804
472235 600627
357356 982701
243635 471591
223591 266726
475291 584529
591793 923209
376451 830220
230974 307614
59458 615833
8134 225173
171314 182704
332974 816873
144611 207959
426587 719622
548732 714284
598468 634354
226231 608793
798370 921261
3304 527929
831049 919110
458629 874771
370948 924372
10582 138659
72036 669860
554052 612740
175769 939820
420996 843276
229480 466547
561395 928330
531977 818330
30420 288119
215351 382916
933346 966571
726296 751077
411029 659724
164716 282398
729946 971939
59695 296764
167998 272126
104389 295570
350021 818185
383177 678643
196057 879109
438186 511466
570935 764943
159062 727952
478939 792882
26194 721464
572534 968476
584523 838101
806832 969508
190075 853271
374596 661036
26048 923342
230283 333441
544223 636938
189503 955296
230247 533748
629732 942321
356046 616310
204293 313869
254668 672111
131279 351707
48339 586324
300788 830254
424239 651152
345576 417592
250835 330806
185805 610407
45188 291008
217153 443138
498492 694463
205537 603242
377902 402729
80647 731450
36312 64276
212777 753896
175303 650166
710743 848368
31755 153114
156492 689810
746485 829362
57139 689594
343569 560086
709103 719520
186202 734614
152909 812160
827913 835535
608500 728654
172009 394832
682467 945977
37593 827061
662696 715353
238679 807026
58885 724742
24046 457254
163049 288082
522632 631869
419032 852409
200820 794884
266349 675221
350841 400380
131396 638196
782329 914580
867240 993419
80088 731727
649266 940965
456305 738191
641977 873837
77037 422523
389013 658141
337767 620054
324102 423107
116541 481469
315024 665167
116344 349411
166118 994717
198245 416706
669959 878068
110625 200769
54464 129816
843612 974219
417885 889370
50077 583635
336300 789486
166918 815739
136617 507743
395626 917823
22670 57592
141327 342491
36548 349690
55065 469985
220539 470840
68894 723328
134215 386248
427282 610317
822301 844794
74394 810281
165587 247023
476931 639370
127534 746889
103173 415145
425661 595393
115483 490780
507790 513599
116791 922193
334741 996008
380827 847751
733898 903588
851509 882864
269817 838254
91774 810823
501813 605572
269210 805172
158516 239218
489330 975973
204025 451502
378553 393675
605880 750267
491762 678469
144142 721695
318199 814319
165918 793890
44247 433948
25923 676437
520681 802733
599292 958225
129478 355093
152053 211790
396121 663729
216636 711983
366915 914277
454267 715737
692919 886102
122598 563591
132688 673119
572767 949455
250219 976227
44432 580112
523407 766196
72286 221677
367952 848528
364953 915716
97008 450362
133609 422308
90087 431797
787271 876110
381679 466134
232316 833574
276664 789691
552708 587338
630705 999947
416527 808281
713652 862535
664806 755837
249912 807016
35301 92104
619905 956771
736928 977712
552069 814428
46021 80170
540878 842130
187078 408059
132524 360561
157059 843817
387356 452662
350496 364701
191039 840669
370579 738015
41737 143338
311866 937405
966882 970407
52468 281684
179407 392634
399173 432094
173152 293498
67969 601715
386924 482344
231401 920103
67882 203239
340910 365219
592694 682057
155175 618853
565952 709485
126346 528809
495154 606683
348642 409211
508562 964953
162374 589264
712691 883136
658374 741286
488461 924152
38456 194000
899154 976417
437500 610263
283044 598062
123553 594478
399075 761885
497943 785685
572727 711929
334602 414938
44802 246044
547947 917038
155173 423613
762345 854761
521324 587658
55037 389645
241506 273399
507669 651226
95940 839153
764917 955548
345805 747800
949773 989130
312790 581105
275082 660543
385631 493326
522752 641266
273539 391843
723863 939059
410078 609523
336248 397360
113444 298242
504436 518730
313071 578552
859196 871284
73980 870176
401865 688802
330835 961007
581660 898912
673661 982861
159857 299077
64910 671359
796145 879866
234365 320626
224120 610885
375454 709331
312970 402102
14617 33478
508279 706521
131004 246073
399156 786140
218938 470242
185286 465883
128261 238541
393802 529434
696131 765351
610156 720477
482285 509655
89695 325967
538877 660137
628018 846660
140730 806301
188557 706760
165369 831660
100380 905169
501532 978413
131922 612620
719574 842735
682655 843014
172393 836684
251830 895561
322235 664551
61346 568316
831737 965261
137066 382241
687360 968019
60438 328990
245353 390215
591741 778083
263939 697519
479850 535264
151651 459742
421192 986826
8262 468472
166909 730273
208257 672198
551015 765785
539163 900715
239451 992507
145823 747192
723712 919875
23209 619563
27546 844578
32601 614670
163690 328336
1264 942548
60662 871436
70278 422155
300264 921427
596045 857281
179668 703013
172587 945717
273298 692227
407506 682300
307785 312783
119425 369802
428437 746421
261145 748208
673287 973524
663149 742839
752067 954708
90316 758574
653781 834084
501755 592609
10709 306446
250451 649355
35369 261451
542397 586371
409238 874666
396411 619219
172303 761920
3568 416273
529376 941233
23110 353199
340876 706385
501850 608996
184296 728302
881789 887844
137699 967360
98992 937412
57518 989101
561758 608434
427203 795780
224889 260965
358136 963155
219290 261301
523603 760568
328490 368962
709998 808616
731380 935093
765677 831575
247480 328559
732945 912997
2891 111457
5060 766590
352722 672053
169513 917392
382845 500071
141470 860016
496583 665690
602870 952662
94348 489714
109682 203880
440630 991780
158300 740634
87906 834569
465740 940738
147392 563870
151722 897586
140356 566422
212812 910603
136515 494957
58358 179721
705231 711159
19648 224634
251505 898175
75892 227929
230896 834967
479961 670109
661890 968000
146516 400224
620792 740087
979302 980137
484925 983493
584474 923737
357311 863328
18420 831166
173919 563669
275958 589594
426942 734000
260110 914597
116052 687785
203045 890026
750070 760378
777570 778871
210920 811427
557729 881058
281124 555895
391118 600976
419777 986356
335568 654018
158141 190464
321019 897090
92313 561804
420687 842339
671033 940891
755275 843107
66973 356108
45944 223887
180625 899545
53179 724166
371171 953856
554032 929609
118083 643955
233178 352813
276708 357743
122915 814632
133233 822865
41640 855716
524532 650068
198491 531695
637954 814996
455692 921963
16980 115091
90272 416425
395882 699066
188912 300287
739937 968551
404318 949254
303429 876452
321887 794226
95267 270682
816436 922965
693827 708582
725586 965118
49126 138037
80946 780074
354891 600588
92020 950113
128434 920582
728604 820193
109658 485652
796897 843781
436656 594081
289012 743266
201970 397749
51641 69329
711957 746167
66047 120495
115073 240488
259705 538131
60154 650641
355259 391095
126842 303229
252985 483969
290018 374897
168481 788969
34886 205772
875190 992160
249728 525443
148086 920221
855968 863972
156713 928006
311265 758097
324553 463811
105735 944440
754516 899686
538101 648571
494019 852118
523795 840774
223019 394869
64481 250649
168928 973324
206063 869610
339154 967171
108002 989567
91231 354606
219979 282282
38622 705357
153585 558628
507584 923788
34241 690144
173643 515286
322859 339403
146295 306260
259852 715319
483288 642149
73730 605079
211874 451032
611205 615416
230504 838905
499516 586689
429959 800078
159366 296580
357085 486588
177674 403870
8686 752389
513751 950799
94990 968540
748097 964594
462989 928221
227540 280857
906996 947524
405165 519794
227244 846877
174891 335604
246038 414398
893283 934107
270389 308443
668253 945874
29341 827333
212123 767390
256858 824383
314978 843433
447165 781150
305094 615157
310868 349844
773331 968743
239780 887241
357407 817241
144257 571748
843345 914921
393453 988124
89065 535542
37693 72557
92428 925022
758789 840387
675768 818025
277319 650990
415306 670569
242581 684596
354105 458635
261931 890979
123936 446810
173791 848851
368277 712966
190971 682808
237392 392713
337795 990939
508577 701817
427742 489818
638806 882562
328941 576711
21592 79984
363742 416244
679828 864236
200933 656623
319304 543546
506640 909338
548670 870524
328507 779488
573950 789936
534161 599061
579343 959306
164995 513105
234599 916328
369984 492659
333511 626821
784962 981074
67841 606678
524883 926024
307462 702351
61774 286910
168907 321974
259035 825120
448984 951617
317275 982599
361203 742636
169466 637211
49565 143743
419847 918416
121910 985973
108153 402571
69266 389857
146100 528021
399841 409480
105031 748528
14656 232350
94185 938404
595872 733310
433751 752695
748238 898453
452212 505744
144651 182745
548064 901258
102801 999827
735106 904178
785494 945621
192990 349174
629391 644650
777105 914266
497801 560701
262825 568663
402639 466582
382870 933642
100040 627530
52075 702327
140131 730249
251860 831923
169161 236520
131475 493310
315318 319888
5267 930102
490662 735841
433146 561515
35975 999913
420284 939977
913624 937565
72279 552808
226814 718771
227540 624724
380068 754426
441843 442074
315344 605844
782353 785735
212389 904147
89767 127966
649320 657660
135308 982316
460825 612265
103694 742763
321267 879792
381402 913139
414439 883934
871623 923701
552003 603797
85730 309852
270594 800153
390392 411014
204068 735283
150560 656121
842787 853693
192929 307543
277771 987230
230905 606377
56972 528555
736114 952266
143908 724324
333426 659159
244947 566028
697220 978477
477532 861281
88973 880073
1710 722394
432665 493628
93864 375573
415104 476725
582519 793368
397078 433354
405018 685289
183675 760179
597403 841553
727483 922245
466486 674112
315556 362528
261971 951256
105907 891381
752136 876024
282471 445545
541682 636998
414677 723142
59520 464644
53377 329745
2178 663600
328542 568542
283842 758808
65508 80780
358338 535745
102604 518115
346516 475770
467883 923074
58957 176537
3142 221320
302677 423840
66400 858229
256113 632773
530756 860499
734209 943526
571943 761825
941599 972375
385395 620004
148839 583448
74408 247804
276306 699965
18033 918167
7 126281
80545 402358
156439 306055
126321 689682
175285 892308
26607 356128
470834 644117
97226 590130
139812 898994
841482 963082
356504 420840
374178 844245
594387 671866
45278 327381
29411 154997
10392 702530
172131 617914
762379 880595
59844 647907
90303 473373
607986 895300
468172 672602
44221 468043
529468 640189
66488 320381
42630 147532
693745 894061
715391 996963
200266 535894
257713 304158
36338 669360
355061 961328
358107 844912
649546 790148
227557 681286
227816 731358
772328 863258
691439 769817
847896 955266
98599 465643
120307 682292
533367 818213
148739 822933
476276 858790
554172 824984
515337 774294
145369 287603
844566 961191
637901 640167
658405 969020
409864 648863
371678 627889
105139 197500
220999 934770
810719 913157
426016 720394
252025 886431
400731 932409
356075 837016
450666 868502
573235 919192
59964 263289
321615 815577
291348 441712
743355 768390
10557 378035
658074 726212
24237 629515
492986 662751
161854 574341
770988 964438
134182 831937
114594 857451
602477 975898
255899 866336
805270 904211
15688 746036
570780 911265
69100 740762
155915 551629
206770 354191
29719 801974
139849 278574
364058 577716
485117 653176
271875 606641
501197 633457
408362 757750
578526 803902
280037 681544
636285 825765
135101 739579
796705 913700
427205 779496
277750 297647
4900 303686
397777 536593
116626 378524
522888 581315
818715 828300
31891 363238
837103 922212
721059 748413
430043 775572
761905 907515
165482 870234
191598 735880
221813 457098
662791 700554
89680 687134
36065 276554
100049 578933
287463 663855
328146 641625
657306 944754
299280 607555
129351 187891
766719 952030
289614 581254
58825 411902
667162 755727
487378 900795
341391 957256
208501 983343
105160 451689
234657 329207
667101 675485
110608 199379
326530 757648
2592 336431
115112 616905
813209 967764
465808 861293
455447 616365
103564 718476
167470 882019
217896 252410
71274 630089
142003 835348
946400 963840
264575 416503
44316 653978
352145 617573
800457 973657
62995 490149
349262 858198
594374 603904
229812 746090
607644 764077
182112 957168
130509 342110
91793 95972
407913 455151
532945 763091
455509 456282
87504 993792
812342 849756
720564 749095
159710 202246
496790 808612
57958 876148
148036 751306
288195 743356
18432 140414
113627 911105
340031 692701
213054 533890
847122 899868
15507 169478
253920 385107
268506 938204
194078 261061
619857 820697
640051 728271
304332 914913
195544 847566
931120 975880
164932 437037
45786 895096
281369 893255
818026 822923
454939 626052
427217 595306
397999 871503
161071 824939
68923 829014
549022 858773
124901 567922
741710 843175
152488 295194
187411 459810
262777 781068
574023 828848
518648 960400
30915 533949
127118 474189
485001 955670
747762 821006
201688 880360
6835 182367
208075 343186
594254 954562
55201 868565
662919 793766
709123 800050
257948 429542
295473 939861
573612 833740
99120 527533
630209 893887
591174 797916
244962 595934
200866 937432
20714 938586
299377 966672
185878 201372
202137 732641
543959 984362
752088 920711
554144 749556
399533 515174
5730 136712
215176 977763
199306 674013
707843 982908
6633 481836
400868 931100
597479 643482
775723 967398
44472 396504
474469 768228
403667 439779
518818 914863
773952 852628
251770 955709
340096 370611
84254 532575
55544 796428
683469 779523
123727 254500
403396 708259
809083 971668
563433 576893
218680 235548
88493 178621
333736 353336
495345 977633
529839 941560
482941 968724
177787 793120
355352 865126
90618 395509
283844 512516
349958 549978
79632 432384
233651 594749
452127 474028
401402 823391
239214 681642
376250 885190
1672 494104
22868 673608
9186 244897
729471 930890
297727 773134
195128 961389
577901 730795
417560 809291
478506 783759
633420 900667
372060 640497
163163 944464
91160 164827
169481 903218
30391 122072
362903 775374
192779 760146
743068 801195
128337 508430
493171 655718
240487 371162
294387 410137
577413 748490
171546 643180
119899 343637
439758 755196
18948 67519
670807 735398
251648 973879
587965 639212
493068 684101
175572 903046
358356 624339
360525 421780
863673 932295
530227 900574
138132 352150
313075 389324
100885 740031
353063 808977
68338 904437
352683 475787
450380 710110
779262 866026
25003 281085
326039 549632
545874 692492
58473 58836
137028 970564
288824 739044
314143 769735
77008 192046
564474 741163
12448 99820
153812 292957
344337 842945
217431 708817
193582 568400
703128 724804
58584 473211
391562 640469
207348 932671
775318 873387
340227 580515
504332 690524
175540 421557
93495 184956
533997 608408
288300 987503
277542 635667
26498 439131
693545 845627
328531 394463
139915 585740
201399 243160
503287 983197
63802 462075
509450 864722
190056 212135
262598 875408
526756 830338
335334 711331
12724 92822
309068 615668
15905 229984
145654 714006
111105 764524
763350 957759
118063 401930
31588 323929
140019 789406
742597 783316
230612 439186
443159 624342
94697 794775
297566 723245
94157 720619
260803 280510
135443 367629
297429 589574
744113 801804
147474 870079
392464 717452
505366 579204
389403 833431
839628 879286
19388 63878
21076 724410
695964 852428
429602 895995
23508 263522
42051 923907
85873 204259
493322 973554
135013 957806
718994 772440
192762 662756
93863 387836
560765 754845
680908 877572
755949 760976
450758 993055
341687 616414
503463 607568
601777 886057
471215 554100
469223 547388
351541 891621
87205 973641
251283 664706
245580 281392
362463 622785
78172 394859
943609 948849
811755 853021
325386 638741
72439 97754
26787 970589
92286 604480
174064 801446
365425 442587
581927 785615
332414 770245
137347 901714
196841 914600
345717 633495
359880 653822
73199 187199
374877 845478
57206 421890
518836 738782
115344 997312
447420 644297
441638 491070
530371 937543
193227 505727
354532 846231
93711 406162
427046 456622
115386 691488
401878 955507
252923 681307
273720 878584
697737 808504
484607 796558
584179 900145
106061 792533
285848 768982
417976 922075
451673 861196
207889 976374
132188 801312
151827 671538
55285 795259
341333 553139
223804 837909
129894 204420
239455 240376
336779 392229
134836 327204
148721 841976
239908 663022
390583 812829
57160 767473
300764 800954
607751 644751
254820 331080
274225 968873
76195 611140
779290 901780
218089 539412
615897 910707
526229 752627
170703 534587
328072 957542
105047 355010
408642 889419
692006 852468
252260 793317
93394 418757
238209 364705
413954 490901
6710 212848
503459 950716
66598 426604
219460 934495
454402 581309
392250 677358
158887 220642
74507 666094
650977 959390
868597 991006
184820 844505
650478 814344
257909 685794
775571 920874
81930 700528
138062 463521
265312 368171
526495 621107
90297 270308
347577 765025
295731 972274
41059 677725
318270 559295
249433 921890
238717 896624
408864 724444
113282 377953
229805 709571
148433 670654
247867 925111
43730 746919
614274 621985
111735 811833
300669 866029
126816 716395
538674 959764
13463 892152
418263 739982
534230 872598
285684 407584
1650 326687
51210 494900
218947 590835
225161 422686
700410 899007
161348 616973
70602 151055
186951 757809
550509 696945
148523 186032
11425 256216
721046 939443
87456 558443
518655 544397
79611 166976
229249 717652
510345 718025
739926 986670
715267 900386
183182 304597
128446 538855
691268 754964
173871 582854
244052 648866
532914 881476
422836 700020
283462 620875
868473 978908
186405 273093
172158 880224
238682 294876
620439 804311
57255 401362
428186 865816
205384 593623
577273 782748
298697 382571
66527 580634
15388 295160
489624 646069
218484 557260
248346 788582
449923 977138
651563 944435
553149 952279
543041 712985
82956 551361
569448 837013
512256 647848
63587 78857
758581 772388
235695 657656
166397 963599
675786 777516
190639 450297
581516 984645
272331 621255
76007 285811
45230 885700
186080 201666
377036 557000
76928 708149
360252 755661
337879 487105
410358 563941
662876 731355
483060 770684
483163 883914
305086 683605
49577 514509
323221 709262
512634 952501
119265 505410
549194 825850
479128 647602
116349 809611
45865 209871
246032 732676
650044 969188
225403 409241
47637 961385
283149 378587
464796 978738
396813 693887
723940 727693
351260 501435
493682 580879
350749 944671
367839 850648
471497 696079
685130 727180
94813 253651
9425 745740
172317 291659
322019 568354
285421 389279
41325 818017
289467 686460
779170 946449
196312 245254
19760 965363
293293 517033
584489 666078
671833 999322
484558 759260
160883 335359
940080 942022
287334 367284
62969 540832
266928 417487
795698 901248
16813 577646
377820 920972
653028 812235
850245 958048
126016 718837
266226 904617
592851 852828
100235 901930
106764 353480
118321 907693
56205 944083
37001 538322
554397 822885
310184 338273
261751 857606
375366 799568
102657 381874
741993 882528
283114 407644
402028 728868
95796 845101
315827 904056
86322 155827
477984 663206
354597 484435
866071 996398
11967 560871
386351 731906
507939 868390
401924 581702
7288 944672
777581 889551
767713 839833
84115 434919
58769 576864
261708 981517
382161 869785
699058 844851
946408 993089
346028 531614
86312 673353
275680 796968
254169 853988
155892 956185
166367 672469
55474 72559
289210 987115
449992 906762
577265 696547
556070 556914
898863 962720
668134 924926
507886 720199
301573 783262
104879 390162
198810 351072
584857 908461
83965 401576
49350 332209
458625 955384
796565 798029
371135 649785
53199 647784
616442 866281
176712 750634
731473 980654
123979 207954
42992 338388
648679 936989
366330 400290
17023 396992
542059 671197
502815 758706
871598 908790
107263 250096
340758 576825
433759 566540
272164 858210
363477 919761
321423 808654
135726 759814
847762 866180
343793 686514
50247 611417
99216 942699
203061 376359
319980 676516
43609 830203
83778 815304
273019 689695
106653 729164
511803 776147
22543 874710
34169 318126
24705 988521
226466 705875
106357 618323
224291 394022
372139 391565
62117 539376
179064 880021
473090 983550
599765 661444
954117 993250
913469 973245
294924 968007
553872 649521
447345 925346
62916 65756
369179 730741
2140 212176
533148 891030
216484 479758
845977 906717
192177 602152
207241 711208
33487 727140
73005 757261
345517 394529
240578 617364
377956 461841
650514 776210
630558 680794
390665 433766
821291 938427
409623 887628
359836 971175
204583 530989
441788 839222
429144 642002
236875 720628
850537 880525
174889 347135
5774 667761
685389 968635
153618 332333
408108 531346
655415 732892
221595 689917
6674 432807
574980 665226
18518 256254
698167 989528
315450 849577
75051 530089
192418 899389
786846 816700
842851 918425
12318 506158
276037 970031
288629 866590
295940 649612
612690 653047
804240 873261
280348 551020
74084 248051
525591 626941
113164 888379
315518 385970
328642 341181
436886 714281
299832 548060
609310 911245
784732 828969
312520 781422
309525 970298
376327 794614
496922 648776
242723 361380
235806 563913
229887 475820
225689 306973
883135 941415
569020 815589
836337 912854
474496 893893
570660 782245
43358 725045
102767 122968
85257 561904
347511 580680
196888 964824
358709 919143
427340 870353
275178 909727
114399 681766
23199 580693
357889 552201
446076 835668
563924 809486
505203 862709
375646 798156
115944 981354
592948 814481
147833 726792
608609 698125
23677 780478
5993 293651
356066 902595
517745 518674
39685 296341
264047 383475
253530 444238
760636 972502
32315 839818
429875 920206
135530 223734
65931 272288
858755 920326
43025 294901
311300 353781
170196 306876
433393 689891
37629 499976
304818 440477
86195 392907
241852 899267
825162 873012
106891 983254
134587 856506
24271 191821
903997 957359
216603 461751
449192 866273
142200 610618
246709 818347
644121 935286
285434 580718
263502 801870
194618 373834
780219 948989
180685 810104
188086 881494
426272 552816
511042 846806
313653 595799
48147 488656
424305 956093
285098 763839
497173 801841
570117 611768
373775 943246
742430 758420
413626 744470
641384 758413
244214 872925
96199 738902
433609 656892
151648 639085
428419 652894
3800 579486
31631 720048
386514 755035
358521 962948
678832 916519
478346 825884
356617 841664
340151 401338
640109 809429
545282 716007
10868 354228
143438 717618
105230 457765
644282 924460
393906 820428
447900 862285
321726 506969
333741 542440
226393 929725
459780 769842
276907 962714
272235 793826
169826 663949
539445 740959
266221 672830
303382 927224
222105 488267
486557 537471
396824 684739
495522 677594
307242 594269
398014 605709
307644 970296
597430 599245
333649 389681
416172 818881
550570 688426
266195 803019
147625 422499
424216 466438
114719 405505
49765 490366
376783 510694
363024 630483
677722 864091
57671 875609
110155 626988
62093 518643
522949 587691
309345 422561
129245 275525
120469 827487
472162 948759
599941 651347
405898 502420
491476 636648
486638 891395
541074 974517
64367 103621
421649 564186
102893 476916
378687 407180
768802 920151
197989 500762
241673 771437
375709 959726
787765 977228
192588 468025
6421 878572
580353 659519
229963 956436
105455 157995
46824 422029
183219 972801
803144 992104
126544 892800
24528 503125
614537 829985
586148 801730
3319 974417
604975 637446
187535 197405
267047 567235
74513 611481
96583 521996
576104 700674
323658 831328
47925 748589
634364 748490
151707 184918
185884 825687
84166 210311
332220 823777
559054 771612
326060 551707
284267 905801
242470 442195
401592 518138
268568 639084
507135 839509
726659 989515
24763 123689
205601 344148
381835 977764
82069 536950
593088 633438
27101 192055
381805 991613
851788 953528
32050 535478
425320 745775
456089 569073
55629 813287
90450 927712
469335 888395
43195 605345
97432 976622
105133 707033
9987 838647
40745 76900
49522 632119
85329 837785
144182 603037
469599 984818
144291 180910
377505 582281
572421 647919
648847 863024
408703 778003
388963 883088
70559 783540
342513 593627
1026 235724
169946 249836
307068 917014
173992 506290
115488 484511
158443 638239
457076 752171
285602 359916
101630 935164
67318 245413
211956 228117
110736 517919
433127 768752
627711 896562
547081 576201
697517 831980
70991 730016
532194 889670
126211 963424
890001 973546
138587 166656
565675 617599
376175 501065
62478 161214
471507 567721
276466 497528
60030 844088
711888 835341
620668 941233
453696 471292
265867 481302
362078 632735
180670 802964
233718 950172
537614 658736
906487 939194
531713 884224
18311 934593
650080 801019
38682 416821
386432 994850
273125 542542
249735 637950
290169 711149
599518 965043
210562 241059
268952 514395
398048 408551
574184 851631
665279 730701
491523 949892
697582 925521
489582 509647
50883 682394
167509 414381
371710 914395
144300 794157
117439 380128
716907 820470
306818 689746
417197 946140
54815 515405
236914 717124
488167 904335
492468 983806
530236 662085
475048 731587
266205 534505
180382 434677
387487 925157
644668 988522
253504 953516
389214 445277
566930 731426
444375 825875
434422 765897
48603 285697
412143 854107
684076 943794
991011 995622
80972 627218
63187 98104
354034 554134
110830 886593
317330 673701
169941 232680
202047 445530
645513 664335
64787 253253
534941 860754
269845 556374
452274 786875
883709 986426
925994 989705
209253 546894
50730 600108
402174 625257
542102 742849
529568 854376
632456 925506
454782 469136
479890 895255
388853 646541
410304 627077
529728 787792
708858 973116
146643 218524
279654 283789
300012 533140
192109 537065
1165 33787
58532 388676
514692 982796
41785 923035
112229 817552
27070 722066
630306 766109
550884 820570
85340 785890
592769 913364
694643 818814
310306 935156
392745 564454
257927 705404
586237 758396
61515 343580
339578 932973
7008 517764
758468 772642
6738 104398
30245 687955
261685 932876
350875 494362
384560 787766
164074 558008
176582 526671
24467 805081
608045 742097
315913 775928
948391 963582
527282 747664
48738 792390
791180 968846
942919 947742
860249 919190
701111 798320
344556 764592
869881 918021
747300 809680
146501 649283
258593 624469
255779 633706
193983 932362
63195 279506
639735 937484
461450 515561
177457 657691
569375 917117
176482 231456
631966 973582
173369 877784
61943 601333
606892 856131
56479 774067
489869 827957
235556 743674
65731 118185
210829 685954
470794 648449
338515 430739
262737 355667
87538 895330
72516 526823
445875 985129
127781 977901
318039 843122
200837 610072
163777 758298
127452 876994
277806 655387
730748 918930
629730 900741
515120 726813
537436 678998
348202 767639
282022 989373
433718 528482
431088 855033
100785 200616
53113 883597
334785 774543
459901 555205
356951 486261
22250 757003
267920 559063
205695 711360
142867 793359
63582 132906
163997 506210
827969 988631
50922 885438
51579 386083
133402 729600
118791 635979
144010 677872
528804 769400
824243 958714
319620 351394
372061 984749
479296 663781
871794 877709
191904 620807
421929 492939
63190 685260
142133 462180
291908 954042
457288 536723
741648 995988
247711 700848
348508 500896
709858 802710
721068 942730
551352 756505
112583 462361
255468 807878
341326 479199
678287 935784
142108 606702
201358 798261
422970 860096
8209 406962
8833 452166
52949 158592
357157 508660
194818 948312
110909 396665
475042 792912
165696 914925
608489 653120
628869 731303
104423 374401
180272 364187
827048 911838
109788 524040
180596 625897
223681 621920
351844 612277
74603 821836
263769 970976
515940 946524
142747 794710
149892 531963
495584 671165
452682 798630
235655 624340
349567 710048
391170 768258
89911 509750
211398 486885
80999 717673
242745 644282
17803 936499
458186 863827
454833 578945
304757 505624
443465 989774
177484 620916
346235 912071
520039 799184
613561 747996
551003 910192
466564 537130
643997 953854
48991 619529
461101 976761
218891 868274
37694 923558
16193 967848
50659 943197
12840 887710
502926 908030
532824 706668
6290 153024
792720 981254
760805 930000
82995 970533
103005 466159
477972 620873
570346 859000
189070 260369
168985 969315
490887 660338
187453 281292
299073 706134
206910 594749
400889 532649
89817 119747
533144 852979
537066 607242
81782 470469
594545 885470
711631 834756
101399 574717
166586 723855
22720 567809
314668 637958
379040 905760
483596 489144
613906 736004
555748 960347
106496 441399
431845 823148
213085 508300
75925 980982
661824 713753
210530 444158
701624 993934
568535 800180
524129 870684
357010 609716
394687 685633
710664 971965
482111 677369
427649 442676
45183 734464
573971 999040
496633 840428
36469 212739
720496 836701
139327 149762
36876 592171
65395 566945
234931 299454
787 120513
173399 247745
29406 586205
392346 682138
661165 840332
92600 945523
99452 193832
754311 838284
419350 697862
485008 575975
549630 650709
280154 539508
862870 970792
566591 681981
488391 556860
203598 648784
590884 947474
368459 604775
25364 232857
124196 371660
537633 906276
143897 803705
64074 154371
330450 354005
319973 699695
411763 961878
823627 868551
322917 778966
247437 483589
679275 831967
388382 475562
516365 846025
476475 607128
410675 800339
186971 950272
938101 966964
351938 898525
27405 796032
40106 40830
166188 557748
93088 392852
469512 796313
35436 936787
232964 540289
413720 984178
449577 547775
583326 912814
332921 599312
290447 916917
579702 783713
6582 685102
600988 719695
122243 177716
782912 845956
218351 791817
9399 136599
77099 643855
223297 834227
758426 847790
201534 868044
471655 536556
115315 470395
128221 769148
159681 595892
94553 376461
69298 766678
584636 771260
725510 852783
568350 869074
498712 630705
397061 403670
131735 657942
215460 511328
667045 958076
584922 858563
186753 865246
187819 461366
507150 677155
288154 304762
166148 995508
445138 800755
314847 703077
573941 985927
449800 550618
371490 638478
19203 82285
920448 935857
286917 867166
288752 797280
775809 846725
825384 881707
3907 591590
147781 678306
727604 912662
243450 591207
760217 833729
530254 686253
32385 926500
754146 867831
411906 903408
31517 304174
522511 911365
142680 412635
201210 342848
636534 752571
53077 563438
259944 382628
804064 891745
124717 768457
364144 418974
157820 383030
522518 864776
115715 585855
25084 360221
200081 477444
167522 934877
140931 547108
30655 189086
545411 838881
326907 776302
346883 786547
132059 569894
765058 950987
214576 375987
399430 662553
182521 476197
73148 697127
256051 345375
264918 463414
13500 408509
55623 316342
240822 369871
78843 262368
219024 527753
589841 942615
743771 800552
380644 552873
421867 665839
654124 983914
642926 878516
359932 924887
133971 454897
308160 685481
76037 693986
410756 764707
335809 760965
290514 889512
105442 793295
39122 639532
707920 737360
144424 300458
111316 432788
35792 850410
246286 875972
309134 930546
481374 627343
686314 951727
153398 160837
579932 888853
17064 503589
621901 662640
449639 843735
89225 147643
472800 717469
148550 955858
4899 884340
424688 915372
237414 401880
172490 483415
43834 714353
892119 908898
583390 876400
46101 131832
259430 865739
62754 228655
553430 815204
164368 511308
249916 662827
570615 635612
346869 954512
769496 883376
354639 441367
224117 929628
478067 827161
423850 748675
193215 694225
135832 853643
229703 997620
473585 571903
577587 722123
603900 845629
177147 631136
52489 232803
23585 521676
258735 826379
176307 354160
406920 654504
462072 783846
347172 907301
2178 432222
79063 118015
627891 706490
207370 689255
165287 277084
370285 384310
45525 771878
86652 441123
233664 789896
24513 163894
561113 789518
210899 259381
75522 418768
346733 806386
623695 770062
261182 887315
395541 898302
597683 667376
25815 826087
236390 457245
319915 620644
254984 367912
345381 705167
150610 731648
130598 917809
495058 822884
407327 838949
154578 219689
238435 916932
156144 224109
450115 959849
6120 715893
64356 966008
612906 985049
464155 556434
425025 795657
15927 169910
219351 811625
124019 757680
520383 914818
821018 864094
327814 789037
299238 836038
832069 946213
84615 567746
84413 243431
679748 964590
255483 281518
202827 911471
575550 730310
75661 239358
16798 107653
625465 923824
509480 608481
34141 437742
192193 933343
83870 532245
238782 461779
496379 602020
201746 309802
11163 620938
266971 287417
142458 819933
227587 615684
246376 794982
230360 909110
167407 381782
641130 650393
140092 270908
398642 593079
123887 535815
762027 946916
168897 774287
135445 563955
284254 812543
546718 785844
362340 766516
263228 865357
278373 459637
409153 855553
276126 652681
551749 724984
68772 99094
808477 877566
969829 977158
366805 593851
4316 817391
240670 567435
816811 899360
146854 192109
315776 780132
327078 602569
147717 842725
22548 405106
431772 827255
144029 170075
403079 884462
23776 380791
143812 362848
819057 952180
39489 932985
646804 667604
688760 850965
228468 357528
23857 149640
323558 419490
350646 464914
487883 648551
608453 999376
154120 970403
554165 631503
614890 692620
366073 875526
39120 440890
517586 663111
290748 608199
336574 771771
162945 867276
516800 592338
315035 868504
508941 782291
424142 481120
121504 373261
118951 450959
579804 945435
357902 834782
653754 910711
815661 842808
272840 982095
906946 976270
144800 799807
226739 274634
315144 498448
46519 426541
72275 166618
267393 563237
440346 507614
854215 982719
149491 448212
300334 532143
409436 742317
151220 993162
237245 254580
131644 211436
302519 373667
540983 790336
55577 285407
385960 756246
39420 985572
300965 327467
564867 890439
54155 741226
22005 842852
94133 514082
566491 836733
35454 527299
515347 868000
530394 982773
631324 803842
441267 717544
202462 228864
290026 391093
707775 721118
494122 536877
18653 27629
813141 853441
885419 951325
639801 827672
277128 521390
145938 350447
486502 845369
635592 954081
582564 773974
127041 642503
380524 935895
723913 860716
821584 834473
18391 307425
181045 761448
406135 909468
73733 371312
7947 631898
533110 773493
492048 626463
118281 806435
75370 283494
125621 823686
245472 756311
296856 661075
247372 380737
17078 866713
22219 28526
776091 956858
256727 448503
345669 858863
157524 979182
20925 35754
126262 451293
562612 684454
733812 854768
308467 616437
204173 531890
22012 757296
304786 549060
306068 539601
394991 853929
641275 842540
82974 470305
575267 726760
298838 454395
28432 980900
401077 882231
475191 510765
4328 309240
3085 264497
221150 509289
247045 526331
309279 899350
693820 902176
129359 225432
399459 847694
815747 902223
242749 761677
690336 751416
708223 900756
136651 683047
256066 579302
635065 809202
202701 981781
81445 857013
775309 837876
328355 733898
585989 851231
32571 785679
645110 746822
99609 909108
171188 197640
281023 914171
4576 934961
93873 576381
571169 615120
70753 207568
79848 676241
799849 989408
96843 272398
56147 114637
472541 535330
204466 237444
227351 352950
412833 831671
114834 656302
857292 991019
373596 931588
485091 921809
492147 797922
764120 911239
102381 997847
43268 586938
166128 245218
320369 760365
9013 736767
8040 980557
64050 847759
708252 716458
871678 921331
569117 919347
106628 854800
588807 967719
701228 994168
213357 770263
283214 632206
175550 456146
481586 956814
195004 370701
622734 806457
629060 756803
222555 309731
171063 326030
146912 351628
614618 883368
74 583569
625557 679451
154553 410485
391780 528531
894696 911486
263743 957430
77349 285023
142607 259871
270279 425850
531476 628872
172142 974065
446030 565211
79773 117906
235563 305560
252155 981467
6496 22890
332647 708729
77976 483752
98774 682415
871489 922431
531053 841313
602570 843635
482267 601573
531793 979059
357230 774021
271333 898308
624835 767098
327524 830684
10031 143286
518789 807671
521935 544119
96961 269408
303483 642773
627875 932977
197712 444684
30856 135248
617881 762305
38522 274220
298453 501177
779731 851526
701070 935844
54717 697992
256933 902178
279272 359747
61536 308129
799010 887429
268399 311536
346483 369254
458140 852769
413692 946264
43998 224527
161158 695255
198602 736527
687654 961872
201561 989637
699604 870719
427996 903953
823131 910095
102303 856998
26785 725767
158484 288093
151299 570925
293587 441048
159282 421536
342140 537642
264357 407755
192929 573780
50384 149176
195968 985234
279176 588651
206345 667268
28189 880289
570234 869215
779282 823593
684619 778639
805016 993791
40140 98969
301314 674754
498392 728315
580062 639088
295850 634671
600226 969606
910917 958847
11664 973950
511597 775045
296678 911726
277605 819005
3061 259094
614057 662647
58567 962099
812561 998280
10441 842548
752430 868600
16287 378740
42638 832577
229209 965468
648131 743710
260919 369783
494928 948320
97367 966421
381569 706199
111240 135699
481458 736513
67169 870815
214580 991341
135122 542497
934773 992141
199840 503595
516197 656094
177582 692441
146346 712213
407002 888383
280887 479152
662693 749839
966562 985651
432223 904456
656098 815871
426160 532159
485719 882286
4799 748442
100900 784200
255262 996331
13144 306023
397400 653758
152284 898179
529096 700274
118824 913005
161535 576264
538352 966339
304259 986168
574185 684828
292023 374937
22331 857875
143193 931220
118432 507852
349416 814397
179748 365564
221408 243109
166241 592199
495104 548519
585525 964755
294103 353841
855825 978280
263634 827713
51717 437035
31648 619362
19051 459832
15326 459076
114826 601681
74658 284400
442769 536272
348119 983879
264758 315251
546330 548463
391475 461414
399195 695975
226610 629872
185376 641824
123472 786750
365785 768320
813768 929466
559467 892913
200706 412065
34568 252954
137915 529599
264054 934723
126767 596166
404710 443706
89704 803237
71592 664214
52585 311829
579168 668273
85947 837740
224968 345248
391084 738393
832353 877115
371643 438860
254485 820421
98431 633340
182687 611862
94855 923635
278777 377918
237688 697955
391330 413800
399407 419768
374337 388187
267419 765635
607737 920488
28479 174361
425494 965666
640261 685698
524108 965293
240508 270745
20778 199040
792469 924870
710004 749968
488142 758570
196061 334919
455154 670585
608477 719429
425089 697730
509597 934312
426679 833561
547489 829354
151555 593271
250833 353861
352154 791233
507865 520012
322659 905800
95381 166911
186800 504518
591949 944516
66169 110154
61956 743188
562287 766304
301229 556054
62576 878896
613201 966837
137303 712041
125937 599407
92829 894472
148473 912758
412981 509743
734630 953706
7629 464852
572333 631525
315621 794867
560080 921422
35738 831806
77264 221531
24224 764160
213102 455576
454039 601593
357520 692603
223871 476251
475477 864590
627074 666756
303473 719972
250362 322280
77815 543064
417498 855707
167111 646366
153362 927702
299279 684817
566119 892483
326222 808579
125748 679393
480628 686151
260891 763077
41132 581579
52594 269042
469282 871942
16834 330284
109191 290402
12425 287655
663890 992488
294828 465360
23163 546237
438216 710372
62697 508134
278073 831608
122333 478215
663170 952615
442211 452582
420738 770342
177423 399824
646507 708219
166310 496392
420260 523518
58970 844851
67814 393208
69650 497394
98181 574964
289708 629169
119766 608157
571844 892657
166874 943141
237188 676139
82528 784244
515047 552692
12684 311817
667072 720701
339735 371415
486847 623632
216751 511216
58187 878825
163762 594400
694260 835698
130099 360112
553418 601873
890138 906014
300131 848033
619415 697086
921431 998407
85264 332133
195843 421330
211606 608139
336411 446506
379976 384328
215152 755856
522555 808004
430352 977325
499617 505028
151673 461414
216094 473608
494126 818915
140915 903878
931551 952198
944015 992410
498292 618444
23445 486304
531969 911974
79289 710907
788556 834143
285544 533025
152110 532090
326137 822827
132421 477340
531353 961025
551468 749081
18571 927853
25361 268272
34408 253780
319313 983901
840130 938286
172003 317255
645512 866338
819929 903102
16709 430000
606348 698437
399242 507722
162917 322923
282632 800967
537943 702837
3164 780080
132354 635319
319981 819952
61522 596618
239399 983524
94015 257360
198429 814371
457596 760823
729366 802206
237327 312489
243028 727741
369863 761517
423239 796426
196053 617365
3714 217015
474985 918114
527801 681004
317506 644601
8506 919175
131005 657895
638304 715507
498724 876653
200368 488810
219780 762377
18580 887735
689675 883598
86461 303278
408522 886465
371899 512702
98895 876782
272370 765861
593957 958315
194564 894964
730652 946589
636688 941434
308799 668606
472147 726520
508856 907559
198025 900449
154942 895289
550685 935551
41339 126055
117070 618687
48729 367394
29429 216287
149589 596725
58934 936820
380508 887681
194549 598027
588719 704175
37794 240841
420419 490880
133552 552155
103712 604265
78746 448792
281556 443983
567101 873496
231235 470025
353706 383943
416869 766851
357103 440607
129294 317229
39848 941503
27096 826322
114504 398533
285536 327453
487148 847447
67562 655568
103008 313014
440712 792592
200587 792598
153157 662527
589820 812540
439841 593290
380244 928784
335018 563768
526744 719073
591901 930791
119879 312573
641495 705088
736519 913001
199084 484036
482736 843468
371099 627237
12975 571403
923129 942931
473575 977177
586795 593347
68028 644557
52416 839553
84664 406773
373085 982860
671644 858249
210292 953431
273588 559491
25875 540202
357803 750312
627268 911808
250368 819282
453208 731517
693678 951081
106991 983186
50301 403912
391154 448825
181358 715808
252136 324321
883319 995880
6175 417375
458564 517169
168431 788405
292818 826734
673808 731183
112159 477978
539573 597358
527802 645643
216142 535007
19710 96918
475768 739735
175436 895781
302491 455175
101849 479046
138954 700910
104762 198403
110086 204915
260930 308977
366429 759784
204576 911245
142497 554404
241 315102
78706 781100
504746 656813
261977 963235
702698 905274
215656 720721
243531 861253
26641 71152
442886 537999
697102 832637
123154 941656
730243 813449
428290 837394
139149 975027
169622 812758
737248 819200
503233 680179
669760 774631
882696 969856
428233 547390
244905 500205
202510 757318
78623 818898
421485 647651
724403 840858
9020 161997
13923 300875
840783 841194
397230 927588
624440 715500
26142 198352
538802 627846
239767 292136
203780 390645
759996 854946
503371 623176
125928 211251
292976 612029
282343 981768
254543 496647
624223 933092
9789 180149
231730 327619
692266 904376
327198 906688
226623 479437
756587 877438
707392 743360
550408 600074
757127 767677
563288 768328
484229 899652
528337 963289
304074 353888
339650 982520
356833 877557
400399 755176
394243 411917
192554 875207
55652 849371
114904 189108
348099 661110
267407 294413
520128 891941
851894 919783
292959 411635
382125 752134
59860 455625
440961 827085
558802 670388
134701 565588
236294 377035
656327 955846
481819 744184
70384 751181
276803 768393
453481 832380
27845 414558
455774 577643
412253 985354
351080 990216
408400 734322
687202 720047
515307 879059
560597 654836
460738 539631
616539 765828
212156 782943
5380 396648
456349 834540
74959 754757
265791 899753
579118 651008
129095 802216
97355 204261
875086 901277
221837 981941
642950 825933
282960 821637
87135 526105
123331 497124
871052 897008
53769 89330
538841 580005
219534 578347
174748 226588
377910 754958
306597 861765
760885 804395
302155 551988
28715 701000
300190 886769
654979 669613
328866 715424
648057 909691
238013 803344
40367 121645
99035 351519
542159 563758
69157 336683
120767 223480
516907 601324
16074 164436
129476 145587
127296 851649
523554 966433
303684 569721
435403 549595
449769 810721
100069 869058
480894 979043
759749 974049
345529 496168
198046 445414
137580 504083
328363 991465
331385 350643
63842 741188
295356 513301
65953 432219
595503 656375
426695 514927
114839 687971
127319 589436
256817 697564
141474 345510
640116 694376
230998 324171
679347 760999
758647 978779
138631 393994
236401 864267
646022 906356
527250 969448
391990 789096
149041 295236
341514 600744
254552 773592
316592 406563
378541 968807
589710 777585
319161 821313
904867 927093
97603 142610
184614 429602
405670 442241
257791 394390
179517 402267
67451 537413
133255 292385
294203 759275
180210 522837
206940 300131
64359 70318
203235 653312
333013 423969
255134 952880
86639 419219
80331 373483
765480 855194
231854 644970
335683 978589
258254 942465
461042 661486
413875 785884
631665 975254
374393 573623
489648 650969
190140 509574
498918 882440
142923 410258
584986 904790
552776 557149
736225 802954
36090 690236
85683 338551
330755 683145
63728 500102
672090 950114
196097 228513
322978 514135
756993 967870
195159 481077
220938 792899
485281 512930
484801 998989
53395 381490
57624 318016
513341 790179
272344 784708
457368 956017
509627 609351
414799 853411
50094 998554
230393 676819
206789 771748
632246 956001
136259 167625
180975 387722
9806 612030
629252 869566
358296 841759
41690 338988
741295 796072
173180 327463
454435 658322
401133 672325
342024 430225
68521 285949
322966 799407
99444 337798
543420 765098
150996 406611
393520 412394
839619 893764
639887 699042
242408 878090
85106 341385
51410 266290
765898 779592
280176 447121
711167 925027
565487 588323
64813 481606
434769 595219
418275 560494
853077 981105
512721 541162
81859 635931
342593 639992
699271 859092
95094 854931
471906 486699
281970 404787
442490 952972
191372 693519
113818 832021
123990 383874
86066 356460
5882 993759
729048 798753
313558 774978
613709 964363
631976 758402
354201 370240
21437 174191
103563 909529
276345 395516
193083 969842
641063 800181
9874 935689
539468 695947
172140 704870
380220 731745
509659 546745
450683 544641
182266 916566
172186 772146
218760 339682
611544 685933
164001 409156
199918 838711
624580 664444
539862 637452
3401 675841
220704 546133
372508 686515
449762 982121
108881 596225
279739 358338
159869 700807
673168 974168
633190 934349
51287 84574
427497 616206
369802 896603
503812 604982
455502 507801
291187 605638
3504 351728
19847 760108
78621 310558
49800 517543
219879 401427
3152 398630
9884 893929
142951 244667
160125 553966
257511 716512
30713 599900
52608 806508
624026 747888
372464 389898
75784 444209
176770 680426
721719 905798
632000 829362
269761 699362
229588 846980
97586 499742
58831 724875
144927 211962
41684 563847
182777 422302
209681 649362
68361 258068
472731 735609
9987 520713
320474 738178
38691 206213
426784 822289
108797 217708
55098 822854
70520 976533
57613 770977
92282 898223
502805 605470
431057 723761
250522 747767
253247 530119
456198 537179
45001 273827
249704 675714
744138 774671
105739 987091
153486 456764
26541 506890
470070 763938
37029 566305
869944 894667
104029 175784
44057 303713
552758 672109
811142 821462
30408 81116
258679 885394
169162 636624
428866 924817
504444 781145
172834 549850
21051 380034
57271 614453
426854 476736
238704 912134
278894 447743
195215 768742
937463 944024
652760 955355
495596 587781
367871 529412
349033 751762
104806 394910
117294 572540
755534 804922
349760 993979
56568 552190
670628 690069
309139 749546
188082 210316
335125 488923
375750 671089
498707 751739
315958 648858
327630 330426
241185 732674
163940 998046
73516 447069
100770 883661
164888 920121
270584 415121
155641 677743
334330 973311
296582 663198
68896 101085
591667 774861
220510 508211
503270 563822
82464 533504
92677 111602
320141 415059
172009 711189
253547 717195
165315 278675
148969 555326
735666 960381
298494 525683
63834 234130
923216 924469
141785 251554
172062 353143
305856 825533
650789 781947
189907 382664
835007 933541
622656 865244
57717 208866
199748 916905
715738 918795
180337 562897
701255 860155
304458 487305
206244 298507
634502 681107
121672 271369
110835 648825
70619 873927
467351 997558
95224 381349
125912 722841
107362 249134
299006 729294
390891 463984
278242 637984
182103 875459
491051 783705
255861 484479
40925 549062
222318 482047
545369 929423
602359 890053
78525 808205
233414 399658
497304 722875
600448 780266
842771 948934
33053 422724
33487 129126
403195 869134
399739 937403
203933 550298
193764 619440
669528 720857
80612 157377
75393 605882
337719 886412
42 298235
3072 632535
180623 395401
542327 842532
157401 206475
201580 218356
98304 890507
205514 461322
446867 629358
289871 680999
108057 579771
543633 786528
231569 884017
119138 169428
619621 948584
96223 988613
203832 380636
85923 658903
574782 631825
155973 397224
147995 588917
276094 995206
6645 527981
787826 848705
578547 759835
349005 783615
745103 830657
208612 925828
567744 986725
54097 933402
353197 548991
778547 800088
549978 798938
457831 859722
196088 710698
420477 773938
399605 878323
535877 567713
734245 923764
559144 862220
551119 736305
167853 206747
275225 302408
566504 992091
209731 678499
262672 450798
645847 663492
10842 644021
20829 666026
437200 911118
469493 498544
75999 454704
33600 494915
322260 435799
278220 654645
309357 778321
396453 629751
99778 318038
747352 766575
282936 960123
427024 520799
671632 887454
414213 893364
191594 308585
157764 943309
112437 253053
8113 847813
203424 512814
283154 772277
228246 788811
302915 884766
300552 364449
281895 467905
135560 822460
445814 515612
140390 922034
131715 432663
21328 250964
656962 943178
370997 550232
94388 446688
468916 594831
206275 867591
372039 624239
320347 388611
374154 411540
188698 374907
543900 894914
48726 321477
87885 193695
71303 139932
868711 950879
281773 378359
129 695205
127304 514601
393912 872979
80459 954832
158615 626630
107812 956755
263676 995276
212656 502171
265037 605586
316828 534224
28750 790726
83339 922645
697275 772715
293953 581322
798838 903768
4265 257462
151767 316915
80743 762699
307313 319091
426888 466710
877733 985611
214207 674702
414775 915432
662881 871176
353439 696348
242756 530246
788834 979414
47220 564294
600897 669064
152287 870718
541684 761264
119509 272200
602248 635522
239533 767610
900557 924050
320673 719164
359207 471106
194740 652022
136576 603512
381665 817350
281815 671314
46596 706471
683980 819705
481768 595333
733231 861464
296850 634974
647536 940343
18483 50921
935994 964018
404629 856266
126156 365316
196418 376606
31938 193617
525104 687887
568141 698228
188234 792322
5598 309105
799419 844382
538470 638223
431908 921528
131792 819235
121429 381327
372885 415451
70152 186777
63249 155294
863618 946470
474013 561344
578630 590100
794319 850910
578915 982913
707323 817884
656845 860471
75061 985349
616732 709297
388211 496567
69791 893556
263213 797965
172485 772505
909870 992492
374454 624644
640687 784716
1615 700770
710485 994728
275354 782030
359869 366938
187224 600880
176740 622754
896509 956260
47604 446927
300143 357060
208636 397945
73905 144620
64079 853647
202113 647645
201170 910843
830695 885770
724788 933036
28127 994621
538754 657400
730069 890332
148035 877393
59257 179719
209312 978426
66447 642432
12705 571642
262579 503810
412002 979875
2427 55813
294399 598509
601630 631931
87441 992159
451151 767372
708487 800323
103344 618480
197821 346816
281658 644161
103579 931170
186256 858223
81807 882717
84412 116737
592002 943065
98155 688665
189950 828207
315819 891671
299508 830762
423022 562662
70756 398703
285440 394572
345427 381015
340522 421965
131830 348676
178112 610953
20895 605908
528582 684337
383048 855789
72849 760550
136493 466959
232104 413409
234227 721084
71863 483984
96589 369495
733280 747083
41751 366253
319229 978648
236900 476701
205923 767140
143268 368068
884589 889537
289675 392823
402121 955907
524543 693086
358323 912317
894199 999716
476600 476844
32950 920001
111109 999061
33817 426314
219949 773970
233531 927896
116964 993493
898827 975295
589343 686851
717655 811033
542077 670771
202517 280754
432801 985515
1311 995847
690073 981540
206296 264759
599804 836195
801543 808560
61466 324323
173460 461876
143378 145396
138102 369531
421142 815429
228166 358051
165199 949623
184759 541553
22772 190598
955241 984214
95227 346768
487684 924998
596615 905731
103091 716562
472325 698212
295707 339409
95412 900223
588011 945834
369604 746410
752735 859507
407859 712081
599092 884624
356329 591588
313713 445311
9426 654946
362921 754623
618047 911000
245126 530651
83774 794709
471291 514189
390073 684151
921993 966845
85276 545902
168907 491177
410974 832926
107695 443339
179868 502197
366661 991772
599383 624082
349851 983717
105066 806804
558876 912759
665024 695080
236547 810518
402159 578293
190956 665102
93390 670231
203840 956588
270671 590432
118243 271474
683873 818562
132330 279725
481784 990485
751530 962998
719437 761784
270186 428846
47941 126903
873258 970999
326316 507176
215077 336833
58190 991768
343776 842675
113651 370593
135093 543831
231721 779065
528326 787264
6291 901523
737360 953465
61959 830158
161620 668982
111013 584958
470945 470949
468230 871230
57263 297809
640703 641714
221316 858979
96589 480022
751296 752232
253950 438085
108905 563107
94570 284595
260871 909250
660614 685072
499333 870542
445168 560703
691389 728474
399865 938457
207963 610681
117526 341716
745319 825680
327214 701350
84735 300335
527002 790517
232840 843728
111792 981510
934499 964385
776107 991243
491924 550486
54730 149089
213342 825423
47338 822057
359215 806892
138873 575688
416478 872318
718261 868322
358178 507795
716748 844919
56671 171857
679894 827166
374214 847647
51342 881922
534852 929708
3900 299512
269801 382590
256224 989263
262906 340775
58461 699495
235123 313320
341941 818061
253855 849584
467321 970186
59572 922179
288052 608030
553772 747260
25291 819707
504813 908564
440841 552890
21634 709620
317298 540001
261802 649159
166617 813073
218026 603005
35765 499259
334165 952654
336965 881194
8892 812726
886156 978667
436691 437746
171195 766022
304301 599534
298954 628223
12332 159291
246848 544098
243352 967844
154994 292611
772913 903502
731161 990141
186248 614689
764486 876442
291852 509330
129819 481027
180873 928290
162237 501407
423696 887611
163604 663834
192829 906519
574764 626736
110721 632928
29013 932214
783482 825538
165942 426823
353346 664243
522761 891470
232804 605801
339443 949307
135913 189607
194135 482526
400452 698489
255639 601572
442881 688531
223718 403323
335370 930065
168200 446165
41580 200146
228984 834943
324413 604436
481204 838638
473018 951690
144979 871587
35703 219266
297450 620710
134792 478337
126525 426682
290947 608713
54852 890002
140382 283647
903746 913324
125800 863852
945059 983487
293262 495766
408773 950651
82569 982025
34841 791912
178213 848755
725438 905462
355398 808305
768746 816078
258528 572430
64578 875151
610713 992779
251738 455016
274276 995131
408512 976243
718218 766681
505790 673852
99627 999895
240262 630062
616145 668306
179001 711901
547809 821755
63061 844279
781555 800932
615828 802342
385491 802824
103830 321471
86775 511954
380350 646945
491429 541038
8929 375554
263798 385307
565952 708119
118450 726442
292022 508448
553304 643366
223725 268129
297566 542904
474133 576156
186154 215915
470923 982743
175647 438073
95408 447866
554026 567052
420158 678986
532256 873731
234302 475059
185783 725280
220001 435117
284430 651273
216208 798139
682347 885831
660248 846976
261504 283685
447054 527796
467092 478413
428129 561375
230605 717877
489772 921127
253335 425819
446404 499814
379477 456935
791990 990321
488936 946710
674231 684721
96124 198474
157787 799016
82431 656393
258 31011
671789 856523
259862 592934
751393 791121
431297 730608
415473 951294
528021 959168
426936 583232
425718 467973
345991 350640
182472 184901
98812 505050
569100 601664
397400 805911
200076 806521
255756 891831
14362 758654
579014 875907
231381 474738
957254 997497
315225 747146
33006 84759
609275 922702
738578 792700
119922 797335
189321 847852
419842 823243
133538 161228
287638 389570
786624 811204
196608 700348
104561 977336
141052 728536
82168 988881
227762 367728
263601 332290
192966 306290
79378 576635
270481 627314
101017 249530
614923 699108
60668 971331
22678 567917
431518 969507
127161 267818
158941 316634
15338 617214
15407 455579
170344 600074
195798 705667
17724 953025
246970 316053
158128 627612
48295 180757
419043 629127
372817 448782
43739 63015
389168 973483
322343 808953
588435 778868
329632 784760
420375 849919
342046 953869
294325 868347
885757 904872
427006 616368
570225 899721
49149 575313
416143 539106
539606 635959
729311 938818
80632 320889
349617 689683
732363 921940
31429 98154
668719 938825
321231 360815
384912 609700
202993 401064
112754 657037
102778 183878
666478 862190
92908 613455
444875 855826
229123 714387
236155 844574
677507 836530
115174 483369
238088 532771
577645 656109
223275 923106
644351 939056
185961 560847
375208 767830
197774 767571
120586 496487
136361 756075
209775 965107
32978 655847
698841 755591
273942 811674
461342 760278
476357 860703
618053 965311
232045 507957
245827 428349
74812 427718
372368 563857
227850 546568
275378 563391
539182 995655
177654 544757
386086 644747
197102 678790
182400 580317
485370 618567
280592 739037
134191 474816
214017 491697
47175 362456
851568 903613
502022 568454
263555 695151
30376 974497
348676 809378
604367 687888
210552 905503
140924 857971
124436 182071
583801 715532
2019 182547
516463 589075
314040 347828
495348 795911
409565 966203
385649 626856
614650 736052
446775 545647
337947 870433
422992 491830
460699 943956
439421 537775
230144 643352
41546 249294
175422 597080
398792 480937
964039 967972
291512 895285
54730 297047
194816 993257
38532 845426
758951 851129
28691 411635
69836 89520
104483 544887
533597 662224
57388 124100
319093 962434
528585 594920
478662 755002
24423 207297
61128 571550
492065 757462
238180 539219
620424 806599
165508 612861
120440 907432
354662 708838
646667 690600
363904 695485
603732 674250
2645 178193
304991 673639
104967 904986
888076 896585
517770 965252
29342 614500
24693 975899
306318 671182
89556 106854
86135 443877
708213 901808
894266 929984
595830 793971
343386 949214
322306 769598
263395 345628
712463 732678
622840 932044
192779 393291
250463 974359
913451 948757
942058 956056
477395 744340
801883 995182
284903 533898
619035 960857
747213 930829
101053 987192
179562 332784
104503 408366
96910 665686
532513 783475
781519 885662
133508 771343
292089 367217
76856 615023
218661 488908
31706 333626
187575 795927
86520 455707
222501 749819
21593 889641
290172 306528
164168 460616
499638 815224
502188 824543
3267 109790
175587 647039
358296 483332
41035 780603
319946 817136
679028 690652
178546 823384
373336 635312
147204 157845
222698 728356
70824 200620
307506 662568
284379 840443
572983 629492
266676 339813
96301 924422
669332 773855
336654 508452
563922 818050
677901 940642
532600 764018
809005 811074
389583 547849
592702 971507
160407 377054
665496 749916
19726 375344
302198 741025
258442 569971
561574 604966
83218 371167
498768 670402
150383 811159
132091 545271
59329 679181
536923 628518
209104 569072
637242 654675
182247 423018
181651 354534
21984 353645
156311 211885
641477 777307
492172 992796
324148 695709
76899 480871
710912 820869
108993 268853
252807 952393
357425 998856
444712 804266
17044 393809
235215 597454
224888 670314
835039 993015
612409 865258
342727 943718
126760 668569
866794 883159
31496 506023
542437 959986
191340 565620
653432 954055
12450 582720
507839 623460
632017 976049
58059 369286
274968 894166
565805 795743
229357 750508
10832 186200
336745 822240
115523 896502
341007 444160
495776 892033
852526 999982
430011 813486
457359 575973
25221 713312
217974 738555
498088 845227
171502 700878
217389 875802
431042 484769
723153 969427
188223 615792
97850 117285
152226 367179
219064 370765
337737 546372
817510 902390
214353 907649
281010 801972
88373 642304
112087 248346
139927 676128
15560 914367
634035 850012
302769 452543
135756 540246
412641 665389
685996 947985
105250 112022
20779 938596
341765 763122
335386 382707
283802 923737
57732 506293
270589 446665
90208 655476
687003 976310
213995 397936
356287 523711
295414 390697
33099 481558
718824 872217
181187 846232
151799 462590
566932 764729
435306 813220
687741 999477
666845 936940
88017 228604
436174 914363
6666 233860
548405 834797
122284 379315
250979 721439
709419 948716
35057 995006
575563 653206
671143 979996
8926 632957
61442 606151
89579 601045
552427 734745
201086 818125
203090 234216
210656 286483
213669 804587
21760 158619
86423 208764
212755 337682
474883 522762
373843 612250
432666 609646
657724 795137
786334 797395
473107 652201
743544 891694
125431 963297
334677 968224
181322 998106
470175 997543
282727 631707
15975 194472
720577 872540
103052 792321
806696 995321
449343 498642
209371 673468
55011 388430
823456 941078
296882 528585
102560 333922
367210 384916
90644 181883
449575 520333
364756 670538
93561 707342
350295 574994
420926 990890
99147 401070
203078 710930
341184 644755
543504 713121
42963 926380
239037 895433
815335 859000
59131 734584
703072 964969
314671 331038
215119 752538
226265 332879
342294 995695
557562 973342
342634 904817
265643 368083
804327 864855
182786 565498
164274 208307
410091 588465
87100 587076
571850 800416
164420 548696
100030 124614
295 661860
189609 274107
50928 396833
121618 933542
54431 755494
380758 701654
8590 283442
181656 245966
844382 906772
845670 875991
566040 983990
194845 286433
364099 702703
848781 918324
512576 776595
85602 118803
17187 486948
74692 777412
61153 727506
79834 484194
196309 951230
617376 798936
794908 820246
25733 329674
573899 653268
333922 522236
197990 959517
178542 946026
389657 967322
57318 509444
328844 958071
710518 962712
134171 991922
101668 545319
6630 380440
364423 535768
75198 942983
203512 806722
237054 551719
246558 899926
311169 433421
259521 880540
574719 704922
95010 870653
565403 911576
182194 990285
261954 684476
515965 860453
462270 857345
718483 817603
99652 955677
128434 392692
209825 671211
197766 289181
798987 959113
746372 893729
141429 649603
134148 301576
538961 832376
917091 926256
304074 998348
353224 482333
174194 886968
50951 859681
393316 684724
40077 782736
5917 352645
590933 856019
167351 510936
348064 349239
419098 932779
196399 774210
228542 340275
154178 281774
249057 411582
65804 959589
267579 760455
42310 662698
181059 836854
2554 566727
74134 417774
675522 909072
430745 518396
826995 900913
88492 268927
386807 476851
310914 777263
699933 952907
206423 448115
609371 902726
445956 902404
464058 965073
320167 673468
223389 821877
111098 511679
452530 792463
881178 965147
435517 583633
296690 442656
668017 761670
56732 904481
304078 855746
77843 92573
672314 812283
601462 705626
42015 190251
36584 222656
82822 365703
709456 732999
460658 703023
37986 722916
100863 718472
141866 731737
98753 626331
899253 986349
10847 677196
487413 741080
335449 364305
177248 201181
124902 459547
414904 517445
386880 596994
546485 963193
76871 519328
512425 971024
825816 912623
641570 778490
548124 948833
319834 940571
299515 765802
10681 508182
859882 869160
236967 713852
606579 865110
198660 587550
37264 418810
132893 324866
345462 560965
290620 585059
484672 895374
46899 899474
328284 382182
160974 386029
311878 724899
548368 619299
391523 396673
30765 896763
489197 867271
705101 979246
353712 504263
801207 869902
540440 571194
573584 856628
251515 419391
155213 484347
11990 960048
572386 946058
623651 985193
157160 565094
245999 939858
319026 398836
315193 838949
249262 565982
769635 978376
299491 499016
616787 849433
73625 390856
16577 448477
197842 472299
850850 989214
637171 649162
482594 869880
67463 818857
778999 982578
99077 450562
214913 432666
612597 732080
659738 905760
12862 206323
255263 864654
97071 811056
491472 789109
405201 844401
40715 761098
10831 995643
76948 881875
321313 896222
471449 719274
87923 798797
163533 879307
295771 385238
55284 671351
128202 233042
64313 502384
134825 588824
307597 480301
161745 851679
141042 645968
52356 575946
110795 844097
466175 883482
218891 495153
136847 515335
809994 931043
422059 604587
225207 513142
367723 385663
525092 595078
147913 562265
380270 796024
466252 813659
664811 831741
74779 282959
175976 405038
170393 581660
25160 150943
218707 344081
567965 589777
163213 987970
182491 783079
29031 433828
643669 814102
552341 865530
354331 650426
260942 684104
474462 498426
489253 906334
397463 651767
735495 961833
221794 703426
847911 915501
425344 905032
226674 464737
263854 467346
17606 302161
439252 541721
105652 180803
410292 557066
102459 140360
121315 276421
508787 718610
358823 479760
178302 793117
199662 509648
262854 649885
169299 994196
268409 530289
268067 322488
61305 617682
4259 455327
381246 585536
76106 511768
79831 629276
33722 571717
164273 891910
364535 690163
51209 206201
529653 802426
227360 640356
54722 668430
440389 860256
778856 923756
413188 715825
336537 749416
52474 985505
843738 983271
658901 998009
199160 802996
628456 663145
741667 791340
84531 365518
690331 704936
188788 899235
640802 647961
366565 402200
145211 926996
376546 683685
186516 336726
274241 309767
509792 922292
348787 762568
211224 988865
269634 922379
588977 726173
42409 508071
374141 519151
523419 922381
329042 912400
873020 948490
207057 361066
264431 672001
12015 625742
4978 147920
36672 413894
99007 697477
89657 846562
162187 999599
596207 836344
230049 454492
36388 267921
643968 947266
179659 442037
716213 917064
542779 640966
598806 755662
173747 257369
591242 615589
427772 465077
781897 873300
2161 748956
684362 916822
122875 515816
313800 535104
97746 606639
480536 632283
6360 96656
725996 838012
42882 541898
62004 92042
377555 565381
195619 338926
144689 331945
482528 918031
12457 955251
313964 605482
446865 955553
95944 480318
600986 762724
301574 513180
294013 402362
142400 628793
349203 714057
831626 939762
604794 683936
157283 241153
153107 985399
16069 815505
169994 942798
717787 946356
470824 575935
135978 317370
220737 868330
652957 862206
55631 119458
300086 885406
121610 184332
68624 716188
182888 409099
468220 665297
471569 709643
701281 908481
362500 555631
207697 539237
371424 948135
62488 637832
508753 795650
704164 991361
68929 676402
800249 855794
430871 970528
407263 772898
72159 454613
964872 984773
234860 302461
85682 825419
306028 897498
105326 689874
441697 969224
62009 798084
52944 141478
402011 697516
108728 160349
762520 987912
471181 628429
55124 796055
78790 939480
179983 934575
68597 593509
637644 883067
651530 898553
107178 218800
24220 373087
359129 767803
440086 810216
146447 256821
578187 801397
513398 832242
288714 379071
86125 851123
765235 948840
270842 929992
659603 995103
422539 909872
758622 908991
389484 458446
73041 590901
445324 805102
127851 754976
322280 462601
656043 952623
401780 820591
125531 884336
356342 631912
150088 561193
183964 709347
128409 390338
44355 159099
409519 803180
146015 329419
401441 404002
253327 852198
210634 931385
41958 528141
682056 773727
352351 934335
360460 620766
105973 682004
106252 389738
573001 958936
615265 696665
697715 708048
401874 795116
427262 888971
56386 144215
467853 571875
317716 578435
190068 884350
598735 618282
654410 948748
20406 919146
163481 394998
114457 507849
509646 684592
355597 906760
249619 633443
314057 737855
509919 780558
54529 526191
301825 709169
655403 832291
336438 643358
313626 609726
831177 873877
13262 171777
502546 857830
574489 787911
564715 628025
755768 870209
202025 545445
430701 913137
229083 595746
357402 907029
365298 934926
295791 458168
860230 954116
546855 971099
13105 564157
315634 529012
191305 444304
59483 417966
275587 544945
461835 912493
284640 802481
715908 789106
179334 348099
419658 546042
86860 667367
457256 879390
686228 950216
270313 931264
635652 999589
128343 698022
227209 800671
289 743160
517394 633335
488255 637286
359545 997839
110860 242075
179242 839870
107644 759558
148594 197688
180132 738117
573514 723389
174481 535378
411725 930563
574134 723283
618089 792207
353242 394040
268607 850590
234825 424646
937802 951008
796508 998319
891787 892617
554058 963737
477558 889011
791529 983631
755930 876866
160869 701087
489537 642400
23817 461850
662114 839692
574899 978036
487892 596620
51060 384869
400925 793903
36792 281003
601897 780463
291517 686382
439052 482880
151877 419870
44198 81482
49682 910509
618755 682471
706511 892765
256537 861903
367666 888318
581871 926235
157659 197839
281169 455555
215208 994564
191961 332130
129650 881966
603262 920617
357375 900121
124313 580639
137086 247173
597267 639002
576149 672968
90833 320277
34939 500777
648679 949574
253568 966236
193534 415090
248755 372496
254216 465023
511450 745189
287852 357765
638190 667217
439181 603129
325428 633968
524120 764025
567445 981907
481696 687615
482892 885427
437421 728935
276244 733994
80293 112335
222954 323371
77330 927630
958835 992608
350225 988874
680127 702245
728537 871439
540141 662608
308919 434582
541073 711970
162451 973547
577616 699819
62990 811360
507126 883990
76692 728752
863384 958973
150689 816880
86786 847447
206690 634552
254492 382752
199448 282376
689082 896477
31513 271209
198777 980709
650039 901163
257776 421054
176091 497403
331376 688863
602647 831149
78024 841765
269836 886957
343079 398146
117058 169064
511726 705791
208275 483541
396326 827933
208380 894360
284986 676121
240954 278387
245285 665605
103071 116515
268449 330551
231532 862820
286328 868455
192112 456808
74696 771522
251431 360040
388892 457659
508049 922127
577639 992556
16499 281669
674016 693294
137786 518318
207366 691217
390191 416784
412104 542536
723944 729330
142660 835499
703583 855444
624835 743999
149754 338767
150073 916526
248430 330915
279648 950183
464996 975188
469068 894410
166286 624066
289344 439628
813008 974843
138300 806071
719025 988007
227145 436761
543174 744051
111705 418445
59175 451433
16247 442597
138275 881922
49622 546490
101635 754210
291753 960158
79055 183605
183945 260709
100449 825237
828715 836441
32222 413520
141109 906109
427176 616003
422240 979595
193831 703882
355678 630904
348403 814706
559236 708668
29192 917053
193994 944685
42884 98866
76413 764178
339561 745016
452080 798785
531038 738011
201038 784205
536869 858469
539170 622606
684299 710700
313209 689760
212496 911627
207938 366278
133177 455395
344438 516561
724218 818418
284633 890354
788481 986640
180880 711874
198660 633486
653415 989713
647830 956455
420133 535898
63779 237553
220269 428412
404864 683741
671471 672572
352801 475386
643065 743804
421157 959756
290174 704975
695673 894124
383459 481443
273007 930320
401893 994899
104073 693653
473847 676257
120362 450272
90077 814613
732634 968497
162282 272555
466335 969949
355199 479210
241390 999453
282302 627235
334725 458959
246168 719171
173872 382443
122145 668574
520513 879569
182251 944283
196909 275620
222573 894557
666250 961966
561649 621535
523270 938908
269213 510583
396221 862975
614694 869354
768835 776711
516421 932014
138934 864829
161837 688197
10410 639216
286449 559212
217025 435266
176989 611346
73776 597489
443352 520008
146881 452815
503259 696417
296796 596372
410284 430605
886477 907527
48520 843298
122300 390966
80379 949532
446895 974684
241189 354549
621239 929232
433930 585325
632853 747540
402711 413414
19768 423740
615672 940224
390595 813986
150576 500270
214276 341401
517121 592297
209272 540094
363231 824484
941675 945975
699670 830129
537566 910084
871518 928627
467898 572095
337144 491748
220705 360917
324382 379577
113280 924650
36325 510231
270218 533748
618910 815322
150783 383607
22945 371600
211546 583279
514251 685953
449857 720162
77412 518063
288163 970740
14631 550381
180526 983341
664522 733463
826025 931061
37041 86544
183085 932489
854510 882023
877142 993651
451104 636326
581766 623636
743102 856873
237232 963142
556489 912960
747033 929193
196529 696699
272033 355332
732253 957502
127126 881152
176952 501179
530883 536860
259480 490533
412675 981039
387660 826097
2325 824969
74147 336061
156872 432187
78194 845673
61987 119015
245918 659383
162418 503605
35521 716372
445565 769140
86514 321625
365601 734584
172898 305729
597197 938464
158527 726138
581906 670410
127873 880153
177942 590361
275674 320297
637844 746199
250526 553915
83112 745773
334443 972760
12663 489556
98282 614541
166935 513241
274533 671694
421243 430185
742971 918605
88132 452625
844785 874045
828087 901138
547338 801030
706869 922933
280778 648310
242455 473022
276371 842959
294138 832439
133696 988466
514568 784684
472517 980429
427659 942206
650610 736549
322469 781207
39055 48315
103096 737017
740502 999484
185275 481963
127906 962608
124943 186806
387413 674673
345638 848243
276073 873029
435432 917290
294574 936628
407211 723088
372036 449760
204112 232878
14126 878828
146217 703500
149798 730948
241567 408626
747598 886711
193373 267819
537026 679424
115584 831056
106303 681618
526305 630000
110155 197289
180776 845207
31422 153558
160380 393806
230330 790606
139986 470266
487916 722049
337402 702558
297149 796341
254656 336630
585806 680534
147474 552741
100842 988288
239830 583577
570296 971404
421422 674028
550165 685450
555226 782787
326484 345138
504451 730538
92799 197400
122730 344821
1561 516339
474974 566248
211888 730205
50902 802556
412494 993327
541233 936396
482340 697682
1823 849813
227135 343198
64056 198495
917516 993196
189773 950685
109234 752226
257830 373277
433241 476127
291575 928155
78205 132164
42635 78931
773 840840
545935 635465
881404 909956
349821 567349
224310 231615
218342 995871
173644 538595
380793 722051
90325 828977
255286 495811
283505 532643
378879 517320
139652 606718
6830 307437
388398 850222
521219 842238
163175 601278
857367 940645
729954 977234
28618 532141
376473 455518
305217 987781
390904 916705
621845 734210
322580 816382
335119 880888
524893 842056
373381 376166
183698 611629
431174 489950
198360 329978
263023 359444
41152 321585
310598 980575
226942 995990
260937 423423
549358 677293
279169 548284
525353 811715
341386 703600
581230 618779
391622 478358
93803 151775
273247 916377
119163 994160
872118 910323
154872 835921
449540 768493
126472 777011
340968 802843
137631 829698
618442 865987
344934 998888
874489 928309
266143 289144
552861 981539
273638 850359
232585 925068
775211 895539
839511 920636
429014 482116
98718 419610
207289 269627
362887 866154
46301 78329
10265 196561
828588 964808
139176 334747
147135 312023
425468 991041
522897 549929
253657 915863
215097 448252
74421 728101
108094 973487
755749 987222
267123 678453
600908 604878
701789 901161
337041 650818
531678 549943
885441 942134
79341 87317
343690 586358
201947 579735
133098 821198
450595 532376
52848 282056
5342 838401
557638 879785
301815 877288
185427 865469
260486 503176
224181 600222
728355 829569
237004 771616
359839 852976
89050 209250
45689 847320
246873 305334
784643 998081
89703 575069
78726 938904
400167 697033
156054 648014
43296 188358
63073 715593
758832 910804
123483 887028
616949 622676
463418 956459
732015 945351
65476 325406
478826 600930
144959 879526
552997 881875
432476 899609
295192 659366
42690 217209
554281 635691
154449 536021
57136 898073
549143 853708
104659 720040
319888 771223
604344 870248
543762 576672
30107 481509
311614 819293
682501 845984
214221 743014
384800 592297
74265 102123
72658 929886
532583 739112
234510 400953
194488 493593
227370 884414
505077 982496
98443 286284
128000 196763
81040 360110
251098 647673
735709 971378
399660 610837
630486 942845
289431 404310
25981 556134
399546 998738
283378 382821
538790 649352
177024 937727
68590 911967
583185 974946
22036 320824
949874 950319
376045 867079
350404 479197
432328 922006
136139 583432
507789 557177
606287 874535
780162 981951
347831 530348
645051 780675
8201 473676
110084 408456
673620 930167
142180 841694
160611 660213
100849 626313
184673 448063
205830 335590
281225 991985
532896 604983
26929 121128
66266 998316
26928 43489
261105 513966
37487 832909
653350 791079
400682 896316
522908 880700
201559 596159
268292 348449
96236 747194
516792 804604
221713 945159
356863 583930
697262 845756
404372 982691
871574 963137
504070 984318
128472 359702
260270 975999
706666 932005
200935 761799
635837 833843
41787 940192
374229 447360
714046 917322
684592 846107
843764 854111
429049 689042
846145 847231
140083 998586
75288 364430
160202 246220
62042 71092
122000 409599
50153 481080
383250 951053
65029 925150
763272 908629
726076 981474
578242 748390
272657 931525
636601 770130
154674 583793
1820 550689
669838 674187
683952 822211
385376 964858
761519 890583
859259 918040
446020 952560
230253 480574
94751 345689
487950 651312
746830 770700
67685 491125
115319 354815
247572 865466
798724 835895
42613 856334
112964 387500
83940 524849
71631 716842
199732 747374
575519 678877
501686 646549
429784 758309
120718 848538
256351 467831
656114 675694
141957 664251
157788 975803
248087 839307
87871 394265
206513 812377
68430 142000
544887 641467
668583 753260
57012 388119
225648 626723
310234 540039
688210 923599
51485 611560
581509 804487
811847 883814
464148 553191
235047 629631
157745 482691
52022 375709
292646 722748
236705 866850
338966 557238
108872 734715
420830 833293
475365 879565
512324 926367
785739 983153
208516 415289
113188 704013
274610 991127
206882 583225
501124 745634
559818 941725
46902 984773
726956 972524
201038 577049
931999 998544
38476 656769
270173 548845
743209 921921
81962 307074
88031 179380
821730 935708
570366 819595
701241 783193
680196 711129
12883 392284
190148 552031
611729 921316
403499 534257
367983 945449
224335 706913
430413 758404
236781 404715
449364 997373
530731 664813
371666 605572
677496 772047
163296 708949
193865 928886
267253 620133
372803 477819
37170 97295
534494 765088
45697 991751
378413 627999
115918 508387
53717 92932
256549 257488
387115 490941
158532 259152
86939 646742
744313 802845
921489 927145
461349 968186
233535 309405
271158 582161
202693 642197
920388 966597
446563 678374
131114 375717
531552 728665
14251 967618
114519 359001
352645 906250
366683 500348
777898 874415
51290 345094
101581 276778
443293 982775
858318 992565
90568 509468
449725 800981
444066 660272
291251 642730
533526 868789
17134 37940
98450 562852
406191 936261
409049 889189
110449 199899
642222 731351
255087 430095
51598 274791
533912 859789
666831 991182
439609 955298
353682 528668
455415 582866
290565 588482
400570 780472
793625 848014
365238 647713
396944 846857
200822 757382
125460 850549
266641 748156
103782 409290
623495 814939
61203 709818
190418 429816
342383 383218
184886 999089
20198 188885
210961 376237
736992 771737
110931 902903
279921 915147
228934 269773
83342 447552
126936 975532
527839 618601
312227 450758
902411 957201
17242 699319
24723 741287
100582 918257
804060 858194
238318 603526
97624 610746
128702 190181
30710 243009
778104 861754
122233 136553
248695 363858
152913 722093
30126 168821
754138 802597
34544 925211
102238 603960
264261 945341
825272 914357
68873 762165
285213 306097
323513 534922
335 367846
456057 988461
306606 579966
129516 603819
487681 557436
31430 327204
91892 233877
414408 978262
478357 884530
414995 758629
294742 312542
263564 467364
113599 825701
951325 963982
52081 689568
494898 900304
528040 737632
180792 615893
382025 740998
21655 727979
154956 876230
301591 417866
153425 934414
76767 836290
690273 712608
660897 780916
146324 537049
578012 892697
570338 720049
810450 898763
75061 580482
158096 977388
555523 823732
833678 856108
513908 593030
604701 922851
673738 782746
273004 961832
14918 894910
849515 989142
663969 920037
589293 774245
126727 527716
579807 579984
169794 877314
465242 522283
38905 281486
549811 628868
891081 957653
69111 440180
914955 955351
161525 732568
506917 631594
533 468237
295041 576948
822929 939520
184736 428320
38105 41015
364912 527107
304388 573202
80990 481676
681427 718154
228392 720961
627786 712350
391998 555197
119757 926107
621839 917470
915845 978470
405118 635854
684992 969822
155064 850904
111426 607028
31538 423520
239285 313252
597495 705405
559433 892546
179513 215126
50318 575533
73060 245845
332695 713259
209088 324902
360390 946097
710329 925748
606834 658687
263045 277341
380156 869835
208802 747188
898254 984525
170983 327875
56781 614604
252850 928529
15090 348490
119123 683932
139468 891369
342194 667802
344963 775357
271591 774232
509871 977401
291855 348744
477104 922085
665542 709917
28682 405852
42711 927036
390658 588903
625659 695093
409382 694848
254912 449367
97811 621332
410799 595869
225850 573074
275672 969091
564353 717006
34638 970215
220921 430274
740243 995422
714062 845751
93789 986823
441585 522404
207992 709024
703197 768287
89982 135336
224896 326172
505908 782392
50581 111500
589626 929450
344267 534507
568511 674564
264289 682790
277509 280265
23478 945332
693626 718185
484485 886138
211996 547682
422282 500716
632199 852298
226220 538637
53790 137878
597037 820142
919375 984753
729818 770632
401010 515027
339237 881344
92716 595882
216176 650907
89057 132739
116392 860788
440412 967465
584157 658047
193235 206964
838886 941181
403550 963506
558185 889964
154728 829694
370561 583624
745565 783107
250804 384612
55088 300691
251904 740228
30554 657549
351194 746988
86650 731935
518338 547849
440670 571336
328548 521774
323436 821663
478956 485535
740321 942635
374913 418917
392331 513923
371002 832897
183900 753208
83052 99617
345214 986886
785301 806400
756553 914298
30537 827689
984053 984918
292438 727835
867290 996339
117432 281807
720836 730908
580123 651447
514101 861451
625089 679433
273663 406166
229733 546106
525285 847471
100654 197998
122733 991632
69843 887197
366219 933706
430183 703613
68517 197568
473528 989792
78523 85736
330801 737843
676526 840031
170204 838723
756869 931872
557337 779413
140045 632706
404355 737178
683263 892967
181876 790406
867322 951838
159595 543851
606824 682417
53171 93310
170500 480554
102226 180631
900407 964225
81872 372613
476159 576792
363431 720495
156850 853131
142116 862371
369038 584354
591738 622102
494028 726808
22385 384889
177817 212682
173727 326665
264094 954330
469013 923849
191430 876713
329623 784973
273229 369837
26911 450040
737295 847301
348248 565366
471923 819720
28924 30033
313763 872737
427261 900132
117092 204928
291010 589703
808020 854838
26644 483379
524687 857465
224873 653362
86215 656421
73473 438794
300457 432145
698298 924295
733494 989688
37986 141472
626204 941264
23257 757632
220325 769431
131949 779914
251311 666659
660336 846674
239685 934589
393559 876253
367631 411984
778709 863857
82082 494241
77370 552759
72992 954631
864186 984454
374020 456861
196037 443503
265184 497647
326181 875492
79683 537488
176819 805297
82172 657527
655775 952035
970716 992472
360479 997715
579240 796033
153751 910356
744757 911060
444737 819070
49919 472931
516899 551248
87674 508704
830660 880339
73629 754093
79519 933660
79721 384037
410751 804289
59973 252857
106156 625737
341324 841031
296588 329813
435914 538310
669313 885550
637777 860945
451391 604040
142717 955313
2008 116925
300352 378344
53568 689524
368631 699403
84158 512025
553747 798000
366731 597728
197981 238053
301090 908498
285370 408966
42883 484222
217315 619044
799942 925310
831832 931476
374554 849500
355038 835667
87741 483297
206398 218155
251153 394111
527295 660583
193119 893646
171868 529667
678529 834930
257075 421521
152806 482255
21126 147941
45768 214826
381543 873029
59313 302631
213726 932773
210918 813798
269438 528641
312166 955093
51238 584568
115590 965525
173592 333077
785820 851184
255277 689099
211442 257924
704876 970564
96390 213774
411727 745258
278267 931530
66026 858052
798300 945081
504017 671349
881037 953148
805933 863486
31325 870585
210910 927088
121685 223672
560624 711733
528536 685390
333853 814233
129750 851810
83056 507595
450936 454285
327773 697500
618460 948529
3177 216583
321483 857361
525607 997145
148052 706288
80372 941012
44191 556351
201892 358684
171485 670699
403074 548039
312753 678840
290955 341851
85177 735175
140973 987482
216029 534981
428755 505616
198148 785745
579103 843549
103516 855842
631708 755488
128707 825107
339801 936493
106426 224108
500763 816314
310482 586808
328545 435368
51327 526105
711278 978268
176472 668692
925877 950848
421942 858366
233699 486751
176681 262662
486876 758276
39418 262011
626822 799358
620242 623145
225550 548845
560247 885258
406866 724314
878020 984604
85709 115917
210567 691896
800604 932622
238694 342681
469654 737316
25049 112468
521489 657946
580180 891569
85105 637044
273677 775315
96433 653619
852096 883092
222942 645160
175614 671601
114383 223798
145046 971467
275311 970238
72861 971322
310730 917591
44526 474538
254294 702729
339248 931577
136476 673370
804593 810671
588421 990928
490469 582641
49411 762590
54152 906880
49127 866025
374688 938316
486400 780210
222165 529661
598392 977135
95022 708273
238646 525828
630465 974157
248098 949692
652067 730455
11308 908147
348092 352645
19054 625853
352048 804559
481725 764465
515701 628333
518431 613937
23268 665065
629752 852999
74198 170162
21267 60729
521155 714715
376854 592195
51582 575093
260358 325992
760596 988021
369125 465407
449719 464608
503485 961042
105646 786523
906583 992304
899972 980331
338478 875408
42725 777090
89970 579653
210319 935760
452237 839727
405194 953716
347937 910174
18432 213793
293244 484177
826468 987605
136018 590497
490352 738963
194354 926095
405891 429593
233646 830734
348866 652130
587700 730010
460904 821453
617305 890677
172707 945033
455364 565463
309574 881315
258679 877805
149108 839218
291464 644829
135379 739598
401953 720154
53673 845640
36940 300017
577672 952421
77438 860300
947155 977999
381944 988172
49837 940033
186277 676206
200183 772186
590407 767969
562233 762279
98362 290878
37016 407940
108535 922056
75880 158016
159619 907511
258141 441150
219084 999669
248195 857913
907593 938155
112467 438885
204942 413045
201482 566078
638761 975125
271457 367905
862504 918708
469787 578551
146018 696720
710850 827405
382354 889233
466165 743777
150187 183546
618547 694125
687587 763067
226226 482734
182750 183038
46677 687774
287153 921691
321389 479066
685251 792448
54782 902867
493795 889014
147463 665635
770704 980690
444741 528451
380705 946643
357079 941009
229420 847539
498807 727120
625451 906245
31658 288965
623414 816774
281074 883709
8556 452746
462955 649274
367545 855847
275859 465578
414775 970268
44864 91001
17360 779956
72074 979408
716795 763101
370455 621508
890925 929580
447575 522234
495078 636035
117043 641425
446039 684269
782198 888081
280211 694982
37289 721693
512990 660472
5476 411196
33679 428109
643254 790793
467970 534663
483289 985968
95892 185632
362966 989666
641761 926392
134623 494191
665286 913071
300867 369561
482416 752596
264379 396683
17111 34014
137905 216627
351376 835283
50674 629941
278095 694349
311061 431574
376592 735957
291780 790563
702600 800423
622282 712014
669805 744041
198568 804685
506182 869532
186426 672926
242051 604258
371323 375725
272271 458673
18044 131317
57179 897512
461091 704652
6055 365848
22144 480895
80467 632289
200568 995179
18654 607590
494475 677972
191212 389393
147861 399071
825891 921046
461523 538281
364647 843894
451021 873990
16093 161466
716962 882159
10471 991744
75781 369795
172103 274894
88069 515252
452315 797947
421909 514242
51397 82965
365180 768151
45496 367572
741297 771602
224175 386719
318885 998530
27895 471450
68199 634795
363524 862456
296490 713127
631377 662230
578974 875315
70936 873229
351918 609958
207078 694519
599766 957757
852722 954462
232563 555750
153338 810873
539886 570683
506749 648389
21849 117670
540398 833329
234287 422804
719444 758893
176704 632943
553768 737394
102905 157390
6950 521738
901455 974163
375427 992792
429712 724790
415742 869221
617465 873058
370301 627773
638836 716195
642916 824990
114982 539110
446791 984444
89868 957941
471462 967660
408296 629730
941375 977676
320678 916470
8387 804789
81045 519933
171165 812624
570621 782891
606754 868791
679857 764076
346149 607645
424819 814613
595917 720371
126802 575513
219694 765021
812407 952795
422764 518049
225537 459908
134767 638095
78498 104466
628056 860662
536317 955573
173871 438350
188631 697856
450891 562451
216005 662799
612511 818439
356109 377826
3241 304601
779909 963035
616653 967821
523769 749995
136158 468312
278015 376257
462276 950149
226364 346445
434082 614109
48946 201974
65972 821236
740414 786665
22087 503237
224250 761611
9606 860547
209916 846555
373338 671627
280386 800268
99316 710409
52786 697818
671455 851283
348976 964796
337339 890423
310824 909863
671433 915023
285408 613004
264986 785235
65529 151539
31194 866386
472477 897380
265921 916510
679735 950462
116980 160077
194130 954838
611072 969355
205819 270576
321686 949569
244228 917563
350622 805273
571580 962145
559173 859593
667908 941345
629210 803313
82404 572207
234291 331343
50801 588519
620582 944214
556486 845582
268116 994989
52334 906935
374887 426792
258414 903699
754789 930561
357991 392536
279954 349112
96925 160450
248661 858394
570500 726812
270413 353586
411521 807635
519017 555956
732237 947667
300206 609932
879503 927344
157012 282329
418849 498672
580406 657365
431480 872270
520070 632169
808543 884303
239853 633430
732493 856429
384778 657943
206509 691083
289970 792107
361277 907223
622747 717978
610470 693675
62902 971473
405077 579138
192522 469673
331906 757408
808489 972265
7170 836657
260256 714277
659478 910758
175472 191861
286460 718106
148758 996963
491133 645672
649797 733804
89509 383733
6864 663423
787838 889549
120132 738589
419571 885749
278362 564732
314103 822580
156216 343173
300393 303389
229868 395468
631743 884708
187703 198074
248857 252961
68118 153513
345724 389616
276881 992317
124516 523113
490196 497421
52231 327967
901440 960084
194691 284716
13192 357413
321764 606315
402715 582424
674075 957239
296673 710576
520531 818677
453164 863526
348605 557521
331030 352239
178712 530102
665323 817053
329705 886526
236168 880847
279745 577102
76599 899971
543564 838156
357138 983413
497332 870166
648676 994169
833526 996176
650677 986782
747315 854526
14969 420750
175944 957887
661949 952432
128993 239260
772213 939665
23987 919138
524405 591670
181946 250143
617316 837484
30675 176659
441956 982800
371608 673183
606220 768597
22553 430787
148979 718076
322680 801658
156970 402523
58806 623571
110794 330994
90562 331514
270116 835601
10413 922422
46224 358304
416280 817026
111880 930964
149477 265732
196306 567897
920643 959964
389863 762126
165535 837839
861848 880472
83965 525561
149847 343492
58613 95810
174610 384975
368239 445797
637935 699207
137479 297554
74482 838115
123524 971202
64436 760683
192688 316564
170824 804535
98532 914378
450827 584696
419441 489104
424022 858743
29734 65217
759775 888515
686565 778135
209196 727611
679384 976896
89868 989936
753486 852109
252415 848966
206314 469608
129117 237326
128457 884328
360511 561941
84350 227683
343071 980319
437428 490919
64420 630194
38138 366258
169534 410000
735871 807979
282221 363008
736139 887993
60885 894754
43212 416978
548159 873218
32399 404519
432057 586137
482151 674856
473244 882020
352935 670103
815375 976587
256423 957664
17476 718430
53848 590835
763541 790490
393227 630120
75045 974572
208049 865677
236916 870191
97645 725252
109205 802682
359895 930084
379792 935176
313682 482305
562948 611466
104142 436232
605510 929540
394867 914304
219548 733530
552955 653165
657 208186
208800 946564
432898 519154
26771 954234
523560 781354
731263 971922
516020 805490
732398 979592
279553 707592
137618 438448
518220 752327
151545 778819
490745 761126
4368 92448
558808 738041
460187 775299
114705 370969
56646 233416
356804 526184
186682 822175
89698 691477
382486 902392
452053 715927
635863 950654
481293 552588
598155 934782
489996 816876
183821 372420
203053 604568
541507 560269
217410 902066
227339 499347
219730 714919
316497 386798
49438 242852
346764 511198
215234 778244
637181 774658
308939 926840
309564 354280
254880 695217
392627 934846
263620 829570
197019 658219
8766 672613
624875 627807
95871 601532
694458 968359
353032 354108
302744 659247
172377 185386
56158 555343
301293 780607
562373 700318
84672 640112
667319 695819
301546 658980
90865 424007
817361 924368
369838 421329
91602 647410
792672 932647
121449 950741
455355 923779
367077 728602
606365 956181
766777 852717
250940 362717
461411 701446
82852 258047
100119 351910
790320 822652
367712 850838
4203 368987
161503 596419
178278 307859
643624 658842
265546 535187
638112 945448
183286 744502
474744 956377
352040 699915
68831 529355
632512 674524
125516 654567
550134 884454
547675 875273
627478 921929
102018 994670
627454 771213
844671 990959
593394 964363
330966 818645
79768 217884
102323 260019
273550 843121
347475 931963
273964 537812
474048 719557
637869 977352
288054 705676
456796 699567
383301 549209
655880 926587
506679 996516
644286 797191
722760 754354
233179 909259
198169 991411
293666 746787
140543 368725
279348 397989
51827 577619
2796 210827
40886 119353
208085 600106
112642 646743
313459 927717
188515 641498
537954 757962
87121 942594
127222 966870
233080 480427
265391 741265
565629 668454
209549 953702
764335 898528
290195 418816
333456 799846
243563 914660
689460 869072
228535 853023
307510 326186
519087 686550
400452 629667
340765 696243
309268 785589
294806 524382
135071 835675
627412 694211
543470 577530
254799 907335
88754 528077
227455 786893
640131 783088
92284 305635
537002 971980
37163 147959
286640 293704
526669 964251
230191 595342
31118 860216
370141 855824
414583 499580
520167 565831
342119 911924
51920 519250
307309 580265
30733 222535
349106 731309
256410 841684
438623 579130
31888 965923
284027 978876
12178 497553
691306 970859
233782 334591
358194 953580
143902 471691
45915 631277
470413 646111
72815 231437
450791 493797
742387 992010
385617 987250
508284 753124
729633 881088
428617 827464
186329 318454
36034 969292
127950 335938
533923 918607
57215 880428
830106 921647
556033 590271
86354 139521
846680 997966
570958 868195
80783 406409
678364 739737
455763 927377
418646 583986
51203 234583
608205 701609
523432 910837
275527 983756
88432 864151
366468 897658
336146 386215
411215 809726
109262 615648
393000 927851
156473 883945
240153 397425
166378 562189
720303 915607
671257 909203
164718 735777
124533 955936
627364 832604
17329 820197
24954 413644
15770 889694
454990 717295
456757 832160
219988 305236
102993 862263
356935 909163
192502 713582
464500 826383
196469 655542
298128 404563
787268 899953
50506 535438
602287 689463
7420 886807
98169 741644
310495 910278
94827 346176
114881 520070
157587 316744
118737 784861
375638 506836
282956 890987
13786 551101
388457 427316
240132 454364
486821 909669
496046 754198
131696 319630
209476 833746
516298 568767
786430 973159
35794 106616
76483 725883
108760 444613
20792 936389
41904 930011
93299 281134
630583 907689
259313 416797
90972 300672
526960 638762
140983 481550
607376 622070
896005 930200
726425 889691
192313 925513
753417 857648
590259 932784
257886 906217
44459 268899
434387 547792
113598 603038
339840 459010
467731 790576
408489 662027
528959 597938
382406 440649
505744 996600
345341 390192
192576 954999
383757 891790
115312 886950
557515 862598
93977 938992
592900 999089
454744 469997
263770 864100
51186 795588
288149 752097
600163 901959
12606 81092
81499 636764
574450 872237
797499 868459
114872 243802
250095 383036
411304 467949
724939 970449
116010 252793
60394 411295
874353 949725
53067 410591
812395 858597
151218 358463
388267 886360
278526 466946
808658 851537
97284 395971
514298 812248
612579 793379
73965 863886
168300 204431
287495 374330
96645 416427
249940 555540
473828 650185
247234 670969
688804 742357
594168 850972
97231 826056
154907 796660
492938 856311
542333 866816
37918 707073
298063 378798
583120 801914
164488 922911
511638 676077
135440 546366
63161 278520
21765 923447
810969 975510
91630 811455
52931 623398
197220 455639
686961 936028
86769 448533
629929 861168
181520 988651
341995 686316
29701 925009
16602 943693
36086 271713
306960 916989
451585 580602
88383 475508
162762 433495
266530 686118
411765 977588
14697 753553
306014 955950
358540 733284
97111 817876
350708 869701
151838 865752
589061 652742
132622 545468
635796 753035
106050 183820
263315 360303
312573 642630
636754 991893
20763 909234
27101 718701
25967 562146
98274 998416
126406 920364
410295 576821
217778 577871
167225 636051
243765 803928
250276 520030
441186 652293
614275 696561
67263 242625
379790 422918
556656 997078
103811 175890
51433 778214
265440 747456
108418 743184
170521 857373
593775 773936
354803 597903
604653 649964
111693 446047
523464 944039
91981 568654
306472 817600
522732 962848
216291 423155
342844 612057
17734 460400
696428 987919
107204 572503
972003 973453
263520 338581
132590 458862
582290 745303
419268 594565
437257 521905
318903 793504
149624 797963
34594 933118
94017 124730
477311 679202
376133 943816
2963 902875
42420 485434
303936 856752
611887 935651
512656 637615
483914 745697
677257 915941
173769 615063
48470 456822
164063 989534
205739 856871
154604 175197
407325 884727
389656 782195
1724 83374
107603 192905
85587 353259
64411 862150
164441 513754
250163 803559
352687 499529
588253 590937
457858 984172
361772 375206
330489 850723
315898 504295
768762 783339
9690 418669
494132 921348
195699 803849
355433 928342
30845 622390
434570 915241
62010 670829
60259 109353
462246 792142
442387 550304
20305 91264
584976 980853
882056 888966
995816 999121
112679 260897
465734 724676
345020 748866
547615 615219
55491 882756
822 333336
197754 455424
21368 280085
388531 958811
91325 703771
257489 994942
106709 833559
247855 590057
40667 345218
733217 995212
259779 727958
419863 445228
573886 999204
474094 783260
846437 886823
162465 686049
116695 893769
292069 950137
39513 672681
35774 935493
11795 540941
83725 795103
313507 696574
678042 773247
126572 474472
282608 753622
188816 514848
800564 933307
153424 214684
41362 79017
328715 566715
425738 943337
402679 601180
33820 361272
100275 608919
391121 818029
723320 971873
54625 223234
206140 605052
95027 420268
450215 696027
79445 259450
627162 645567
185385 227176
144892 552591
453453 936369
163862 713071
377733 724547
33213 483610
188300 291402
137520 701437
24704 131057
31866 351046
56950 330840
146532 154606
134525 460952
485931 986924
356401 857370
584538 655358
138776 357065
591167 621101
719091 858312
387017 981492
182687 457315
579689 915043
410658 887710
148590 748431
514541 823702
213950 600284
334920 586285
518604 585812
341539 846147
153044 702145
146082 320831
966687 994783
454403 709322
182965 792699
605064 716595
183574 661810
138987 192235
197662 755114
638631 955356
605155 836807
238589 308752
636607 871057
378897 673837
466167 816835
737211 960610
207005 522910
455868 626138
92131 399943
305055 950490
201254 212782
406902 643261
118518 173173
464696 865886
84274 833811
561815 585178
536145 950515
706267 882627
724518 828519
217682 272400
201235 379520
11448 698673
69627 707745
652749 852391
290161 806393
887 547278
407312 407856
394693 988506
59932 400780
629921 689687
233579 416524
480041 820816
824649 959333
275430 342761
399058 551222
663277 866144
410269 559131
638465 732932
432681 998664
593084 679571
263265 852705
788141 809696
689579 889808
239469 824844
191357 966746
519727 835184
720585 802785
493179 725824
431831 634137
143919 710464
190498 310459
331395 512713
596019 932634
320439 332658
24928 526129
743084 956510
844621 992105
954758 999722
135556 895123
635641 646856
139817 213064
117024 187143
333230 553979
380921 538305
206571 984643
304061 800215
27834 101213
98180 662979
70600 838570
58126 404555
176434 659830
58908 893332
230650 980919
413537 479863
406532 804896
372760 432638
219680 841378
399811 519826
287811 298369
784849 792736
656944 951197
403160 950449
49631 745258
850627 968884
175705 666604
559822 571890
51971 247852
454649 911118
277250 453222
155118 673927
245073 319951
895120 951899
203815 823045
171175 392450
767879 876784
153745 620692
7113 395242
337784 531292
790711 907844
15070 855755
348749 495396
175947 871488
53907 973639
522470 526854
143715 507853
197518 990346
508162 795067
515931 926616
52714 629784
141083 241163
66586 700971
31370 393983
24193 995037
520536 692016
688117 859605
238076 262191
443490 607348
20529 653619
37997 703980
885588 980180
769427 839184
793226 846881
704848 958057
174853 840347
16610 728251
577826 999322
595454 632600
915806 918078
342972 633476
315631 354017
209429 358771
175149 189545
386262 695047
358332 669133
102148 282928
346212 747595
525377 687562
152026 337680
237599 996767
636826 741345
183692 185012
761027 995896
785917 942146
69366 523119
476725 652530
196804 695763
26913 974650
316499 333463
879960 938647
64910 159971
511938 978348
214080 833651
416013 868832
780962 962811
529912 868842
623399 983112
236452 653164
242790 537143
54481 649733
61979 372338
862669 905983
621432 730463
63161 124606
891657 967731
710081 990395
419115 967561
450604 988136
309261 632809
67328 170219
413271 752351
663498 824546
167403 804967
51062 276297
270672 337201
95207 907222
121414 341899
282281 814632
253456 883940
128632 873345
284853 871318
487184 592206
298052 535907
127929 171222
486052 838300
693721 754874
37304 511845
8825 602478
719894 890068
248553 974870
167139 284041
439413 562508
89515 152852
851877 895889
82870 356646
136471 255419
196686 975309
487671 871410
175144 503720
630104 790662
99259 794484
41261 152524
83877 433271
114801 307620
299040 938709
111057 488204
162317 647722
329717 696648
340026 885647
456464 941690
111911 483594
181620 667832
431407 472856
114928 752606
196450 982377
554049 749333
36328 871994
107608 563435
600982 950391
310467 324512
283653 485928
5467 766998
23411 907923
233701 660788
209958 634734
28167 457610
78546 581219
304525 615737
293282 578428
604519 757542
735497 771047
612366 983633
661082 689095
491935 626020
495436 915052
54896 649842
284931 388306
194863 610407
784117 858674
788953 960624
754095 951834
58567 778063
164777 654952
327120 454457
11901 512046
14169 728158
82871 919759
18236 565520
415462 849900
27565 625490
638384 842950
221783 812701
65889 286902
216625 665702
522911 821626
110668 152898
69572 371454
3494 887100
145626 314688
107670 846819
662991 698170
282365 493447
429123 921253
687907 788504
163574 610856
281616 352430
603202 674272
538521 991914
983992 999871
630537 827853
284430 829221
593077 911649
749236 928642
443624 517219
500846 503286
262314 649509
236115 976620
226581 477107
820272 988922
424092 616762
120545 311131
259644 514702
63470 960015
291366 492835
326742 497401
87234 450071
54077 923862
166498 494974
87939 693114
194300 336737
53378 879506
99020 121513
102612 941343
753730 999450
410053 733296
17163 736266
142009 806966
64657 384201
120431 994094
307158 822299
193811 607616
14592 681655
392605 567191
392426 712752
457408 537586
145624 303730
394494 593719
104036 916175
287835 715112
162830 405679
427819 821187
288704 502104
399581 519764
100942 292796
198992 910698
352999 750269
563022 953701
228316 428043
353755 875442
437840 852009
188500 989150
220116 872721
327151 467157
333531 723468
329139 599921
459528 961710
191906 268011
47524 763354
605408 614709
97664 547724
302472 751054
355515 429791
357425 573715
146579 712146
241790 471010
409110 741833
315982 904212
318404 598475
555539 721417
102870 466657
617998 784910
353215 625140
582089 786954
240097 390259
95208 623833
297150 741724
188687 359793
581771 616350
727072 740274
85411 156178
554456 976065
29852 599619
304272 735063
317175 450245
328640 548740
252747 543746
191412 288922
99635 568167
209094 299473
229435 952465
524395 834153
200198 615295
529161 769506
139293 509215
287457 703220
235225 261187
573464 647272
543013 628157
36555 852086
264752 530565
451130 904198
54705 840958
314843 899539
325919 847717
16085 97949
574359 944893
44990 667483
381630 516247
420368 738369
184897 487688
49810 520841
87599 466399
613383 981014
74905 741879
479089 998125
164929 879852
670980 763255
168839 662214
368239 561288
6777 351923
192119 976297
25223 886357
695457 896056
257424 593807
514379 917614
307153 893886
208752 609334
270362 905891
391250 705456
44076 628393
449971 595889
29181 206347
718181 871089
558513 688978
66729 474451
633958 635009
98850 210164
415053 594044
375715 526678
32026 135451
247773 358987
236499 808501
336663 523935
480821 532381
656279 675915
149287 654136
18882 64965
138741 951909
318485 772500
636480 865088
570365 849188
371990 816997
142619 967775
725398 977353
288356 741802
332168 932586
176201 970139
553334 894765
399990 646730
59072 86301
823932 980030
142123 962293
428822 488044
7949 339550
484463 662574
705780 990467
648652 800184
467001 604420
291054 797677
33441 55800
569668 946419
293203 967499
318316 537217
638754 831186
267060 323365
111039 529310
195867 454797
657861 690191
241729 528593
223665 956340
11914 58716
702849 979672
775545 912432
151805 829595
520681 966417
486469 573538
109462 564228
439689 589694
522864 568204
22247 372351
132461 845679
562868 666367
249692 325859
59959 512844
458920 539878
740138 986399
400514 733803
656830 817749
11014 549837
414631 483139
716847 837381
97379 318134
324973 762300
22652 147286
180222 799441
42446 758552
620982 762178
772093 828881
99612 575702
684836 990171
507103 866781
448094 838260
557290 875117
136501 985000
133725 381030
176518 359060
399237 946213
421253 646679
111543 623422
427818 770845
333426 534690
73491 487492
398213 711763
146398 502593
341742 670888
900200 978093
164903 339035
397538 472707
689450 872019
718706 837696
432939 790745
744250 881948
138491 358217
500149 958687
417791 973770
73481 936287
173543 553139
459835 565704
80550 772061
654041 996604
251201 265006
92711 295863
332372 431383
183855 517795
62816 572888
510471 864331
66920 621685
456130 698710
476380 788141
169531 276378
728002 801635
594895 729729
159358 306657
22319 554238
359014 887350
286501 314372
108745 596612
398514 493153
609817 976217
579791 977184
220245 497632
86646 792283
137541 223781
291482 917619
413024 639475
162253 744795
569701 645866
272642 978182
458371 936103
496165 924271
499849 848489
16999 597491
491893 793078
340610 609344
92898 712259
663657 706890
488885 827729
408608 806093
354041 672969
558186 664651
220583 241303
455570 579273
41979 576681
328126 440181
71487 964715
235845 560894
84100 282860
26685 918438
164925 651382
69177 520400
625 761034
457478 503756
159717 250955
104047 399401
71996 281791
316516 317677
163722 534343
593842 905824
387267 793841
2647 609342
300996 510146
277085 865346
267419 357830
268004 483863
512293 855126
90313 962535
811167 984247
176254 567919
799697 963266
161667 320176
372102 699272
78464 973270
88678 450353
685297 941799
646700 725453
590219 779656
307077 947743
69575 978427
325330 348598
343705 878643
881251 942318
573492 870342
326341 722840
233158 333821
18797 669196
67457 304837
830133 932593
543413 679239
361934 539764
409492 561950
336218 516877
279811 984267
270451 894693
337592 548005
238494 593171
559139 848348
418273 537115
20409 489971
213860 350522
223507 753962
569080 683575
557815 974149
159141 159965
623050 878867
352081 565055
621440 945802
548612 831868
216619 222523
198849 252629
407076 610880
574976 632359
197640 625605
174882 437794
741051 928894
150374 240953
454570 550264
545363 732093
681146 813071
321562 535582
145446 399811
686272 914339
265412 636372
200588 807245
189512 878526
18387 625160
898866 989910
321201 396276
623749 677601
152747 298309
56299 462812
84003 735432
502654 724028
123625 157051
911759 946032
228275 619158
199888 384169
890234 942529
429363 573599
212817 596721
46775 802997
504425 752679
315160 703822
208000 279446
236030 882268
249268 876654
870581 959321
185210 879272
237552 769431
427266 883588
303349 975710
631846 887491
77283 277568
620828 908294
295965 647659
377787 459284
238801 357504
363966 590930
47838 888529
434379 883717
532436 552283
315508 608867
525803 582287
364750 726491
277058 608442
535963 544024
157199 618181
714891 805324
162162 825321
18635 324260
615145 945345
437820 516848
628634 640879
298804 665684
515017 616466
227160 286829
97745 942944
185421 414660
189810 498974
915946 984071
298310 726362
299184 559647
688560 957525
347396 395626
532794 734998
31120 391297
82738 261056
854484 981276
146194 264674
34716 830466
408737 977267
455589 978112
548885 607810
620370 639430
99056 934054
823353 877280
580661 807980
62997 110462
260398 955521
413587 691440
55392 496021
669405 873776
187902 962210
488955 490759
332421 722784
658713 960438
282787 591169
832871 983284
114113 852572
102609 647332
196971 895140
191867 865761
187054 867408
376347 649743
797136 910525
352633 851725
209644 505263
36240 999382
210066 545375
741743 777954
550948 924764
100124 566769
14662 239811
300172 905284
333592 713443
127665 895566
483217 570971
408574 918494
836672 839208
222092 983786
112040 288541
771383 859156
365813 378400
72642 111518
448185 501652
248949 642423
152291 424664
853095 876111
263409 944533
133491 494191
161341 463934
395914 560149
239638 824751
123726 785336
310767 382122
268114 603972
453048 990349
265590 438183
445555 898056
476228 482331
45708 438665
798938 929636
571676 970222
510697 818684
228732 917010
516821 904113
552701 692958
324497 535828
354254 680490
265383 598078
94645 543119
104847 617931
146897 608657
154359 835160
155862 414189
356580 899221
579256 965234
68730 791168
150297 481425
165394 708386
204442 983751
281470 839982
247467 696767
88278 457351
161329 325653
112501 587008
19368 901439
358464 896331
763126 943617
610478 976660
295367 772542
210216 650230
603640 966590
213685 927742
551909 626058
693338 704038
499026 859710
440607 905979
197689 540192
4411 377178
297484 441273
612715 922016
33086 416632
315264 539371
188115 985300
18947 519579
627144 695815
520770 783773
276832 556332
492838 497771
816190 838637
744153 887385
573829 803850
17594 48389
18827 200387
902320 990817
318319 995789
80157 163376
456121 630555
662759 750056
528731 757198
42013 834496
609821 657980
506658 944220
174051 784895
542124 638856
91951 412218
341149 805407
32310 109953
86763 488217
739543 817221
602324 818338
5830 199420
33031 815979
201986 867426
56797 174043
737859 786696
250686 331578
152770 615378
94941 428547
430257 935186
342551 369321
89417 677623
11790 26428
191116 551239
598081 633282
149073 833992
177853 546885
713283 735303
448967 740258
27431 742990
306101 837294
602776 973245
367498 784975
277055 762275
241537 646405
524144 603011
358859 400909
543910 755957
733738 935602
185668 958220
141004 143268
504211 797693
196359 935295
156243 255804
258122 552760
633253 906437
144032 245371
361254 896305
127933 768226
425641 481440
256500 488781
131949 971252
59705 743752
93698 503890
619236 749023
265760 578724
811284 879304
669970 737588
601751 661883
145506 637555
216645 911571
933915 947250
218947 406626
44386 790465
555357 946699
803558 937170
42312 475071
137189 826334
182035 262850
711891 823653
95149 101847
69236 83879
94787 804968
29300 863694
453837 691614
271447 606193
67213 290577
305745 682806
451603 535095
811335 817837
186040 722653
676490 810540
151196 943210
633716 869558
217817 305044
828806 835569
292109 975089
628683 787105
398090 516306
315615 609023
376318 894038
68040 308532
144821 763277
89574 159027
246538 725453
101107 392449
66496 267102
453890 698553
228668 873121
192707 669051
31996 462588
71013 655033
574443 760677
123627 844855
289286 942726
436829 836996
654126 821878
289911 333065
780112 890709
25862 362317
526249 721993
172278 545365
214664 987699
48715 121635
89384 892780
78970 330071
56820 516449
437386 936885
294075 893082
411219 456366
640228 719836
341535 364620
327770 641602
163053 890368
539210 951716
610961 885558
316358 768502
21547 953973
82737 377593
469319 994905
159780 932198
165796 515942
40329 101895
252120 675312
767195 802151
108957 365008
201662 478392
58522 587913
288179 930427
906723 929642
688139 985372
243491 584693
75178 873461
88528 263368
261481 699236
58291 139831
562406 742167
202213 588546
791422 891430
145776 510687
249381 352206
31404 670089
93914 987363
343123 795929
689664 858833
80582 393027
473773 485481
866242 965651
729940 868374
184693 747576
486570 839163
34722 961451
248431 934700
29449 451045
147797 719254
861539 880659
132020 824318
337173 628008
41536 80933
220708 276716
216297 585768
39170 541131
432307 449257
295945 815482
334565 733194
585428 616554
200345 333408
717753 777081
585920 863097
304895 530428
145282 928123
18602 465248
838951 867504
64114 613512
231385 587965
98525 723042
349218 699018
671859 810810
77928 581156
674698 880757
453811 841801
364204 543698
562454 984573
228543 497094
187117 986032
731537 836294
198720 782484
417383 479674
400938 828596
314159 900598
34125 510838
771855 917481
424758 832608
440721 653665
120574 484203
85706 87272
664045 975382
209738 822801
632764 767997
552492 644454
343679 581822
353644 650453
420436 931106
44211 295778
459428 486653
85028 708777
542274 897102
770372 825478
651453 995954
52148 626963
269143 308928
703356 894116
374550 655612
954351 957333
487510 935292
111719 660696
282362 892366
581810 685172
64970 396558
33872 503358
33807 213206
296544 592368
567820 811700
598476 732055
27231 258396
378303 735648
330447 870050
160882 633941
205666 717908
464198 768963
330165 681324
514480 800099
75968 738031
113582 953246
88865 814583
447742 607918
101406 448800
422114 641892
547794 610410
70681 138860
400348 413869
713983 894289
293452 357102
139609 154232
283200 761503
670904 840189
32229 791185
665862 718453
435484 545709
348491 704458
284270 628110
180206 479195
133490 842579
219254 397672
524374 685509
606355 865288
485101 780431
13361 189770
605374 784995
260383 957174
458768 919347
115751 382833
113361 847748
514168 519761
459852 845427
4021 645625
436230 519214
199342 628803
113057 641010
178178 756359
33352 203507
62975 651188
458721 636664
171888 592844
527495 538619
342388 796589
160209 900281
595060 932451
386502 794069
468026 626884
516178 797627
398016 815589
178543 655348
607490 663275
569892 884690
136988 167935
595425 718873
245056 837303
342076 664278
301914 554796
150926 374654
356134 496932
100968 539246
172433 905348
38679 930606
257157 923287
24270 588387
184302 297743
631786 711762
580598 715902
212139 498714
66554 952169
339211 861144
39214 78416
185979 250901
367280 668511
126657 201932
275918 994711
334892 693525
30133 995528
647910 943338
139035 504266
415465 879643
3282 819586
359343 857950
797153 864073
101509 610112
437159 767603
459520 821713
306857 992750
259927 436268
301383 341130
749346 871751
21320 54173
395560 794675
517545 714453
136878 626520
738732 916706
274098 707299
7481 276673
104240 978788
180703 430065
311368 364223
466804 612329
20401 361963
362473 582302
304799 574948
391430 446811
51523 618743
288720 785928
69715 190165
131361 281980
237480 786227
184035 507272
12816 215574
482385 636117
625078 945045
49762 644408
250625 708373
233697 948570
209999 223669
322843 844651
787426 946633
660489 850120
527296 534870
581036 985710
491297 685573
573591 931759
134670 249634
811018 937680
526663 917121
505779 607891
417268 477470
398283 745288
574559 677428
195206 337750
315644 972799
106121 990449
174174 795819
106091 359707
314051 611949
231315 747314
249808 856294
145440 725591
720302 924418
3653 726492
2344 209310
561621 666057
273254 734322
670530 693762
621268 693739
399231 828591
623103 851122
538598 651752
157935 353564
164171 351240
903358 939494
242160 827608
695364 786119
145721 517757
258826 695553
116879 987536
224442 394913
583587 605375
201972 204441
339286 457180
671507 998588
47550 299630
217884 634538
504204 865066
11184 26276
717700 792741
358417 977109
780567 920082
179818 567492
592625 641737
436870 635970
594522 702057
417430 850344
165267 531428
142241 735565
226018 921301
342397 621177
124070 325169
18333 294158
252936 793821
455344 578097
345731 444794
253729 688173
361781 514725
228671 984905
383218 573865
471440 852205
710860 969181
322081 512620
701439 929157
182275 344709
418787 508854
80264 678547
352239 869986
407390 610516
133050 459620
259021 837478
253324 528181
150594 963415
724237 741695
31929 900596
486226 984947
104903 619584
240838 294479
556789 906490
111354 415544
372605 407486
681267 853446
200215 862503
158191 340237
410588 732931
31654 553818
464034 606080
143352 255436
31726 734386
547090 961757
123538 938586
161743 725533
113424 575449
822677 918259
93380 714792
931194 992988
19320 443924
755077 820494
879102 965537
953492 978566
96174 269031
183347 678869
200037 390135
52277 257884
412356 802747
769612 933072
415492 966051
836843 953596
179271 703095
79691 547806
23536 522851
747775 958157
796216 848518
322226 818811
335936 610055
897555 950967
439996 806673
195459 954205
221348 509423
350445 861068
484473 599989
483080 659141
99044 259845
222106 423504
657519 887631
460597 759755
294525 643123
759669 767756
155996 842827
93235 266495
78585 164629
108350 287379
539798 895640
223655 357659
569653 901908
191584 866117
567035 902568
86842 945347
169382 566273
94885 692166
463586 608761
848775 993089
301275 923765
188444 446873
573979 749328
312449 677790
319588 596414
92653 349320
179549 766495
166139 556636
124572 745481
638377 818627
160360 677408
41416 611213
283744 666416
469333 648646
913536 962791
20957 478701
872270 918427
317028 677972
34334 445962
567943 767694
122705 638151
7083 597496
81241 389096
27407 432509
776203 840961
437634 937264
25515 825791
143613 580461
637466 943593
328145 421431
70169 706836
807561 889863
204427 395634
196542 580625
509996 523014
339638 607745
386130 615060
376228 966629
412844 753876
503247 931473
411639 606883
32534 795071
277487 647371
393028 838042
420337 650096
552840 998622
244333 464348
97568 787015
847803 866337
89440 580037
330968 820162
33724 790082
70037 502675
907875 932616
114753 121782
598108 707794
743766 843088
584704 590065
225871 873810
743164 892818
351945 739912
538650 832863
107925 775076
262304 344703
356537 671557
278246 582101
330146 666355
233474 849088
20268 234551
249930 657862
12898 663147
277538 300711
282206 475634
413233 797545
159258 697962
816666 852301
114772 243370
164216 425594
399790 884090
68541 825147
168961 206152
618691 828338
73770 192485
607595 652995
301381 943909
547659 558291
585504 730537
122580 596160
409157 790534
620038 983942
242474 468074
543511 916236
240823 800254
331708 374941
716946 787554
274310 709301
120484 610185
77556 987788
2720 210743
198984 257869
342643 918136
34645 365969
450532 466535
344807 913497
180892 353511
354350 785305
59660 475068
502425 837542
738410 807127
79608 358554
530141 606721
437645 960067
225548 483205
28298 760812
727925 761608
572528 795624
584786 811804
161258 474927
559844 980880
441849 563717
298995 831269
310706 536556
202848 958216
426138 958962
404020 957723
164891 479182
10043 762616
132466 700792
173624 876897
520896 663030
235836 281850
442691 645663
314453 886041
756034 767947
290398 620869
483580 729944
15814 89178
264406 347789
430559 968487
503031 879959
328186 758496
67031 465163
501700 636019
340434 678730
476198 522123
544932 840293
230671 908623
190948 318587
682900 820391
136779 598037
810943 897946
436764 653422
696924 974791
96166 931365
483500 666670
390578 477126
136131 780116
640121 911845
782774 970557
354621 496778
267429 413480
443128 563489
315468 548447
174593 734786
500391 803645
470895 805987
719526 812014
191633 933100
50849 988574
507051 548424
29940 152214
114832 876590
292990 758983
125367 529042
562331 865873
59114 142205
701954 806941
212196 546365
594472 935453
94622 820316
351338 429923
251181 552243
170695 184793
640708 930547
123691 851777
116731 815137
496177 585603
552128 776052
531204 791786
283307 466296
262941 892343
166819 968718
895163 895821
110414 334267
182168 602567
139212 869501
63680 880010
314027 765599
360611 641402
582885 856055
214746 957891
22908 113171
306211 332115
817820 824264
164515 628322
645114 965968
224444 499407
412042 575808
401291 804427
255700 621366
841511 907310
556519 695275
496971 654593
237447 264063
304113 888728
739258 962553
374498 660889
387375 425408
251220 613302
696503 718975
516051 570074
1896 516554
85474 232923
323357 741849
384578 549624
390943 588635
132146 575364
314932 752026
428647 608062
375203 845581
356850 917007
59095 293694
41938 411575
551475 598287
812808 988119
761098 806058
62625 94289
675339 894268
468931 687814
344429 535848
613399 624273
317846 384492
118108 134252
710609 936991
459755 754642
106719 383851
527173 855046
575715 582971
303851 972105
788676 859948
128814 422286
444123 620572
485630 777817
443423 823559
484935 693615
232158 850808
45165 218183
64704 379444
126520 831220
101308 765455
414484 586120
249370 448357
184610 246313
30323 393934
144438 920165
594118 598482
238636 535989
517645 679738
153173 185482
28856 750541
276636 669207
131634 472190
465734 746952
242020 610409
486509 686653
67371 172600
78628 292908
303466 521422
502264 827972
15329 173637
113469 311289
617070 930841
290334 573399
141702 939844
573580 854750
227678 232364
857766 883377
380426 419955
45876 247682
57398 165836
169059 625274
412536 613982
74776 247328
622616 895971
116351 557184
431725 690853
328897 376279
489075 825384
101539 885491
913451 986256
560953 933412
132819 143608
10032 647208
142472 173535
273620 831795
415000 781949
299663 669121
129458 353083
436026 922247
240872 983532
18411 841987
429291 513847
274365 665976
115451 741595
576971 899729
271082 863517
328199 541410
7859 832676
278197 530647
27185 958154
797512 996997
460579 816349
697575 814553
50169 530148
309429 853300
40510 58417
840760 870505
538537 614710
761798 776262
252018 952469
240937 484416
285789 328791
440559 678158
313389 912040
226704 330270
337928 991596
12068 761230
296244 516476
185381 628272
352742 467928
98837 124391
263319 824552
9376 107609
597365 895049
148998 666359
309273 331564
476456 698350
528745 724912
377785 571482
369212 480546
105686 847053
845633 897468
312529 643410
98717 311684
618169 825049
152687 332817
644218 913069
31808 304446
13574 81139
165195 555450
126356 736035
569407 931463
261832 470700
579285 727724
196887 594689
270360 601600
123496 650127
426242 988128
82595 349692
169211 298677
318887 573432
498585 705276
108013 653327
446171 834889
170543 593146
168882 511849
75197 265534
292376 511372
259782 719791
61726 650979
328556 495684
616050 985353
600905 810972
443338 589691
154990 617941
160600 392484
219981 357774
761901 793454
635478 797957
357895 828056
426433 820002
303588 493780
342684 379259
124826 894273
235585 307694
30469 644378
390309 487854
236896 470419
449447 607433
328004 600911
43753 785456
492180 495863
170669 854324
75392 377891
90099 643942
52515 107421
133084 430473
179342 831401
155261 998351
358932 749529
291213 886728
309273 732048
278553 344059
407130 908710
105347 915954
349686 479869
400346 886504
273760 635847
168495 626848
486090 979497
219465 491304
648010 830352
295602 528691
650714 892421
138398 969677
160547 608799
386161 862223
140339 556144
390105 770389
704566 750346
119293 622860
246443 627453
384850 455463
96687 699437
14924 523005
761821 857038
277973 427603
106373 258009
760965 898111
749413 919501
210451 786482
330916 361877
206250 727648
673358 889743
409861 550633
715412 970523
198113 649111
777433 988044
680321 938633
575174 920373
676512 905486
109644 464895
501988 847732
567333 824936
822936 899403
438430 471740
322017 528892
293528 564101
325623 607193
31876 433113
348038 785451
911846 934801
155731 171345
784113 956202
399819 940018
89166 470974
47738 516483
22354 42766
537435 975302
8971 271343
299644 627874
736581 794525
241376 901922
284327 421861
388989 666879
435274 938289
686993 789566
225679 754775
286376 337325
321275 641804
627845 782960
721690 985566
690680 701528
154598 771631
857949 998367
236382 867699
495834 530374
694959 920543
600153 906734
447928 848942
81918 553180
112937 293800
421295 644586
414318 831023
438019 731387
30643 630399
702511 928121
491013 720777
71373 182829
181133 698025
543376 724438
246465 472748
586698 954678
170245 849743
23627 390110
123661 183018
362011 858927
62759 420114
72660 264370
381510 940265
102863 803082
206497 241114
675633 999610
295732 503581
31832 682467
890464 953642
17270 807162
690293 781781
708618 880937
108316 886283
193339 516145
523443 809278
36159 934901
753798 768162
114011 795074
877624 890030
234963 282015
236455 523921
106786 641972
223355 665150
8515 230057
126978 575251
93670 232317
451578 731908
52900 214509
186763 470340
268154 614245
367573 437048
107584 399882
632897 640966
76245 108358
690534 714653
185145 944620
343431 660997
372559 544844
466304 580381
630841 920645
12256 654818
196480 411962
550296 687035
678981 755513
381629 401476
291038 660676
249115 715101
276929 900449
372215 754252
699615 865695
126961 178030
409852 566534
463265 916618
8349 490227
481256 908453
226027 388157
777589 984491
30742 224053
765785 921171
63890 369013
197349 421032
514008 933922
129197 644842
467424 504043
666812 708157
83131 180120
399071 600488
686453 748470
566366 874409
112844 940546
658956 876106
86822 136685
272341 718777
388155 460551
460729 930088
310756 388901
310545 616784
429824 528503
444060 622563
451915 648314
302039 752740
550029 896938
383078 623664
635133 957848
700004 787018
586891 793742
618226 934524
19152 91556
107171 181258
224385 590003
87016 103318
89223 776942
340130 962051
226575 335071
28595 503101
121122 338721
328763 935083
117198 864052
207633 413336
566305 972499
154151 406055
124314 560949
531032 595467
294811 600478
344402 717752
297113 472334
157221 825398
222519 524838
160525 633747
627745 737514
97450 388820
44233 939934
462099 638884
231328 291024
36324 812209
8976 989837
106573 258385
167079 583115
329201 982683
148471 549546
89027 95330
346999 599420
131499 444228
229813 280281
403512 841637
494815 571511
420213 654728
642813 715008
668483 687624
247698 955011
128358 465033
338298 949912
47569 507844
10624 497918
152343 809597
367943 974693
516851 987309
617561 732680
598605 908221
208929 212724
282731 768716
579959 993363
288343 769430
421969 497582
384448 913034
117338 220981
145916 876252
68658 558965
724567 823275
25727 35552
12195 723785
213827 637086
56912 951299
378850 824877
98574 715187
602545 703866
12583 721050
319853 458909
171018 411203
489532 718814
263740 298913
281955 849928
342124 860233
382764 770089
514111 856516
57616 850889
774545 963221
326994 508549
359979 464609
607892 683638
588038 818723
315922 390009
800076 944165
695728 927863
699431 795509
156650 344119
157113 835105
38349 744499
198353 385727
806688 806978
436229 481655
791390 991123
178840 724906
492692 644398
569403 776916
380563 620451
783153 984017
321559 764890
319212 635342
229164 539347
627266 973051
727665 904393
353096 969595
204548 626554
10312 849848
398137 638216
339786 668343
10606 177965
207205 388765
8835 77590
545107 689542
148655 810413
8886 436846
470835 630577
181080 925820
466336 650906
138018 611508
121804 354029
25615 746403
298378 757536
465298 822710
139871 213087
151031 961034
314765 429227
35175 553690
473995 641667
13729 52891
183644 399729
798120 966767
351517 701413
471706 930218
58146 256685
571698 980421
145594 409562
58208 969671
271178 362839
591771 885918
438734 465415
52752 675709
341190 407368
69496 298205
703638 814440
355567 836742
558199 745198
884173 944007
380941 693904
447817 668833
117550 425901
127838 839824
409179 520505
4367 501704
339117 755865
42134 179026
107906 336744
68556 812376
611149 616063
690234 743222
33778 743066
700908 814465
574939 881870
174061 893934
431871 757225
170969 371427
93934 897794
205403 234454
530498 583597
599262 744580
574555 968789
594936 679348
599652 938576
114350 189372
574685 902512
114955 245634
177494 378055
194397 347291
52852 312934
40621 91010
299032 700120
542454 760695
301737 918793
645156 806568
40993 179055
701070 913989
269555 270167
865946 999479
489351 552652
367299 525730
45942 749826
165926 978457
131608 393370
449089 976533
149917 525793
227075 783820
790653 829080
544279 839425
67373 889345
281973 616944
41811 368447
583109 923598
633986 948987
256265 764029
76442 907179
24609 237613
185183 413260
286864 944592
716965 931843
457677 678656
464295 802055
218140 753158
84218 798732
223489 270241
216482 234222
273925 648625
588008 841762
201978 933969
107150 911010
419021 988211
72194 689030
800937 850573
368327 709377
105154 235356
170143 554819
569913 625644
133469 228286
15035 668726
207744 645096
304704 837806
270097 462669
270929 291192
491084 943878
2672 560658
290299 817041
362613 632952
337600 843274
56652 905447
26126 276014
116790 569595
84280 924624
290547 609609
194634 297513
103940 216240
309492 977367
310923 493630
4784 681320
37867 481461
201031 305818
81137 695057
379542 392330
41077 435793
65884 768797
53462 481326
227582 283614
245046 995857
90628 993291
155353 524465
281808 865422
81132 355920
304999 509338
239225 898907
387372 733108
61574 937595
393400 995230
221963 329821
192656 752847
137122 316667
88494 283678
254125 523362
57419 214815
208093 233188
338852 542035
969211 974565
206494 304889
153121 576922
94536 312018
108051 512433
257052 377791
344549 679669
269889 839060
134190 262082
642591 883617
413472 547951
6812 712704
585867 963891
556907 571431
213981 578010
605769 781179
620391 896470
149742 277421
645033 780924
170860 893887
179375 605070
669251 923414
454115 616271
65572 207840
345736 387728
670121 695141
548789 629884
487218 951744
90936 694444
573979 642654
457514 951700
556923 863940
228527 232703
119478 557633
859926 966593
72467 88306
844576 859128
425230 845695
232263 553217
395608 982235
137646 315461
809738 876223
733855 977832
285560 857652
212490 870972
331123 749158
36139 401086
310389 473536
185604 685444
427760 978442
942373 950057
551535 904513
207115 352152
758555 944012
271722 975037
64268 689984
166637 383409
675713 750787
89628 155288
212191 543632
215792 382684
274387 893091
139138 406838
425900 819778
265928 485607
24575 388679
195467 716664
490538 979125
877045 973471
59057 380348
792064 852088
78545 709622
600595 836210
267352 352124
147790 379347
336863 681611
412817 778415
162148 742312
316918 589711
59700 512916
936417 960555
57129 606569
731473 871245
677189 907750
324769 480574
933414 945395
169332 185043
724060 757324
249686 881832
91818 782794
102987 957813
47870 510291
73950 409841
635778 946144
245646 865557
257545 393958
642043 832393
220635 390959
263228 621613
472326 574004
608921 832831
84505 550665
426038 756298
17423 545312
249150 582374
75698 575143
9175 126671
342181 790945
272488 409427
394808 635876
402480 713139
263767 898036
253178 512841
85978 987406
130484 131011
353531 948060
327048 383837
17078 943825
77188 784849
311302 663151
567665 717769
65228 888330
328801 360064
360510 791849
361405 488225
847081 857812
260036 474430
575759 648795
532986 626200
341819 630520
520549 784055
650853 807724
586830 683643
211633 714350
874678 879513
328560 567691
4634 642793
262700 319758
125957 709263
93364 827391
305121 340395
70203 856650
233762 533332
91254 477718
85105 972109
576971 988352
404704 971792
214341 463845
253348 514382
53461 361641
632793 647608
508658 971521
350518 537541
551366 964746
858910 879176
385572 412933
94792 594504
153368 292343
823346 904164
510137 736710
232684 658183
5782 288751
426631 580710
334067 363985
531970 839917
44852 838407
228827 797903
112901 877282
323357 819072
560561 582900
266302 834927
339720 937609
90019 196546
614674 876567
506275 785744
377688 893613
259835 626398
368901 520443
404999 513060
146467 751203
85243 812812
284416 697833
97491 531031
394970 906133
180111 393358
11684 139586
319509 465534
61648 915791
394530 444085
193452 218361
566291 695354
38983 182290
438286 796395
156139 929193
384957 459983
354422 600422
869385 908924
244546 407576
448237 525198
597995 755489
26331 484790
125860 839502
386578 987978
128039 161007
66722 480683
260685 668120
33835 865989
436934 493862
249672 567085
149705 410694
541137 569309
876687 951104
732349 863465
586183 842251
159600 851425
258471 355085
406991 994318
289281 483340
116568 795420
3062 306744
61348 424606
276717 743046
390006 443479
406293 738694
201933 647701
547777 722543
172064 483433
487645 492292
6036 432909
329141 770448
159349 772614
638276 957649
287995 309039
704003 991496
510624 904411
287650 848536
414875 849831
372607 889747
95574 648558
340366 483589
202115 487032
532381 986310
727838 784245
49335 362125
209581 259175
48048 756140
185134 558397
419439 802671
267943 999828
528035 902138
427151 921435
844800 993273
178767 404048
663675 715330
343562 752662
203874 466675
280080 465670
699736 716126
95239 818844
17567 31291
150363 528731
142066 356336
504386 756001
177413 496798
745984 756095
226102 988333
693001 735112
64211 250262
308025 620755
407958 843037
641689 791399
586883 888327
103304 438392
350863 536502
85385 233602
7007 960380
18164 125204
800604 875668
895759 915864
74832 555703
840019 992256
245460 599658
208733 751093
152282 169995
331138 474418
133784 443429
334069 787391
52843 65978
762130 767569
193112 849554
507229 779619
21584 420161
86294 95926
285148 541087
313072 844734
376462 935129
377780 750540
375321 817373
705308 773655
31898 813828
645942 948347
5275 734365
71720 386965
336412 620052
590439 880112
93791 807182
797168 902600
643574 760780
336908 876106
18808 295761
14419 358018
180736 674849
74129 741899
255180 331459
417732 992171
452390 632257
314300 695042
96588 901186
19151 927407
558412 729900
100196 834280
512983 659725
439653 529714
234011 765721
590321 930047
511293 611776
592976 699955
12761 415312
174517 726766
267059 342171
437056 661305
97137 721871
599176 652449
64795 877091
350791 516381
20938 954988
351138 466417
166290 773461
399657 649613
665741 666840
55350 912548
125816 962160
63128 494498
532648 745529
558668 809291
883810 929009
177112 775108
717012 933989
44312 207040
35667 683831
23918 854958
360097 643218
192319 982143
784515 831451
330367 475288
163699 988686
207281 812516
149023 426715
215946 726675
353755 727214
723081 990212
635526 909961
591271 670857
79479 384314
359599 902246
379974 416511
399362 783113
634411 682086
458455 529609
383434 934488
931592 934139
56065 374303
72578 549059
264414 657621
89040 360912
504861 559808
211355 385421
52043 288384
703275 850480
399159 535556
290745 935411
121931 141191
130506 836954
156539 660089
571646 612864
382749 768494
227668 328403
327972 342009
353880 512196
696588 858504
77456 687652
229192 700194
587499 856666
10904 497139
783865 830467
189790 243617
628011 818029
589698 899810
872410 918979
632080 785468
161357 741245
333254 606772
708946 905436
105023 576640
136389 551545
336151 370990
53584 437534
176984 378499
611689 926150
530769 667586
454425 653049
431806 714198
270940 566890
263594 925184
371123 766209
755248 927951
208158 642804
248700 519291
255568 318016
81163 557425
578338 959546
384512 822727
19540 215760
154792 798509
130672 466603
540701 566437
591462 665615
154955 853756
454913 485256
671741 909449
638846 968563
150785 286220
112507 904176
760447 901186
63641 312166
98260 728482
796355 932986
298239 353765
84369 538443
815441 900060
303229 450553
269962 667503
192376 471823
8524 740223
395156 623313
672906 830935
506199 516302
25786 158843
203161 763025
365911 423954
846001 953244
723304 776552
14435 926018
228214 883283
220498 899222
159809 527379
198347 242747
220982 479671
200078 776551
62496 132611
531717 727941
35345 350713
811951 891397
459374 470173
614196 980169
177893 665403
86997 495866
450833 791886
194500 615771
405890 510725
153532 479719
310287 611652
761123 839403
330106 610102
59549 900079
207244 747542
35347 514491
387725 819727
404321 663486
178 641129
569917 779743
167319 593161
322833 514914
450089 833813
134616 597873
60789 833271
354199 558271
604386 985468
52858 280204
55484 469275
240586 815802
70930 694328
610882 970470
314669 697466
560613 943508
130183 680903
377738 485228
174328 382485
903929 937417
696172 878781
266079 700483
851606 953185
139673 282145
639368 664162
171478 930385
102838 876170
146724 722344
842961 866053
244636 950195
248781 392135
35517 207228
14405 690626
381782 935783
43293 782897
171382 808553
184103 609674
14535 800475
84708 86922
279677 367966
189628 962279
373611 783162
565623 751582
590620 955266
5034 178809
258547 775824
208247 401399
681862 877900
567402 773165
258162 333265
550206 913540
516607 886990
205367 551836
130634 333953
245370 501235
227113 909261
680006 923657
36329 158069
14455 803424
55685 83606
809084 949690
751865 975266
42968 726238
267279 910246
184921 197256
318998 486132
697037 783897
446474 507897
735592 816840
737064 776818
89889 273214
193758 937484
125449 255185
134672 144779
130003 789391
15307 431539
46003 172572
551713 848606
723806 967779
765142 936685
520808 861357
99890 339046
527189 966355
487812 947135
486745 655373
523612 733303
737517 977796
386324 697194
179517 650333
110323 348937
235567 496846
264128 883137
648138 842929
221471 772609
839309 941994
54014 249334
179318 217236
577579 595859
56168 314360
44946 146602
663307 841873
791398 992684
647667 740844
237714 743912
129212 294061
168980 705503
380443 605371
351924 504488
33935 484410
30651 891484
387796 486183
448445 553420
582406 764875
300674 804251
251892 724964
158695 816966
282355 813745
110833 147685
243264 776201
283370 643052
136417 999302
250602 988904
419444 739181
131756 895221
396671 522942
313424 880849
500956 685477
93056 481756
673144 692639
902117 988702
471113 543476
63920 479427
37571 225913
65745 491449
80742 728940
169323 698549
648606 726133
342276 489943
210976 526603
177828 537220
120245 140684
269904 902853
46790 354359
573260 861685
627986 628659
63431 748291
467156 471307
621923 837397
88363 888681
379761 926106
188996 960368
332991 550992
241457 371160
595504 821831
64420 107183
224014 377886
39344 899689
4954 949236
146702 203945
226892 513032
542476 828174
605517 695397
19628 446147
573641 862330
786085 935018
324289 981426
268825 749782
42861 279476
513788 591346
28292 943390
521197 975018
34101 128978
229227 909530
897218 939852
423745 945561
518188 979347
796337 962454
211875 546752
444219 507277
635556 707842
296241 608763
70081 295728
227887 626075
312398 974154
368665 400566
42603 955085
173123 283480
12623 810510
345776 679276
665465 784434
112909 634823
632795 799304
245586 268637
67100 217710
751111 838101
328045 562577
82239 159911
347170 393503
149936 570539
640906 753500
280270 379879
135257 290251
81284 490237
286593 763100
172635 418835
92487 907431
652429 842252
30839 595974
81866 208508
185252 829153
562451 887206
103991 160970
705969 848650
470258 963889
338077 834085
401767 843792
259233 902357
523579 729563
129307 270343
506193 648243
265036 868214
168535 347021
532459 789549
212642 401786
315110 820607
702015 841696
147667 457246
219310 557620
65952 793115
343072 711421
433773 764909
536795 940408
746672 930558
679883 754457
423764 545054
29980 131499
601830 914191
255656 556754
205325 434931
139745 956553
46658 255521
880647 943230
317881 508295
11468 16737
484896 512792
481499 605711
391785 407979
106807 482539
443755 553141
702740 875281
303377 785743
340124 631944
393813 550357
209769 748560
198156 991047
357151 504211
518915 765030
453034 741165
183459 941032
46997 128420
508238 850542
222293 560789
128442 533012
593598 878333
118897 536062
371420 793713
36510 956757
302487 869266
179089 654708
183027 908923
214707 465532
672794 868868
516186 744302
341045 828058
132520 863075
369713 817829
780353 841985
97367 134854
187237 536474
821214 987072
96844 350692
66011 942583
34790 202399
902608 958392
802801 980061
28379 983289
587918 997254
392931 676670
159699 715937
52677 911962
249502 685723
861310 918166
789272 899019
194476 213377
44647 892221
799067 829244
437616 751318
161950 562269
492138 499275
288334 656022
396013 958190
19189 632599
603920 919645
39185 102523
141035 943482
863384 923935
728973 831489
767260 833163
271427 972420
422928 592468
222286 534921
741603 838842
357512 775153
142065 258713
160208 172040
188713 784078
442551 597583
682761 973507
451301 491253
400187 851708
80353 812754
515941 592104
228068 996711
549977 893733
102863 383390
434333 454110
176877 202990
771536 930377
507594 570263
551071 646260
249577 526636
261496 948236
488821 906127
56473 522603
52917 787032
717678 775633
111636 478534
282813 630060
196761 380097
358340 918225
91031 857156
221609 317360
489045 579127
514654 959871
543835 672582
509525 535977
35828 356698
226023 728355
419823 892541
23991 576733
128045 519979
58532 206636
454891 885020
239831 343359
640606 954821
218058 634801
242155 552329
280393 652074
503573 575740
122565 906217
552939 933826
74885 799001
506844 766600
722639 924948
816243 962961
160270 671692
467062 616592
383636 751614
203524 938709
566552 917585
194224 425024
233101 330336
945634 999804
754226 833951
107677 798590
866573 958202
480331 742542
31059 454355
103534 367651
133021 264531
286128 538361
510074 874180
426654 486549
512687 614007
21419 746487
482684 886512
175329 516200
541399 905929
35834 608569
144408 152533
507114 806634
429662 482579
89341 709241
4217 416324
109518 228458
404337 689508
561462 658632
865250 993744
410355 935139
29136 483887
343505 627301
372710 890775
529417 607629
458928 611768
40825 899611
24407 361877
170265 388770
29771 618685
142451 277514
106827 726415
547517 851965
934641 969494
567305 660540
317695 370141
63177 705350
328325 751537
246537 471672
759110 870269
144635 515802
227493 851377
267811 779724
282363 717989
74412 798192
242096 451217
756485 784184
570840 949227
265868 371303
48245 250210
237193 947962
170404 763840
440072 742851
48167 943746
529657 925555
548906 851573
62388 450146
153296 829854
130809 184357
569203 931723
238589 630456
56366 208864
148387 784909
255932 681029
379252 851006
448471 726897
301870 902508
429824 684297
623454 889593
129802 230190
692537 917703
144471 806731
350162 959063
58855 724869
631445 937534
214805 417464
303682 725364
361153 694481
520775 766026
99591 804489
375104 768268
322262 379988
30926 273860
195644 247163
728935 779699
397757 837623
65165 456664
840799 888908
638257 898413
730249 968662
607321 931170
277424 824831
408379 808847
120403 356705
550916 883942
30760 628578
392502 472260
125313 867828
160329 719950
185038 311664
145771 908998
198324 535887
526530 870906
361180 743069
325450 941827
611870 761335
128993 546703
192314 972309
612730 687565
385982 390573
308266 402651
172211 567701
191107 438144
277710 534629
550652 822165
312375 436143
135481 610198
528830 892653
468556 897265
218555 634929
7190 836839
768600 787169
849421 854875
536568 584426
609101 657423
90507 182195
354315 826072
454848 589152
111321 908866
418559 888812
99551 154755
287661 923561
159443 896742
137888 655541
357267 692566
61576 90693
147532 913430
254205 911591
104900 283571
409044 508513
460204 676968
813756 883453
787771 951888
90363 900275
431565 858647
368884 944804
434253 871802
93472 986626
153274 577603
190593 458280
338111 378509
233229 890738
467294 818961
252367 455031
436422 682849
156691 643878
332854 640405
427355 772965
134598 825643
5577 983872
162910 676507
399958 585054
24398 987572
792309 906038
563358 652135
510595 740435
112017 263335
191821 723390
299047 449418
190150 966338
207417 770262
131857 961384
473253 650648
513330 865734
730699 768235
8804 414070
311731 664511
223981 527200
403851 478555
474867 561767
116126 778548
259320 808392
42763 214124
446353 848995
233399 258192
614484 667918
87848 967242
116611 492153
1335 811059
854902 956951
556546 848860
518188 588585
247184 710579
103000 951771
587896 792071
634034 728158
25261 662790
24901 632245
264415 433932
695476 792115
32800 447198
387776 443797
73932 448814
439132 729392
228371 247420
598996 713638
227145 717133
475496 781773
963956 971433
422575 779497
864029 956606
612520 828417
40575 206148
83109 314549
147679 283901
127061 526028
111268 554259
751635 858734
611612 710460
310484 365721
278188 764955
602653 770479
657806 677536
429183 808757
141034 474757
396980 447831
33973 212183
362532 769921
639791 698335
225975 822231
366476 673771
76052 480025
350537 756155
486937 730081
104424 961874
47266 77333
458901 475317
233391 435312
47552 271194
670557 990756
39530 633349
193911 343327
834961 905307
322157 510900
41769 182915
36730 439053
488088 638861
926084 968614
723335 875878
573457 788613
102435 607792
740459 900479
15991 265645
154033 519892
932640 966854
679379 762923
291844 377101
818411 875301
435398 440014
245977 248590
212348 531324
2414 273669
263813 328203
68074 599801
70175 228582
304074 818598
718585 767689
847192 975030
568991 589817
254595 550952
121141 985996
33718 396749
766290 973486
338399 890241
121715 938566
192253 533156
624602 739115
486682 507699
176277 647973
558141 686566
525701 675370
106563 380861
638140 724138
221734 978303
480912 621533
684679 730412
207526 393808
157615 835390
51902 125153
260605 391642
385948 745480
72393 563822
164510 754359
263131 635006
164610 382536
63562 723032
803407 881121
213153 858342
417029 896276
82997 258834
671476 908044
34614 995763
15779 513018
310862 748397
311728 397506
129777 405934
374439 797748
51022 669044
225753 267900
127907 651616
446075 690108
164346 317066
824299 913615
54393 336402
112311 146636
454457 627231
713986 935466
603854 805347
387201 576923
246717 927823
740672 874078
238426 329932
467351 800389
184072 829579
201948 857533
142888 931714
142504 955207
234690 673371
525001 990330
536523 889023
425307 715749
149565 941546
283013 424736
589597 752712
52535 384135
494693 559052
246303 891216
876643 992664
34369 51611
71188 284739
259928 387472
98805 378808
47875 522770
61122 78566
620425 926760
62318 782768
56974 293578
173633 584870
329262 790940
746188 976263
119512 940773
658121 997570
162170 306293
923208 944237
942116 973113
667406 789279
541088 807475
415916 837287
660639 951881
388304 477759
257485 882686
381219 715201
705123 902397
158968 830486
558140 628080
121121 750967
285955 829656
71825 438460
639506 934811
340440 919056
260107 578643
560975 805005
231280 350898
721443 753313
470714 956401
709764 761526
503904 954390
235104 500503
230845 824297
129241 634860
146445 254820
135406 568558
417257 809743
18373 624587
723546 737869
514598 825389
350673 816244
704911 778296
492485 684450
613788 773015
104144 823939
355467 617457
40051 341726
29872 872295
135239 166633
365150 867955
25490 55018
173780 270378
829369 914097
315814 509826
181083 487479
37807 121775
899781 923401
429161 870314
457100 527713
472203 614344
431834 784589
165975 936072
52582 853476
127513 987761
9265 334048
372397 683793
83311 732548
933471 976802
493230 948212
488991 996256
454546 855716
164420 851061
521458 843991
317601 689415
63477 76823
310328 735833
315299 363084
392350 541430
274970 516103
187064 226765
779934 957704
698070 735635
282246 613980
580569 892987
671882 840496
