27423
328797 929986
720621 948714
135017 255600
239717 495766
751435 923416
302480 630729
789547 900831
525724 731064
91604 503327
489368 956647
316952 454707
467395 636192
334133 540845
415567 426418
151535 869194
287557 369534
268596 506694
436178 504152
135248 418573
608255 717890
302410 862797
427280 672250
66286 843400
59616 100512
56467 96275
578379 634154
62306 980295
538841 843454
713437 738957
92682 572953
724 542394
403054 504213
171075 290877
626193 729831
835379 966217
151632 976677
394911 607057
916465 932431
282142 644407
94060 163956
516540 884475
153379 367860
681754 859855
490524 981752
287508 453296
269010 306203
305032 781898
63969 163889
600459 619117
276416 648021
348493 362900
26455 73303
152577 990293
122423 673861
12944 625447
476588 586772
670070 952081
248360 578789
28292 755159
72216 109708
790537 913829
45364 699096
313912 879101
471256 694597
386253 898824
393511 765291
423571 526425
9662 864795
400523 589504
384388 990116
423888 486052
480943 486283
27749 700251
53619 673310
46704 791290
50919 283449
192247 201550
782837 910659
468562 601042
21589 67172
104488 436937
364071 859610
906802 984106
300755 657704
269627 279278
91163 881183
451120 739734
419450 789070
706554 736953
129362 583277
337637 999744
130951 138455
175731 380067
621181 891700
609802 687868
618133 696684
407924 671854
723229 859159
68137 622677
644894 870814
745192 795480
282688 489926
497872 992100
251499 560855
576841 884340
569609 703777
38897 600149
68028 560002
758206 911648
91789 585148
784827 887729
192851 432391
174828 720823
82957 129026
202937 318666
180670 453851
108487 585404
598007 689890
176278 286689
95168 148343
221148 617324
455970 941984
234308 585209
65926 911447
108098 419472
311877 411960
357589 774227
896038 902008
197889 406938
202780 759555
259162 596266
186421 224643
449591 598465
479466 966162
239348 344317
268476 390190
150694 888152
473167 652253
452646 702425
78264 573731
457904 628364
828512 848989
240695 921873
83504 519300
567219 587312
281108 459743
418392 462607
8686 100142
290329 789158
81238 443538
126044 246960
242993 623780
158066 375797
377311 638048
183393 918640
539603 814740
241260 375978
697251 819226
596640 640743
37787 786056
174707 578439
537324 974561
203311 954382
274879 490611
232007 727829
78965 786600
802923 920323
515445 833858
405105 710937
232823 722517
113096 328096
528666 973514
279460 681693
542857 617820
392490 440024
45937 599525
9424 767478
385124 739955
528897 708150
403541 921784
235918 915381
630255 793638
437117 997205
439030 811699
193959 275956
43840 402374
342275 932128
479582 559085
696600 797416
143976 958653
112940 512504
377905 659015
225372 606071
282794 343531
365134 475088
343673 908540
182097 440977
633174 750568
188855 961819
638297 910480
53138 818429
697808 872297
27625 626644
301806 399173
106866 587249
386373 825164
186326 768840
68057 558050
521027 605562
217986 551108
533866 915212
274898 639887
397132 558411
640276 655503
439372 545122
403178 682131
282935 984443
554555 952949
389200 790680
481 10787
139831 515283
742207 954789
875440 947595
11857 753143
377966 500948
241399 299444
448778 876238
681011 836791
363193 380795
403428 918081
956893 989130
296468 623429
313747 352261
27333 43889
154223 680232
268558 728467
687082 851297
431664 492201
16652 307838
275435 779671
713591 983084
230781 924881
696472 786258
301364 809666
82168 779507
612032 849870
258579 455204
531031 565001
411014 860513
437475 800945
269324 344229
331675 995729
276295 743198
165655 790697
72995 285046
65718 92996
237004 462168
249499 492334
895792 944461
729576 859896
299816 516054
193646 425884
170355 402927
291478 987658
124162 528831
486986 883817
883335 911785
234749 874037
39920 333795
325871 919311
99010 820125
448051 784625
127573 768295
266112 796135
235910 528614
83447 189981
105898 534114
59811 471943
8274 547487
493092 545230
309783 674168
101575 377791
304571 477109
232777 506605
301388 978627
84521 818508
367239 451560
42987 357944
685454 740504
646445 886029
66770 832221
488553 691544
281011 885321
108022 452218
143853 815376
353289 830737
122616 581246
6430 940138
477333 756785
80376 790379
284317 656631
505623 611931
259464 767370
708674 719138
872634 946072
151710 799458
220126 993668
122352 808616
28707 677122
741442 852631
75222 878989
284296 653405
378132 932918
242493 255130
658994 942131
131620 679010
206536 421353
290411 330863
212831 622457
76054 452537
279538 519067
237498 901428
107781 957587
405710 492556
285052 671963
77567 339098
109262 666789
534481 645200
13366 358766
34564 317464
690689 886462
513404 633013
78122 822083
677915 988265
397585 695632
665333 712953
377772 614486
578665 732593
145661 355560
183712 368329
426270 805150
548061 594690
26793 810260
181849 651610
415296 796364
341686 473925
39468 522770
140870 257435
319764 324486
725642 941075
417941 807869
284522 786957
924356 936027
792135 939848
82301 751212
75618 101165
51770 421641
11145 138197
252619 727324
126057 702980
690614 873553
319603 978404
241985 871640
466631 673926
333310 565098
351347 782193
94968 319753
463036 791744
266527 631583
334373 698583
223107 542643
762441 924633
62543 438067
691715 933146
71714 800075
631737 988377
253152 760322
385386 804629
272032 366672
292994 503555
287207 587919
229410 482968
333308 484361
74842 527964
741713 978193
602737 902205
703735 887382
321390 334620
36573 895817
648550 703682
398027 655065
185867 687505
623399 949875
494384 743680
473637 952383
41116 581835
648300 856702
439671 615366
455424 799546
181935 667652
587095 918482
885187 982874
90699 446623
641016 886371
181442 551951
410958 543539
21137 809168
155218 909713
258777 911243
104311 870080
450076 528634
374333 811018
4601 608117
222306 761399
125239 862016
206437 702124
78097 515226
569664 705097
295923 636689
371131 661285
30989 727921
803875 805866
21613 938410
7355 465398
272627 342850
467672 923698
38349 459396
129470 232537
433969 655594
218816 737327
272220 614015
200213 591411
223206 806174
665857 985271
154800 892191
726145 731551
170237 252880
367707 761733
384433 973218
201333 722154
244070 404966
242452 612903
232569 806508
317951 319284
449904 661860
529028 720689
257452 348530
55090 418102
328039 534859
12300 234641
199507 828887
176225 698828
121425 431214
38219 248797
20210 545362
234221 656497
456905 835135
148209 573598
242075 797119
13083 544978
123971 308869
474594 808448
662206 741923
39469 493277
332513 981566
370912 431563
721627 810287
555123 768938
742629 888975
19312 490663
782544 944134
56948 120992
196034 318026
57283 252711
63387 802282
66806 138292
493543 592767
105830 964382
103117 135017
296953 306010
908654 918034
372091 974730
732352 735939
183638 456605
11990 490371
230440 380299
590574 755385
202915 842435
365821 660070
23834 586273
362040 814967
454496 512087
390183 912637
509023 783025
238255 999475
386833 895707
89527 289096
521698 780328
407667 481774
744206 979298
168057 703176
186946 382907
210922 405446
188527 921436
336108 655257
265794 557843
418919 773044
231823 826320
186407 243399
9074 701950
92182 931705
370858 637582
216632 313438
456531 958534
8615 449068
278907 424654
114843 801898
64021 229509
371472 714401
776562 989735
424208 989797
488390 905160
284649 863480
67887 224740
51324 661827
446371 582484
118769 935695
579691 964937
338876 406298
37295 124385
648527 655726
158813 299217
459573 961182
118432 383061
230769 595212
100766 737864
9875 71992
232164 645849
101684 606254
325442 964962
613841 829648
35633 676046
407440 679015
895419 933355
327166 723904
782016 845915
132420 980882
335947 820922
460658 964840
503665 965920
98550 680586
126437 607420
157269 724679
154452 366899
434291 835235
534667 980822
47200 504306
136228 252830
257647 431168
516461 750364
53544 922746
70777 622107
115055 423192
669796 837137
205448 456870
303614 481585
525539 630288
82690 882777
406034 702170
51644 561134
551455 633197
314078 812322
623195 759707
266365 596806
630425 802902
436219 974342
24367 86231
546011 830366
12685 817059
91721 556622
272221 888090
58608 401910
425169 496541
533818 845075
155373 395789
650387 664807
106663 484199
696681 793645
411255 439282
100784 361643
72690 891513
416876 758979
80552 621112
824732 909600
409780 947687
378123 952391
286098 975604
562508 869875
394364 641415
229704 688637
324581 582885
150095 442754
264004 438452
251504 466494
1054 193057
125240 297473
8719 399276
127961 808175
265249 844919
319969 571322
63917 874825
27330 940241
127075 875860
654597 693716
192695 475002
255886 707593
380848 748092
570271 848185
162933 173014
356374 407881
232187 948263
332036 820176
89240 587256
246909 605810
587086 891010
342399 350215
185415 207658
717187 795505
723971 931308
834715 966393
217436 915349
501215 920271
587220 875713
35488 911598
216593 488271
19147 762495
100149 531848
525927 723492
161757 205806
114151 502592
45772 214844
134833 408002
337751 666856
203921 769805
451 937348
420490 693205
677920 908583
316882 563108
35496 644534
223135 944871
70269 293178
346534 875268
59128 656628
713651 873172
371272 527905
9309 459868
773852 917491
582584 598279
444669 800963
255504 702355
41770 625431
127493 489954
627602 881510
119185 985828
474248 719933
178709 560336
768858 867842
153940 219860
594098 829976
29585 49050
748435 767386
667611 839819
141821 410860
46234 315306
559111 907227
265121 997846
116835 736640
447514 850534
231643 933008
217746 450720
115942 723794
275088 835659
500953 826555
580393 636157
110601 882296
346245 367096
624439 963466
394143 504466
89950 312004
87409 165493
69859 481682
535112 691500
59617 340588
592059 891050
457018 633332
336919 452543
322296 987411
110035 588931
236770 601800
659001 737898
67424 781071
408214 776653
448889 569813
439934 692753
801950 921975
660889 815795
106744 117045
130260 345768
366928 621653
818730 935293
728733 970614
476681 734128
592114 699767
82592 468474
329318 373290
872647 946929
142242 211009
73445 990674
150062 559574
85919 468294
633309 951589
401768 822813
120952 284116
277801 512616
142518 374825
698285 910776
858904 944112
661670 701935
717466 995369
183568 836825
341275 535861
73441 312077
136520 987846
212020 363477
65160 351083
103104 839860
824835 924468
199116 484055
666375 914566
203712 971147
44614 851631
275205 586653
689017 937758
49563 902086
296504 744334
271280 333062
408399 656860
510260 802858
78879 760692
189265 550496
775308 811121
86567 815282
33756 150136
271632 284138
694880 781462
219569 925607
245990 537016
167667 652307
640983 746935
337379 515759
610290 752558
53745 198474
455359 912633
223628 757408
71533 912827
411062 885786
266416 949518
18168 171010
148764 372038
311693 510951
306809 485802
9691 780325
501107 544194
467775 998898
355633 535451
869618 886057
6003 806300
75853 676809
93914 912499
497952 724344
44384 472626
204610 962986
52018 614951
351224 908056
34438 683305
172198 685750
119675 803762
328406 805393
310379 493204
1466 65276
90900 143577
313422 770660
528062 989374
157328 374107
417017 839061
39840 440378
212945 486367
496564 892376
14085 77768
51060 565081
322040 785684
279585 576640
298056 879169
76773 380422
477354 581670
85919 201597
240753 601988
66719 707868
218155 970692
299723 620227
530293 705333
294165 372783
144764 254776
110984 642841
348234 619404
32677 541427
178103 794414
434861 584332
62863 583914
9943 419299
401480 857569
108811 146408
265646 927466
154962 190479
33700 280060
422021 546978
83682 922623
433139 843551
907819 968286
1916 414234
238152 307747
141186 239251
834578 998673
99006 445805
26581 651538
313242 430450
442269 673472
15398 819861
319737 430303
550157 666279
578162 637907
129733 237969
609075 903745
132720 559217
224327 553606
215650 913307
44190 866371
409667 453053
751904 986991
308144 862010
39589 964690
127106 218428
66158 600226
629222 807699
791640 794135
695644 814549
455514 956366
148440 890859
59642 859797
9223 113071
64028 243933
664496 849119
232912 369369
157031 238572
44632 131976
417469 520342
595596 737658
605745 726633
230568 825026
169882 483906
179152 490431
21347 322358
346029 398371
24560 463587
48113 505028
87022 263368
172238 631638
598721 897162
516152 941760
352967 428469
698177 977004
126846 643920
175745 956249
82005 264952
521840 605773
254094 370933
530531 619934
304168 668467
778075 920870
84194 390717
86262 840446
255117 726369
310482 439974
15375 546498
420514 505540
799886 857312
510972 562268
303599 692339
130067 936832
88034 868739
294828 310636
342842 991067
124098 537290
568985 591901
312496 654487
585011 933940
266611 819782
396677 628869
225730 485070
319310 783128
813884 838928
401874 925888
465918 588076
102816 160164
376062 408362
483733 747887
189292 593104
413214 599522
486699 599961
378254 968895
511084 685148
317289 954049
140785 284765
240248 958526
189568 290099
832372 949849
645606 736956
86010 434558
56939 882333
307497 535474
234024 954418
185594 242789
199596 247786
15449 582449
125080 856325
780616 978979
463772 705523
368584 759533
274878 879038
261108 586760
210794 384974
352477 801507
386507 438964
760978 901621
917294 965905
377340 684909
88829 708658
190202 929229
703441 800247
194940 846613
424503 698698
89835 154351
11409 986873
369644 603163
419367 734388
711105 865794
196196 450326
427413 953819
10960 329106
557508 860577
558344 954468
844087 954749
16302 720743
819749 826105
244565 257729
874950 939310
285155 295306
289369 840098
50564 267270
320449 406102
704718 954219
587487 707938
599873 972832
68893 436322
664281 862670
8292 428999
969642 989515
450929 835878
113164 338260
665494 980559
50278 737226
93520 671605
397736 540589
313495 926365
42315 134644
420805 663128
6995 52781
146078 393193
92786 101307
324255 406560
442563 636506
8092 585604
664855 810916
267091 488970
283167 767034
77717 210245
34897 905620
319980 348894
334059 950598
55277 306710
161362 445186
688411 887050
712479 723497
456018 540784
208088 552940
40701 345782
33222 126489
28513 668505
87995 582218
61981 210373
113324 114230
304817 796308
209764 614202
203141 740528
518897 538669
344799 907713
439841 967257
399287 468285
758917 810910
235993 871330
369451 709727
303946 346917
652641 967238
56606 718749
337690 577549
787073 923469
525624 922705
660013 759167
230938 581599
20944 512353
354233 685919
391657 530735
353810 919703
361856 470168
445336 763042
541145 833749
151236 637983
14905 714975
519887 898994
398905 409620
209171 774449
592035 984507
483795 504314
260993 561413
260752 441257
274887 808156
901648 947165
417242 836951
242647 996967
30159 855046
165249 974630
271372 711076
589979 760362
196696 690041
121957 587417
802085 949891
301446 344188
187903 439611
105079 315503
716254 978608
712153 969223
17986 328179
613333 864005
706451 982819
435214 805339
461508 998482
54193 980594
235203 314748
52187 533123
355322 672258
759071 967917
532904 605544
606862 832852
456627 960460
204816 927128
229389 744330
227278 488969
218364 738199
418298 825003
353398 590935
343807 426911
157380 623940
888058 937162
143360 862650
519092 834885
491900 970284
376005 637642
186319 741512
1524 280754
662548 792913
199904 982353
51566 446432
140621 585554
306456 889536
583533 805075
965606 975408
729707 915246
589992 698269
64266 307422
327409 988936
549605 742864
409210 542894
792636 944283
170613 672059
99174 767875
356252 868045
327066 943546
17869 641715
468595 913881
184248 880826
648814 797775
608104 806816
639371 972159
153753 807413
272367 553133
278193 320957
286150 965361
151515 232026
224460 700687
73049 204648
94606 222087
16098 950439
214938 330315
101016 462363
357620 935332
40654 578733
230802 321794
434806 664522
324157 864699
614519 697518
278362 706463
559262 746145
95009 758153
76660 415434
128391 155483
372133 501230
523898 784026
146493 451634
395308 808104
175550 347111
633777 745035
112938 348251
429271 969099
60592 653996
312566 420171
581253 753706
221117 616845
251163 421282
673477 952152
766663 834502
355594 560923
263247 268745
267096 755594
48921 868678
86366 879209
80327 377867
242026 398995
199162 692900
223536 961438
705807 848059
350363 597833
58422 727384
258293 933743
483356 584052
566938 970547
134853 737117
672566 698112
568835 588328
143776 813579
410758 646581
125782 863010
633019 722912
697562 959120
853777 879830
159744 725006
693324 752340
405664 739909
110992 397373
399068 876742
490531 889340
345732 723709
265664 387142
657843 842318
497537 676615
12250 400984
59426 569192
382120 476631
521825 687804
264471 747391
600942 995028
640342 714124
86100 355844
565280 709907
392176 466499
354417 372726
35380 959464
380354 532686
199895 447957
520815 606020
241508 852625
497014 959201
30564 828690
144808 713329
441557 606907
379430 542271
135747 398021
952830 972666
415967 420450
596407 753007
229795 259092
229889 708412
380207 840978
398839 591796
200067 335064
698169 872625
52756 60945
690895 848454
386549 520522
9163 574439
460368 918378
185547 213546
389176 949357
238763 681602
16220 696994
189041 880391
788509 831997
4641 698909
448927 814831
55377 186009
632854 856542
38947 772699
151852 983435
101190 962129
703424 867594
155861 732124
287255 942028
532476 710551
516983 652530
160710 256651
119550 135698
581208 943883
272748 293206
66909 257414
171235 396228
32889 551996
63601 197169
159431 778259
230907 984316
140418 179552
713399 949335
727479 953490
646642 890038
200130 841930
54968 796009
249392 647503
52813 491422
509338 594061
310241 895328
151562 742103
765849 792947
493501 596301
124388 738942
408567 420281
713979 750283
262299 628639
4064 138057
284448 979481
19762 572395
558705 842235
540119 830980
297915 731729
583923 992503
234210 298453
636139 825713
333673 752000
64507 568892
249371 918170
266876 682185
52626 788785
646859 727189
472963 973593
87196 113529
250423 812094
289416 365361
779582 797916
1983 864937
747173 978711
515888 725385
155761 881097
274440 876566
431750 919912
529294 539625
263886 840932
54266 420925
176149 385949
326480 833266
64327 664942
679606 702054
173051 371044
361791 665155
162857 607157
1895 489859
64389 328691
17108 705352
266101 490109
344292 701312
122438 251964
497266 795230
181926 617973
395383 569424
99427 665019
448503 611871
39778 989396
34874 134926
136036 767756
133968 812594
746102 802944
249685 289460
83894 833711
296180 499766
365935 688108
190434 380468
68797 136134
38473 141136
96626 656197
102359 704015
9104 377934
27002 620825
352645 443441
146383 246293
224603 872429
571138 869386
55787 986932
284638 835175
554124 833535
321903 949694
182714 285672
104625 323785
512136 629147
803692 896528
618151 887657
107237 985341
122295 950722
422230 492470
298453 435093
725590 970668
366234 501947
347053 769362
176563 405668
323134 350729
337369 557747
400068 887306
962908 986286
95733 135062
268606 908824
357357 805281
134233 862349
11804 221543
693108 881532
5469 326740
174898 321305
460874 794540
258047 562897
31070 909849
200584 485300
34968 151318
600060 839005
245618 973947
274735 878671
552072 570287
102818 782709
502244 791885
838982 891789
101410 369344
310448 947272
321439 344010
770149 904439
806776 808514
86623 686305
343001 663197
61671 198448
410349 942075
345358 533808
159590 940357
358340 464958
281240 721294
310488 718448
117205 967649
398854 741975
296847 600900
131228 176371
282003 971368
500181 554772
261553 999381
282104 479520
692945 746094
665892 719832
511200 539155
243866 330184
893314 991182
423394 461137
99516 560421
135171 404942
400079 887246
279253 646974
802741 808578
361022 773986
234065 857517
236452 836930
131039 729111
359640 798386
176022 935936
384031 948924
366386 933500
779601 949299
53446 539859
20402 650475
119834 458941
297376 368565
325851 550636
366890 394214
209292 317860
747919 867906
271723 698130
196532 934904
77197 134150
756153 869018
343374 533943
170993 855155
329119 929039
44388 960899
334443 479176
161077 226932
877151 894622
609504 867756
201264 681683
302514 933975
101827 122616
266386 317732
688245 937907
82598 897115
913145 940401
58176 841014
243958 786031
38174 316683
126804 971533
440027 885829
277316 661985
691390 710420
622449 662174
269092 397203
194318 761315
104339 116718
170021 529084
736201 770838
416094 723006
253074 473004
245635 633734
682510 891270
889985 898040
288218 730105
509804 855704
389896 424214
843843 952473
36013 229310
675422 759431
314032 880192
201287 778095
161970 539487
439147 887605
6406 990502
686049 788227
79838 193973
666236 668360
192609 742797
648844 767374
213873 271494
455330 988883
33528 363462
541858 629019
328798 555091
20430 449592
676431 929257
207171 545871
195580 804263
84400 207973
589835 622247
546289 651887
370969 616867
363768 767589
953 114986
341442 748439
382413 746541
365437 954710
214220 845213
259194 566616
872081 976852
15118 446165
32234 107064
22768 626469
277345 755208
389066 683431
733450 794779
471013 988085
18571 993071
26471 343839
372759 564380
10606 223405
287660 382008
443402 606321
54549 179745
742468 910722
679293 844596
799168 904958
792482 871193
33525 311417
428159 773871
77135 248907
524956 567456
508115 579977
225824 604660
12088 934256
67568 664097
196515 701450
279919 378110
715368 932705
633860 727895
854351 924839
6447 239339
406375 723100
863007 931328
363188 814341
65083 672620
534595 949069
440414 637010
649587 859932
777648 970798
265808 291511
382476 650055
681733 742389
350475 847387
655652 994974
516414 673577
513450 834592
499314 827255
310236 521955
465014 821555
145662 173498
905637 949247
81943 726027
187787 898158
477594 937454
50554 256672
180039 872696
640779 997451
54755 753477
239866 994560
244983 531869
271382 431649
65739 737007
402692 412366
120461 903896
40535 200957
382991 391051
345686 899669
219642 463500
746160 976375
41107 724687
790984 998357
707414 792736
559275 852753
265675 971111
21416 798702
121562 463735
273817 632063
554762 831311
166903 992710
21880 461175
600668 928039
145454 542641
486933 620372
280451 917570
44409 381267
100246 661775
243131 551130
378804 709051
371766 453918
382154 660506
913679 995293
273945 873088
598305 666244
446860 627846
429462 920088
511675 517898
419604 770061
214010 730409
320898 663250
184125 455417
106056 300077
168835 432315
13606 404084
126065 504081
144798 422137
162961 262640
125429 648723
622536 773733
143298 329277
508963 689252
426902 797324
804486 878585
77691 986248
10063 399933
223973 685379
780283 997347
636003 933816
79418 522648
111466 643505
46376 569336
386993 761196
215464 743787
411800 532459
144136 557443
887322 916960
450631 480573
506207 747575
147183 461324
755296 928914
447188 982728
223235 679835
616057 857280
311770 916511
482959 633639
49875 762735
475288 696545
222567 924619
10131 167513
320261 885392
252144 825346
118344 848855
175068 502869
55913 975055
436459 939502
357023 485049
71089 884596
92231 589386
143709 368455
948356 983812
472737 796094
291086 412110
109124 278878
426270 494355
637460 915491
101709 606903
632631 939705
20331 606805
87754 755947
219255 791535
392203 780111
186261 829257
360348 684493
264915 518131
562345 699036
321772 734005
105871 410132
228556 481649
22962 961549
112036 553236
117385 601696
111491 872816
591000 993808
180510 270015
469524 908300
253879 637615
233845 897881
134339 690211
10069 587799
461663 893503
146730 735097
160406 999407
272075 994757
38586 186783
802807 870770
679844 849901
838627 920162
335190 952698
727200 967558
354215 656856
448958 784330
651169 787684
785139 864978
800419 951763
729231 823616
220856 976783
9482 679339
565160 993607
100981 869838
120878 699206
258483 986598
397869 943691
110085 346527
127479 746516
691076 769211
565536 769091
611922 945587
69552 362475
36780 627854
202876 441667
461766 705254
254649 366004
570628 718554
118992 943977
298963 984020
32896 831481
165884 776299
306477 351708
82129 264524
218764 934949
75488 448914
245298 913815
599613 834736
220788 756112
98480 309682
477844 793858
154538 188052
104314 416056
198449 833830
431528 554896
739883 925477
819397 835149
213105 701031
253226 718165
912542 988692
18065 106948
547531 701027
190009 744131
301025 919708
333561 678625
242482 784849
624477 684092
134472 189794
276700 277338
657240 682825
27347 110934
582297 734954
342326 430861
228781 313720
102001 699280
469402 477959
643732 764395
41698 479938
289109 394352
431394 675373
412205 595696
135867 397634
302361 996202
6787 225108
115588 402715
151162 778807
38111 966181
550683 874519
141673 941467
294337 671597
397647 901604
211920 371311
112858 548051
399123 926986
451274 741455
341106 636845
26494 987353
488800 653383
239139 489777
121293 486628
87185 358626
523693 777200
66305 436356
571016 633349
93100 668137
277423 485544
506161 522596
555786 920546
369556 807836
318260 754014
134831 803440
115428 784741
99906 237149
94499 964168
589998 911295
266484 875954
28259 825427
10943 375381
765815 916921
320255 606535
490156 691746
393508 672619
89580 303120
451958 679109
147982 771465
813068 839338
190795 343088
468394 886810
226108 306178
493246 967627
77870 974327
666 668973
307657 824233
246737 308028
271986 508048
1104 918863
134148 520880
252926 586695
633772 997072
62577 446300
675243 806154
86618 302836
262263 754758
232801 866545
82475 511569
136924 763218
86555 853770
243995 683247
522720 808110
447953 543397
227238 844784
67243 413276
134363 599951
178368 793542
490615 839517
69970 728311
300922 585392
180656 441537
724177 979223
649379 831089
241983 327260
243402 622372
225690 502674
12280 886343
515087 855556
575292 655929
540530 807267
244186 539468
125521 479030
10209 810315
71603 848144
125245 545706
550523 720957
634204 941569
126562 762318
351454 917487
643405 799280
383269 846638
178997 782721
358855 923636
783363 866632
113089 517943
237688 298363
645781 801263
826336 835853
298536 897840
111499 697913
240942 643488
17383 952168
327448 815795
90150 177483
541371 642884
585679 604713
424168 512361
221731 360428
599543 889162
353281 982555
340806 885612
98961 907452
613469 775360
376274 965445
539019 867660
210734 459662
349322 808659
182189 631877
198548 266993
567576 712239
553162 998642
579640 639240
410320 643068
146578 636308
328934 849910
404694 526125
105385 783946
319873 748847
542545 704592
189974 788462
83679 880592
494178 503845
299691 676899
143107 667376
331653 728792
441989 611972
346159 856783
409516 412875
421023 471868
224325 985204
710609 792521
107684 333281
244473 393459
9484 590519
560785 945505
125019 648789
89257 388534
231747 263170
217290 480175
345973 911240
836234 950484
324750 488880
248903 249870
9743 670299
96393 470451
647578 913204
63515 543879
472991 873784
367077 723283
567638 724461
358461 510547
533784 887387
48732 652574
221702 314909
380665 620449
246671 293914
145316 423602
113396 519266
601178 856273
119168 824937
252576 936581
183302 658749
673666 955110
144508 970146
88656 423731
401528 886586
115580 814657
558853 634517
5326 322436
530913 740927
36476 827390
365426 627776
468792 619285
143690 783102
182872 656307
26741 115282
393377 595189
295703 588127
709458 768317
341281 889060
25378 59560
370597 612084
268906 942534
983783 995348
29253 293262
279130 280123
134468 286135
334020 456941
322413 407134
714458 844167
172176 773821
856038 954985
52014 415068
620640 968493
244906 759247
536935 841872
311096 967908
646709 648935
111234 434373
397746 851168
326376 853232
207003 993918
419549 962296
179358 209457
567701 761694
295348 752459
217654 300786
100291 772006
561781 968881
679950 816101
320101 548673
89378 876493
792470 988636
127067 363409
748532 843526
201195 470630
481342 710597
628045 686349
200822 243633
31292 968223
491460 911026
461961 740169
507716 707175
212115 233808
241064 536557
47452 578455
233075 437842
51773 333852
422858 807540
72963 891186
377676 467239
31680 708860
136378 537323
473378 564143
656007 856388
705866 871632
203549 262719
519874 588876
556268 648669
424100 759405
213464 881203
219645 857001
69323 533986
738691 901714
9439 382524
466871 777005
84391 880413
302848 394734
33959 800771
378335 657473
332958 676465
312845 923933
46881 916356
200189 790563
132260 635217
174821 738385
21514 839882
232632 876993
39101 932910
763741 905416
399441 470433
612089 793660
332598 361536
107432 372604
407158 636666
335202 480557
420114 748163
71324 98336
793879 920587
217993 365800
254282 761202
544741 942087
486600 802850
615066 885391
4922 283840
431756 994420
43548 650097
117296 280136
274837 696644
39215 815029
379105 489496
819795 833553
177679 688898
284875 647430
14091 110065
76361 903923
323866 375828
10294 729786
676098 765197
32989 521451
140426 897184
469002 707536
234984 911443
540022 909501
252926 648974
276297 334472
645240 700515
457304 889405
756972 983402
209693 903690
380114 795192
363222 433672
629249 631178
234070 739607
337783 447747
533395 791912
48405 818101
701405 858003
859766 923606
423863 879270
821810 865778
289605 607181
57427 835143
467554 532490
529629 958611
23483 239192
198887 993810
1550 965945
654122 721932
472826 908782
529714 636130
9121 596941
25431 286784
4897 279360
503690 755832
149811 991552
90901 921216
12066 584707
89008 617900
465104 845343
54767 133695
681928 865675
99243 393464
39384 485215
242753 948521
297928 381275
448144 805622
438400 928146
437806 727411
416251 504321
518500 965501
457679 627492
281065 444827
139057 695750
76719 720849
16562 264908
693466 729359
38260 971178
135859 646583
706769 884892
315499 883804
590938 626373
636197 898927
36354 49109
315919 660444
411888 943006
447765 533461
787784 831843
478420 946663
200388 477261
463414 919897
297707 701507
340493 559555
488068 532576
490859 940396
209320 268637
794137 981059
72379 434001
441087 858416
153526 887194
567542 830514
403479 717486
642049 948069
16122 859725
112634 873657
494789 594061
398979 952850
44956 98796
132770 520130
200222 469736
93072 464819
267535 508435
138009 298424
482106 664664
558151 894264
635944 912687
225503 809970
349397 730694
72335 420824
539322 655782
296822 617314
196063 993174
139565 329849
358662 975129
683083 938285
294717 783819
357810 689366
193946 873603
209331 459417
468711 527456
465093 581963
541966 849569
502137 724092
191432 449863
171488 574982
677688 692068
87485 256963
499791 921471
304930 736416
503665 539687
263238 559562
272134 555276
348453 622766
143163 694356
286672 470669
290729 427672
492160 615771
78422 664772
391851 485607
227916 476252
184246 632579
152912 353671
96352 386591
191313 425660
946560 956267
18751 717133
486968 565458
333362 919839
446952 524239
334856 428087
951560 960746
319005 907680
203566 300322
273549 500731
703876 801224
603569 743046
523056 892135
234624 858372
127443 409378
592297 721689
793634 844670
634738 805124
409537 903016
133624 537189
353147 947653
16715 702155
858040 881487
439186 886533
179110 907694
439334 657393
474983 846314
17052 57128
351172 915318
341202 537936
379998 438892
290503 664208
84568 272087
197707 847814
36058 436563
42445 296331
445458 833205
816189 961277
535335 780345
162871 789013
298507 406861
39353 673166
483183 924274
637550 708620
162582 475021
602672 670869
128915 951740
480329 710552
339321 906565
316009 351965
8947 55782
156054 427555
45081 636515
868684 870262
437882 994375
157825 285577
396046 927746
375725 704639
402054 462368
85504 631239
359140 429030
380478 674161
48548 786521
86724 388954
428103 749748
285934 542486
821288 930599
216053 730821
207440 344843
234097 248055
654892 764173
627471 677899
548917 770896
476402 750590
505749 828147
464452 717952
655753 932166
512095 843174
581062 816355
104148 553708
890674 936312
326410 912693
295647 501455
773433 799547
220409 731282
687272 971694
240456 992001
384469 858176
593894 894183
327479 807029
190783 695429
509206 687149
39284 63427
134085 203639
83793 617107
310707 378147
239837 808425
226928 351544
561227 934916
82565 763600
362464 482822
891618 939991
454673 496840
16676 651176
677104 792902
562388 709330
98142 929200
734222 741336
238583 434744
27569 985209
424271 606649
376842 647964
120030 415030
550281 622231
697397 749626
228213 821368
634778 946915
498733 624417
233583 296379
454533 693862
413833 617236
550428 629861
294327 820928
420208 688212
440171 791503
130451 750476
376595 639783
126430 225973
493112 771206
320319 422176
686566 892867
678740 699926
556481 881172
776152 965788
329077 356894
79797 725560
895992 991035
635877 900440
66614 565662
117884 729666
382079 387919
183127 411841
908111 923064
215901 278208
248208 932974
117247 967147
431251 639911
55028 624088
243171 775266
52583 456162
29714 131240
34312 966980
130684 681165
509368 820613
843639 911602
285734 849876
427671 914316
143492 218409
812923 945375
155334 997089
92897 583968
307546 499424
67843 789099
854121 874022
397989 769584
542733 977516
186893 886847
98337 172904
433795 631871
101258 792508
744823 758532
131500 780950
354075 695265
428619 928454
70638 331256
261470 837429
24155 493368
136577 497683
99501 983088
356205 537252
270015 386210
794398 941799
139472 718534
359372 884233
320442 880769
15641 793613
183704 572633
509713 814910
809560 823922
337827 546667
250978 667588
730361 854759
561574 849564
233429 432656
73041 664668
274627 456382
283342 870214
454597 954223
463628 819569
505496 742435
387745 991325
507250 674890
61302 291727
386625 653146
171003 601534
790036 963623
283192 373064
225636 995947
633866 653180
369171 848773
110140 732280
196485 564173
5514 378205
566525 839199
238881 845846
408009 883040
459505 984568
329763 631887
689526 840997
150142 309432
493000 710031
714531 719942
98029 839574
259706 833217
636052 803490
604474 659450
305393 712353
209136 615608
605499 788091
476404 827807
46799 789046
446340 808274
30726 636926
395751 577032
323712 942006
542202 961855
812665 916265
159667 911051
253397 400809
670278 877518
499597 696733
12272 344582
688547 868892
542913 789198
297013 535128
80156 558249
790121 916700
70075 311758
152130 913801
546040 925049
262462 401147
298608 427719
75326 544163
72536 452922
265902 831350
266948 358166
681959 940831
75456 641961
754907 922176
372410 990460
48201 501188
554732 901215
12408 234292
152791 319939
186298 220636
313077 763949
792037 977902
65690 106612
84271 155387
119815 980308
6828 201887
464465 996272
854208 955374
516728 652939
505300 512016
50515 356778
249727 859481
472548 537317
33602 866426
709639 801750
151646 897385
75283 364086
194406 507298
88884 605448
174178 626623
389222 645407
282100 629065
673711 744738
295543 751903
131359 859835
29233 417923
294335 441427
3824 461775
246975 381114
416543 605670
53970 202371
130185 675367
120045 914574
719502 963734
500121 719786
636819 918081
118539 728749
360282 597236
120515 661680
619637 771458
255647 266100
125563 464754
404461 492986
568211 590049
864744 971036
550219 695506
266813 573250
618202 928947
59049 803049
106103 737537
64447 486608
166661 874850
497607 742832
66932 893285
138088 582196
271823 603145
234697 642920
336512 592961
99306 298858
568676 904145
262043 757773
212958 330113
7818 337299
390271 487434
163556 994233
173381 642422
700497 769750
248296 362033
336282 960239
78532 305741
478258 525439
664968 769792
174849 843465
50963 368660
186032 884219
180121 674195
244617 857097
339995 703567
322813 670811
263651 382168
404709 756268
217379 945730
114082 747198
499923 767156
162384 979081
531012 887481
155586 622757
194331 458973
862309 981700
537909 655240
53887 509700
671070 755156
23242 606346
184610 515081
406130 943087
180269 899119
373237 938452
126150 848931
305338 625711
300303 991148
379169 544496
72587 464238
112523 909205
64540 253223
344400 451568
49599 969884
518276 919380
635917 761088
439112 634602
489334 826072
19699 296959
514360 551682
69432 498565
823912 928584
497861 987064
353994 584221
272189 582046
509816 871051
245575 909061
162846 954320
181914 635508
621675 663265
306983 430164
384280 489727
617239 929466
6156 723975
38834 451530
761070 865701
350058 501200
219561 622718
63766 466250
520841 702611
303922 911197
140463 931774
160260 557892
67118 940581
465735 638077
728523 858463
475535 745980
854817 998074
329081 499222
15099 945794
140543 594699
462684 772734
567105 737736
77270 623691
881282 892739
396394 600567
473018 958724
292521 827754
81865 615016
58092 763356
753611 983864
461910 721946
128439 948369
899329 954923
196165 331102
633149 634287
478577 776998
207047 901081
511723 830336
11697 767183
768271 793906
10200 658245
704024 876812
258987 265437
316155 963085
385175 410734
327189 881036
670399 678313
449294 491960
296445 348164
298234 340334
600237 731424
440478 472154
263633 285809
334030 959576
634517 898851
550301 836339
624572 952105
805024 810639
366157 458318
222678 909802
725381 860337
544303 673277
265701 989650
326483 827227
365684 675686
555342 934588
528753 824854
811031 857595
172451 238274
194388 843736
431504 792944
605279 934703
31123 830654
394035 973464
547236 914167
871819 973527
395999 773911
242242 786972
194282 804564
512314 570602
85649 636966
695028 909789
19132 158862
198804 313927
721940 803057
696704 709852
468548 912057
688704 832838
76957 573798
229581 970589
575673 839503
281041 456561
170304 327455
548997 772311
42986 794329
254001 398391
77744 826702
44775 349717
282239 634868
856639 912742
19158 359783
541690 870095
245375 383153
58272 860001
148608 154380
19334 816610
666049 695232
596474 905547
413443 502214
31008 423969
418293 696856
230845 389962
20148 233314
39622 967634
38578 907318
599100 665451
37981 712996
284455 409633
151966 797474
313331 855510
275399 334078
7021 562245
815761 919571
204695 299524
380601 984288
349704 868905
784144 845121
129676 139056
87867 801295
14225 187004
71895 909065
206040 697764
139147 479095
832447 873238
203413 474816
643855 839700
556470 775196
424816 532972
639835 808893
288602 537806
18430 249787
294417 513789
701492 918542
49594 648781
16009 737016
554527 556398
179991 666287
439581 810346
531226 869734
28046 876526
714426 763723
91174 162200
105534 109583
196217 820438
845564 849935
305879 723708
266320 978819
119273 212533
455015 509618
504047 509965
198259 554627
617138 816941
334651 748313
156227 816565
448232 537896
13641 425728
61998 647121
293060 819129
329249 998905
393099 918419
481514 758466
94807 170713
227740 917359
190200 321578
209643 331962
155114 535225
62751 133412
179706 868628
630735 732568
361293 812112
90081 484825
168029 877126
337964 837818
446410 571640
217057 673863
313702 866338
862562 883832
87279 494287
34904 283063
530231 980807
296877 733468
214068 782589
15309 713616
182172 806582
7083 104964
187403 692128
115024 969470
612580 659744
604478 851431
90285 457578
358665 420088
269284 827443
515274 969835
656991 681148
851634 951119
258596 391025
416688 723768
134458 261643
20575 201592
279933 601622
113563 670103
343435 791759
272208 635099
457256 653550
764798 903597
561253 795171
120364 338074
802905 848332
249547 970094
205178 422925
541137 773657
719809 788918
6265 232088
655418 876705
416998 910640
539520 975065
120404 904832
114149 731305
499369 558537
258653 838141
129180 953712
112178 742080
588409 719252
660814 919923
581811 587585
700807 796102
224090 600455
643087 897409
872484 897177
484602 932403
14992 127448
13976 63317
139051 605717
558739 735923
223818 347117
417407 834972
228929 368827
642682 951767
799601 811615
33403 459385
30183 316290
797860 879651
709599 745175
58624 436805
188975 522689
121685 902334
516433 688697
804634 993794
219692 257803
412024 542135
334796 945034
498809 849630
453588 989822
97657 933504
398083 908049
12578 469805
781909 852392
582555 955551
256687 479625
236293 446417
389968 738983
519418 649209
131903 639334
259873 951151
88754 413772
302879 739284
418077 697938
300850 525908
37304 858307
30696 746333
285972 415079
475493 634964
34422 145560
906393 913070
88217 108861
108200 745785
447233 467027
119297 581132
888010 987192
205829 556701
635621 909831
125848 129583
546783 732767
277702 788044
142908 392089
243336 746551
129460 472211
310644 415182
338584 370224
379058 554963
641170 862926
18393 280207
128023 966337
579129 759629
567808 779396
233251 785011
486486 767508
417888 518373
9991 764592
57858 826620
161255 257120
760010 858666
214046 381328
328957 937214
744771 810092
529493 774639
27467 439162
777167 878246
21734 922616
280131 931967
35839 208960
62300 591334
160596 423675
881365 958999
110340 563931
279188 834252
612863 962438
427533 659994
596078 898634
535793 845253
148246 298854
802155 933811
669583 940917
131061 560236
61351 422276
720904 897428
216508 650440
22558 47809
480063 698642
892063 945150
457234 527363
679113 885085
89328 960828
715704 829331
544756 749914
164804 961797
396337 609168
60865 937769
106900 439105
200589 952198
471182 817451
133718 615403
40201 491726
815997 916799
107359 308391
103812 541471
155811 715941
103728 178700
415868 437168
54948 945640
39991 196486
682287 789285
4241 135419
49280 816459
524905 779521
3948 234678
14723 238158
70054 186692
188169 740893
378554 881863
309575 411581
122050 991931
259953 369365
174401 421030
762313 896113
790716 901807
585048 721895
228679 257989
632325 764591
23102 462641
657791 784282
36558 905873
296251 964298
539286 842794
479083 639394
89914 233742
685581 995664
197562 425884
554818 909248
256116 929298
611523 641120
148394 267866
812117 814077
769683 771403
165835 450855
217360 483881
46521 774097
326760 955775
821279 899876
195457 357452
114318 700118
61061 527421
82919 350642
482017 862641
221632 901900
388029 736148
382888 475217
64507 968807
174477 252324
172455 292558
612649 705830
517867 532305
32756 474571
83615 516711
306995 871574
676789 977552
353217 552600
78382 917993
52436 507686
31802 316971
23123 619075
142281 591944
295554 705872
448615 467691
357575 578432
624028 864455
563282 931435
631472 752431
92696 366766
294160 539837
298382 730914
466684 784314
192733 994955
569863 862966
175819 863955
16255 931962
898716 953422
135242 505929
36265 70410
535995 884550
404121 586864
28108 815486
520886 597242
1054 333895
379184 683188
829644 895237
693318 978173
499045 666451
96612 333596
552055 574017
487362 905793
725852 822375
66814 658372
414919 712067
443865 718319
277758 364682
34184 869163
533210 977844
43556 192000
422895 705880
200922 686468
309921 791192
235212 630413
246437 438676
426936 932862
210581 838479
85770 238089
21635 40517
272999 642764
254993 333083
152842 457180
339176 602558
42433 273699
252897 440173
154805 659558
289159 759467
606393 614362
100220 717856
366578 490637
427625 527974
386256 517093
621915 744208
364298 365628
101185 463169
72868 487415
432426 561403
183294 288626
15107 752109
250960 700113
647573 950991
137763 220101
519743 646233
201250 211142
6384 985821
79278 935048
68464 746176
797089 953204
181251 342491
221010 825262
127661 167978
530056 691523
662009 893932
788462 875743
77048 513912
925729 968082
79330 237682
134295 481745
416142 862506
261382 831200
563778 783467
427953 498913
696253 915967
294759 369267
198090 681192
103253 432353
370844 658773
208327 477368
652534 897177
625532 828050
602408 673593
660144 832808
229514 938764
387449 683715
2868 471204
111483 623816
46521 135217
132551 751022
328756 630800
233952 277553
240480 713882
971425 997844
92002 497516
506487 603887
259583 695207
640774 768883
163012 603267
164518 525208
64872 218515
593598 916212
842730 925941
80453 88720
51314 111195
363433 944141
331392 999079
711613 869366
284579 540521
48750 824694
467650 604645
483664 954983
136465 820664
21567 903778
447580 571913
330669 962432
334986 352832
778973 949279
121478 809992
183718 481256
49279 872468
340904 438616
91706 369407
41745 57475
539218 664191
143946 739598
308016 655829
447423 871718
444706 890708
308705 330854
161488 481936
444404 855544
8152 216887
128107 179825
300845 886340
83417 347459
550752 885474
290445 780689
127224 975637
24194 967469
54513 510714
480944 776642
454158 536447
104498 659843
14897 194636
569706 758141
252292 405513
130259 647246
397877 688997
203733 993177
76177 589437
128088 388120
352399 898101
362131 802350
721440 948824
117269 150639
341572 628892
425223 700066
609734 997314
472853 705535
53987 425027
579681 910287
176952 506580
434401 690108
670862 792287
370631 769951
592241 668598
490177 500568
817231 950642
182022 785105
641844 736944
157607 798864
94306 775753
816457 866983
779683 825216
383895 572317
648260 934926
260857 778482
194325 812813
825662 968837
607571 692555
138891 788254
323784 490658
261485 683853
697923 776037
795619 843492
375573 927055
35312 780749
329978 335586
164480 581196
539854 561977
27681 302898
534152 941539
288236 913165
24907 158026
224110 300474
83097 525923
256803 991317
377561 623472
258463 397307
460867 905007
592513 669979
665211 856610
598298 899742
365058 554749
36520 510898
432556 540178
640588 982218
193767 582912
150123 891901
577982 595867
20359 912893
690988 830542
22827 159371
58451 96095
252405 823305
715344 753383
661962 892556
141160 806739
73333 105544
285599 305942
461428 750078
68820 739575
232560 663033
465629 699620
685531 942198
424527 614179
371513 685613
540681 810675
709245 816404
18193 506644
28479 222619
26622 551064
492200 568053
376518 765702
782125 889530
764717 969422
281615 842275
370069 825791
307944 873682
372524 787719
248109 630439
51868 827922
323306 350407
210382 319322
32007 861706
938729 960231
18617 207589
182026 491298
750551 804954
3075 574929
389106 449011
252352 773207
468934 475535
140718 366238
786429 889254
142716 204201
507606 626294
4562 501734
466281 628862
148974 548362
501544 761389
581545 955558
698403 727586
79924 228543
121829 900833
416404 474730
533795 984191
38264 984460
236663 907798
542570 791189
238751 322977
146374 897414
382199 981163
288117 478375
116873 727328
792487 795520
540875 613467
176038 783202
167200 892785
354208 507513
95383 663535
453077 900890
358893 625028
704847 865939
48462 269326
161340 236620
18988 255272
724259 818501
200358 257514
25510 840790
237895 424173
361094 885699
219444 958981
764052 787377
749050 926421
605691 998578
607106 663750
256510 527651
607294 974294
330277 355060
858094 858110
699075 728731
263740 339040
669162 900208
223371 998449
49963 792372
208614 634041
60481 381884
345826 684867
723858 732860
96858 838495
378441 793169
484301 783763
20637 291978
138211 738985
85056 893684
60105 348486
56633 629989
852032 967082
254140 477251
579502 776368
147118 749411
136620 560768
220191 626730
592068 659135
543196 713837
180348 387592
431403 723306
228358 514754
397504 466713
205514 353928
373416 527846
62506 653111
640275 718202
305273 900109
724884 989451
126424 779777
83539 810308
209809 523594
120269 724664
143329 341758
37765 685609
535218 735367
206900 754570
836234 855735
93459 316955
121075 428483
221412 312408
143725 847865
405708 478470
88376 352742
391222 683680
579616 980446
579519 794904
730065 736301
398662 518282
384518 925701
77439 436117
92353 848351
16209 827831
136455 851516
401200 920153
299660 764180
449177 693805
609306 976451
116919 181665
145685 541085
420126 889482
181105 505287
229500 706724
194009 326052
192353 599510
543415 912222
693560 894168
373579 699622
645577 746662
269903 947229
392898 714911
162338 602658
155663 298861
316359 889662
645439 872219
627546 662650
205755 861759
278682 436548
91148 349349
347098 917015
129510 153819
130607 250267
150817 226707
189805 545416
478639 602914
815899 849993
52995 327010
477733 592092
388097 977558
146110 748533
854244 856952
178652 671736
233219 932051
276047 719024
225050 415147
229415 786092
163963 330895
459646 648571
281747 887630
362263 930424
100179 813438
70111 828967
369437 981445
10866 323713
383070 713662
176087 555702
698424 793091
18301 592948
63648 325103
316935 782551
479209 914126
3992 922020
460727 901273
667721 964568
253531 813014
21801 367160
248745 304543
225573 924082
14229 117912
239765 892589
221577 936431
642450 920188
526357 697514
758745 886066
324075 496039
236957 698533
115527 902982
580660 788122
195366 717486
793111 808150
436338 926931
77095 510610
354805 835081
782787 997392
262688 300465
595643 708218
261604 343442
417887 979718
972501 994015
738055 997760
262951 837821
224815 414361
286757 501473
508788 985927
588337 669784
45442 790509
46040 678048
642844 926379
330785 967380
280408 794777
195320 249103
247159 405574
50119 946780
45608 252454
838504 957931
484774 814781
391127 717878
699832 882556
121945 754659
216544 853929
48829 141569
681239 685067
571694 728825
261455 389026
686545 695437
295838 897252
361361 446712
196717 796082
597161 735203
835962 967747
91426 289565
518874 763154
52032 141116
477768 704026
110431 468726
540012 776262
801140 847300
142315 860997
148203 676791
112421 230363
257260 620094
665711 850681
488694 594545
437721 717082
208717 422176
113915 250327
130484 163875
220708 487046
79021 567792
95559 824910
156898 565717
503064 646693
10096 356170
95874 142923
33527 517583
187269 671529
456351 754380
418332 916160
264482 612606
420433 481270
848419 920192
471598 739547
86566 246907
134225 289152
337242 703257
66198 202610
315257 903459
283003 863875
584818 586606
243426 466444
362761 734392
499820 606347
358338 806907
756977 839973
280559 512975
373116 950718
772953 929115
488254 757034
347693 508615
187041 974430
503645 833251
635680 869359
537660 712534
507102 843721
105877 590381
62576 494677
11169 781791
211351 312874
246151 257129
310180 700972
320562 950050
733668 933968
646192 989575
618466 625686
159183 380942
62910 187236
770896 964837
228873 646361
541508 884811
63185 651890
534223 773353
492253 724283
354252 369801
84452 690215
344735 754453
60070 986453
233894 492111
27890 649971
597879 982503
18455 820097
192244 535795
192490 466243
71356 929598
329829 587599
3150 219272
598299 941075
574613 740978
910673 959613
297813 573068
200302 381619
103436 325445
140940 812766
199034 220897
69896 677196
558755 807283
100626 911173
551546 731597
468157 607903
838796 863451
539908 948722
357403 510805
4562 160580
368802 932114
291096 923871
541249 917221
560969 914618
526125 625816
661200 813606
448675 452981
264945 794881
55147 330236
359773 947998
141605 859423
141244 969450
459925 782418
1921 139294
565912 743944
218781 328098
574143 950057
352581 793118
717691 859875
238966 911417
859072 993265
461761 660764
712717 718409
2983 230253
528856 857504
544038 844364
912452 978290
736722 816636
269832 368549
42620 259655
853014 922171
81589 109301
653127 654345
78034 200312
321803 648590
131911 245601
31041 469154
299800 848377
38517 261693
27248 975868
442583 961624
661981 752142
24936 368094
176538 640864
414636 742707
718475 984940
27367 553093
468885 631268
115183 785215
247662 528186
335410 722498
589871 768300
472929 665477
491175 499024
398588 889999
172042 207093
494070 564455
245673 903655
238551 635830
523906 689884
745313 860221
227359 617735
465484 925766
117061 978042
592040 710931
5183 5532
186670 742422
782554 998430
83269 216494
253569 523563
33237 891568
398528 498379
289930 921772
329580 374979
153394 577355
3805 891762
415405 669027
48082 628461
257839 502312
586091 811889
294864 522524
46317 138280
467832 719238
276506 851243
16118 332401
616281 801796
237123 769951
8627 164374
223297 784321
81321 129299
313782 565400
26693 941453
7301 673277
46771 941695
479940 581558
16933 576889
163855 933735
113646 584531
463917 882458
349000 658900
126570 694793
290347 556126
312011 347577
472942 703847
197434 650010
36911 691627
213904 769288
105490 203864
492444 813430
11820 867504
15148 667578
31224 358357
407437 813709
109784 274324
818357 927708
427524 462293
404714 641179
668892 824577
362885 584910
10386 861282
96679 608206
968303 975425
239807 485740
533543 962582
323265 583015
462479 996292
37583 504532
129159 711341
285998 463607
723106 768498
866516 937757
33703 194161
364076 598289
312877 862338
135582 363041
294965 437819
120129 944101
89491 870310
573327 843552
165732 407057
62363 491933
537810 623485
38436 871069
241901 653127
36533 702365
237055 339696
632443 916715
253980 960273
42386 129822
479354 929973
354438 685710
7608 761481
81238 844261
77973 702459
433154 820299
652053 807779
376429 822524
270433 391813
481882 580852
53443 129256
827434 969645
13393 35204
563613 569311
20591 969455
66499 162033
2787 752417
50978 231666
201375 979683
646553 876561
12702 941165
266445 973078
244101 255456
179743 292838
337919 894489
32967 556318
776258 905516
364748 905077
829520 911078
163093 491199
159538 159966
543217 573298
54169 236933
478772 988006
604602 984498
854527 942361
139377 788942
18910 437534
390617 744999
703985 938851
55615 746107
511689 779540
82471 352073
76329 745986
288807 337952
476548 805767
721474 880067
603870 688540
233137 317486
340047 694215
208666 711603
91063 407919
118022 765785
431043 811949
245529 668926
424817 860339
202214 828445
350655 467184
101364 304043
622364 871114
401385 584415
40753 726793
739233 884681
255834 689482
391777 399672
604905 982812
126536 590368
582256 893051
183170 264254
263878 431319
206653 902327
571985 664450
23055 426005
464895 626606
735519 964164
28735 163228
389540 778381
363726 542171
768257 806515
206065 985978
764018 775864
198933 420180
775499 831580
91749 396585
391772 762634
20290 282850
193752 552275
155860 743235
52478 916235
15801 778065
82007 737467
175385 564586
169448 643919
435919 779819
443639 820726
90345 616974
252965 495816
30879 499621
135657 810850
267474 506161
49494 909712
160057 908352
545933 999642
701056 925838
274058 715025
608854 935808
141286 248316
130532 577496
253461 780110
32557 684374
795466 913988
519745 877519
8471 145368
396325 544159
28900 262760
392258 448667
84310 560552
290812 483354
350057 828363
120530 994853
351724 379208
248185 968389
553985 669354
582864 928047
353670 869038
598067 814387
4523 855775
23192 189311
429283 733494
535239 740040
766013 817697
121478 305500
200852 809735
227465 252845
591059 640083
34436 81717
176204 270666
355996 473187
330185 705114
812369 864329
133560 927007
348621 524901
97322 390624
518756 751622
117096 311968
455084 724307
588134 989013
212821 994514
176711 584711
179464 820761
100446 320901
78328 915576
527733 656867
29945 505582
261105 414019
119837 423822
372114 863455
373376 911609
122778 200574
190201 748435
281737 577857
676852 761102
572905 696809
60332 494115
305989 751012
526375 750477
126270 919587
421534 626365
281282 518761
133073 633373
221087 676288
222153 224571
472253 770952
24613 924777
258730 766721
209726 936627
106235 709685
534246 993170
562524 581630
458694 994644
332150 342125
8823 237171
326114 356063
266209 583889
652994 940686
348576 602737
581366 986713
259301 959461
879482 991838
148446 756427
17359 76845
649635 926422
643718 751251
288010 910608
205604 365257
576602 952401
542310 715673
291957 996585
36410 108206
268495 785794
578792 978378
676725 786658
48304 588973
821854 964263
889471 945506
397408 755116
350608 794210
277819 879283
134945 353924
394292 653464
27743 254041
633230 915893
228062 787144
185488 989150
84920 726941
4893 384937
249070 630960
298004 645116
147029 291573
746504 942019
410432 944907
199558 311487
300897 437163
452480 572996
216055 256834
640948 804597
238830 550218
224449 774387
328533 446492
886588 915687
36379 246299
166370 725633
133441 438285
397826 842137
936651 970435
149187 760042
335242 483530
105295 113283
724940 796277
432955 788495
258336 625725
362089 782780
432909 495871
515123 830446
96686 570053
328015 391154
101819 536048
15401 560834
192322 495408
79842 385370
224554 888073
467901 598926
574934 762904
157038 793145
306027 402852
522466 642186
300530 424826
297292 905992
95081 475627
374999 761150
226125 721274
198095 272290
158389 985855
121686 346810
455330 826453
204532 915324
80508 525617
237242 735914
680184 756884
213019 410353
822820 847189
417952 525203
48031 72632
200631 700438
13886 152795
659654 845021
171865 706603
100865 490654
398883 519559
201716 695654
254495 376498
464193 782338
493 905168
374730 754559
284025 330367
100811 658307
353749 593400
656538 666861
131545 504729
134496 330093
341351 675324
292991 521679
201674 717981
240151 587080
236415 930200
555289 735262
298819 795701
933892 942200
233425 621757
375269 940604
75387 430127
422125 994152
895491 968475
128424 413088
344651 773664
115024 743900
325496 889674
220237 975413
105556 168593
311543 380479
237243 459486
99831 856073
693531 717588
717552 959280
133544 650508
665346 940048
869 987965
342339 368266
743738 812322
118227 171987
290421 889541
464142 813048
100380 130509
353618 997822
116754 501455
40600 416269
129063 959794
555141 801249
403727 488272
603033 927297
228171 970032
373469 392229
365998 871507
146992 194814
314249 891368
505942 744053
229657 762180
54379 337405
124933 464127
917271 932848
132577 782138
328142 438616
634049 662147
584243 675142
312946 594792
541321 757753
960134 967157
472126 870684
1813 5168
284135 690025
426165 777432
185191 848536
9056 826257
707854 762199
7412 936497
61300 455088
230116 877714
11460 146962
137163 386588
87927 674649
57969 996052
360900 872510
764798 779315
357769 592366
116355 803005
854670 944764
810031 840032
116835 731998
285481 550407
197703 316821
270840 309647
287417 829460
889925 921410
138375 797029
253014 640502
707820 823459
848000 885949
357479 810236
484434 847641
938464 967070
5603 616841
495947 846384
227034 974937
6036 792906
79510 272633
498137 564996
220115 701867
62412 179370
360001 773922
200238 700921
138795 765989
590663 974031
322324 546257
177196 871998
147595 367991
139717 289567
394578 965827
48313 356154
95100 231307
216187 603611
166647 421178
134933 811192
624943 780967
131577 186330
128100 465931
25789 890225
310285 551542
289715 573920
97662 251969
117766 279427
164258 703954
848931 995522
295341 546921
356687 445769
532031 944006
90815 431482
225372 594646
659245 799303
419190 898940
301122 817579
35200 503500
438795 848930
74500 659368
423656 868681
152772 329377
29056 950924
154158 479253
193681 865047
661668 724604
259340 554983
507399 844792
548141 903329
47816 198071
615418 626436
373391 890320
701843 993452
67955 755282
723605 736248
306832 363692
431945 775128
376770 424201
518990 966024
761814 921998
463231 676460
271199 800894
469699 918570
229730 693937
352313 620897
291743 425482
97247 684310
81529 718301
803578 977803
192180 868899
224063 510187
72821 101995
9763 224054
946054 984380
612128 874403
442867 809560
564050 854858
119887 323918
822338 997178
78376 654714
287950 864913
121156 619822
358532 918198
70036 406545
257011 594946
161237 931001
12015 67257
693119 848620
235612 335415
182258 628623
276364 680165
237634 617122
675049 983657
735239 958491
245822 993646
327566 611442
273447 681564
784417 985405
494761 587461
229829 786941
482623 642272
744396 880742
425339 500008
807035 865522
13478 767334
354443 798984
139549 777418
422298 573769
278651 647254
119221 372576
105920 248732
431653 973132
150379 705375
349780 355236
276873 565121
367166 536556
446750 843591
36747 430553
32842 752190
183428 254427
15208 104952
345133 775138
438497 933743
221184 625122
324156 336023
228829 798375
505014 626525
802867 913827
39269 694083
208522 385936
630391 905262
287882 598491
553860 660035
102167 254348
282269 475513
452581 758514
298098 697983
667499 900482
666104 969195
132442 679101
614585 657483
708312 818244
927856 986026
69939 218432
719408 945135
722351 767835
821260 982529
574791 744709
472128 645878
331092 518057
203294 831277
257888 900775
183021 911487
454959 556511
431196 723433
372263 746795
9856 906626
614170 932141
469499 572851
211544 234867
418181 698380
440550 732727
7813 499439
136550 766723
313373 384955
71762 388009
654036 755585
594481 629040
124340 518135
2897 324976
870128 981100
181759 962322
239951 304886
224733 994113
478086 935786
52547 881312
460872 871762
863562 968346
127477 710374
425219 596734
921873 959072
887578 909834
33847 293690
96197 698128
798514 852267
107025 899998
269388 982904
368060 715709
567353 681765
596688 736991
184204 953925
109882 742103
156554 500685
516268 990462
309638 599445
509221 609738
786472 848433
365874 500246
584999 875842
184780 832262
212483 967807
150160 404872
447341 939140
182025 562740
148716 618691
528860 828515
576046 965481
297064 305836
294456 794424
454599 985089
407608 651496
271670 932640
207660 641667
69348 850772
78980 470581
158434 689863
321665 546432
240678 535190
518048 558209
128695 244002
541647 581796
285696 354209
471459 999764
677712 755052
939302 985862
31617 150946
309308 426256
398448 414598
495179 697612
124208 977131
148238 160683
468831 883056
84726 960991
9887 180474
236006 645761
109542 432457
47709 494597
332454 578347
456234 687303
321092 492529
47888 450699
467114 685730
290986 709100
317397 469991
346289 516814
110150 539202
469918 892064
592376 875778
619135 767959
731664 848480
245463 365614
46348 854143
419109 848053
103666 305290
247156 500773
395414 764852
440241 660669
234615 585779
364065 842646
689817 764869
298862 960092
141142 488337
120533 597789
13771 996561
705332 882354
439972 992482
778697 808777
216556 708754
537654 562675
153848 628471
234797 538611
221233 550314
200279 534541
348461 633164
792202 799068
234305 888647
555680 624868
72187 623429
61868 530250
155212 453144
346230 685567
288943 490461
420134 970981
476182 637178
633976 885997
425700 822274
195831 333215
179440 421991
568989 590584
215269 832507
201553 287839
127947 848316
210506 272449
233064 421624
242141 444510
703849 735927
154336 318393
87740 787346
299826 986024
260420 880361
187089 635814
13772 803968
701822 838501
561767 946528
6959 705182
97067 983095
135505 990166
83647 515872
80147 599451
18018 984525
373362 577615
27989 624816
545970 947229
953126 984769
99478 525246
589761 746538
711444 851270
295371 386501
232462 367615
173196 255598
589976 919355
400223 627764
374871 952071
135512 552033
177037 190618
162114 683209
158987 901011
186907 750581
707459 980348
286026 897948
358831 480724
102772 962480
238304 266446
91568 528599
232411 945709
228318 457202
701959 755103
769041 888864
471371 628172
156430 216132
254864 921239
77108 496297
120063 317914
413898 661734
178622 293031
96756 562708
214998 619911
208143 907676
236151 790135
649947 748515
48720 71598
729868 907195
658947 750550
262025 285000
388113 589886
197427 770713
377149 481114
272925 939746
174707 485236
128470 955037
745208 918027
160431 840141
130106 708650
120596 337668
34043 755441
805156 997273
330991 615282
29777 872920
83244 936402
107118 383018
233794 609785
534069 745281
107160 166494
264576 375407
403298 851740
86556 635287
246510 278206
711856 726857
71756 246987
146114 480342
400521 453931
264529 493786
244091 707152
476290 946265
62520 163192
480299 972882
139362 314728
131480 404889
803092 831375
310508 781093
342345 536206
13061 30514
318220 968812
303185 634287
171008 726696
763620 883417
593802 613247
493521 897355
138753 690505
67017 690568
189685 809752
531798 927755
566769 939430
155759 231497
142545 320690
325562 331700
397624 681974
56720 442596
441647 483914
513861 750659
637005 795756
423123 502068
529428 820128
422314 925392
6540 56645
164437 634549
78411 999828
301548 671686
162855 751313
31278 662256
18527 806932
36814 555956
514287 799322
17121 997600
478118 533318
312955 789660
261324 545317
593937 723814
544983 575729
788301 805439
552761 783632
785059 847654
667408 883266
543754 828035
614167 660075
87126 868976
340542 941194
66329 970548
438020 566965
258760 299262
66243 489838
168226 498237
38842 671550
46233 595069
459291 490387
156886 571592
856613 947984
359769 475266
651072 859007
411802 539090
144519 537211
851154 967020
292788 437054
649589 671887
317808 904922
294774 426104
671048 876521
37128 500860
265875 740708
318607 737068
417260 681812
432492 605963
595507 651991
365059 523510
77000 226925
144470 701583
250011 351223
205127 939836
380867 851225
365682 604370
551340 769614
579163 761395
285068 591654
690619 904376
200617 747779
618461 927011
781832 935487
751533 759484
171045 657961
381115 414581
235931 767517
282525 743903
568476 975359
127809 291702
21629 139079
233738 455528
658807 735421
280876 511431
383579 614007
42585 490122
421366 960584
209417 694982
238352 490028
318550 582798
235674 991506
832554 925592
467169 545265
317368 617443
129683 543599
728148 964707
320401 862985
578688 618727
453365 997312
693912 812803
128489 955902
265633 413762
511355 974949
219535 952183
72396 517009
164483 714401
740342 984366
770394 977865
560460 813423
411727 791279
236253 474497
231963 749967
212906 582140
268188 507306
681786 844312
304776 607348
714431 976787
440994 839313
11970 512789
831996 899008
541649 954813
406589 627134
160039 613236
336068 778695
27352 98988
54689 895708
153071 755064
136829 421027
205879 304790
144978 769388
103755 975413
151123 573458
69445 306976
449812 887483
273474 574948
276307 881855
309572 633946
145203 580159
13604 182104
620737 819579
415506 839813
259622 948920
172276 651191
268954 709090
478167 753778
194248 449306
24243 775856
42863 166486
110471 745279
270667 541405
111393 176554
451570 753436
352505 595154
219661 582970
142511 981358
75585 787817
127888 954020
218739 890541
83398 690812
510880 803039
664402 856996
13609 677774
293500 466716
361836 704445
789976 860118
341585 650287
294460 501738
359814 680069
804088 833613
155189 168984
59380 684097
2897 413903
56341 535561
562717 944744
548812 864304
46267 195339
34559 54909
611358 749560
835499 955728
398892 877335
106941 302025
153749 268044
644241 757142
102655 267723
414997 799152
39022 474135
588742 823377
180724 397113
402448 650218
392195 747949
225213 785993
200010 247011
108764 558996
463142 700513
564042 806714
229979 237052
510209 550757
408604 779545
583462 939223
271355 635333
43669 647401
160010 830098
52370 205457
552202 566053
580294 846018
175800 705785
827382 879957
23625 388942
94693 779031
244542 273296
79061 961408
684309 978158
101880 854968
258950 773709
50724 826286
94334 313947
589922 761731
666805 939453
198036 633646
289443 817703
739960 765262
75007 914816
440323 574578
388087 980492
58256 851290
638655 997108
245579 565913
413773 698025
516554 655875
239898 993236
521246 873102
250843 304481
99498 106242
318578 844511
793022 822987
99368 454756
114112 648429
176564 386788
184117 613581
202082 409105
136449 474463
168083 967437
713217 832843
35698 419408
76115 282637
656434 765206
699524 842268
726475 876645
713143 923049
136262 702992
402525 459807
194880 769658
279424 565137
510447 661751
125831 555162
817421 996961
342103 786088
494706 653562
286923 942214
187928 474719
403911 851352
286416 391846
416228 825562
306218 465885
781988 953535
186184 905219
90602 125104
784658 794853
189354 989182
620173 974237
375905 462781
277121 509718
141534 807411
400014 544866
485297 909241
45288 306345
215275 666652
136082 944850
294861 645054
259363 472973
308440 379411
405628 426671
297365 867064
688870 719263
269341 955769
644635 908491
365201 399840
95541 826129
205723 769524
256484 739501
491531 761191
180701 704368
79796 938767
255969 297385
253869 341357
307082 963233
621959 664864
725141 971816
487892 863142
534070 892062
264108 958469
203690 385067
447463 473862
457819 696324
161920 974741
569755 819109
228640 517600
863371 889033
69904 517267
306687 738795
361523 534975
223335 244492
200087 738870
297583 330674
110953 118937
134372 888981
275353 702674
431454 762858
77926 203112
205431 586846
111586 124006
85007 586419
132690 907049
48405 911735
351256 694908
209603 478034
515541 586911
509392 640353
112045 628786
463227 614922
658730 849728
483405 649380
367347 616737
88722 853849
468874 574644
55953 488848
401897 688818
272374 387800
347949 945726
61131 571007
267384 760071
379137 385891
883912 916432
136724 904334
221803 327724
431230 833981
781764 883514
164020 436852
496901 721628
124683 972541
121223 973244
852319 904254
398447 820159
102241 662058
751968 919230
706896 996971
11491 35496
125860 394139
511136 873025
558887 686489
647185 826245
117746 748595
259506 394967
247913 260363
457085 811166
366496 993911
334443 785018
64263 773561
401849 777702
553106 582547
653263 799759
414229 843517
531331 985991
41978 433753
662890 919805
236194 837090
342025 599191
316274 689829
136016 426297
370012 505309
479303 940437
241677 746897
149983 788520
218992 788155
5159 719651
677079 800856
511618 554609
177921 918956
216439 334083
69021 752583
301690 365344
374254 838015
351494 488162
240506 894394
487778 936700
567609 818592
565627 826196
324339 778540
408593 914749
599987 711560
15500 23147
887774 899676
234753 819747
370266 554800
639268 883927
184941 790721
287370 719733
161775 515875
366674 415451
58811 759757
447305 484698
189824 879248
669782 974151
314552 822365
14511 628128
525017 553450
256377 661839
92292 206129
305665 575494
209968 606299
657122 941040
287268 870780
226055 472985
215361 292395
335438 530501
498650 509435
107995 571689
280074 654894
362098 805547
26845 795862
336666 568851
72119 714960
35176 863653
452451 765604
303720 336789
239268 561786
555380 848111
54978 819723
253576 905518
153504 476313
710331 918578
200107 730774
873272 905916
229343 538556
4889 961815
329871 557027
295181 941201
115245 896857
761459 815765
825315 857756
290441 476545
138854 656812
4200 642493
274933 436847
636791 780156
381331 996823
420607 792897
193614 900119
597016 683394
466338 738197
614279 801806
16877 657438
544866 791281
446730 472931
189625 435921
16211 216485
432079 745654
125653 502618
174941 845584
201281 864542
721648 801488
221141 647539
64004 289493
94223 656753
163251 574818
536609 563729
501009 633182
149435 211564
67560 507829
323468 965218
958178 970575
344681 601330
255955 307354
68088 648605
395341 864098
221720 890003
337828 423835
561453 886631
353869 839510
330392 880737
386736 408727
515854 605105
153830 169575
245315 395385
534395 696217
19886 822299
94276 307975
444716 835509
62809 755749
244852 295459
453982 791493
35819 923914
535358 578583
74690 317729
292123 878997
732033 845037
28724 917519
205686 772327
329807 686659
152805 154106
451106 650587
797909 967073
12079 135889
219459 574110
257178 548685
77165 610794
331249 877124
344205 799850
552561 644803
3896 189002
232284 852452
233239 448886
520837 979334
152730 263277
735228 914063
32695 539207
854914 877416
505554 847468
788954 932656
374113 437582
78134 865525
365667 733877
188375 957992
770670 936168
629273 807588
47820 759638
830544 932091
269835 817503
152371 809995
231269 591277
471544 844554
54791 179534
125559 802319
79108 760733
659612 901538
453877 747628
651405 782837
496641 725276
285095 443021
425153 486883
84151 391982
20942 787809
643384 898378
92652 341529
208170 686516
87812 540791
133593 594388
889065 981164
108155 962729
21531 606502
26967 539535
328771 585095
423343 428477
237040 836061
231548 790324
228168 465616
217841 763248
165824 435147
282939 386372
730138 793832
452760 820510
609642 953964
625775 894895
27840 552938
754167 755900
267589 848604
246419 383953
789072 995635
297421 314797
69134 568164
50807 989565
275204 960599
751505 969363
146731 298902
312817 438261
454460 694510
950799 986906
729460 879929
319591 845224
550947 921666
99459 326211
317055 442624
298126 971781
911971 917822
523122 647631
101206 135255
387107 875633
537053 645597
306470 959617
141278 637346
298025 331067
302005 962255
164510 489963
301017 707072
180039 901202
664516 671526
299126 335761
45050 700303
177287 989185
211580 400102
456644 502619
418222 920181
514002 527805
412937 985110
161417 873214
18423 470863
336255 956683
352250 376219
564805 594699
949510 970161
927252 952307
222140 676834
363162 905291
510931 654107
497488 889674
301329 550120
351408 439548
796091 838216
83875 881661
278347 505948
277270 913126
696268 698680
275104 468002
269773 674349
325299 795556
231444 761607
245784 957841
470840 687921
222286 525885
755204 916901
143558 808379
432130 855976
34097 274919
251216 773667
33062 692890
173054 665656
205848 576784
594874 935037
530377 729521
105939 581208
370933 397061
794024 924302
127354 217007
51734 225308
182824 426933
84302 198655
326100 596898
221620 433249
214670 589061
11804 467768
506327 992826
802416 825555
139848 231418
1048 455645
764640 844440
692418 794628
212836 880238
633252 672180
191852 201479
389405 745015
298750 325277
255710 797450
604118 676158
387408 848158
101349 729458
117133 204426
578390 957813
476846 624398
488634 934295
182847 311538
660253 793966
97423 232664
769743 979858
214369 377731
614054 893963
74297 186857
97414 210778
319829 788440
494553 913481
271839 727701
692264 781249
40395 421012
380840 492083
191492 393918
3855 845202
591537 827403
550735 977458
23340 837737
376908 717241
44668 389524
537655 654970
91203 616614
316932 932250
393676 568435
761175 818397
113560 804380
171866 733978
630522 924266
537135 588208
325751 650586
68108 347910
419335 511466
238191 654874
472213 719041
645771 952561
153521 847779
257410 573591
347898 690601
296560 877654
572783 616366
141941 793190
199428 762200
598999 711007
133399 235444
573130 667541
341985 555319
41663 780071
44561 106988
155952 168169
982872 984205
234775 897249
25659 716353
190144 373366
893214 905248
473561 909999
613626 885773
406631 640797
767562 794333
394146 777173
252009 502733
228721 484124
641489 871890
270201 506961
390745 530329
265044 335728
486724 821891
14756 337091
377261 925451
804834 885135
206256 786416
99220 909746
330912 619181
250895 917833
43068 580608
69097 296203
50073 661434
251487 964569
101172 277864
41791 101936
199000 627658
719119 919479
644555 805262
94129 273423
372765 940165
571779 858105
845044 904930
120883 704764
809932 836577
394196 621718
164498 899055
664687 882509
151884 344804
351879 452341
207688 714649
663988 783175
639215 759772
533533 904684
40148 716846
239376 512882
49284 362109
111151 763986
85633 635364
382984 641287
146773 300503
310474 344751
117257 557855
785220 826770
224965 899961
173836 318671
364041 590307
327091 801673
167054 508701
204140 957905
848329 986048
688635 758480
130383 605185
66315 313218
102195 859985
310863 623629
84614 730333
35212 696262
279104 701225
143522 163767
243950 655035
255606 304925
222150 389029
113521 279699
417182 810600
768591 904970
232956 761126
108869 501526
15192 242398
39443 807356
96154 835359
309923 698388
265828 581638
106290 614302
83060 658801
198256 456584
219486 261017
3880 650312
941210 995662
326404 941640
77334 294066
508844 619972
722659 752271
61471 612159
149378 639480
12356 580687
126382 610983
298276 875966
285256 500683
920333 976553
101409 867078
84547 545051
529549 950644
337125 656977
131996 784638
345450 561898
264366 950596
528687 657286
154382 211917
267003 946864
40615 309658
198384 430119
418571 956438
64702 144837
175401 536134
565843 864490
112115 204536
40076 106110
654421 899491
548518 776224
75364 442406
738544 821307
25404 411217
607421 763834
21923 545691
231428 251728
750025 905036
187526 646364
338726 565339
196019 708622
43813 89144
151487 996484
547004 684902
515212 698217
160137 175094
653356 908382
352925 973525
331189 676778
91675 141788
274811 427918
728026 915937
170121 822135
365927 838329
147652 208896
17219 974175
288256 753418
144098 875712
687532 764484
55069 165116
71732 786389
2849 119387
51323 444553
53002 783343
124634 234323
731847 731874
547536 767220
226134 413914
227592 734795
557661 898883
186702 322002
196364 530570
250365 413603
746855 974049
315232 481660
174831 951762
687726 925502
34556 461987
477008 778337
453616 592125
338980 983722
127603 269648
163525 668101
113446 506899
57446 196493
46148 652338
657441 736577
328176 867907
768421 786809
534991 610730
233626 505462
780567 820101
329641 552118
492321 513643
203636 689620
168610 284333
456924 778117
425267 910865
199594 787463
65107 529886
502815 710052
315521 783553
340517 986414
79800 950812
420900 767840
179060 542524
156082 232716
58488 944373
312444 495455
242233 668451
311276 647656
108441 403898
266832 840824
317599 563263
195031 690838
400716 884867
266604 341395
173137 233265
549749 771147
70804 629858
566559 917965
60062 194718
21765 485562
949815 965496
24915 982429
548134 820668
97099 657540
694014 980653
610818 881072
525813 643675
419105 770832
542815 607054
343509 998287
459289 506290
614534 645602
285753 378005
257813 669231
121472 864749
145042 712301
322410 580929
206279 384254
323230 942779
121026 972837
319364 805250
657091 817723
466604 599396
165306 488728
170163 927891
246507 628021
38340 471963
691103 996036
312353 883123
280116 914109
209063 246098
191899 910101
132362 444547
448430 770666
651827 944503
311491 312288
319460 747968
648302 896759
58106 497996
302456 687714
95312 836018
5672 238311
575563 756269
93511 622124
579981 720728
628824 666156
174802 483117
615902 665108
140500 547434
896486 927741
42042 931769
817995 999396
470637 517851
196472 756427
74721 87185
153260 955786
185550 726785
403909 433195
427027 428337
438771 495359
262650 643895
194988 583357
346169 694024
240259 285621
405120 897333
69004 570607
44764 921866
44108 646696
804706 988809
42391 535857
258749 580517
370655 952975
301932 340532
196709 966473
45973 971314
176202 334973
204611 538107
540566 622964
22313 765856
727817 869280
868663 985724
658185 837549
227954 771550
440802 567724
670883 844853
116754 933607
7672 166901
31479 984271
468920 946727
286838 986720
141445 241419
452495 533464
765673 836769
200485 293849
357071 844807
172731 806467
680952 755481
76765 158393
59984 257893
3661 86018
143325 645976
129314 905959
565750 892884
491232 574495
590679 760475
83866 879915
497380 536059
409143 944672
169701 857941
249972 458619
235767 379859
310641 776939
161034 516993
342020 584410
904551 948081
301055 928592
111674 238721
285743 567079
642264 811813
50655 160624
785569 917850
444404 916501
134359 483000
134932 381261
296012 905065
64914 581792
645914 662150
617383 645028
548950 928506
80725 661048
708653 779587
354337 426076
341970 950554
58205 691181
219173 493589
58599 133892
120713 858226
200877 833837
242942 640897
440747 575064
442385 820685
457399 613484
800754 814986
566598 587459
149092 532712
525497 689765
183565 302702
311001 681138
244243 865769
390141 826944
562007 668511
99509 202306
166291 418088
101975 899975
484519 997382
469217 611927
87383 165193
81643 927585
323457 677608
212989 733338
66133 748183
31924 281833
393970 533287
17625 660222
603413 922239
298842 882659
107001 421471
434660 660646
131790 618182
58407 184906
54553 645635
794385 926602
414028 433520
10717 86586
445158 558023
545733 844107
362600 867028
438841 613662
6249 532899
143357 996605
228679 808108
282349 686355
314005 537704
423072 888690
665116 703235
78401 979196
20766 281703
128475 516364
197045 346658
495151 850470
601698 973353
229058 591943
183523 238894
14983 833318
198992 306865
486441 691889
57256 334591
209475 868444
656959 988507
268287 720009
617560 665074
405323 695933
79646 481170
807948 875571
61823 768748
813767 900844
144282 737041
90658 347649
459659 817325
511044 737582
334401 422437
74925 361266
623055 987814
263722 837897
279311 637050
387374 789935
654247 812295
593676 690653
708420 845557
424962 450144
273465 452727
174288 537172
181025 608636
611470 715891
389468 888753
166833 757006
862644 871561
410320 687278
18610 371625
38799 396002
443120 466465
774739 930507
744982 903142
218025 553960
551160 936103
66492 412456
306797 455259
75151 335024
467567 686886
354137 425593
432097 488367
620614 767681
666977 761041
142981 520260
235688 997506
981227 992849
606575 825477
550501 665293
194781 746343
496217 500488
58185 250202
351970 742052
760640 794005
143706 996209
42500 146175
58204 849825
16382 863965
5016 279393
334147 572111
642720 686269
297070 657447
91141 982137
207915 538498
238599 484511
121105 819691
390024 770828
185568 417088
629091 670514
400602 730810
258141 867221
164286 919410
556762 605801
2431 939970
431122 623738
199391 537955
203586 320655
11029 871566
110413 841935
404118 748844
237662 708458
22073 294191
260995 585072
162698 799825
731028 756097
451475 950484
326168 960743
552744 710022
885043 911037
371661 402353
609276 763508
13795 347324
353278 814805
435062 694514
647602 968238
299438 690071
84988 481540
647457 720191
235663 776700
427340 456600
743202 945555
815696 876739
894677 916813
396672 779614
455871 715115
115740 707005
173980 409140
93472 343467
1511 391333
571145 710308
14446 697359
196930 768456
69451 528181
855533 968483
26642 489175
257506 283315
592297 998040
556206 974730
502782 975487
234730 960303
436008 603289
715133 973814
140174 146351
446716 760851
157894 773291
210333 844295
170111 758595
151124 248578
85582 455001
216203 541063
359424 802854
29320 256971
640055 727401
571605 867414
515056 728615
634403 920526
349978 957255
631954 737713
39090 993961
14823 778967
534449 805790
499442 724793
252908 619234
244906 868472
688638 689392
243851 300091
349665 712174
869732 884022
122464 918804
277925 728557
76656 651996
646388 761153
303149 922211
267837 750511
357797 761624
8705 889391
512873 696911
343748 548136
220642 667995
111671 939203
322146 605752
57979 958955
127209 481299
472845 893050
824740 983892
298261 974883
720 4119
109081 647945
380630 460661
56407 582044
204214 962847
52203 69949
713354 953260
389505 709739
221747 446428
213541 981767
182930 547735
623918 803510
140668 620174
314648 869166
80844 105257
141938 553603
239639 443392
242546 278852
68256 698021
105866 112315
401809 620802
167754 611332
482802 540168
58952 817711
142177 402805
35819 430099
109472 143047
298504 715175
55809 348369
332965 468873
311969 328130
259293 438445
437865 534134
199241 970906
845379 905497
879843 984207
746876 835665
398529 584486
187377 448330
551160 989992
164798 647717
816159 975467
271444 409615
171804 350855
246083 484626
298980 527076
355591 804887
740686 836590
394290 588406
433300 493695
411945 449209
173037 468010
452311 675206
131141 860921
158489 852221
380909 381465
398877 950529
650429 670431
420888 791905
27173 906322
265281 965859
60857 839260
368415 704380
308636 877070
699990 821156
4128 630311
231169 514132
98127 113147
273405 354610
165946 395009
837818 862917
519150 713051
368379 634092
78803 379446
282391 400216
206644 587550
82142 341039
693642 739639
428013 471525
40818 42875
151495 209742
261307 942209
72920 693154
611175 745485
507103 884259
648126 657374
101772 468446
146049 501111
86913 984420
561244 947222
688960 977188
391473 803462
427134 615084
597982 979795
177473 861372
42443 457891
462638 644882
73605 626202
210525 359115
597871 735094
645416 881388
334350 867285
604363 781033
14394 981888
673289 736477
610024 706194
414087 672547
353840 478559
680079 902454
67465 371089
568692 790654
170938 684548
166982 641647
368477 958198
152225 866943
754320 764831
32183 806617
250749 932382
697025 920186
14592 955581
199508 747618
204000 278753
24067 759740
623417 805093
342496 962767
596347 863773
534328 800360
1277 466115
11028 666209
153646 160540
391362 635349
543642 996679
286240 558049
762786 929940
136061 333569
59678 228048
24855 238563
91250 960790
580067 738112
532308 941041
854860 885613
103884 406185
221336 286440
142800 542903
785478 900360
817407 882074
488430 990011
330736 512049
819821 832672
681088 785404
209888 983112
48160 83263
242973 462295
22043 352971
460652 989969
547567 629332
845373 997661
763666 907712
329900 954349
65767 838927
188279 430651
890729 999870
481083 944002
514801 604252
759593 911438
16445 458864
431090 627206
6429 668104
122700 662664
365165 738328
11010 262848
426728 984443
119725 208418
142892 377915
330936 577030
227801 503153
562532 766647
449119 823021
7731 594312
183184 225142
253643 844776
663608 769956
454553 968223
306503 641989
436713 773357
257408 600157
90685 279953
255068 809328
706137 831533
223365 452193
228392 817424
72229 618566
448807 923491
563499 985595
385274 777712
299704 834058
944943 946572
878835 975277
459063 907202
452079 695799
438782 922655
114586 119839
885161 959516
605410 940780
368764 472609
754389 935652
700958 920041
472905 955966
26028 31056
139808 773505
309855 559530
672942 766541
468808 854930
164229 486034
359214 380934
835332 881481
395751 410400
3094 382236
1863 920744
64599 950898
814807 910540
774584 859356
126594 662363
524047 680918
228418 794159
68989 462108
225247 280324
207435 845989
209694 398398
123729 616098
249291 581822
379043 791383
106060 124685
630963 792475
140216 577116
789660 913738
3201 36500
41388 75569
190001 851403
116832 302637
94665 140127
288495 521524
72544 865909
282119 647251
108559 791780
398598 762448
19256 423612
43137 745361
204596 979540
173918 223932
643831 878987
158965 317085
345652 709396
321966 379769
141310 165577
224787 809746
359396 931443
501317 992873
557397 637853
11102 806344
57481 233170
135513 837346
23017 821253
263515 485940
162361 404542
459023 712878
22620 68514
165228 659848
21728 313811
26029 249033
591320 638256
376887 488860
33729 222214
280134 576743
271643 497432
10984 77742
574029 579197
308148 432957
454180 969390
54252 901588
294391 779014
423845 935134
715458 734131
769940 935296
347578 418692
892945 901728
273816 740261
60470 266406
108800 869395
97646 151629
115611 217637
120865 926349
521269 605866
508412 893804
912040 994598
127784 203698
457698 545994
129690 550899
68754 652982
511999 542204
99538 624475
99702 237771
675353 827808
362378 635184
164070 262273
460291 979009
103024 497082
761997 835868
811668 968769
300038 322570
463303 548431
469321 511819
319656 979591
300726 762049
64973 516381
339893 540168
77326 493228
466436 713222
309285 518410
427025 472883
118746 420420
309745 896420
166753 919650
40706 621958
439331 692474
101037 752885
94826 321343
65356 175671
791714 867349
120577 923996
940984 962745
244047 662263
302506 931967
83156 517541
343143 682672
447195 827591
349433 508956
55702 94303
222239 632774
66210 66817
6088 80864
331358 596344
885822 974104
301044 842656
25643 697181
755833 827644
77247 324664
121140 482935
600436 805727
72513 727766
481267 838948
65469 374566
531875 648277
814890 937331
155492 176071
17818 737606
891725 897535
453142 664246
568406 712690
494053 873095
350115 835552
480757 885190
74422 779769
567402 851228
660306 856543
162069 248395
527979 834410
382179 703587
136275 607635
215163 630582
130148 206636
8956 192773
264432 680903
231785 380037
628630 868599
213825 735521
96279 276527
331361 523384
105725 624217
821065 976606
422024 673374
811154 856577
444323 686172
4808 677573
89737 105557
204140 591758
90179 773800
121493 361959
792202 913940
77908 371940
288611 778766
176896 614519
84627 312867
646108 660528
574895 702022
689896 990763
104684 373975
61209 420582
792135 880983
195854 440547
153009 420120
410366 447966
103108 402816
145867 332438
273371 344617
15778 45031
210363 334971
924599 980521
58429 167103
335027 404631
117194 128818
13164 665172
187605 645057
237057 876235
24454 942305
80960 998323
13301 799656
261101 602323
748389 817441
166896 639301
629074 900019
390942 932127
726552 780436
4537 685392
299825 711087
101936 496751
140110 600039
380489 947965
495206 622609
448287 649122
344219 361593
26065 487221
156090 323974
649 751453
123680 964868
93521 398669
493406 578445
783866 975527
65335 163516
180816 923736
649435 889896
740734 793419
238591 560125
357199 883485
289919 738896
305323 617170
342003 830786
588155 641076
472162 697993
515392 991231
664318 818417
209742 999249
183408 864812
360830 998300
177616 906091
484089 744859
41785 730702
23240 500939
15471 860025
175295 545022
497486 716552
223395 477805
180282 409924
181558 710353
556860 916492
609551 830847
527921 749702
61855 786864
128499 490064
46291 667462
186346 663938
219407 779584
245858 521158
571131 620120
124935 898187
287090 637010
686906 818093
374196 415067
619601 854189
431777 755083
247479 364694
105031 513621
91901 732411
542557 704506
92401 328337
142129 147783
360398 827795
704301 876424
97420 730374
262008 687812
643625 864939
263117 994234
320155 603883
166145 740352
721292 811463
537733 599707
282225 677620
502609 653005
796714 901672
634415 753779
868655 920183
262225 336362
432198 621806
58770 548321
371099 780008
25084 357022
217895 302245
792755 911229
391276 765422
149381 697582
395115 423647
528368 859998
52865 536390
17746 269935
160772 243706
29942 893067
165623 699015
297936 559761
452553 582100
151544 801708
271998 878665
46764 273094
222439 276361
6703 726871
702274 902027
90809 797698
489361 879687
130948 535546
273091 987338
42813 644691
35678 485303
255352 739098
544544 681833
799601 908654
293600 669026
469867 726476
229311 688943
677174 740309
648713 875282
478682 875270
609976 922592
340061 890891
580354 686200
6696 190102
252467 734570
105234 814875
321804 482329
633317 792054
289232 784885
643414 713030
463417 584612
217639 427993
803634 849271
547070 814817
825100 938051
5095 810900
282772 918227
15315 323545
88390 567677
25809 539408
250439 362832
99528 408782
583002 993783
57801 711178
758757 779843
80984 232488
168837 851869
438276 929299
475252 538089
316563 365913
223338 663839
561877 804349
800089 907047
285922 330412
187971 474394
131484 161457
601684 943796
332754 593350
438181 567988
382570 913204
33774 647659
326100 631235
43673 604957
329746 572505
192954 329226
3742 545523
259805 323827
91252 819796
85267 793377
137569 618212
668560 866272
54158 405144
184298 967814
712723 808749
333417 843598
257400 658509
601372 666775
391821 752486
766117 892900
459296 870971
263570 368964
792148 960001
520999 777109
307051 878088
136870 808517
272122 352134
664532 982963
295862 637756
385741 456254
273298 565320
154598 369687
460456 671037
17531 641815
701752 716596
612058 942950
783839 795471
564033 660593
278470 488553
666921 895189
187151 640111
645870 839816
570067 681382
182537 254873
787008 842911
670042 690676
657131 846667
278654 306462
196165 719216
549909 888177
11588 580003
116371 597675
263374 608946
243132 998500
610188 679045
166403 463086
968106 974150
145105 348504
81704 992258
288029 873034
609164 943403
444721 741312
271403 528519
550430 722829
97428 441611
911039 913900
209347 642607
49632 642088
228401 295632
253992 992746
479528 933622
71822 878275
704665 835430
360811 535626
69815 163489
28189 643451
114859 129841
52367 367538
366727 989738
129845 614967
200536 820703
34331 231980
426460 479675
87954 441451
707577 869063
337144 357170
163949 628584
619444 641304
396687 675686
151108 963767
679328 743713
193461 647976
135894 898639
103875 417400
243367 395595
15795 885336
965095 993186
36177 802726
275217 987487
20848 706577
605683 802967
748404 872748
313242 445698
726476 941838
35683 58637
722057 790483
545437 594648
446447 627775
520951 904612
175572 804688
20934 178785
268147 955986
303029 759907
140266 188988
604090 916496
156732 961131
317632 666484
105764 864765
253318 669200
797951 920342
755670 858838
835027 984434
352146 871178
15129 423103
320377 888825
175133 625313
716964 972316
280648 761049
165332 769426
100935 447279
413749 626128
157509 423117
898905 971204
313575 713768
169758 393842
350516 901575
18942 925234
312348 965873
754855 814421
387634 675269
115287 568605
219972 271038
92154 379625
129770 130978
112909 729135
517468 831184
553856 776144
510126 668519
606318 985676
60139 569326
137700 944732
811611 907055
294883 538823
79173 311988
33169 617191
117792 485567
146749 618052
34225 35867
707325 998602
148925 281029
664753 802517
752089 987009
376915 658492
602650 803082
586663 668438
513043 690244
129689 256164
11009 490285
54722 503008
689777 896571
361433 947379
298728 654068
256404 705752
706565 892508
95228 714420
130728 506862
519091 817578
416687 823621
47168 426052
36059 887066
143607 381577
779646 896387
428663 943846
716254 921971
105331 251388
201555 933537
384668 814411
589544 662839
34554 814548
668077 816827
57262 198844
386993 393543
442296 873363
320541 474169
530746 778393
172300 692974
242718 786012
184464 556897
29469 691992
431213 989976
875911 896929
102080 660335
265267 389712
464588 700332
80421 288748
84573 614236
429003 900218
111535 269639
481094 633115
8130 631133
252578 411880
595627 762286
721956 808697
705064 992806
201709 630173
852974 999756
73237 902300
770653 770945
115019 608627
562955 892545
243174 624610
502117 936195
316663 531530
563190 915607
872983 947915
718375 730408
611236 905130
897204 952397
69954 523959
582010 723597
15426 459830
787483 967477
220697 558852
184611 488460
693039 760741
142203 365008
899641 942688
180359 335314
152257 227294
210846 827780
82292 775325
109779 242141
70966 928480
237278 296874
51174 171266
601328 614740
265073 653357
743625 882018
107197 358802
547506 810720
179420 934055
352048 554372
3653 966363
222430 627458
359208 562392
671200 809242
542699 809865
465587 537880
246157 258083
254128 940685
159881 301059
328370 673403
447020 694033
153597 816772
444171 783872
67396 566481
132993 394076
25902 753755
239861 414925
258622 337094
339879 752331
554570 673521
150844 163148
828336 994586
99840 456445
94689 264599
338959 612371
309518 341432
437730 496848
771519 852848
111494 464884
731812 922196
137594 312832
428178 910988
72044 449368
389917 750444
528242 814109
740415 767577
48840 559646
802523 826502
291644 909904
55013 255771
323143 628174
791123 850034
155652 744265
408869 630514
286269 583945
127706 592371
54005 529877
294384 974780
287154 875272
381703 844967
625234 866569
393623 413581
512479 837475
283141 322627
370998 582141
225062 454394
435509 690183
259350 385004
211248 411954
744861 877762
359908 614464
259876 829971
619055 858163
328658 405833
567165 848437
96266 155444
162201 658578
786183 813940
361750 711368
915 502614
79595 545684
145769 148536
79123 746454
409682 806940
206089 746331
374844 505014
265823 565471
570482 619355
187732 398035
361064 544230
167785 971463
408281 962292
577048 761437
40768 123577
97504 619732
389452 730214
77430 374728
8294 649897
621670 699593
14588 150855
623959 691798
2133 751196
516218 682273
138723 588281
334642 647462
242889 285414
498845 561693
928939 999811
229039 435994
186001 353688
202677 747853
117182 693221
515457 987932
569118 791941
56143 901075
328337 523701
240865 761742
550364 775509
261899 725652
378840 665721
1576 215318
317591 828544
489312 847250
96762 273766
313035 928178
711186 976224
438572 446672
680012 893675
215354 363262
378343 710981
421985 703143
14546 141025
763005 965009
261040 894439
12582 367468
157033 684898
306383 623978
363356 972343
212031 438682
225766 561639
292013 381538
85169 799562
190792 214836
58701 330276
541589 910351
295110 301552
88485 199115
431960 542968
366503 854253
751921 834892
369350 754767
353548 592244
121655 138082
425568 690936
53981 73334
252047 695342
93824 949985
911458 940122
9630 383601
273718 978631
233233 619706
579619 659640
615338 813404
635395 730708
61029 653051
628550 641814
117534 552898
146650 314372
76582 304298
254163 973844
298849 921572
720023 928707
264330 721035
323445 922285
698343 762594
202823 756727
223936 803384
247477 793931
623664 946231
87472 884425
37996 646993
364856 409769
326463 757784
506128 960252
728905 832199
551325 660418
197556 340339
255835 968449
217750 884169
38406 503526
166525 494165
286518 978252
156196 755762
543681 895956
379834 708789
265378 421598
19276 670900
505431 722320
391358 625483
397678 557940
303165 656435
594998 979615
304727 801868
151893 949389
307791 329629
281338 765182
147859 831010
137824 671885
92228 345685
156326 306029
458158 659235
98335 737648
303896 430274
119175 197468
350219 627085
23191 129565
95925 681768
322351 954173
552384 929562
538440 982537
558173 946225
54958 526334
365696 721429
83856 207900
56414 301726
2198 760649
54850 621304
149927 856325
187347 577442
279591 952662
729012 885940
107986 992531
145026 754721
523749 965870
602311 975539
29118 939137
220245 560872
509657 542056
390717 475486
443394 929315
377106 417006
675298 911792
144399 249100
149998 997509
214274 587963
323811 975560
27815 721218
919740 963383
162498 742386
136987 967217
193429 671353
417552 770883
287223 507110
147432 679428
586646 915529
480913 721794
368368 601138
77069 125936
553114 919120
715195 781350
311299 643355
46645 999151
542335 858761
149116 760434
83057 122239
83066 310034
126221 742024
568777 969416
105094 643308
286528 686854
417132 929920
606143 985420
396961 857805
73368 825912
404047 677534
190416 491743
701321 841258
766203 891440
143471 396910
348684 477588
714628 928354
40233 865312
320118 568102
255088 741787
193934 324640
263687 369976
164522 740394
488904 994138
375832 907952
444820 723088
486027 505880
558982 780801
183682 975425
51426 845715
174971 310561
222055 814673
433285 920617
350815 402207
392691 865751
434902 979179
654090 811158
266009 787044
563994 661407
341986 681887
397109 984566
478833 528724
280314 877783
310116 313959
598832 898565
422143 855008
520191 864129
283679 579495
41638 998425
269102 291542
533372 939748
744166 805608
155242 340783
256592 470553
136891 991150
160787 793621
820297 948464
158247 221903
204378 687756
370512 561630
162717 749890
620085 662030
269806 340778
44487 902220
134009 491412
107045 529463
590383 898664
575191 616237
312702 396176
342565 653927
351631 539357
648122 836722
348796 463070
551468 889441
351261 367536
251562 324276
271691 396604
498723 507232
596694 954296
690741 729039
818957 836236
578605 891243
69876 475305
164406 666047
212798 393303
755984 760721
135754 220608
217485 904787
259452 276011
300790 373632
584107 883831
103723 937210
216152 732119
496481 848917
923900 947625
390748 885384
41095 171481
227298 986776
190737 600027
389611 804867
437960 611698
181673 760273
220663 881752
157189 779478
487220 888625
321103 453367
568505 743307
659446 853787
179521 335929
265618 701281
80533 554267
327133 525937
120920 314676
436225 922084
32517 220109
322964 830883
648263 865594
16792 990970
37812 435319
89215 212440
295271 470987
419001 757278
542688 838225
386563 859931
180231 863339
793729 889125
28502 733738
314752 915897
469702 833597
373225 606858
297134 578433
190012 676868
609285 927285
37882 770051
477551 844560
395597 454320
330797 975961
55040 274488
123909 168727
111704 643509
307965 638441
41513 588435
37441 703367
764615 840789
570998 597280
298533 355501
955002 988628
877357 931073
197280 393120
185391 786449
533274 876702
83088 86729
560397 740396
334515 964637
174601 582594
21802 72272
218156 494654
260143 957001
104951 291495
609992 863324
731523 851506
145856 662467
582040 645434
491464 588843
637423 958390
401034 919304
834607 964301
123703 189390
43122 174559
385716 999721
373892 695817
116705 641053
288699 992002
22962 757355
651427 812313
681906 772902
204099 547696
576994 640476
751830 978627
612290 766413
145896 288748
553480 975466
208631 919215
370870 564179
169853 671802
989560 995495
212523 816656
30383 110904
137364 239713
531420 950455
562844 850293
221695 643403
684271 746527
38082 369437
300831 874758
46446 777712
354624 655424
18404 909998
492739 993608
340726 506758
189530 688637
406964 755786
94819 100844
99362 495508
340892 676540
241937 614135
128288 188010
80539 148475
738397 821741
355913 812405
74779 484629
52715 299441
202186 465127
350580 652704
105235 941125
22096 396882
686373 745116
654097 989248
674099 934451
56637 679136
288628 661822
1270 931917
269922 585761
638559 792565
352518 778036
499057 709364
391472 663027
380487 878953
107943 954624
76878 891505
153479 843152
25025 925696
699221 947097
712503 913275
110478 339455
400823 876972
378489 678015
820895 896264
340765 501594
105027 111828
147644 722897
909353 923341
315317 940343
462770 926132
840837 933681
423832 796665
708151 844252
189977 364521
100708 411276
381123 572358
727369 736998
263816 441850
798435 977219
696195 864222
304887 439847
35656 580442
857419 962494
563746 665710
46505 773247
228351 365174
132709 626474
201576 372323
624200 876668
122092 533205
193738 567634
60024 860451
92322 724550
386080 750987
12623 770323
237336 266208
335260 854508
609537 896877
613999 964752
469676 682208
398884 906688
5925 968633
410193 825350
758578 987065
43398 709601
401652 984404
493150 689424
262310 904659
13393 448001
196086 464776
398677 716705
37673 686141
83313 330492
15511 461869
357639 524203
137625 573290
707934 774765
387542 619123
120204 825489
666788 881385
282690 567471
797829 855409
26735 608111
130047 131732
290295 785582
376816 521200
6088 872912
267707 675825
685225 910627
87101 977973
810103 875722
504709 605373
362011 748291
60412 655186
593993 952163
286175 746633
305551 839067
769670 848921
401858 887188
325795 497066
15359 538598
88400 138543
271207 349421
4012 283644
278349 533418
566971 920573
481052 765649
130604 727014
322178 866595
724727 933516
713535 891512
109194 654737
722005 904079
141129 201569
342200 439398
58092 762948
234121 837229
220395 231504
784619 933473
61108 462773
440775 964530
481970 776203
953451 998789
428654 982310
141497 626771
376545 547768
374892 803389
251630 407532
91187 294065
368156 751112
718963 798281
19482 259780
203829 576238
862181 901581
234114 754808
142072 700672
530480 753174
44786 609370
42497 695407
631632 930069
692116 739225
359650 617917
447586 502474
963126 988575
298099 786855
225501 652149
418592 624908
469880 606044
115089 857262
108162 388100
31985 974886
277132 955566
622023 959665
581735 805539
538966 821218
328292 960421
549105 766197
41956 952026
107132 401106
448759 661382
233140 549730
285505 635911
468530 755795
428986 760923
433422 813098
227716 467214
72934 915486
712439 991026
865045 996533
74278 801575
423234 652246
347407 464920
59601 835645
167832 227574
487047 867889
106356 992922
113943 408454
453024 603521
193392 812644
533694 915556
487098 904319
334586 930886
67290 587964
97321 740672
45082 903062
86792 547890
278572 396425
515549 790005
546983 732956
390458 439056
272055 911975
917923 935029
304740 401657
798728 873078
786955 958324
201154 677478
165837 708626
294726 818737
347579 416741
402959 789738
625925 750060
627258 829417
650218 688418
53954 135399
869141 900707
698034 766389
578068 916264
107052 264242
483431 546796
291727 299730
394779 816612
59459 187686
572733 682604
562374 772591
587748 957745
274971 772459
223217 717141
417251 808628
174971 977620
30172 146954
247901 818420
815220 905503
561770 974765
510084 731382
41532 72350
148268 241131
179028 286351
277663 716699
117845 935697
113696 403729
47537 989548
271785 536022
615497 936450
429324 885666
66629 597770
860225 865660
35471 702441
636328 954817
258597 910028
218550 398318
486308 912933
752229 914322
336923 702701
441356 753231
525656 842120
195985 898270
100427 546875
197254 850946
42410 644183
203438 658265
84676 608306
97788 685681
109655 132549
321436 525771
429237 909267
209425 768840
559974 735820
598775 614532
694742 821467
25501 776153
880318 927946
306774 715194
175665 406967
347740 550178
358889 621026
755522 980377
3464 593397
179585 652372
46467 308833
339422 422456
558073 864671
116126 407176
489682 894140
262587 389880
27193 344244
800156 852884
971210 999669
32017 578226
555461 716671
196687 352705
854714 959501
644754 909165
287811 906111
721620 902198
774331 895304
132036 751710
527053 966929
410287 605600
889403 972010
196883 807690
33296 702840
634540 742234
629387 977884
684083 839215
281776 583189
667303 827946
177308 239299
67812 223141
522304 705297
214641 302262
448038 663721
105494 779232
481113 489542
63477 413176
146516 752016
128307 534987
5167 937613
261973 912233
110978 865498
797425 822191
353770 747660
709069 777946
65589 414182
875464 931843
99923 390679
516818 547222
502104 524297
837024 910173
40368 328214
342512 392315
99393 396475
137266 514730
352079 901868
73588 169359
315117 871615
173351 224751
282590 309232
141981 952338
909963 974663
227074 893455
230127 543541
561874 603368
378555 574321
10427 565972
168059 618905
140165 640209
175341 889063
563153 728024
303514 698901
312669 834700
182293 787954
865606 943635
52160 325102
32413 179492
778595 796285
427904 968131
503323 658721
261278 856797
18467 543630
136503 757463
637125 728259
102324 877290
362486 466858
41449 949353
282707 729187
161961 778974
101127 412728
47051 200109
385984 415173
256791 756757
279523 431970
40997 825723
287236 490796
606685 728906
102441 358736
491721 651569
570272 577587
434149 563841
3334 18409
175321 670662
507729 898748
399998 683350
245604 300501
685127 721097
567865 811582
68824 535264
208406 890000
368150 611071
61770 899950
286580 598250
39457 551308
256712 693703
316294 997029
801881 860433
112983 836833
267238 752610
153712 403124
279086 944751
23369 141200
582593 845505
390873 883939
92236 923356
316457 753781
181611 303018
197102 506108
651984 949336
425630 618366
609660 848409
41927 101693
198786 310073
363996 758351
40304 345781
206322 338791
55752 300006
562144 724886
5991 541390
388488 481320
714724 909560
303901 597930
111535 387500
294039 943936
26980 552839
857046 928768
288167 536188
284845 983854
113781 611533
585106 705974
118054 304765
109547 763179
603888 737808
873874 908887
399038 882715
193815 307217
11769 167151
306158 668516
663100 673219
601290 938703
861521 964915
465967 508818
250128 995924
394582 547000
73062 596708
538595 857222
204017 749382
214574 359401
897362 952477
259496 655722
545867 606956
121166 725055
566191 582248
492539 533255
652006 809503
473228 741095
63164 867891
329682 648333
788384 945267
239573 715326
265155 376579
351157 372346
69983 761319
678722 709813
82321 658895
693584 792914
469465 871688
252131 760069
323257 688448
317832 996771
18144 900090
493403 653206
485834 675451
239436 315341
105992 142118
487250 693066
601718 698500
371485 773467
626574 656856
702893 787906
877701 887567
722386 747318
182811 758790
327289 784180
478699 500302
419039 843929
475613 965717
358462 814987
264761 290570
924763 990077
466725 825010
55836 86028
168836 662434
6925 759853
92060 403692
547633 852895
432248 764161
202068 967167
614924 868284
798360 953840
485619 716346
79467 258546
411988 522932
554460 875460
727701 742181
376727 601115
852268 913287
427846 788866
568833 698263
728289 883998
761228 951958
250993 824836
310895 912181
215737 526145
541107 595547
154489 744350
99576 168572
290566 452850
557261 576473
466950 830171
183482 534509
61324 329487
640506 826636
72565 647052
929 80097
188127 930229
113524 986429
198835 687194
508546 892062
43155 849588
104048 805039
558611 771372
491074 977776
770530 776670
19925 899924
739810 865917
135320 286286
301792 405725
208426 755555
119313 997733
382829 409240
10174 442231
590369 725265
316590 772861
331011 866918
40929 295231
520127 732364
172436 569837
472210 722656
51935 774320
480859 562155
266840 708906
101980 284981
43089 987591
862754 967539
290749 309731
382882 918444
534077 585559
13955 265532
317023 796752
35893 638738
196238 783409
266229 719437
390737 663398
338073 742521
438218 618904
777161 853658
247930 848958
443201 893663
356041 675586
6054 591487
217561 393477
109449 293064
430758 441055
212367 554918
178793 185879
716805 784837
296071 490803
72492 757531
30605 60906
142085 345996
166977 389356
53094 657349
187625 554364
571883 862240
388837 780335
175189 911761
596582 813918
896200 903489
711450 912210
13194 81932
258402 636213
191900 353829
325376 610332
469191 535423
374948 629000
163780 944372
61656 134304
422001 708694
175641 526876
729295 730561
369529 734001
271288 650810
24545 463793
572050 922090
166096 409314
530373 917945
91316 849355
546223 863211
431436 928751
254957 289505
209058 821423
47800 857177
296692 716766
410031 907042
447420 805287
277826 396355
673500 750059
485817 855870
15346 584049
255792 559436
15232 526401
309623 580800
565844 567654
738640 941878
82166 271260
495764 663507
151267 590935
143452 231464
904346 917841
16425 775574
479258 937989
639489 806657
115029 694441
124121 200062
273141 432994
259173 897587
91 332020
174758 704376
131859 283283
279869 653550
130384 578741
761288 950894
484128 551101
72920 730829
113024 885620
299957 440322
131539 284038
339777 358426
379167 958301
216556 416145
47603 73985
844698 945445
228066 276762
91926 651308
13758 987401
177822 804680
463931 598478
336358 919463
638415 837746
170128 190130
57485 536944
24041 160060
845369 972413
50219 478324
67527 201388
152957 957833
410085 893981
136601 164500
373097 731499
513126 782861
177670 234860
502054 587568
269798 743399
24105 388445
35147 495347
404664 636097
413631 520915
937556 957516
217702 412596
355567 906326
510067 929565
503859 747380
745311 905654
853327 900131
299605 802863
269067 318084
81178 443096
857609 915507
700626 883235
460372 970068
503254 899157
285707 291917
39256 482982
694066 859527
391827 754794
461634 997618
467928 769738
431473 776918
801962 932857
76424 990359
290503 732882
399840 911631
814702 944212
670902 886935
120837 318163
797043 876589
208791 648239
455809 703773
353662 858918
46371 754569
89165 355810
507419 593398
387697 731108
363045 876101
322190 535115
159417 351212
379561 572088
147630 461511
292038 891209
559444 610882
127724 371424
133387 941937
21871 274201
88546 245715
57940 725536
530264 944697
111751 336647
321465 559100
920345 941247
311043 487036
44077 173517
271651 665572
511537 984769
141247 663893
314378 725636
107330 687348
240114 494960
209982 295701
354226 600689
635097 884754
296336 455546
88815 383664
244095 603496
281412 905536
331493 473257
879037 979833
39925 647742
455839 926234
570887 627360
6549 896296
303206 901555
31603 139187
403186 497574
495079 762916
212086 466650
98794 259279
228189 892603
395536 548512
217462 792810
773183 998848
82773 535071
272793 299438
10094 573633
189492 299341
210461 279333
298348 693745
228457 261716
488365 796274
411714 812115
32181 467750
224453 527525
488133 920450
31750 938115
479243 883536
660903 868873
286523 612958
578149 966966
687777 878250
124996 679493
265681 782710
203975 538245
709266 760814
55712 894736
351314 425794
544292 664665
173606 419178
435387 761832
21584 863274
283101 509832
673326 939740
236604 759998
278225 790509
118083 888323
542896 989343
241149 538408
6873 787125
365281 658721
98224 857239
333847 978995
66807 331916
285897 662184
725473 774383
127293 999480
28396 578398
397429 894549
24665 111172
5053 614580
21075 913155
144329 759244
544 717772
92018 461175
67379 129286
119336 384117
526240 763562
454388 954787
161831 373366
57806 857906
138204 439439
513926 845862
696577 821678
125917 961942
80646 93679
119511 608005
537650 995697
191690 572206
682039 817701
708188 991040
30034 413787
201735 203639
339774 664472
160047 163161
45449 616327
488110 865866
290002 473057
306208 361218
477481 801191
369583 716120
236967 285751
237861 645812
7103 39842
241767 855175
237251 376519
265163 907014
532958 936346
68970 259687
442390 955412
62169 141501
582760 960789
636746 849572
239667 598826
279940 304523
9810 658601
783814 897036
90114 846004
765046 836667
254476 675924
150674 408558
715262 915102
47487 754925
8490 693340
335094 879656
405097 882842
373020 493587
14557 685073
415136 779195
452011 830389
213093 807805
255050 458043
135858 504771
250563 600592
279387 447099
406101 567358
165875 790753
479114 610226
189613 372547
688719 843569
104471 753427
488181 740847
558576 966893
873931 876522
137911 863208
69111 241437
378401 926065
60870 347764
119971 197290
329829 886412
381218 883608
338982 977156
80071 634709
429844 584241
309449 853617
437110 666843
168453 682082
407507 612928
447925 548381
288792 620205
386203 715626
284491 399584
276821 453368
287282 716504
449206 856503
399703 946208
167425 610090
301080 535781
74774 903592
324865 358283
246170 276390
214737 968434
422412 707417
113196 851501
59750 415199
17877 264840
496547 892205
107028 777673
9639 563906
564204 758887
202313 221354
67306 621699
388118 834027
534842 629585
550011 675959
427027 683621
241990 358269
3970 434875
277009 476805
592395 772874
126233 546415
363775 680050
402313 402964
360798 509468
66626 263211
525580 623467
476503 790628
642876 982031
642769 677788
37433 850764
37722 908980
162338 667998
169735 834039
473347 513753
159430 706415
112974 544432
420636 967455
665668 823404
846603 886860
199932 552727
8982 287477
873408 981276
250699 308035
295590 358297
173250 181920
163835 873379
334146 898997
25646 343873
677610 918981
287878 855132
238978 709775
476718 726312
286318 314179
221090 668625
264750 450253
241746 775058
35010 579083
698971 918732
267196 585522
80604 577923
46144 905019
636934 974174
426716 840102
609244 824261
368194 696892
228288 931906
51620 65549
403916 700033
865954 942655
599324 955172
259252 556781
399852 466111
260848 996023
388347 887317
300885 668292
186797 500224
274995 930282
567194 777070
498975 578637
268396 420481
4582 483781
282542 942518
430880 677846
297188 368726
333085 916125
427950 595292
732765 955955
441676 727871
220380 556084
213726 463229
42261 574393
377056 706533
571967 743435
930131 956913
143408 790173
20305 909622
22778 603210
737850 918223
352456 842833
575096 928251
462328 659010
174511 485449
284241 844688
307344 542990
262731 321746
317498 773758
578036 578309
32479 369861
361894 913937
194336 418881
49032 79528
661496 963936
57246 809299
85408 397115
494574 846680
80422 491321
479223 610454
69245 331782
357842 379380
8908 42178
427417 741931
725715 757799
113641 459476
195420 831896
715832 870034
505490 514367
445210 731539
280493 738230
286321 998209
377185 534075
630175 733849
755664 986260
418289 888104
135522 267225
135800 782235
88128 322206
519000 594957
7879 954076
196664 898816
631618 666360
742951 755561
341469 590505
448868 981510
3807 717049
84828 113777
203920 233720
279618 313683
435709 798669
90227 362409
579549 959854
53428 790972
325886 612837
56255 792703
410736 762691
32379 211807
336172 814294
834988 912089
227622 321139
19890 486555
50344 95198
723409 935138
247172 912454
532966 664577
242172 751754
555651 839655
467473 915294
349744 761688
818282 830448
713156 807231
479010 783893
173998 874113
295942 779580
188358 354440
496785 529611
255721 409837
42506 519033
800698 969985
231014 747106
339137 819581
137350 520909
876754 998311
687914 842750
165906 656703
111219 821704
257884 963424
39262 202490
387671 772277
245650 876825
841978 859855
276517 362969
359237 550222
174562 625406
495187 971282
53155 744715
581215 745096
154116 215198
269957 459245
235653 623648
185992 756834
381916 618984
344678 478169
605355 740196
524008 760532
717174 914150
430265 582373
42284 70179
8545 316439
721004 944979
71882 172243
55783 71664
55743 90202
498279 698990
920642 953182
365118 824841
412539 517617
161582 327637
67794 608211
307012 586537
47621 841878
33675 359011
723745 837094
177733 243958
492123 703722
396805 539049
46996 500117
2411 757052
9293 868208
783992 934290
341373 467269
119634 280630
672237 774047
41803 432643
380473 823856
527351 617196
312656 515645
156877 832235
22561 109638
332424 803296
80432 586368
290129 464867
411137 728315
536359 979752
39519 197608
133743 143741
43468 885112
173082 481685
3639 794105
628202 858226
663882 838569
321955 811014
235272 898883
400280 548118
374402 998296
56957 213149
123143 361952
856361 914115
289020 526568
191533 746898
592107 846514
683783 781959
46292 655987
343708 738355
99015 771446
648574 963114
416595 850451
431879 495280
43008 397513
754619 755247
457453 760788
814178 950481
661772 746919
24100 634103
257053 353377
602963 694979
371174 595620
353492 857096
337139 971866
263486 681785
594722 921824
66307 154256
505746 521358
21647 434627
226165 478109
422921 871167
364507 868230
69534 314874
281897 423286
112909 727688
595083 937833
296637 311212
77490 327669
960 152005
110569 144853
163777 902965
613772 637882
735495 854678
114479 595400
922250 943112
830947 991307
243725 526704
130788 425263
790 962144
64881 967791
57435 619356
439784 848055
87150 212153
393214 523889
139208 831696
233935 929708
147328 713213
295654 608320
594257 693445
333360 795526
356897 559441
36005 812259
462236 522381
474397 713795
258489 986207
325709 865732
642330 912685
212806 571841
51009 878855
202437 587544
253186 870448
274623 477085
43257 321878
236516 445555
241252 799158
232872 838374
46931 525724
413630 552344
312906 402149
477330 607652
107605 795918
364786 395716
170429 684601
223267 611392
933986 999157
556149 940003
364422 724318
531403 727011
209478 740148
155013 178460
410431 480115
728148 882690
186958 674964
290029 707055
411018 429525
184832 712028
91511 742281
509880 914470
354504 648421
251655 366783
261211 514381
110140 956748
290578 871320
902985 937537
141166 905235
227066 462120
698630 806224
277619 436761
936668 950841
710890 815612
742752 805043
445241 951525
244936 881269
357764 958519
261313 902544
274710 584681
193556 502947
309244 834078
133271 515313
203779 480621
369403 814741
742070 757771
19723 27967
437704 947181
605391 764034
98440 924344
470588 791718
22920 172216
86959 856253
42282 646664
477742 994812
571785 582343
223437 837931
368423 824734
304378 739874
76116 717663
76313 384983
198880 878038
292210 978120
32752 363981
333948 548665
679211 845339
900056 967348
238096 564177
463549 957874
643093 869998
225501 691382
466090 791343
423955 889433
219447 680219
186067 439753
326173 736183
319879 519470
60316 164939
714052 799267
298285 395978
382207 452965
386565 873973
92414 356796
220179 308956
76595 585574
374043 466273
230426 696839
88199 853104
8466 635640
197569 291293
23688 325848
408468 453613
35543 515169
306989 784653
427861 744261
180159 327414
339038 914383
267198 592797
144091 844206
179475 242033
165637 472579
640338 643648
420975 882978
642956 687125
414448 682992
252017 730242
585166 717919
278009 406053
653231 975263
315915 341405
866369 968608
171279 262887
713003 941509
56340 647145
625474 895570
292360 443630
59364 877056
380096 656974
105836 376874
676701 892105
240510 810233
582237 754435
595406 713739
187362 775153
616316 905535
358770 588733
668616 914388
35066 923385
279388 530622
25430 131912
87089 449284
352505 497943
405851 805510
31455 922998
252425 592543
338069 643503
23438 147521
225746 948488
103520 213974
338765 410844
352861 548833
835635 891925
571895 963859
364963 609834
118409 443642
115547 207016
120911 444589
23351 226294
829334 899697
579034 581230
3361 670120
498493 710600
367498 642112
66406 334765
655868 680289
237915 830305
630540 718690
275496 309223
332070 449030
393548 878063
618198 674745
135327 750423
743566 978045
478228 975730
611715 918292
311044 933131
691572 821703
158695 975208
90399 756084
9292 539721
637309 984808
249264 556168
62538 948064
143766 651505
21894 213782
171515 495065
451226 780832
176489 679837
54993 286405
617396 837921
819877 904531
534207 655417
627153 728127
357443 648204
787811 920927
210514 511248
45410 639511
321689 878007
748185 821626
5408 718062
152409 178625
650214 800274
429087 754172
132185 877690
612993 844779
334730 556043
174741 619650
690996 811232
657168 902802
8456 749000
413870 961103
287809 474775
201965 261991
79917 946950
219094 986045
146527 208125
312422 429700
546751 802604
270396 311274
172627 343252
590578 632653
548835 579816
90717 784176
412484 475122
320561 745959
686496 777062
398579 927493
135215 967067
239424 854932
37980 119681
532653 680211
99954 266177
464786 477920
594177 664241
291478 741843
851761 926749
674150 792555
159778 922484
829695 854705
124094 225247
286380 609953
653914 711930
119879 339491
131684 402896
223996 569626
120636 435834
25137 61304
345310 640501
632463 856449
382592 648126
772331 802407
210642 728019
140705 915535
188367 513770
505274 525028
30659 203710
679711 812798
261601 378406
95516 575647
227596 951680
56094 623958
74064 994143
702362 746853
398177 627972
247881 295630
753721 979882
285261 605193
420880 654663
163214 164056
779884 862092
570875 979933
333731 962648
151193 597438
63793 108447
156893 868749
407343 756769
438907 977806
770592 801057
84774 933412
308740 712403
351942 702484
425678 481562
399222 890406
168868 366120
182426 409126
213327 448195
311811 422460
789739 892868
263601 928680
251401 278323
99509 624737
518090 854960
129554 165452
349202 550469
110923 774323
399459 410318
444381 658016
143562 441951
226703 865258
47266 476925
565321 759689
343176 998866
137203 264044
128539 240063
520132 829248
419638 867242
55178 933007
106448 301288
165652 364178
219115 577529
897380 996505
188106 358125
26303 544177
79044 193902
96548 918241
795730 931828
10999 209714
402671 568707
515645 937432
130043 902103
312539 575268
286383 338089
419238 595327
472247 885892
52694 683404
16688 268974
13264 271303
441388 618566
333190 806835
525887 874995
210578 675156
293623 788470
186454 582500
825066 943517
207386 515518
39874 241914
66006 906171
117337 771768
305681 755386
117263 993262
127586 721525
76029 84795
386779 748438
777862 884157
442929 736514
104983 809020
73282 466212
655439 732979
516324 748509
575785 637483
362794 810872
118316 563541
310089 509568
65035 107476
514968 853187
422146 489434
583271 941351
10330 964617
856878 969607
827333 963190
633238 944345
748205 951470
18678 855421
521576 816944
235734 641557
225056 408118
505418 944784
2435 358202
400345 648999
166147 176097
241239 245270
84426 303058
75517 617063
292039 303567
299764 700309
327783 943813
231730 931886
187958 197864
180313 650442
5544 887462
262097 351911
667232 739679
42945 654311
424023 833403
200588 212998
293260 709321
176448 907036
108196 439685
270876 516470
174758 914613
190999 837023
282682 502178
649341 852716
198263 590604
409730 592421
411990 563212
339173 708522
585534 618498
327927 690354
554305 651337
91928 735467
46939 759374
74428 702664
164681 390783
50994 180367
273919 882882
549279 709575
363940 982767
465632 709211
356214 942919
744285 763454
23425 373184
294250 897518
820348 956581
60903 602691
48531 654190
618249 955730
38108 803787
382737 610774
414564 998959
225141 701716
210604 376357
592984 801915
938724 992434
265564 405935
284251 299076
214779 728371
538993 953381
696528 857930
114480 359626
409501 620517
343440 671020
402452 444316
118932 773660
245987 800038
60039 596189
195191 472645
447358 527899
445205 497922
217479 916092
254730 835861
23461 104937
125242 188760
883567 911882
499135 780246
926902 966878
454504 887227
52717 459686
390462 560751
91364 754724
91468 849961
261586 379762
584924 671100
168867 658011
284463 723446
119346 999855
529763 600080
842940 947975
693958 918017
203290 317511
799469 898757
22074 211624
483189 556927
454767 554730
121983 350574
328997 847242
441512 844238
166399 834776
210002 453088
448029 652993
541325 602602
4489 341744
618396 691028
712830 938818
154387 784856
606637 982825
60687 117958
172648 647328
198011 494594
4783 32953
133327 984335
338454 545598
194828 492074
330412 665986
46273 755784
707021 946787
181055 185283
233479 398511
177607 741119
93093 993034
631675 946196
37537 968619
43391 48748
882610 956106
399729 660171
330795 924443
48209 274338
288516 404790
19180 625214
103706 116770
534513 661539
236067 887548
590774 968714
98225 736044
256260 974380
63899 884170
414128 582180
358465 358715
421074 809643
74370 947879
198532 871654
536314 819650
581967 680285
449151 681701
436369 653187
78460 600436
338742 890101
711503 923001
456173 479487
635861 991033
379181 581097
65130 967399
630866 941389
49276 483888
199845 928651
627122 635523
8377 798386
578714 671627
28186 838550
193638 969895
508116 620507
147144 899294
43363 171695
414121 631570
58336 977543
158324 880313
716172 931737
424792 780275
470697 986518
357890 775227
526596 914610
559138 943520
661008 812761
212080 868015
193180 451683
129924 490857
690516 751288
106570 261151
391356 938105
74821 272777
409736 681011
654011 771941
347048 767758
664243 791352
620601 716900
498166 942854
64517 674958
32971 680160
147725 885556
258148 492246
240341 907488
63834 233611
52435 313752
366127 821160
412726 928708
110087 442690
509953 538212
503792 548855
264470 832543
295054 508433
493398 596589
21793 215668
606149 735864
777633 882931
131 277533
763388 876368
13871 694950
147173 338161
236881 787556
403450 717823
140179 792160
58363 345945
652887 753113
433283 777895
63273 870858
541754 581547
421449 908042
348799 509604
144307 920460
90474 333539
510043 875918
530656 989054
393650 537634
757355 936615
520641 621936
110724 164936
206632 375386
74243 933753
664111 778963
585124 801788
97527 196148
576979 593913
187871 659667
809700 978483
85213 915254
802790 956822
42330 450408
295692 671620
85674 757343
165488 520906
257579 352195
275684 511812
642222 817629
297974 387542
833759 874598
759446 760293
837830 908118
213531 614049
314794 966147
68626 878410
801537 810457
9903 682846
90760 148412
747288 961142
323312 724067
877486 911402
303687 602102
351575 429512
828 895872
3640 609513
24625 71818
91345 814442
367514 746316
200299 692057
566419 694497
175978 994619
328602 812310
534355 934240
580706 879062
296505 395640
4323 538827
271422 788937
411343 647889
791642 796906
231278 961984
1244 634715
322993 410110
748836 830420
376138 989411
247331 535073
143654 259119
306303 506973
483793 629119
396926 604246
641741 825401
345127 717906
49359 998555
646615 922113
330835 790950
315560 485247
326199 950658
200373 884187
33912 65966
120373 557318
465826 685668
767553 803883
100365 325619
736362 757389
525605 760247
45272 884542
144285 972352
366111 508353
214403 553695
345667 708673
309852 433298
501885 860282
140304 210812
652955 934545
278707 357546
350283 892588
63179 384066
292894 690407
644164 750044
667909 673497
364510 521807
396718 513013
456457 496419
641768 872857
62842 266928
168391 191641
669460 888934
148996 915637
566594 730561
218503 224996
326458 436855
206799 648902
46012 887488
368558 765953
162270 819237
13581 30178
33364 831330
38482 632629
296314 824439
99324 517336
417940 559718
167675 341870
631853 833459
191103 931886
329047 951973
502786 626073
69641 130395
207773 718086
61709 891703
238330 900403
688520 933900
56681 437672
112455 644476
62517 212354
205400 366529
188263 280748
212444 947805
156704 702003
284381 623541
20221 979680
790066 826844
199335 202150
813706 961494
7958 86624
482343 932294
241139 626849
113523 766269
697965 937393
254288 899852
76026 687212
90666 903796
370231 412343
223149 615446
541205 688122
94862 153182
570028 909471
229237 991167
287930 701948
363914 996518
371255 402366
607170 904550
223256 774100
49819 965129
478694 971853
369334 415545
627817 689919
92353 781625
538774 903992
440318 904791
327464 343166
455116 558817
432128 919272
407707 623952
462512 596065
641244 835659
455719 931509
365973 471293
230977 545671
828296 862013
206319 313040
779579 944615
648458 865834
452318 977774
447485 774004
77136 566865
59907 214319
63103 249749
205093 588729
151625 171494
636613 762950
51959 71500
70077 915114
295103 807544
463747 686955
197879 448356
27756 294204
216191 563061
100007 354678
260894 418208
110151 258314
778257 867501
300500 698287
570718 806505
173687 864243
68483 297721
114472 722172
892990 980614
48189 231144
663870 832991
532197 808159
51148 243220
352934 487292
899415 949319
217900 252717
376347 965984
356304 409806
345049 599870
412238 808383
432986 659895
111267 146427
592382 859964
727295 805031
267627 569365
581400 718766
185530 414638
563408 958076
250787 543130
320321 717670
224614 245537
62459 234428
472407 803729
341552 348593
154193 539629
680512 847119
232582 859137
189645 400073
643895 871738
324971 533959
196414 233301
505399 506279
54819 295014
94397 542215
362341 595380
197124 474542
150810 708019
235417 317904
419763 800066
68098 521036
54315 130588
462837 810577
693303 801244
25772 796739
500741 660315
169446 287825
141631 243963
28292 699062
75044 135993
246189 737668
408130 877377
541252 840567
57984 154104
309826 890162
142147 945864
7146 827035
47190 868723
158699 853036
672510 707226
10605 784135
209261 277835
350555 646829
157122 966431
102331 986670
619274 821733
227404 251788
31357 868988
577746 795605
262612 704456
321713 501219
399672 943301
569047 803315
172978 834862
591782 964464
14636 893511
460173 822386
349150 896572
605011 904146
145028 767563
3264 421220
628341 733588
114332 909930
750764 973118
540014 674088
138867 250241
44824 412546
701698 883382
604919 734312
167156 749341
301169 822221
842242 988809
173398 523290
384315 951886
63586 350346
380833 684521
351275 784039
83919 187993
152874 840780
867031 920307
235772 287111
893264 928687
167380 473742
108320 675229
402156 871795
264584 674976
21798 295737
661587 820331
201477 629147
410690 624109
267439 796196
201163 805053
93801 540029
293463 729440
724669 901733
234730 937951
449395 963051
64639 364601
22202 748980
544920 586374
657168 872136
499521 731690
392432 505533
49235 429671
243442 486977
214631 378232
56929 434456
119767 339815
43361 559095
534975 823975
528832 790894
365608 587439
549680 654438
340818 493924
274354 820029
156497 306847
552599 671886
11421 898784
61703 275555
518052 775849
439728 682917
808914 985913
394380 890799
53129 848206
408721 805682
479267 738407
232481 889154
357894 790310
549017 808083
455355 981402
712280 890550
259569 998505
833693 929896
510541 892642
338126 740412
210286 712975
434033 848142
644793 700798
517586 531242
497749 833341
773313 805574
234921 346860
383 871008
205036 928553
226645 532107
59306 117012
348288 847717
400571 900210
697121 749037
105691 956993
635283 886880
77536 403532
213085 956639
228483 510422
45771 378396
170619 983585
116671 352289
268068 967789
459603 827602
410536 960865
325404 452609
30464 147043
708516 942822
192639 760119
123242 451379
223687 378884
499316 623214
757826 943931
496311 961111
39952 324668
417132 795551
465106 597251
88429 945164
337167 673839
114163 232123
145125 217194
259449 631609
35792 801760
220106 316967
316679 347690
367790 453416
767611 961570
174412 257964
335692 652314
27683 291135
186255 397773
36599 676277
172474 472690
685667 936136
394616 475643
513849 788701
917640 927961
314646 831426
554556 715189
91420 711524
696137 797825
457811 948698
539203 689933
61131 93356
147363 442473
29537 102689
177151 436539
492999 748302
106778 300972
380979 910311
30921 939744
306454 615711
172406 580493
25531 768798
29379 98971
659878 826893
63389 925770
42327 422330
145300 160231
708153 715566
397144 497500
526818 818215
118339 658380
724178 841562
108546 125337
250814 312633
131314 659807
808275 949775
556992 822370
441245 458909
367923 965905
99235 282391
206422 717200
152386 933079
526225 549836
338286 656030
428552 580762
337359 349480
511124 538852
171591 302855
823404 871350
466439 776884
319580 867996
115751 333603
235552 751757
320975 868331
315103 600229
313408 398290
349165 863260
159053 726500
181469 200144
457075 861993
22112 124384
439237 750810
227189 996571
95215 231533
70488 367985
155732 802446
135990 483746
198230 240229
432510 958535
441939 647517
56493 709661
659835 884332
282541 728195
193105 448611
114762 603350
496213 688470
759040 967325
38116 485573
131523 490755
277293 454681
618322 648831
421307 995889
562174 802221
292016 529300
645393 777513
714152 865766
770748 888901
236353 451965
605795 901198
27340 107542
250273 634117
568677 856142
600058 762895
439942 956232
49721 968822
283982 422887
626694 987609
52118 915795
245935 255201
46867 624246
420104 475600
422975 916098
66403 559792
54307 616590
322604 851948
754121 758051
109588 903074
224477 580048
293605 415592
462107 896960
622278 904717
136011 367109
304348 400498
279862 358131
279018 453252
702724 940257
248004 702159
98183 292722
294823 319127
184069 419027
50909 578935
128141 639967
18350 221994
621927 806861
396536 621195
276096 421080
422820 977395
283458 476871
381275 715827
336393 481694
481237 672051
1404 631954
357807 590576
779807 894299
168538 968538
174119 442854
79451 500602
725757 873122
116545 645337
262302 346981
167849 611293
592800 881499
551172 911177
808265 846226
288196 350560
249545 278758
376193 710055
507963 998150
299367 882404
468409 978640
2886 123348
136404 996253
46132 86278
423783 576337
37534 261141
139789 919291
55705 80216
80841 728322
25708 932545
34580 949410
390071 841976
187093 356246
514776 555127
382862 921620
264058 665939
62117 992003
6488 256936
94286 319678
175664 930394
439880 717538
34061 382248
523386 615189
99601 950283
263300 538279
179763 201569
164472 259456
561975 844053
125116 429534
265480 880276
346919 359929
106685 721543
593575 818717
444445 781916
138380 861493
667809 953525
106903 600795
105988 618537
118645 586891
589184 726596
382354 661769
37285 644433
761716 875840
611727 895686
107918 601827
342400 623975
221849 808477
431342 543200
548272 693190
406691 498999
138076 439793
505539 976374
21349 966716
372931 499828
196463 444351
608483 781314
60990 584462
183114 792114
31677 678102
734250 950485
983188 997254
599243 705101
297812 404455
164226 479951
422512 832266
671005 894731
113434 327147
424953 565578
535273 674354
309854 731131
263537 560295
169619 172764
197634 463080
517436 848367
771958 873756
144857 155521
684126 707126
306182 727261
72180 204239
27212 258611
98477 352830
135417 930447
442354 690567
72838 138283
320505 505578
187902 818024
325685 809102
209353 557380
29444 827080
38641 235197
45650 865810
732346 977946
574208 965467
828936 913825
293593 409841
247791 918019
565694 853347
419588 828384
57128 909482
328217 426440
70369 205893
443952 471043
355050 795054
455421 939773
304330 846712
105452 950865
481590 858180
116590 142876
46435 182509
194434 618592
95077 405497
148200 988155
620531 864795
177229 734814
65770 523847
496546 860895
239504 784077
211577 437254
763860 910831
40436 721100
268535 650677
240717 750891
251367 944543
278158 654476
183480 916258
149019 233251
979537 980750
567375 698123
418087 496515
563941 895952
841507 981367
326586 620795
395641 510812
80917 442390
168162 714540
13195 922069
268943 471948
170140 229988
851579 871431
197785 816557
240567 504251
119221 183668
66571 165503
519252 810108
450164 874080
445097 877170
806685 810627
68355 531392
129476 811523
266360 720648
723278 739932
41501 646349
709261 872195
660588 870572
518532 638748
61159 481021
132224 697160
730908 851837
441059 451723
740602 906024
282424 356833
213812 615955
335287 460043
912655 945020
115029 744234
756892 964558
557845 897242
129700 680029
265905 661739
703149 932256
107365 202083
366881 944871
688767 899082
48201 364511
677334 787889
109366 939814
244993 542476
463576 627121
61739 922111
704109 826690
215495 877121
494069 747457
307094 625164
873307 891452
415101 768341
161908 923334
88340 637480
53011 862813
499987 544141
409705 683467
667953 957488
1559 690106
62837 567256
31441 796840
476353 775571
368110 957629
64439 938351
748932 820440
158521 811418
1811 347161
242507 520345
697402 993393
116587 441875
306396 687836
376133 485309
233801 979154
116565 254086
78620 123424
884998 933657
575504 963243
155610 729893
700532 849692
498551 680357
577073 708370
829050 921460
37099 606284
472403 485008
97247 107053
132821 893117
202229 473199
571389 915392
704106 790892
270892 615444
679594 745238
652193 863456
189213 680227
61319 450047
578066 671019
360968 739580
662844 913628
622769 899763
860268 876480
228914 983585
625986 628006
386667 773044
173732 956101
794512 917505
196457 800478
295263 559158
270053 843326
52407 916573
243876 626590
62154 690974
82088 669191
235671 470614
584594 585037
138316 851415
282531 666747
317122 356739
34973 240471
66561 207440
468362 495204
411254 822533
553362 626866
164868 534287
547620 810550
454462 874186
307017 701575
497743 534931
429978 651734
38927 628875
407 860002
844972 931127
226092 326989
958207 974508
12336 188571
309076 366042
297549 330602
97064 178476
760750 795011
929658 931251
109661 307932
319716 909476
358831 549487
856278 982682
528827 543106
143383 685632
85578 811656
629818 716902
222285 490488
345087 528555
53278 138151
377222 419591
12348 151653
774538 918655
375697 878405
168627 565643
257982 829088
145121 758431
308410 351038
382928 810597
428173 601187
87219 701476
592000 984939
135174 652119
104591 166164
9012 156241
216889 806318
272748 693745
9997 424300
144219 814542
278608 429080
323734 471414
722007 805301
137062 472755
72326 153829
186792 213175
173392 827321
197083 342842
49685 51722
379942 547806
283151 392433
419563 811406
595692 884527
136364 939891
354538 974205
151491 471694
162589 640461
221999 747841
115097 401386
166892 665465
525931 896411
73784 642939
209612 422904
797205 975962
138014 199974
419130 955193
562224 701644
25820 169761
133008 726856
12914 785339
465008 806377
110874 956570
229434 918818
552532 830976
35615 758439
612299 910506
19557 567251
350799 476073
21988 324056
132377 995688
456832 554867
263926 995842
348027 407971
120509 351216
76517 984615
550092 951354
307937 607628
316104 580478
274184 377094
290328 683012
316929 334380
430560 481467
693592 724638
916732 929300
206758 520712
855998 977018
592949 608877
492915 648011
625227 726016
78664 680691
222658 378785
426076 667731
527127 658236
296626 730615
856093 869015
91997 562209
160878 414231
607929 622158
27289 268534
139181 294724
329602 474635
245689 345961
44121 258051
248344 557046
472517 567897
304866 911524
490824 765299
413750 811898
384982 680713
189850 352902
623644 864260
279721 791369
283136 366845
226866 704373
98189 309780
54090 655823
135333 348155
245025 331980
832020 978272
449689 823651
212236 225918
51102 904769
119665 601927
12782 829742
869206 874177
453387 845040
153509 743437
691636 901225
178888 917445
433500 629255
840304 995329
6396 512286
764728 832248
205311 303486
974370 975093
177195 416543
529550 967722
458763 619650
594789 888307
258851 806720
410790 458138
311232 917689
254379 815189
382511 648742
103431 847137
422695 718644
248517 436562
221489 408802
878624 999553
119752 943677
37836 718824
115461 497218
13252 125327
402209 936252
406985 457199
747379 840351
567691 930592
143483 673327
144187 615956
902763 994765
419587 876013
432523 503544
164164 749516
431628 495170
453993 890868
335688 708467
211144 595983
83388 794081
284212 817274
50138 365618
322680 735684
510103 842840
470444 959240
652907 875892
484601 690785
22860 600200
129786 979937
164371 888894
237406 852904
225063 303282
334111 485004
119642 343255
516674 966654
143364 181850
312587 954582
59419 645346
576725 950867
32291 743076
227500 605059
562391 692002
447984 948746
783820 897777
7114 731967
106703 307778
211796 799879
169399 611410
185607 258347
80104 254526
260697 471370
533329 842411
32486 438167
743851 780222
489868 804884
120793 227133
752604 877573
29532 428353
10162 158934
740947 959694
109350 457824
50074 667463
144255 805362
822058 910545
330393 705519
208032 951455
105224 907715
326177 765762
464649 628002
362629 958034
10211 515329
261117 389141
557231 758499
833528 944788
619442 940271
27612 151138
177494 810762
406500 897839
238879 775890
151724 199239
610002 793583
142213 339050
303121 924640
48793 195603
827217 952923
86297 317119
106211 126807
701098 742899
56387 488657
8926 655056
105714 575983
755047 817032
742170 991756
533717 879767
260154 272206
201633 636216
200272 718999
773733 929273
222594 757268
348 179534
69349 234185
560596 903834
184177 517202
342070 569405
749921 789276
741141 826283
374462 647157
189805 255726
172339 358638
290539 583664
557233 643679
152972 672756
629617 873120
231836 831556
445402 778608
22833 950233
73052 384753
21765 738032
275937 644436
609951 750568
813848 859101
400984 935859
8567 37327
506799 682486
22336 514400
685749 825142
268311 925912
288564 614404
171688 957047
723304 813307
212198 378346
585133 683572
601259 792431
2695 350120
499611 932031
125487 698464
178222 344391
49780 691167
73227 856482
80434 598764
665481 769245
139929 989016
359667 751885
431565 885608
514068 980822
255615 877358
148113 554239
60455 492275
289444 402419
140033 566895
595411 671406
372326 651699
19437 790803
360379 531508
453460 734138
684247 933082
416375 868526
120722 753160
214426 934146
20193 933846
302650 677226
183240 866807
117837 287241
523641 965824
54529 391172
278622 976067
252364 673122
155818 563352
539797 885365
615421 815930
325783 977226
885898 897319
93073 938293
717230 989496
231231 854895
134089 478108
608950 871125
190448 814791
199717 327879
561815 888913
403900 843234
331910 499063
733703 964045
158903 364436
260057 564718
221011 481033
50399 418122
71336 182950
143130 359228
133839 359097
57302 242621
134731 512641
127557 370428
255203 594431
38074 418940
223959 300855
389812 811113
500686 872409
32116 398248
74527 633524
107041 947417
658091 933317
539823 804250
143315 549710
161303 414003
803969 949826
513 793706
117874 614715
409286 786433
556334 757002
209164 286697
731375 946357
373584 671684
24013 553582
157470 457926
145899 866067
816800 946197
618763 744504
254389 766667
447913 823367
25548 741063
19209 363468
148193 806296
164161 542812
118536 449798
114188 685259
538431 598668
278731 396360
803158 823522
228374 533926
12435 831815
169895 786098
242190 438557
347843 977363
208559 397067
186404 777011
127491 318128
383509 613635
357101 497370
389275 525944
889624 977047
158702 974552
286407 436704
844568 969889
49938 896231
461987 863380
14190 236599
127722 560317
654752 953051
610503 814331
75146 567296
297034 921724
370598 983838
149768 894244
314875 913506
284940 707325
551117 824178
443798 747744
123811 416521
107954 268985
403782 891170
232693 695402
930544 933242
38979 44893
421963 748995
23859 629362
699961 946806
19411 600417
80005 610771
711079 760354
471278 989621
134858 443561
337682 901539
242882 905600
371506 720944
801814 961004
371519 497916
428239 802792
316436 359874
536000 673076
806187 991949
85481 89157
121484 569608
876913 898924
492675 550428
83527 183500
257654 817018
834297 878240
148472 268963
143950 811044
92944 869463
186810 321101
311028 796167
813273 846302
751950 784283
565469 736877
482209 623249
43119 833809
652399 676979
442739 937572
97495 295781
131426 949673
409652 927652
219529 357680
277520 804361
436679 886580
279422 724094
331136 448645
40009 794074
85069 544334
170512 912129
189762 819828
312504 980438
135116 326324
451094 663604
314415 816530
235839 294466
212447 371125
563789 731636
337875 952814
693610 927891
680189 735296
457459 462156
409950 708737
185198 937168
485055 914127
801497 873181
774270 780380
697705 877508
130952 705163
197587 484324
1798 922358
280971 939510
489608 755920
568728 937260
424795 894239
241662 336841
43946 724057
585917 604195
544911 841739
40457 617995
307305 567013
669567 997910
175703 627671
232849 861419
393089 502013
314949 380700
669888 792372
167544 187503
28275 207814
453430 735497
834450 900412
622780 862826
171061 482948
395591 469646
524597 761956
483348 782629
147933 298944
295362 791700
72726 977303
368312 609128
931493 961821
22995 615795
177589 880082
317666 817908
612490 692956
149420 670270
457658 598600
666697 768252
498518 680513
851829 861507
477168 629083
161257 632256
165759 403793
332356 882445
432009 527267
356345 760342
523304 892530
236745 689765
6760 962698
524057 906125
145793 198392
260274 659145
174286 312653
337519 765331
5534 672661
445749 579061
22471 422710
426082 806568
378465 443364
318374 891463
179198 666046
711091 879786
469494 975307
329726 914562
43693 455539
395520 476155
77250 750507
99807 590472
372956 450770
100751 665208
57854 197203
121347 403692
79975 848162
712089 799329
192005 690310
302419 648829
126738 472248
610137 980130
304315 448250
310683 389724
136245 551458
124427 131337
87534 443162
948388 992433
482663 596177
109371 302644
347167 988811
134385 241570
271327 950854
825561 839855
311219 466551
10311 659965
26248 287850
62111 991098
420802 529855
401270 612884
445214 452564
955593 992404
568017 860669
854088 918576
248937 810092
154647 223896
39397 324601
58593 780145
612625 632801
159553 306094
70475 694174
276892 952729
179672 425475
34686 269610
886623 894957
79162 629430
48661 977082
450344 727516
282749 831663
229825 959176
155113 174197
672993 873847
588115 742956
540869 543296
64193 839637
685016 904746
574755 907653
29936 273729
90305 847784
293815 847385
232880 884757
490521 962174
314259 585448
146151 636042
51375 586582
7544 898990
178337 479482
318500 692484
525235 729618
430561 653372
220906 810439
20197 380961
955503 986326
191328 882830
58422 784161
19075 630140
32665 72004
269574 843435
669825 931959
365729 579959
409058 523790
110370 860145
480424 575131
8161 921907
231477 755092
213114 574866
600677 630870
305140 760517
48505 125599
582185 766604
337510 724917
689341 805883
397705 622598
534591 639544
815134 852352
60549 72403
547949 725082
470042 818587
51173 476262
353761 475492
226024 422235
296539 971725
22801 484909
642621 983863
228195 525068
719523 878710
597714 979957
472102 865341
398246 544663
98997 582529
47785 403322
134192 997528
396708 511479
50455 911736
247583 635353
459949 994037
230920 448606
7657 694775
319815 469762
217787 540564
27982 895850
19321 986478
201040 398952
8999 616482
55542 169494
497854 901958
237201 757172
791728 792429
15178 501708
323688 465376
409338 416939
90826 804541
503524 621958
724282 981069
78779 486966
423796 980488
264050 378628
408872 452524
94491 936989
153639 859125
67118 904004
645072 975203
727385 734845
257512 822127
310181 432885
102418 538399
10526 161772
19542 297463
339302 863736
251442 837242
455075 631305
771960 914944
413805 702452
207656 794784
220523 926925
347863 983704
601580 603730
674966 720322
327337 404820
112408 863921
159142 848758
43647 790836
34815 812429
96417 99159
494171 821953
243270 892375
99611 487779
457485 843289
63407 350877
459185 821495
488207 733910
306951 769406
5178 484613
336517 664991
327424 527603
567075 946066
96205 432947
243584 914961
259296 886564
435384 865009
466969 614716
24561 510072
360394 992229
229186 642775
332258 427525
18653 217875
225890 495676
868092 952080
16870 507947
488248 909324
721447 831479
129116 182818
425756 655742
6263 979322
616345 841551
69049 434424
495556 570856
291738 716265
422495 471075
51838 125896
439643 508384
27079 921907
274004 598149
94204 675733
333009 333563
464223 638375
606457 641081
749561 786584
241081 653937
142532 605651
183776 921628
133484 471931
312639 358785
267371 818561
815825 983366
534025 563306
347565 414726
635590 985235
59728 801938
415995 911832
349160 706308
800243 872469
547193 651865
366799 475199
77514 520131
15824 811363
117130 901084
58135 182197
798971 890391
630560 678600
354565 822307
353144 621560
326229 698633
72385 226749
347628 431164
360633 836404
779241 989894
50809 198480
20495 392605
20348 581103
698297 870733
459351 972065
55784 881172
20511 34171
253665 716443
405848 758505
649606 699949
606598 714359
220664 935676
497886 579415
253869 603182
208932 672074
151910 548188
229426 249325
52276 955529
172586 699519
648849 855493
195389 573981
12320 499787
186174 353258
557606 788290
100180 905929
121239 799533
21233 350881
388456 715262
236924 383499
446854 447249
11123 240738
218322 737243
240668 371805
331135 434135
99083 582070
49448 820376
760857 815102
101044 858914
144541 482013
149939 230789
839407 967343
513069 862330
97868 435874
359487 947823
550794 614181
167106 662489
356996 609330
33963 946346
225264 557459
170941 692125
3410 802257
87369 932996
154428 962106
385942 773862
150945 463005
24840 460582
94810 372164
127065 588372
666011 682097
67864 726365
331531 874952
563525 953064
167110 184916
41059 405616
36756 629043
553701 928415
1155 193713
898454 941191
160618 880321
310184 338096
37584 370040
169544 876517
98202 531359
135731 845685
544915 585540
346692 579778
46598 953690
246331 866517
547529 600168
379414 984109
905557 963024
334 781674
170704 813235
488168 851650
536328 860179
283794 937833
475933 863822
519333 927176
230194 427424
418467 483702
234441 374358
468758 724420
67874 808698
416191 445553
388158 444345
208473 379622
425313 912107
194531 345401
224703 603836
470198 800641
671328 949207
21778 269309
110937 382586
158198 558313
57652 669522
251058 983109
167721 257870
263190 639992
701797 992866
73077 286651
197577 394813
417970 749170
544522 950204
32278 146074
96789 596655
205883 305274
441658 825409
472922 523878
231383 899200
295624 747092
50924 757614
252892 604285
566665 726691
709333 836755
66075 899624
259742 331874
224337 810696
661314 824229
300877 634848
270489 896789
830266 893633
555352 872415
372303 863556
135828 146895
521961 733489
445704 892444
221481 239485
152433 413323
442671 864293
114717 472637
166832 240460
682856 710687
113413 363221
158913 551238
517664 796223
624197 915973
21477 106229
280390 446290
402193 652794
610925 688311
377321 481715
107446 737972
37759 516330
274333 298656
339605 351646
52197 860882
536632 957464
280095 599890
571517 880288
333022 425330
431489 968603
332551 342713
211695 816377
246039 565174
236883 884509
412812 728455
792644 825481
493171 681242
639448 785682
691156 693038
153695 279903
651589 848430
735027 801617
109589 554380
430242 796738
312483 908167
225638 363190
169581 622744
47891 908730
10824 259905
87052 865842
617183 994098
174389 794724
88197 168028
316230 332272
88414 555806
645521 734160
542198 700900
127989 254123
500051 956831
90589 133894
406016 812451
472049 849523
320181 896481
823054 917284
315944 649784
231349 497438
420386 889791
176121 302440
87650 639558
325101 984973
381733 687440
204203 231949
545864 589272
516777 959417
102542 205148
799896 824823
601017 742405
467007 528146
96784 243428
298273 539738
607790 951497
103843 285080
43171 51852
398944 696466
186012 571976
413060 810751
177591 486466
452784 983095
351950 455714
625933 759334
144624 634887
249389 608026
347943 408285
176878 710461
78821 728400
104610 787595
47159 52887
462491 744373
377994 956239
149289 716115
155328 731955
147614 430818
42959 688847
267123 724019
51187 883241
153122 834109
162693 681429
412902 783381
412625 427531
482602 600988
226102 878679
989957 993872
638245 961710
527252 653330
420259 678839
137937 470424
413363 939527
755799 849671
99646 362019
142024 359561
750396 952697
121824 812362
106676 773100
252357 644429
22329 662206
162344 513011
180015 625499
288450 549866
506130 856869
166020 422135
78093 633260
55137 328662
31610 649154
146217 747698
670612 754695
324247 572503
249016 762448
391103 858635
105255 334009
682176 913178
171177 935127
546604 654955
137815 538979
45264 755962
608243 639456
540719 937435
89365 249705
446995 596838
738517 898737
169213 754979
526279 790914
888782 899757
461362 777483
621254 952158
162404 876761
109754 536241
169341 440586
643380 908973
36562 372680
731414 948697
508010 732311
168339 304213
193059 534651
258063 401458
66624 662593
125451 200140
12919 516710
217087 469887
58497 513686
462005 966818
47182 919480
428963 861678
221147 783024
192171 626815
268052 995732
300113 438583
427199 708391
292741 588957
684483 851935
90539 428423
19440 648725
14974 219698
357924 600748
366095 754740
479563 546608
162619 820110
319472 781396
49113 755485
399122 551798
162313 384466
322812 504626
232813 427641
268161 934601
305811 623186
164002 338764
29796 938995
666247 743565
67292 239276
219527 927278
188600 432195
211973 471050
23950 181076
481062 966896
321940 778719
262872 632892
299561 686986
671588 866914
328203 733968
244261 567887
83749 525219
279709 348733
547111 717658
247837 271074
437340 555912
26981 204860
627382 652907
196555 961053
337469 497971
272858 744362
390502 914684
91902 978149
26646 90837
280114 746418
682954 773468
404572 602491
2423 135189
51328 807614
54088 684848
379625 914258
143264 226671
620279 926272
462341 932255
178692 992971
450670 950563
354333 536161
94333 425663
60847 746501
141456 603032
72353 201903
377340 787012
329882 844098
453523 615209
512676 914224
199712 841858
389441 443555
304981 983999
51623 172628
198331 283887
410679 523783
586472 600263
752629 804720
56924 824916
37658 630051
262026 984808
263428 520195
526099 889213
2750 966320
97690 195627
476527 512374
79429 544318
175300 616027
456601 585359
1452 960302
309773 826885
863248 910022
47406 775069
12552 799855
73970 139577
399905 778516
600674 679137
410675 868068
97730 884950
292876 605154
216016 787059
200736 841410
434259 749951
89582 691274
148107 559815
770223 968303
116721 242833
15198 829586
452642 895368
28790 702854
3410 315446
632954 812338
85238 969394
415376 778014
145560 501935
885323 927419
161738 655009
436574 952277
37467 849035
681037 980813
643719 674312
292732 344734
309686 728894
66474 840215
48876 551594
134979 817867
405223 709386
346418 694877
122164 320363
90636 183260
474378 716229
191063 871936
104047 175579
226265 265056
134511 502374
356583 950744
5099 582106
436211 538062
74120 922817
81371 881330
39629 939701
352755 829570
930999 955172
441790 623096
177263 890466
161721 743512
254381 847330
94373 423319
195530 200714
178003 506149
423122 596060
18970 449453
744845 758002
111024 667376
680307 890619
134987 154170
11783 719101
336777 783826
392668 675244
112750 481761
294029 815192
79907 528963
178448 644147
369697 460167
65478 261119
187634 707024
52100 288187
469332 538717
670667 983779
68401 595282
182130 204258
240610 595119
471202 684128
276578 591453
586622 707455
92771 398969
916163 957365
270499 862242
263828 353791
260771 706834
128569 209732
189875 299139
90208 724968
73861 794541
398258 753308
178785 806909
24002 161464
512539 794414
60774 379752
399401 703438
274001 675413
323175 876974
617339 671067
214176 561667
292752 699033
422827 954706
296696 412253
881489 885506
356898 679789
29122 729562
392950 424637
144845 576369
275419 622697
609358 828039
24364 772756
288331 608864
251866 356678
666745 901320
904188 956812
248337 878315
627132 725444
465427 651553
225474 351460
515985 943018
146033 721013
719560 971777
82667 391471
563314 827724
333048 708479
293612 339213
62814 684113
587855 689805
557561 811107
233693 502579
158162 744468
626057 880511
412101 779725
341493 963207
453568 972109
226954 330850
350879 748570
588169 960252
76984 457743
330309 371982
173880 747514
485614 503257
165683 170173
114553 534767
288227 321360
70222 522633
38931 147336
465900 791032
730464 814291
257320 813866
144603 536541
561357 561492
476178 911458
11754 159212
322342 389983
400717 687468
354684 948445
145787 618079
624271 909978
14463 273037
794707 942202
837762 840777
289454 771508
24679 44677
252997 533074
804446 876632
316891 940211
1100 422054
667833 982148
372494 833453
473079 812002
518724 904495
265914 420051
59878 650848
13091 512606
229390 325164
437887 927788
180765 843185
256053 840171
91512 571141
170537 855728
269059 957880
340430 816867
63507 365881
607668 832868
673910 868625
465614 777235
589885 737870
695791 761384
903121 911487
372694 877515
66741 656435
698768 702429
91229 559864
450280 845198
191049 717636
420587 673204
697781 807631
152052 672010
612511 876216
4953 628534
176708 439293
462489 503864
514530 842566
858539 883921
811012 848246
366851 775226
619461 686974
167078 316009
515320 831707
319611 982754
328402 880144
179248 632748
671015 787828
90525 817256
338342 562566
434431 894207
88784 970114
523209 752823
113704 289985
176202 889806
354477 576351
234312 823181
437153 855652
444616 658484
31275 163673
186278 776597
18335 947895
27778 924837
227657 704952
302875 446216
233970 347296
582340 607148
14348 749196
235892 752687
292062 810389
152145 570573
58737 81194
21906 379658
711903 723868
654144 965957
368535 636268
315607 510866
278716 470253
317032 778915
599532 831077
395075 496527
641986 733154
269614 969466
4298 350681
245796 745335
48801 340338
337275 864940
393335 634257
62382 382050
360086 662070
227566 269741
256645 570079
313227 372855
454402 543399
116453 630956
397164 497556
439867 534394
71289 342512
827317 894366
882713 972383
537442 718570
599229 922160
335643 676618
251579 767148
79543 224512
748528 808588
11848 25647
109012 959470
569051 831040
941688 991671
97079 396220
189379 876334
749291 928635
40758 47952
264123 324635
2638 77940
342465 717107
94742 838275
376276 679790
230895 932468
151167 804344
242973 385815
569704 899142
209674 426394
42980 574571
724689 773071
22113 420736
378617 406702
104445 604872
402894 934956
292010 336413
207764 399963
741737 829993
294023 792421
248014 376914
293468 610411
283420 889346
310894 326800
555933 974110
399388 746165
823072 914076
113967 529258
758695 840187
669077 745523
61652 264997
380489 770965
434238 722249
195966 920268
155516 838627
278014 571549
295100 931657
1209 676365
84637 293040
150446 748155
510798 790764
108064 509597
273268 377009
224679 947644
242271 408253
494901 641954
717476 810526
18959 643214
676968 963473
842561 861243
61176 299904
717622 802539
606429 645356
273959 830101
573920 888539
182848 996163
208173 282511
308210 745383
671813 889918
396266 667019
129801 792095
682171 802359
26888 648544
124596 331938
409600 654122
372341 440758
251021 320797
156648 233643
54301 281665
366556 659157
360609 381015
87027 292567
142253 784543
28509 80903
639703 766515
10890 817374
25028 411273
576702 871276
419327 537361
272252 368808
163454 182951
1972 714151
214367 625470
222955 379856
383836 465183
28720 845277
47889 395540
413179 535062
64042 298532
605980 781214
10972 408356
140960 641398
253447 751764
87906 789503
89143 931043
348982 386856
268669 457032
44538 709088
288586 889754
290993 657369
390858 500424
86181 480203
416492 667411
255574 257493
840494 912789
175674 488863
238802 700682
37392 383885
381021 465974
62932 996085
14139 321358
78989 808644
84141 90800
15976 948555
682675 870290
349657 598357
120042 559754
84660 529415
389406 798517
23243 768363
183146 832791
35680 199185
224618 497478
527605 619028
288946 434725
360245 519460
750078 948458
123335 604824
228141 322056
316067 386305
24422 941604
211311 529298
148053 571613
105099 318684
357444 495229
130400 480351
722965 764889
322973 777927
286330 395053
37139 260671
92044 933676
285069 955117
707450 755565
158508 483525
302790 993451
242627 246534
476260 906997
26893 211550
557026 878611
124353 933247
232509 848729
744156 769326
490441 845091
645802 994573
26664 746956
344609 773690
7724 136521
384767 691963
663920 861733
531 99544
149579 266041
573029 769739
17618 754492
127206 456962
883796 895027
606081 656068
616211 961495
10529 157365
307434 545679
385908 932153
132646 861838
329617 968672
480463 639756
400361 572612
287514 417652
524605 952864
537375 902564
662244 944419
594632 959908
177779 538031
677269 862243
79748 467149
177506 339121
103584 254475
783019 878178
758849 839182
419998 740467
297642 493561
70463 229976
496445 809651
272749 342129
670102 999939
3724 199317
434602 737268
287584 371236
522033 607674
214582 430581
312591 480148
249496 270196
659456 664635
128155 454698
592264 657549
531480 670873
374767 901464
24626 655103
325789 333437
779161 984452
283178 978275
655243 897101
804653 830301
338403 635981
68399 476667
427125 738379
282513 680528
88080 341017
685762 768155
56893 654283
918800 932438
154043 954406
347107 772633
213432 264341
564282 635706
43364 811009
77377 782360
239302 573634
502840 622513
688943 791104
335624 639204
177444 309849
365473 988124
372043 854647
526821 782288
908687 960581
801504 952069
97548 117189
147879 741087
216682 954013
175158 570607
498969 607326
116144 782776
305781 819281
534527 730705
605141 685384
639237 791814
229089 550120
485904 625226
221041 659422
363225 456534
272639 976326
540518 933463
6634 469335
275374 385814
122509 382784
440007 894870
347511 550238
611515 972714
537967 652262
259023 896269
455641 749617
94454 418183
132206 920225
122359 757902
862298 889483
229004 402072
403689 532375
178654 284206
483391 837798
371149 442177
129426 755029
96624 262671
632111 885741
156008 403746
115806 140909
501400 641796
335282 767918
95155 771433
112630 954657
793066 821993
284177 424051
136644 366200
554862 815231
791063 883688
161202 256871
473964 853006
292953 969462
634513 660089
67924 422673
194477 948534
534955 602337
122677 799543
59954 332169
345216 866462
63350 264506
108176 473861
155133 810541
173822 478416
304723 826675
354076 805100
299971 525942
248514 729332
246264 255994
317810 657006
925492 988859
78937 268247
768457 832403
125154 386811
480452 958360
213692 834273
809258 858554
404306 778236
607446 760883
189982 400122
426135 937468
662333 773547
48093 300326
703437 885592
448776 881977
56291 242163
108025 864591
220058 768929
25314 818904
170559 522827
320589 748201
314319 517610
373449 519854
137374 624771
32302 876819
660888 666002
367882 593302
659410 979719
721949 907023
81626 737804
742705 878414
97275 391989
82308 326537
249509 950184
546774 999434
139024 365335
243726 368206
655972 877280
459122 467592
505721 643099
66803 882730
148664 654661
451275 459679
32349 270404
544629 572426
775633 921781
287146 979688
40036 129801
850929 908287
826582 896598
225642 294722
24697 737030
248669 321149
448904 895603
36519 292815
438642 700774
28663 755649
550443 583386
277986 652553
610960 944739
323522 500040
297731 503520
52760 853686
344052 770203
452729 883133
447451 525226
361175 919571
299643 462138
158282 504625
67903 158746
307268 365816
487135 554503
12815 196196
732771 981052
533651 898548
318609 467987
431928 956340
348254 635342
176145 437092
164091 886485
281198 618556
432264 828385
379663 834186
524395 831153
924731 976292
673069 825181
656137 733371
159642 961615
169887 999662
415518 452904
154438 525319
498155 915113
411797 835321
89430 414445
176685 637890
63656 150996
283092 973040
116763 187060
505114 513220
857214 992882
62499 595295
290967 768530
536895 539359
659058 779328
265089 819257
625100 957072
518266 646360
252684 915298
76855 374337
223784 375248
416267 743537
332333 818661
233538 237024
44850 926561
167899 816865
689101 975426
316334 553110
448869 614697
23899 734191
359479 831271
55264 699942
429051 826817
189532 950394
743840 961800
70761 411779
357419 700034
368891 456049
606048 987437
161291 691182
431979 756118
721729 999327
632821 680650
23215 446444
28499 590195
255384 986387
546509 782933
236512 345277
148517 761118
56875 848035
43486 147458
102548 136548
155439 411467
264909 650708
205837 567210
480857 998311
655220 711277
524899 556539
181041 717058
417801 991988
128773 339126
43602 597503
213238 809733
464566 961652
346629 952505
414783 911621
621595 685560
477523 892242
482512 683480
360196 972238
385401 664440
704342 788143
241635 829907
669831 719470
566304 588828
864151 920111
83490 139469
881882 971974
249621 826061
34600 170884
506071 554091
692705 937130
266340 596049
145965 905930
347116 662386
538637 807475
197589 305747
399022 790831
91058 595740
219354 546332
33257 796503
487193 728339
497385 884203
521274 522415
811362 882468
407769 532892
855540 997112
744012 807341
165835 505466
538905 872158
133858 494163
421877 795078
431846 576542
726281 759673
564092 577665
40567 438875
183123 757632
18273 765688
671843 865186
207707 457724
102350 365804
498299 517910
178287 867406
105976 158311
483888 665202
39235 141620
178365 709188
175572 274925
130338 640934
541704 783448
433911 542219
92630 355290
469808 779349
219617 422625
326909 776502
145597 907898
281359 559337
355711 385380
185190 639614
668822 756247
353860 397880
11463 98434
275834 507112
727419 895184
675120 810051
638103 702873
69700 737995
413690 699989
300205 629710
17944 49500
19412 835944
148961 641890
453525 734325
311845 856055
239858 504759
676338 841628
73068 754313
450527 624623
214991 927648
126446 129169
645110 852845
510463 760513
197486 355027
57395 475298
508482 600037
226120 261047
683423 893606
296794 702919
14525 858033
274150 565793
213461 798867
307595 715646
351494 559101
231408 440670
69542 100369
465587 799796
37035 776819
510127 759091
150863 554007
127613 726366
714553 869946
360605 460262
607218 788513
887030 940472
86428 302786
110259 473062
184350 440511
606846 994555
257063 969026
20923 505989
394375 602548
25391 595389
356809 439374
72720 828822
98485 731800
207111 691282
460364 668831
281931 835040
468062 863046
654574 890019
99105 391866
543662 645108
2893 819777
317772 398404
299941 919511
740882 831058
192896 990284
460416 528994
592489 975921
936773 990223
57062 535380
336069 559516
58102 406819
90884 354914
411038 971977
136458 794498
511685 749961
207303 457586
257663 952891
53028 594216
385692 940628
415940 705043
127962 130317
469629 970491
532614 852033
610704 983478
150836 884123
88911 223745
132423 700909
67390 87586
377060 915695
741294 927493
310506 608665
272963 386663
89898 575453
218792 222465
353109 961660
21884 310407
273353 867976
138164 959885
29333 407813
71191 550003
653622 692187
331939 370725
438059 749370
114129 173020
12141 987194
385627 903009
548664 563370
157786 899563
944037 957169
562812 738707
192935 235653
404137 769597
112069 216035
15030 540630
6382 903190
349998 662524
181306 469895
582275 853929
239639 322932
858015 919665
506261 666114
202482 851366
15194 768121
53597 797217
131554 796123
193628 282370
93253 720417
160413 757366
757773 770045
391420 815134
345327 362689
702301 918831
365330 851867
236225 373726
148370 998643
736407 851392
352590 428280
716801 999232
74648 434565
897688 999918
19762 63011
295585 809392
350873 516904
85837 179408
35594 943286
379833 893444
487076 540208
426613 675705
889968 982276
2545 204246
420050 762389
215039 478101
183901 716033
427737 453353
586215 629496
895081 985625
153001 752054
605697 647647
320124 339916
404818 938183
413236 793130
258079 955064
31523 80385
13037 815779
12175 301449
88409 770528
294207 882320
44493 53256
344135 754631
357418 790138
198810 946340
713123 887077
32028 185252
578625 759426
280334 540598
302053 992789
79824 615529
621147 846306
455805 879333
471604 798585
539225 634655
457943 572633
209932 700096
237587 412423
291138 451995
374398 967527
19039 265456
121743 392411
338836 613673
282161 586694
292861 919273
775455 873675
586858 659609
76117 772728
245809 312279
173329 872065
133842 946250
596512 720536
279087 624202
205900 716945
301878 658971
301786 505199
795821 989031
396019 505570
41516 354059
168536 870074
93857 496837
606053 946610
105435 965389
802515 892563
456119 539629
239238 688150
182150 437705
593949 868980
151658 792599
315407 497123
476274 646417
683254 992568
178007 736882
293340 958688
17818 505833
199932 515051
183141 484537
551523 813005
108667 398986
181884 658734
278934 763372
653051 835599
642086 853581
2977 680497
165703 265357
190138 329161
502485 803290
87353 93634
199846 628563
790097 790588
750334 775647
81887 914105
259436 967813
158060 397102
140618 629939
169766 286070
139074 647404
460941 889173
332917 453431
683759 969485
461928 921145
329057 770943
970184 982021
436324 917000
322258 358259
315806 658548
108004 281301
3938 644123
619123 937486
251338 769373
496640 663192
304965 369105
369655 499108
137255 848165
408412 842791
282810 528818
665441 800456
563931 885447
38604 309616
639474 775927
415786 535240
500065 646608
239752 278878
736419 756640
66305 491994
702199 937688
130756 972461
334890 493956
209867 493049
664715 823913
528588 544508
554088 844033
198994 471480
297875 825017
836042 964761
289354 600932
416405 669307
17314 143830
75427 86499
374496 389429
400707 442266
365098 637606
600295 913910
614907 744367
5934 247202
578755 866450
817713 903658
292868 929239
670744 857631
459277 772070
309308 611930
97687 235166
236837 655399
626830 765985
110747 749065
472411 998904
38786 555186
117812 945175
306661 487124
406652 605346
144017 315413
171890 570945
615698 840024
354219 558399
557508 597627
134436 233043
201028 731222
213805 633417
284522 951537
477722 878423
271784 771703
705086 966690
713474 920583
7827 48467
118684 825368
27579 262951
645147 940727
163224 562403
163780 349106
408869 703891
404674 537326
364839 757695
117229 868362
55070 968946
608737 825845
306985 561048
774371 804339
365144 645135
28902 746728
484195 827699
136558 957257
92401 92483
234356 397327
277389 407319
337809 810523
46396 541422
468136 593716
637613 848768
785208 797920
73022 672607
886143 895339
372427 579658
200368 321231
430951 435283
692065 914841
849957 969581
300474 916805
228222 617029
368216 596241
341308 984736
664592 844102
414957 580022
747966 832638
27860 94606
402727 687138
493245 709744
370475 468908
44587 404065
169349 904715
506184 807875
803599 874000
703369 871916
549665 700022
498296 952406
197002 544022
300530 366565
648338 670114
312456 712508
133276 579805
70343 874388
99956 528279
451556 497486
303428 495119
159276 518877
105402 969069
522173 772064
361021 442730
75553 497155
519218 557524
475665 480833
824620 847301
224014 791641
50491 811001
709368 822791
593683 884113
807568 874072
247074 876418
467985 792587
207366 221311
682322 887995
512942 962071
450456 950263
131543 605427
389579 693699
31065 285929
514931 784790
609829 698745
478011 894395
406400 585441
229495 949187
227860 725713
198580 438841
764564 925181
428369 707398
488108 822078
794442 937467
240588 713789
105985 720357
18722 307950
209586 345268
298037 757067
579437 626757
237871 644371
498279 714310
318318 890875
225805 297712
722993 991918
709332 829462
97762 819888
69752 607063
128570 673700
509705 767239
529624 739108
44239 220128
267571 434843
229244 357956
86252 611044
52898 283801
172950 285530
87043 196248
268994 616277
2305 253922
307061 879659
177857 246856
146433 510905
261947 504970
142976 835669
65257 828864
274103 924902
102176 123955
214072 257799
108766 707656
231796 513369
44967 248332
445913 704237
174863 521876
573103 924330
666307 672302
5622 612679
642165 830613
444148 518293
239169 821905
559316 617856
494114 660756
115683 290517
78967 313064
403496 608033
782263 884324
646209 760733
146329 309155
202618 959505
238763 419007
683421 895300
193738 356980
789721 896365
183160 679635
63952 368313
39913 479182
655338 968492
87084 561908
88645 257560
565976 867038
227502 404311
9993 842330
142122 248928
491699 688303
634961 867175
115529 798513
204231 899540
32867 896597
421095 434553
83840 288949
96283 371441
71053 267453
217325 644921
95194 134711
536676 542397
512082 813574
497944 723567
63906 686621
24067 342026
506305 807608
140216 491277
205796 208019
99664 351579
756809 792699
272696 409993
809497 992545
29969 571695
187179 584281
198103 368867
430674 733258
82715 449622
394897 660878
562466 615507
770206 919967
767206 778060
298706 401733
598852 811261
240678 451135
148276 802420
722127 807556
147651 574646
491992 855202
195663 952061
831363 834690
83908 89173
10748 746494
408993 631717
64480 553074
3596 472484
409172 827347
311108 969080
288345 974418
78839 271440
41236 235745
157122 696428
158357 164742
465175 630714
201174 783118
654401 707998
12207 732174
434539 719554
207124 841998
230470 245689
60416 736551
201875 353779
380789 660642
732933 986670
297836 415822
575706 727201
178095 661920
379123 842100
320462 543065
377575 505354
513486 746791
179841 800489
828783 991948
624207 961136
302369 386788
460988 747470
287930 333199
60557 509364
467158 579633
365348 847699
699018 737893
538123 710426
426187 711001
76374 673488
554127 653007
506640 682374
398352 589172
406673 492984
453420 871097
1780 969767
42423 181861
92262 621114
218258 497857
317136 626398
352311 863587
686453 766014
731987 988196
305375 770863
330700 929040
747824 941062
10682 221828
626376 815002
385967 679738
584708 768095
192154 699457
554459 952142
247889 983658
9170 679149
303607 488739
43036 303809
201091 760134
349728 762625
565311 869492
352070 692467
338433 864324
312655 454104
16186 122305
713202 842833
435705 981274
557095 814770
1362 941156
383018 628514
707173 907219
450027 887156
547742 582899
293970 799586
32517 330472
218308 235748
162544 337229
641210 713084
366773 455213
292679 671991
63007 618662
278709 865616
354983 478786
568327 721626
138329 227471
241029 959414
24059 719818
99240 295310
639586 727147
208375 847489
88501 447488
247773 956236
480803 910732
394770 933871
485577 852856
443440 984034
322918 796812
358434 749625
748188 919009
544367 739269
87868 572102
164727 370617
32552 98544
45838 631999
116871 589449
187209 771273
538073 584074
466364 986588
316930 729256
520949 802687
219651 942733
172006 514788
201502 516335
27012 397328
249142 653495
22886 853530
100825 202040
252783 880342
53209 784064
232406 831251
3883 464758
453565 888004
146074 212525
56178 236062
732904 743394
639605 798843
117163 914757
234076 482796
129164 518916
225411 678804
832372 839500
481554 921811
959112 966039
582532 695273
382661 781969
596435 809880
305857 929921
346813 490314
28455 757805
74982 411769
383271 710967
321582 545943
47191 679218
120254 299854
905235 994408
665136 969613
538690 887129
107186 648052
167159 239347
164950 490624
217537 937344
821651 827069
585679 965165
137458 940866
199827 619607
102020 179897
239230 308013
654912 744403
244715 709676
54835 722008
79263 477477
614611 843601
9313 934052
333887 335477
241051 868752
457835 863055
24722 940566
115384 536219
68805 926098
186446 481097
166691 188781
584611 622640
822989 832272
335655 946492
52561 784410
550063 562258
81540 208811
88661 808417
321884 618190
462097 964472
46053 816382
366245 856027
108527 676999
615269 859393
542425 689664
833309 978507
75122 165268
263161 720815
388331 977390
41043 65858
793303 816739
82375 523626
256932 671346
261337 697340
705238 855856
445877 596665
516869 983812
382959 813121
508615 579317
358279 784878
318314 482353
561009 658327
750167 861072
182207 189576
390455 601344
385357 719389
40550 692434
293969 729260
136872 916672
959166 996728
634787 823111
581274 741422
240456 764356
570285 610033
146771 486146
82173 390270
861064 901706
390311 688376
87921 211871
802620 973955
123921 763452
191131 244352
113604 511959
489360 880722
131775 818564
59311 656092
432264 825637
471727 751032
217326 956719
3632 373663
412511 533411
314510 634526
74220 461190
15164 664240
117051 131214
25389 220525
660986 696860
157722 591331
295288 628055
80111 718850
671273 918591
638841 737166
3794 201486
129657 717007
236671 669139
794742 831255
149293 875611
688913 792550
147079 228566
456294 920439
426129 810655
411623 738098
260214 764769
238305 535721
206141 804187
130010 183074
207432 322483
523370 653053
142221 329820
282027 654965
304261 549062
602454 675626
363833 408364
311815 413371
434607 913427
207609 385133
330436 917878
150491 838507
219957 270577
34474 41239
787510 996923
579470 933929
50777 96901
294402 486866
64170 936646
826623 875714
677751 866577
85852 286588
163778 963023
768004 950704
150557 537155
87732 230522
339353 632620
74326 376127
336574 392980
552103 715092
742530 907934
377964 920029
520173 852745
243278 982100
445157 579593
192456 299391
578391 682330
369024 876788
100510 314241
147520 169939
369369 807262
244157 346003
421337 438673
27944 730000
880147 983603
152500 744994
350371 690836
14487 195778
70213 709683
21282 993885
64579 367670
229803 849165
20890 742394
810413 924439
356165 648987
132196 458734
465296 609610
161270 346625
79115 829224
644137 936466
65484 761867
355449 917866
188525 272539
136719 958092
135464 520330
4611 461597
617432 753327
316653 763999
552989 651738
572877 949909
287313 314348
141701 908444
131140 574000
336058 713290
83498 618004
51078 916875
96100 323855
503214 828665
62807 448242
366901 634832
193208 837901
240983 287257
182445 987727
184209 689118
454357 841400
115447 573262
279109 334425
414664 885294
363289 476200
642172 754858
448709 514562
570152 900147
436746 631315
115216 538712
323490 621193
290952 615136
215624 513406
112573 426818
253973 927436
589535 797627
558929 981748
106037 444329
281490 768613
76591 87818
232634 367100
786594 789038
158284 396954
194583 536776
617762 646198
410663 615193
328210 384279
36896 290117
315761 532914
531080 566113
274974 612440
451830 595411
627352 637009
101127 830548
490502 976729
64784 287294
259138 751422
404960 669976
92671 506815
28526 81722
111582 456412
762621 811897
515592 839381
781110 895415
23684 573076
479215 969650
508167 764969
153127 900302
388981 644696
339469 598468
116530 651631
19755 545208
241510 281636
54443 752735
592047 658421
185244 452165
484156 603254
328485 575853
17058 59188
4026 797935
713634 992491
229139 647787
62260 597251
495949 748227
369294 414660
26502 533809
112658 262462
763054 772818
28342 191045
111567 566437
122053 835658
620839 776435
3533 820549
107620 249089
21124 98817
194609 626628
137424 957928
138700 926213
126232 560455
131243 263090
412621 945260
51122 779148
499345 692186
506672 879635
250652 727838
206587 691811
275788 731331
249742 316317
127773 711497
275933 855081
474088 796260
125212 994945
112124 205004
184795 718715
287246 655069
405335 498025
626797 759680
666408 687417
786347 860221
228961 585621
196071 896187
248772 289778
226292 415123
434244 642958
392740 567545
336191 436590
124602 791515
549931 980525
407783 920166
188203 375947
493026 812845
546585 903416
183446 915555
304078 973155
421259 499852
322725 779171
307158 568187
212083 784018
522206 951362
425971 758305
734907 924816
295714 893814
208522 586977
87798 401116
166102 286340
121241 965531
339850 787277
25089 222220
218524 963377
33314 62819
442246 941286
100931 716492
119380 963209
540863 902927
335554 475186
367132 672515
243888 763765
296385 410983
476387 795441
273578 684859
407221 993233
116996 766932
892694 943764
688134 884869
82985 592903
135012 729162
61901 112805
549355 770700
221205 373289
108016 834159
535917 563507
485192 657212
88900 879679
105931 199411
187595 700576
61452 928667
603894 696688
258564 303673
327281 720753
500674 835333
212443 344585
876924 996425
90853 359171
629986 675367
211316 760043
2734 949542
429883 967378
307721 724739
227326 914371
477311 970545
123169 475155
405189 491880
33065 981236
227170 861244
72458 485273
92443 521883
604715 660610
334412 648158
132136 502107
377137 425644
1926 432889
4461 318363
742457 883856
457414 465644
800987 957534
65938 82537
706064 784717
402135 521398
116424 920461
449410 892482
349266 462056
303750 949547
706064 987117
258474 861473
615903 699437
277882 868817
649560 953619
854128 876674
435050 837785
282419 584412
444479 912135
178924 432844
128378 486037
21694 662027
112100 640932
433153 762188
88756 816312
376756 934648
262209 847391
301053 673333
10095 379374
616412 640676
111525 501684
342401 362093
339454 733237
170539 282184
127210 992960
257223 830774
345344 514336
472336 987442
102374 458924
203625 794933
125877 915771
109789 146429
295954 325479
510947 670041
97014 769242
7933 512401
644469 672863
23495 663312
58246 232138
572191 932960
124266 933589
187968 571299
226616 502303
949324 964167
413000 496732
380418 406434
749796 812717
261884 962159
562697 736426
749827 942045
162378 302298
508534 760647
252572 442343
218518 897843
21671 542414
65636 339307
879887 972418
28075 377482
210946 905631
257918 993664
41378 254714
73674 792835
384456 815561
36206 673215
464556 891709
400840 648102
412431 992333
194001 966306
613002 660977
413649 735868
430700 857716
383141 874492
148405 883735
608987 996159
933945 998957
641315 733217
309492 918954
386973 428498
635053 907968
350016 746627
110792 717511
45122 803753
271358 728671
673346 689780
477637 873295
944259 971486
390785 579806
12109 458030
441470 903525
56568 274262
88132 693798
477145 654008
196387 303162
44930 928317
375257 439719
326573 811124
189235 999340
348164 485070
274183 647729
463646 524059
12597 651443
655588 922525
74456 985976
81510 813039
9989 410966
231113 356659
393743 792338
657749 963855
236120 827027
127306 691624
201275 235276
220660 805676
580829 602514
262759 573020
124336 190706
735493 942458
404469 576038
668677 883155
357895 515336
80053 836805
625851 937626
6619 950132
226346 548636
414199 649525
40 810875
288234 682753
540542 719365
551580 956581
226884 511750
293850 910439
322777 615760
193492 447947
111397 664801
267434 709646
874828 907761
580406 931926
364900 612095
393628 432453
196387 531573
1020 219633
277466 467999
396092 587166
365392 423887
307025 698264
127871 774455
232807 656722
46468 747508
135410 384772
204323 954676
814215 815775
122963 150680
514614 820919
619585 969287
302315 491295
613861 882542
54492 66946
230795 372578
496931 746615
20865 746751
37097 800087
363748 642903
27513 563295
36077 378337
420654 570185
215999 611474
157804 721751
409075 424610
252622 675612
297738 308026
206357 494207
790333 916294
519115 653598
525120 864234
241684 784499
36855 541119
94691 522159
317781 930231
241669 440045
499698 525064
282277 669701
234038 412290
377678 979792
261196 327040
634569 638669
368110 547922
38645 764296
578758 753766
31425 432142
72449 886656
392925 505014
845273 905032
853801 926357
256133 334144
559534 908134
255460 724630
258485 539334
9592 213360
448300 998370
447447 966497
294657 908054
39545 344371
774566 834813
414053 592815
50966 500102
492457 964830
771011 813764
569709 971733
258795 365245
785382 854300
699807 821346
45743 624035
349768 952270
997434 997624
50616 542450
331446 582348
367082 852091
578440 591669
323192 881298
198053 741761
719569 900014
87770 240332
327247 905850
179501 897540
204164 559191
506132 616073
99898 707732
417360 791285
28382 126907
446208 926728
244224 364471
34590 215067
287763 658961
112149 908888
299717 589554
637532 761420
317645 575651
307475 869372
616954 954935
853751 950988
262180 553454
206299 768464
134104 931971
434222 829706
1372 277482
470391 849395
337533 882390
205177 443820
119392 439353
139840 675113
626657 654446
35557 327775
95063 850444
10150 350028
329145 332961
793524 922788
219685 645007
242046 743357
88534 334563
447911 804266
675890 859642
337394 860984
342499 600397
326088 874744
56175 470669
141266 376375
402251 937253
745283 902589
543728 821711
789678 863946
12805 425147
132316 276192
127477 719668
51506 211614
700413 968969
314818 731031
727350 798596
309694 412620
310602 406173
257240 314415
399673 922720
588374 785127
493342 964913
272952 515059
351137 618428
333839 953003
135458 439963
196870 422276
234429 269468
194788 722207
190545 422691
301180 954949
329921 725568
284040 953325
332732 617369
465709 963754
825403 872330
461750 991738
144315 638959
248921 673128
146217 894979
116299 650029
39386 255215
622071 696153
565363 671448
814985 989963
447404 668279
331687 871465
286930 862789
133094 319210
68127 469263
101606 149692
765578 877790
461128 717836
503290 741084
414980 558789
331763 972847
265264 626448
442197 459173
93208 865449
107912 774722
147842 249568
79813 268633
365561 379363
66101 327637
966179 996395
530601 545877
359331 635649
268454 471452
178801 487998
471724 759106
89065 672539
329825 520371
318276 853799
790961 956296
213172 630802
249922 523395
73173 523700
894592 898583
131268 577144
462573 690048
93981 167321
383095 467278
255213 441901
33327 457133
579150 898806
167933 797986
108397 718004
168359 569507
66506 123982
803958 977677
357074 866459
23106 359650
386618 809121
88215 509970
258836 792507
19424 736477
247565 670541
77563 281760
107018 234858
557460 762796
272244 783762
209485 681297
608555 835516
13472 882678
63683 305794
29774 829149
450325 500245
520841 721688
20227 331709
217302 835808
775121 952313
16242 105029
415893 832341
267856 895190
571665 859377
53689 200822
586201 849538
15791 22349
192482 249598
480085 567297
851764 918909
126526 380372
2508 240833
117133 860647
138452 643683
323719 685970
479193 524832
428114 514394
74918 819581
66947 412997
440028 581652
300333 634749
601718 814355
258931 908153
406129 872772
318098 650467
286540 876539
746587 778366
33101 959409
472176 960196
891667 907297
263284 562805
181271 700741
362594 907148
94486 176028
696620 941400
223725 985829
132940 610204
218201 872029
558397 759933
84122 400634
724172 766514
226161 431107
209981 237090
93345 726605
53807 90656
663933 769413
55566 716625
425189 651893
768850 991016
108017 452601
405885 976282
443430 660198
183533 287411
91462 950351
246810 924960
136666 523745
252815 887504
62280 637240
125047 852864
305774 443442
492613 712635
260999 887148
376679 424247
292505 331378
311120 623443
246205 776010
228368 817380
750422 755590
259396 397030
473679 922833
11941 938953
33099 578968
246644 930591
457478 713003
270506 338356
789592 992835
71449 362347
394732 787981
724432 736919
57668 781804
366565 427994
101051 211885
337506 503642
716002 785318
289572 584479
657912 771874
554938 611573
261487 504383
276071 737633
312671 651948
17242 900489
239401 717550
637251 809009
325788 914110
120576 592900
642293 866387
409065 819386
127570 531533
85631 651645
191978 678126
284046 758472
34159 731524
36213 536943
124079 184273
809721 917866
130434 926284
749535 810825
345466 707713
529053 664678
652522 731478
947587 964890
340334 676497
491277 708168
865208 944747
356696 981119
138450 652156
473072 478204
244262 508189
141276 983609
547715 659166
175150 189942
306429 389478
158247 726831
808779 959480
885849 900225
673734 929657
224428 742119
92248 547900
452467 853985
409870 778425
69340 876629
368712 980635
180486 455216
2790 943946
439207 802663
99271 690390
35708 358651
423054 626353
179771 478769
682023 940741
118438 358082
144903 603592
710209 790177
265572 454692
814484 956299
400380 473042
67279 292257
537576 949013
282019 738270
244652 274443
565869 974797
675802 905367
157180 478689
15394 46341
404305 908351
541585 965557
10360 355429
16495 846587
431096 924846
390995 773264
790284 803620
704717 740779
44459 886552
501536 762492
426791 671723
73936 724310
699377 778733
112167 516648
306695 904911
520703 879526
165622 679097
722496 735791
638162 939845
546669 793955
209008 539651
981277 996799
513576 524317
185669 368483
21011 474507
758286 929411
9216 928678
462832 655758
716355 972894
298109 534139
409081 990711
458836 620081
221697 830347
514580 876196
88486 280743
295472 918788
160946 834567
115859 759841
71522 197813
577598 607868
736359 946329
115692 766551
42862 672396
257559 823951
805725 964520
693787 742864
389049 997999
97331 899675
173801 736448
62920 837152
444604 919618
353672 747428
166929 196830
192542 830599
380396 650257
451435 796071
155630 246836
13768 547832
480735 886663
664587 976166
339795 369219
642194 958250
169364 941264
297809 725342
530925 595215
185395 535771
16033 938140
280992 725089
37575 764349
110873 232925
711871 892706
162467 275918
482008 857712
22318 431625
218519 465081
403378 539135
895812 925688
68833 878605
49892 757643
556147 741651
163727 748698
744452 746901
261853 544606
397194 471131
122971 452892
802733 977503
261051 307631
546940 798609
350828 671431
133033 611872
860546 928536
106997 167729
464710 508942
162741 192505
14386 39588
610519 876069
91472 934338
47954 916574
541338 611434
694254 917284
127166 478103
120363 478982
631950 770088
309321 571693
169798 304186
720271 970159
362950 819594
286073 428605
3684 371567
221074 680389
477751 540309
507105 515678
216276 450279
687620 912630
93823 753433
454023 748116
103264 781468
95174 272926
165984 919402
461812 679932
736006 942582
160820 900868
160049 809269
52919 59116
253413 344366
638809 731043
284811 863829
265963 493223
262083 536787
339939 583971
199745 943840
159834 669952
371010 611365
130505 615654
20547 320397
103619 219036
457291 514046
227145 821728
459373 473389
106216 724801
387634 697114
211321 221965
89060 987920
427309 746746
912534 964895
79356 188978
499582 560120
464926 816321
488151 723016
436731 482439
648995 849356
415564 892744
463951 747334
269119 708740
383711 730516
549988 781654
580447 714565
456903 937726
246723 881871
405380 718375
446943 664967
331617 575289
179141 355768
483474 989570
310161 886852
255296 438253
345415 802420
343336 671825
261402 613634
255458 337693
206260 677487
11470 727962
25835 140725
339095 679434
372262 675354
176349 755655
101070 217509
451100 848826
469640 964495
159952 236675
134719 417591
862972 912055
353876 660004
361269 899791
444793 869149
620217 785569
323510 495795
48675 716160
254847 729531
106736 599032
165861 441088
72698 475255
538979 655103
96470 923271
760572 940459
287028 381221
464352 743496
156071 220467
263528 640030
207838 290358
334588 926840
97386 745054
113205 708689
474563 523489
777667 838628
80732 378635
354861 377057
19747 574067
306226 524176
621380 671786
461419 657967
497374 605311
140278 711234
489883 630333
305425 415749
354069 762689
54586 555503
268413 899208
350533 737813
13051 621329
419601 755976
885418 930841
193413 787104
20991 237674
440348 619061
384064 405257
293056 511675
382908 685405
129477 370265
112120 555313
327668 482798
155681 903565
68847 342392
348721 416779
484648 771825
457200 729389
539850 929361
508279 804285
15521 887569
243488 342616
79744 346555
187390 200755
2539 670139
428610 882620
251482 432431
105101 478806
178453 479119
524760 551352
658196 939666
353473 765495
164613 861849
256691 450802
225370 867751
186909 396092
196647 870273
217084 258734
88950 107000
324132 668888
624365 630174
94839 373333
179485 834219
148260 340920
130963 573865
325827 767651
489719 935886
13639 760888
313255 410069
623445 724798
298387 630517
36352 508145
47937 272918
274390 894583
292043 686736
724154 895113
662605 947958
555441 829334
425470 526011
843269 908594
42786 611823
767623 858286
395463 686935
114879 909271
114371 945127
669929 981060
487478 825538
91529 363862
214011 475200
215361 629416
440353 899894
5666 115353
500629 543701
63603 624250
458905 552836
579300 622488
263006 878821
412759 872897
182412 994141
467023 769416
168155 367477
695996 967804
81656 887161
808540 973600
221955 528629
578500 703879
107474 190664
129286 635366
49078 992811
57949 301434
334437 887215
71864 190573
59822 536800
593818 892000
173472 500832
112673 893684
729050 787045
533233 830471
7259 98953
203164 392419
94486 145170
12135 607910
476679 916341
525815 847197
52115 438333
461412 806217
927693 956406
34677 242325
383838 549645
233780 324500
29166 303548
207969 278615
221545 838725
130420 820863
398223 408984
622080 890167
41469 182889
450837 998986
276433 624969
318834 605633
50961 879459
187205 398272
549219 815156
238405 770673
242670 349299
434892 581964
132566 931207
332968 872498
163334 587069
70781 363895
533664 876543
241025 250604
810581 820308
253511 896086
427593 691576
523881 545253
1910 772452
528706 947122
474353 823907
290782 379521
315333 329196
460011 611632
562499 576771
677579 711399
357961 686047
651180 892715
7391 317499
97931 687419
262960 419879
237217 697717
108710 500174
7566 540799
160608 337466
262642 786420
175462 329068
434607 747278
256203 701343
257581 358293
36055 308874
418879 438056
47046 353499
252845 600768
123546 625734
55506 514925
217789 332127
249409 266045
323106 930504
26067 302589
754127 829174
261718 947981
453733 697467
553608 699929
259819 326228
425261 641476
639808 975879
375079 505565
501257 934758
801819 948145
479939 828023
442228 969052
215080 448995
493908 520733
407531 889490
682546 826868
60745 619063
170416 756300
18791 637576
284993 531445
31866 239249
87223 388787
113685 262635
264397 631029
558239 891434
82086 525970
232444 817028
101800 386350
137026 345514
732237 959929
642449 819699
159176 483314
423529 545593
464924 974186
590733 739019
663822 761874
584571 603710
488532 821440
266366 380060
115602 636927
123011 788036
325113 357577
242219 860162
476000 739853
12080 848370
718752 975339
276230 349291
618012 626122
419114 425323
250811 644207
314303 858425
183175 870528
252225 807412
541383 998268
101817 708310
269136 410353
233608 786711
299147 637297
339141 562603
68589 96330
115084 475960
403968 797372
278165 444503
363396 606206
627889 683520
60688 247851
176359 393920
908215 932986
129983 535235
156047 432763
205717 395908
2154 538358
290856 362253
306108 831817
390128 837041
13942 382999
367512 597432
651193 980050
172833 604159
737238 787436
250401 726688
916914 998365
89678 464789
169605 965172
142904 935291
344032 453114
674189 749277
224936 592094
456144 956769
53146 236952
153180 549946
97182 208825
884787 923419
157464 879063
86869 790161
397110 631059
637605 731658
400468 851132
593826 928549
118576 291304
496430 497829
675749 967394
549833 950729
160938 484401
240312 639662
282046 999145
244207 773429
269554 881363
292128 569820
10295 550242
173709 892213
186753 771854
714421 960016
482224 817447
399255 641432
485217 573925
36747 794441
43940 391953
248938 986265
207324 510545
222800 331113
154475 904650
346037 393747
284840 396671
410549 714606
229788 726790
40624 827604
268117 400949
147798 359154
563355 730295
236543 434827
589136 924055
391539 757128
328449 464108
514733 760633
245721 991303
479228 495288
70005 131073
197997 758329
6327 251591
915235 923333
329066 336299
316988 833080
7961 276435
181109 288838
709446 856579
191441 634863
107677 129268
390354 941623
606632 767019
368134 933475
513129 601982
478679 532485
176747 252238
663120 973374
800098 898047
311822 841665
27850 183676
378730 419583
6267 765739
427887 470135
148103 956322
105493 363010
235819 414102
479316 883930
485336 946849
592556 861400
25055 999378
467814 689460
3448 614691
852507 978282
107930 388590
608507 732046
173043 343012
257186 719626
455784 588418
324818 974691
226707 747816
539298 945587
310498 561782
157959 525073
300975 942804
217747 390482
288767 861087
545131 839576
16157 857117
146747 502957
127240 841439
277409 559017
535180 689175
302384 566462
255276 712310
325730 646621
171556 384240
365860 839083
759045 852745
290078 495514
178629 665062
362120 988937
357140 784282
135673 846820
67854 541068
568978 854470
399034 583409
551627 850853
396278 869221
464095 691962
189952 672643
566365 891002
275243 816237
512949 548474
433813 854808
524639 675807
584704 645995
448192 641743
206677 428657
487836 547083
366840 914391
455300 785523
421270 422600
404946 862359
13991 35592
308762 676467
465348 937938
335615 457209
3959 183077
451463 834547
41922 94344
577929 965393
432810 875130
132956 223966
574706 932974
316775 409506
364291 397134
9507 614150
313524 495075
433524 937422
61488 666892
636522 840807
170198 482452
356952 603903
508585 814267
331713 521841
74881 736404
219312 603854
113264 532344
755867 977150
141526 823167
468090 636828
197440 789792
672049 802334
627382 742481
616694 661753
696911 910796
696745 827613
60856 658715
546837 668073
238150 725114
27165 605057
751369 754250
499144 655475
228977 815828
76806 926486
419266 424236
756243 853792
935787 952955
741660 909779
4491 152766
567236 628780
715736 865277
752848 809548
148939 687265
418691 522823
690964 848271
227391 546579
254818 476900
343278 577018
156047 239059
171962 177393
553350 758943
124832 722829
136850 332980
222621 564145
564473 951143
323035 351142
659918 813728
47449 85416
50614 249050
723921 957268
304036 445184
285192 689777
438567 568002
314558 564874
394360 670626
116086 621310
230349 999292
219600 441933
173838 321172
268294 458228
9539 209351
631657 834813
364682 852430
47380 622011
569494 765923
88564 627247
93649 973280
396943 512731
688088 752512
9796 533922
225781 878064
267290 433024
409372 864414
356389 726828
802599 906208
225792 455413
134124 956699
281725 677015
9460 140028
589393 818372
608008 954283
261576 597954
357130 539288
407411 775240
311236 323573
811124 969055
273891 960783
36320 63975
379250 926617
274271 649676
444238 887196
440201 962483
59539 854994
552205 930431
185682 857059
249287 611235
196561 979641
890518 908613
209296 358453
328142 524926
588922 784581
448844 783507
23121 328008
514281 844462
34669 931774
145274 696496
442145 664892
453580 810391
805289 819253
356241 642757
275030 889303
378421 458726
288639 942973
428933 636332
813609 852419
509228 778028
210354 678552
293429 399153
85939 544233
456285 846185
263784 744660
483404 642764
327545 405786
178947 294927
115218 343218
277085 289872
21258 74852
29599 415885
230672 528628
1418 452767
562467 846400
104151 496674
161890 903785
229090 884899
602528 649129
160376 707898
14855 591382
128383 810167
488589 663948
178813 439765
956046 976384
95228 690996
390993 395748
98430 943160
38944 604798
658765 950070
622078 737798
263588 999755
226515 757850
284073 964475
128628 890003
574364 733305
536205 919819
389743 446310
376537 759307
400740 681498
174539 858183
889301 955098
362604 938287
23596 183766
854604 879377
96279 493798
388008 798310
453429 825190
142005 768653
773252 813940
305369 959484
11663 783888
752990 892116
437315 763293
380453 857789
88301 309465
354805 387935
69341 550210
334155 953350
541487 597114
526230 535607
191306 905171
476141 489231
187668 222948
167638 808251
140818 708395
801206 846219
517686 949607
214107 277837
736682 965907
13070 194809
229201 908718
574191 941185
133193 145321
296154 395548
392175 675246
331614 638236
123756 918464
281833 555397
436294 516965
313426 578451
153976 563941
921625 930313
392752 983716
182683 788080
470284 700305
452532 865310
139181 720780
135757 258739
542191 602102
911774 937779
269054 384648
221749 939099
251463 664578
487206 798508
424239 554419
697261 771647
544143 994795
159534 263065
815421 841407
407768 604835
493436 746482
255574 961345
80284 332804
245089 400475
350084 558375
653472 830753
344679 614311
425876 559826
304279 370866
609871 888476
529172 794339
405116 611927
311922 942435
145731 795293
323667 715218
207144 680189
730570 850215
518688 606386
32611 280205
97975 475863
102823 826403
401402 816838
207448 384994
458470 610533
578565 704743
679323 977673
250978 557396
180777 609703
400344 892893
489049 874943
659283 824728
111971 923219
82540 651463
279809 453495
191025 802425
630566 655384
187105 460168
382567 819866
88927 404097
162208 434303
304871 685841
21367 544901
315218 679488
276017 293485
147216 812925
149623 875709
693937 927278
214478 559592
218004 384050
649734 657059
196340 258570
487092 878464
35977 184814
923618 995013
732638 899457
406694 679831
168411 227822
85958 807376
215793 543767
213328 624042
120574 604663
410153 990190
537377 695952
83750 113122
266452 373605
758611 850254
235940 752148
427035 977727
102824 980030
313897 574231
388280 798855
99508 468716
252756 399135
536944 723259
472217 598092
829183 937715
558638 844419
356950 822870
148401 851767
221757 354297
607520 888610
282164 542954
16732 194577
759864 910587
195783 210483
233680 829931
407828 541364
49779 604868
273695 809250
99779 470843
631711 942150
728701 755735
156464 844290
439538 589140
413820 954621
209498 783620
419156 504139
659996 765939
81456 838198
687064 888794
389897 719270
159988 357178
729164 827469
191208 593150
844168 916915
383938 413257
467314 622427
831 934210
232288 762885
99244 731287
276091 931500
477560 580898
440499 865780
916692 944731
198275 266373
464182 482917
716155 861411
81562 257599
453882 509441
669304 758010
147215 150711
17765 133323
373889 617301
481546 774702
546937 778288
306522 980894
79693 837716
135963 377356
355008 712968
49799 775476
947951 975037
222971 721333
313266 985024
403264 800570
31340 142408
208912 588068
506312 731030
75841 170705
196648 373843
617819 813846
377055 893290
279043 636896
451835 733799
712183 824955
236097 686426
504952 922710
20791 766482
145094 993477
274328 894988
754551 763416
620651 849741
688313 753931
81698 819385
108018 969154
272782 473063
340401 392513
223702 649897
368286 515278
45054 975284
944696 976414
108414 784782
397049 714498
267594 954976
141185 596050
648153 974843
181650 233075
607442 863212
31237 575378
23044 956621
283609 289138
78221 197680
666811 669251
43862 47257
239426 309737
281597 467756
939459 961889
6113 117368
476464 795231
775879 979231
149443 481512
822117 914992
558221 599883
540958 718285
538878 683397
29169 689706
207461 252101
148346 269277
160527 514445
195301 728561
165304 509670
814502 901969
309502 411957
136934 598440
277625 902657
492262 809183
355998 895165
19950 728090
433373 531698
121792 328235
128913 936696
496119 860516
158202 472531
62057 850736
947547 983760
141581 681718
724659 791210
579210 724829
6688 593952
461833 765526
626481 877109
47549 204154
393849 906127
221437 575751
307374 850402
230569 899070
364989 883250
636210 939038
322828 876845
249414 835868
44257 799185
102523 134701
136954 579040
662986 831477
197801 825589
161652 719006
80159 457312
798845 905789
241986 539898
471917 789918
18085 980347
234981 357086
260167 977911
774579 798398
347364 979559
87940 722851
685405 765434
864696 905227
335537 960839
324698 506799
324483 831104
11475 148877
696592 978497
5765 228695
24936 362952
124370 134318
695789 839941
93660 272239
27349 734665
75869 263946
121097 532812
502516 657907
78677 952987
820434 891661
782622 832980
364752 537513
557282 698457
696471 829234
273342 608838
311872 487791
3813 713833
694258 884249
293913 831589
398120 766883
84570 987577
483277 992265
200336 593600
320117 509767
64790 537856
615250 800853
231376 877836
246940 536703
880226 899897
19819 226531
273460 411266
408703 627827
899175 957667
520198 812723
856433 886077
624835 962256
146506 304894
96302 140560
74173 921186
91691 351175
106946 515230
442073 705475
801508 914989
296660 788594
441094 667024
74621 367881
511705 893650
98648 624616
313625 722882
694806 893055
713191 792762
423621 640729
52295 800729
156801 951696
113708 371006
314196 580496
648113 689299
146892 193705
172897 664759
186599 851311
282972 769952
451245 691804
385405 674119
410457 823028
395300 566994
766248 903147
522229 609100
39166 381352
523522 865633
180377 557657
430475 795670
79645 385240
319756 919815
157782 634839
468157 469189
336062 383255
675241 835366
389193 654359
67131 220404
63570 93701
213382 372403
355604 860941
168786 676703
75342 142144
272841 924308
690246 769308
356583 768298
319395 423362
217852 403379
304382 927473
597320 640293
420261 654685
606476 970605
87650 493174
168223 807526
56063 921949
17370 652031
262969 648487
62337 676011
647744 702989
624764 978240
304966 840789
22482 59543
311260 930831
266757 763636
420683 620196
23248 437205
315393 437504
551974 555734
130756 884645
144858 966193
44039 467319
551131 614739
167702 320049
184375 683276
354252 931565
200790 352453
667350 972753
356571 675459
197188 892875
67337 850402
599995 693863
12305 687255
635264 785497
125809 647091
689018 745570
923754 978735
506000 866477
33672 578305
614475 698187
720135 727477
154936 451146
52899 958685
412404 825986
487432 552749
198721 811876
212046 779870
202732 306705
458660 919261
152757 511431
274203 726239
83955 900679
552044 981195
88624 395700
35729 876840
845905 885344
204284 931114
449446 968156
83256 832099
27266 182731
233297 330159
397898 525695
656251 820073
461064 984799
753186 766684
675516 791018
342935 617344
402578 470162
294698 332538
482316 508994
761614 990670
469633 737515
306239 824151
699819 748620
797301 992349
309882 695211
246309 941105
350749 451441
220975 658031
95401 403634
356803 889923
665819 792780
266431 967665
269898 760288
79968 767445
406322 975195
742632 926824
692378 716098
355092 471136
359472 552132
704566 753594
153166 676631
656172 887066
146073 983858
556645 887394
41919 881055
13118 45973
250161 754304
123769 909043
199155 527742
843770 983180
417771 598627
383046 943060
253038 435799
332029 822995
785379 896617
56503 250741
246657 276554
492324 670254
63525 916190
481283 816388
306682 440978
270122 455135
832862 945893
209449 570853
29951 272241
380314 410251
333800 570663
92059 204315
53380 260434
172416 621306
305521 640515
262117 821730
419300 835643
547680 592539
584563 631191
257346 379881
333724 467484
147004 312620
37151 422032
136319 710474
327455 533057
195689 353749
731672 981628
17613 120106
241323 506972
408101 927273
230785 489955
541942 957069
399255 801701
73702 521383
1302 385363
114169 215673
682336 752920
470760 637017
48877 222809
236254 982423
465612 589008
53162 87527
143375 834423
148698 947997
539934 933276
208254 652620
63725 928331
416304 746907
274057 508928
207120 880924
766579 798898
147673 581646
523266 925024
194739 436707
42596 821552
133295 899038
3221 232315
674834 828397
35518 406605
813920 977825
746725 973527
369945 679444
414720 448223
563163 727871
407929 952474
535198 758691
422728 522608
504015 792957
305045 378339
228353 607511
671215 793433
73598 982798
278398 473631
204864 303769
35375 616207
266482 401619
125431 837345
586396 898492
515772 525468
41802 896931
192474 428823
406438 696918
568701 887918
908 464620
99147 221818
604780 815871
459937 927819
916894 990524
744435 923033
396672 513092
232105 948678
843822 951174
2806 825705
221507 676467
381391 835209
503793 595637
347214 547474
584014 760812
255762 549657
69971 468100
591606 994358
152520 610243
257280 637567
162095 937990
403038 802472
130519 571348
541591 684125
204420 546944
80510 506966
603542 846866
928423 951628
300928 706707
237131 920761
713155 883077
846815 982745
510084 612128
650598 843406
91088 691004
569637 867878
874262 948903
2542 816937
440696 808661
53064 378023
408828 622372
543429 852458
807452 985130
383805 854676
560095 861570
328767 432553
94008 378653
3812 110399
277995 921201
60277 246772
33593 596092
105451 441084
133452 812110
604261 810623
596746 968263
52189 921965
274746 608696
299549 409044
350729 712754
385665 836942
13489 795787
696017 705756
82963 687416
782846 832301
99175 192569
950544 960322
170714 262236
144850 352639
534388 590215
137466 638276
670815 913562
16744 418183
354178 802391
409080 577060
153022 917224
197569 310051
163747 429440
516370 552744
159653 500076
265889 610466
8531 542015
13147 980483
375340 511901
574854 755480
162687 767101
149889 751298
351216 710609
868833 983230
867517 933912
119190 825737
48067 495749
532259 566211
285325 477233
333553 404630
375289 673322
556175 962038
632523 925752
184593 277238
675232 889748
51593 946432
189468 966782
236765 967644
620914 780859
485136 778122
808771 986784
83308 834641
691371 905223
572269 730050
715243 829936
384778 525474
403820 821827
866717 955875
52660 526149
579333 889192
221055 554435
662884 699775
23945 45205
485576 923877
375751 407092
338768 881332
517253 670540
563633 574520
775967 860681
716744 745649
294598 576521
208995 300834
473210 503041
732096 744189
487057 704121
386832 938171
666927 796810
259965 266081
87019 642081
19270 158947
928355 988495
347 857204
163205 407250
823713 899783
252174 300977
478536 938055
147751 832377
162011 890309
71849 208489
32424 471455
75054 457399
510244 878827
127685 231079
242942 793997
345172 862308
152426 263173
213860 605806
73534 86417
360060 424895
351244 639836
102199 574689
412853 719479
356338 818523
471102 778159
380999 419470
728688 833134
71390 251973
347722 359117
16486 976490
350418 469754
201467 689648
98417 871401
266739 937637
49330 964456
338152 667333
300010 896522
314158 412223
385084 951167
483277 752019
161779 494087
588422 656213
392912 930353
563295 935553
32811 880691
449890 746901
819372 821398
515417 557206
403725 558618
351877 937860
465496 888171
91087 246510
361958 950252
347922 500663
223953 497756
803378 999020
100995 381812
713023 795442
78124 296062
279832 805674
255015 581412
448132 722854
133464 870270
609374 776502
302171 347121
297074 683827
540827 661074
189471 770288
777358 910279
172256 835404
443284 632596
59007 346584
564891 784689
20844 345911
52472 571057
366573 513592
138688 430387
122790 428250
412063 666654
481205 600368
187939 636858
12613 150146
194609 630355
530554 573416
523165 714235
421467 456598
96418 877864
370602 518079
393699 597385
386104 733518
346734 918830
303296 561976
398229 600522
686649 714520
266228 897372
224078 284108
132341 455310
252796 693309
308393 326456
140832 594649
583617 703227
107506 523123
609867 625206
416716 983857
96600 677214
340701 859126
97924 905282
387368 459058
596632 728632
156939 448584
319441 811270
621163 667475
248113 911607
54257 789907
25980 148062
294919 592134
179493 368452
94254 581451
241906 452857
418701 711191
59757 513820
105697 997846
258566 288140
297368 795998
305798 927068
71703 243296
61960 395285
534640 968833
743604 798296
359191 500619
71232 546773
476902 612900
520268 970467
279962 663139
82200 549260
267876 940865
67513 69813
339975 567261
149300 300407
246092 345969
114776 750120
101432 517587
137118 580314
14935 571919
573285 853684
385182 843920
279208 434085
625507 990661
73008 91606
233739 572480
148866 710629
887849 896944
459306 486630
71274 285670
238458 525478
558530 952256
265741 624821
475631 689757
107736 759967
263728 958462
99020 854205
221401 756034
229960 954310
746538 970956
622471 820211
529302 770721
363049 937561
6498 574197
462771 884408
206949 413517
702528 923566
366652 614763
264948 827286
17090 563005
257463 353685
8987 927545
73438 342535
115822 271554
435208 614486
396218 578488
253950 432509
363874 494243
438282 679473
293509 698382
971457 988156
39743 502520
273924 514214
376023 865627
36961 360026
642512 691830
626115 798353
591691 978006
174203 966606
252256 276311
460265 964416
494227 796382
492964 613562
138790 663209
616906 884122
345497 970139
384901 739860
64970 165692
376327 961246
208546 301187
266709 918844
12927 500225
572064 962661
217367 851914
117706 949330
584835 791139
463277 620191
300677 610407
134611 528481
176069 371051
282819 973229
228296 385859
68933 409978
87242 969975
263711 738132
156890 897327
433570 760330
843354 868902
133675 439621
113670 776715
614241 734860
202118 374613
490684 843500
264568 776298
138798 899270
215431 812017
3095 910785
169969 222419
26010 840713
436812 481268
752485 915419
86779 321729
234553 267310
31233 379897
218401 524442
83208 640557
178427 331203
160462 481021
857026 864713
276271 585074
658136 816635
281650 831685
99094 285201
199276 204965
120015 670388
133846 703335
400021 701387
396968 611937
481884 778786
791937 881962
350748 438487
112577 514619
59726 861592
710680 848728
42709 370896
223806 681938
38260 648539
172791 269138
608232 962391
269020 878240
11693 886450
663966 786904
121250 569172
594472 720574
470429 885822
611442 700957
30300 892213
774954 780990
428401 876520
413004 998907
165450 910686
292128 864281
756941 989143
37475 390592
17298 675844
455433 546172
419623 913599
453110 846990
251957 441550
843530 926375
634778 985274
83081 985540
452618 647094
375562 998861
217770 624549
203715 995160
157682 372590
835849 958554
352899 643440
72959 543486
90484 598433
746082 952023
470255 711871
538243 735731
289195 615989
8302 797115
455952 647275
570413 986393
765925 788737
409907 638183
889573 958900
478280 802547
203786 547689
535044 744475
134395 199581
678860 793196
224973 683987
514334 905912
199901 571573
109098 803369
450537 649293
305258 986394
378722 480340
443369 921123
467866 717066
94548 403570
152942 806563
266559 830659
63446 677523
285226 310779
815778 979273
28469 155384
347883 714977
859971 968502
426367 434048
686946 725896
540147 590531
896896 911635
90829 175452
363108 905004
261718 366424
654166 814286
65453 557183
189791 635893
168285 868452
167547 834650
245729 285035
109575 176483
28215 150625
186547 527062
371376 832174
242773 441956
141719 336773
422081 750335
827237 976097
517581 700755
383320 450823
637130 668708
21714 51879
718758 973255
34294 924211
571446 591268
56783 529979
49672 918762
87063 466807
316739 441237
626044 645986
262067 918349
249201 756904
201832 713871
759771 911828
190546 245677
94148 267994
481291 824508
41323 864263
63607 947705
54516 472581
714074 837439
25393 487129
781249 901057
171243 850125
88898 275125
187464 491972
58476 680004
240736 306255
251128 990216
643904 730967
612299 894071
26944 94451
325117 749450
461965 469450
641033 890658
69612 843614
76307 397669
751154 853126
270467 948726
39788 521216
211597 221556
295315 634082
274061 302365
406822 515021
155469 483987
422487 548420
562146 969478
114596 502494
473202 956092
343379 843185
430047 935119
178812 290510
116331 181123
539552 684506
258168 697889
30334 760782
294624 637082
811108 858108
70016 727561
215115 876427
236400 658067
466259 884219
867164 892930
718521 966033
105998 893119
618768 661999
176785 831787
350329 623937
4386 434998
10615 762276
262100 934656
471631 546447
419683 487566
151155 497867
343060 608631
55470 963764
244938 758088
273271 908068
268307 465088
486967 537243
236555 826628
178605 617234
452440 534089
159970 500096
662489 735245
386061 820108
365806 527718
183564 678276
242590 275901
637376 668888
381446 621942
126426 546871
244075 386345
393750 672767
233844 243823
93771 454262
67917 87400
44292 366626
294985 822029
552842 795101
430007 667153
45559 525560
438729 979032
800500 907719
254259 385646
382531 987665
135234 216572
290682 735369
85147 684150
599764 699425
56314 323892
166284 212869
492041 531598
554898 773033
56408 478988
1592 750674
86304 838879
448326 789584
496871 616278
220932 364815
95196 810418
185686 956209
705390 750967
331335 989769
136552 844282
811041 870260
646662 702028
104063 420855
268831 613871
630146 811709
263556 872748
534932 683753
811771 854201
475944 817390
797368 987957
12366 15084
571997 639373
228902 254088
60695 157476
441653 947416
745259 849220
846977 870335
13259 298389
319237 332506
902597 965418
808749 826767
154054 228783
355352 604495
46014 447630
358396 360022
9535 301551
62605 174713
339206 568349
303011 559840
363703 877500
402634 669315
251900 302086
84658 979782
373402 830937
104590 177899
201473 553924
390915 542124
43381 702455
627369 987792
8907 553173
3855 873120
868413 931632
727179 920794
319549 430305
169506 876054
478333 832480
854426 984209
546900 943063
90490 862871
733633 804012
286872 841583
576037 678518
409772 624146
96170 299339
101700 920529
27444 558872
354095 945539
527165 992763
209702 644577
570422 807891
134585 862021
575452 859955
137572 768135
117407 458303
14055 714396
627914 926695
617167 706507
84179 728450
266188 931862
13260 264262
38260 390617
411186 738338
250530 887542
433853 720654
398700 896691
197512 257036
203718 893542
216753 719772
208959 395925
464309 626560
182860 569667
502707 821793
775018 889519
476303 717247
462023 973777
116743 283730
307478 576102
831529 882254
554564 977222
72379 158269
509812 763643
450317 688151
372555 513424
198241 212653
60392 170932
40562 421269
472850 877161
762018 762383
232412 891682
29095 921257
733135 768074
109575 835112
409011 482404
24672 355485
151598 633827
417312 792257
700702 863562
111592 748567
30919 339434
355580 785195
601273 982230
507694 592303
171 207089
176688 928702
80107 638229
698453 761338
164056 791040
429456 622632
458183 567580
65462 271303
654799 758720
111798 832342
340432 727193
323196 533695
638985 858955
230644 977415
201576 425665
22398 563377
68707 409479
590578 963144
488318 820185
232398 799336
31899 833883
457469 866139
724899 769377
288847 698272
374286 375247
698227 992224
59324 237244
703271 862768
450670 459650
553819 670291
141115 902052
431213 644273
847818 900503
58734 576265
341946 468710
75404 783139
491765 668235
221855 632904
867042 986445
265993 689760
184736 460135
162713 365843
462041 838912
456425 458950
151832 802924
423579 930706
69885 987793
99670 120427
115769 143369
82203 444510
325549 917392
202028 924801
429556 542477
85941 957734
548540 948886
559705 818615
644452 925236
294176 308597
175207 804278
16042 906341
49838 91359
315870 848039
125845 489834
120662 487619
321925 550344
193190 360035
255469 656142
541436 824952
384202 969991
593156 752932
288919 967230
87157 912700
701341 991525
98662 924089
679234 822971
3702 833189
63155 626155
28860 749865
341985 639733
327362 794537
59575 828244
371007 811902
693286 710741
717337 948753
771204 802348
732917 884117
509118 841816
350095 510550
811030 875218
356931 623604
566316 645091
272437 745550
182819 345342
825244 898689
33245 920047
182541 387128
360568 807066
83475 571388
176356 704452
544096 557590
289244 469685
2303 886336
405130 599925
480269 498951
109894 937309
99905 919450
15190 984568
301086 821783
194104 572692
443869 571169
558083 873375
323894 402154
564427 887831
289581 318534
756729 782456
95662 394095
259883 728659
159168 801790
540160 550963
351926 914367
488408 654618
587630 769831
680623 688619
238381 368929
238255 546395
571024 642272
624219 754661
25580 131147
201312 224918
487990 983385
111935 964844
221806 330234
283713 622077
315711 630708
221531 537532
138419 361161
168065 459880
490659 911167
240371 630858
206831 511366
295345 477152
23360 605850
239086 874443
3484 842349
73346 493460
429417 974484
532836 546689
133745 839427
595058 849055
309049 621241
182645 724680
96087 553796
194177 709793
79332 89154
891338 971657
349853 947536
35451 485578
564140 623950
196430 870148
320248 848975
334947 588488
127674 774141
385655 587430
418033 637231
875561 994441
598172 988955
902279 969836
57717 941535
901064 909432
357274 434787
425176 961191
270111 971523
402045 654675
86329 208812
91192 111286
324211 646095
545422 831628
786957 912255
715718 839262
263592 938266
200432 658054
110654 769372
357392 556334
393985 415625
9914 210855
225877 300529
240313 801254
119831 279148
331585 516563
124794 678929
760134 861751
559288 824929
128134 963037
189073 635341
93522 699400
423544 431130
149602 473462
36493 176075
275360 541743
635143 796423
347109 764882
87870 359856
17676 690306
179894 345807
431717 449077
281902 464899
322621 786196
5017 24300
18095 644842
611338 612591
230187 872569
304767 566945
419759 771394
443078 985002
95318 434573
179657 412242
134155 621583
350088 716318
319313 600837
152334 478682
419324 652275
259691 881977
481724 498772
778516 989802
4528 114332
444530 890187
318382 590019
204054 872688
140145 918186
5819 783804
500164 813001
140279 241170
260139 590302
43020 764945
402936 915981
19613 43147
57908 434552
67805 830503
284696 869959
167188 950966
29554 126116
370063 794589
368285 852564
561484 971703
48412 754834
257025 352459
425387 830097
593443 665177
873656 955340
302106 659909
36539 177098
196605 546715
458026 853221
30163 285881
126815 811561
482324 881105
487545 811923
348422 377283
272659 749490
252407 355185
123950 661745
515920 997037
151493 982959
296686 710980
239414 501110
530691 650078
555959 882816
286189 947640
642078 959292
678179 751008
703720 906873
328455 329007
603506 763895
767167 797280
474142 510087
13595 720133
481979 912810
21490 69838
336641 886333
420787 702315
333285 691472
296165 885846
651765 724958
791306 924591
3605 532156
469131 806917
643517 852403
78649 813714
404929 907167
807845 997363
225689 454168
90470 231808
473880 687710
831002 860660
648252 892469
49193 354812
35884 70326
465199 505644
456738 538418
444703 832804
289967 609305
508678 897804
847512 928451
487681 738022
199673 275616
267897 584176
655856 724070
170573 928933
59465 384333
211449 514855
254345 436328
241528 406215
27984 99775
33739 758533
778738 987153
7112 784023
210078 842637
609558 747506
151183 232867
865688 898294
490468 606284
186951 860091
717698 763769
106971 407365
285703 410838
71636 769668
144645 522268
860768 874480
622358 671952
224994 263756
372850 659450
328504 707556
130545 746781
379115 816531
438771 988042
184591 630294
161762 797311
463760 656399
366370 666389
342617 907744
135128 302312
229717 554471
408502 958577
245643 753503
102737 592367
515250 744914
95106 201662
309963 541532
452745 852329
254998 857337
355139 409793
50686 594635
79976 722060
446953 883678
388333 697599
118355 949839
234497 640679
2468 948141
480793 996416
164841 387513
383950 647501
757296 843104
198740 300794
237540 632887
885899 942515
73623 197437
270961 642790
95713 928094
196909 233566
21993 22527
107210 433707
273489 279410
472544 538775
159871 657486
117363 197411
38014 38423
354081 566884
35292 676445
192663 718890
180907 431006
225879 508016
225802 478950
237467 403822
972437 975718
889430 897892
66598 907021
295992 591519
401546 979014
407788 908570
182325 916859
699982 764262
278601 755398
11977 938532
24275 536509
98771 637607
858662 974002
272885 840833
620612 877107
73041 616590
77797 985944
505937 784070
888829 986709
840813 986939
51449 268771
145921 262292
3181 892976
256425 504820
536642 951775
266441 841433
229644 661060
4321 281367
330686 610634
235855 612261
39452 619182
85138 553854
255681 730481
44531 889803
103422 454878
216918 965109
317985 605174
680856 997476
223183 741127
424932 574614
621142 850344
2280 861490
57016 469910
394151 429039
115913 829856
234303 628220
128575 941148
868073 872193
231381 653899
429239 468879
765957 990102
808130 850007
698591 748765
365014 463743
261939 356128
294248 858611
283031 885056
505470 793468
379387 986202
161692 725851
92298 433832
436643 647883
60855 130660
9710 91268
36943 37472
619875 849369
31902 351317
742504 919207
253839 562737
310137 711465
18875 559128
394886 784272
552854 649188
892527 892791
57649 744722
212037 244707
122205 916366
351105 591774
5862 47559
246181 442056
79624 566447
369511 860786
958575 973531
209448 778262
342561 758536
283485 964974
505687 675601
326720 433847
288656 547843
368479 881463
562039 761282
166190 379073
496673 674645
79745 231706
60611 927830
470343 701598
316456 606120
24068 322119
642969 983675
155345 330697
881960 972348
466233 594672
27774 217523
2187 330227
293624 393223
124747 336656
539910 755428
80799 669712
650574 779311
555508 887779
125859 568193
126533 547660
545556 842797
206345 241205
108378 360292
44629 840205
13346 875384
71556 172031
658653 961075
276392 999108
406334 490330
17562 141114
78336 425063
147088 215040
491125 756261
61220 539662
73053 647320
326798 444134
115732 575413
147738 769115
200296 952208
88660 665481
278332 490321
167386 939534
739621 983690
329337 811539
112446 687184
381270 829811
35198 291761
440661 945532
342470 849212
338736 769222
223645 468371
475187 711117
350464 690944
94041 329375
868249 912292
84978 729993
223228 967944
97023 931237
489812 711034
500262 977564
2015 530969
146016 791122
86691 929339
201532 401379
549634 723038
243476 677344
507030 638174
799133 944458
8432 108654
954619 963716
50113 191217
424372 882217
292814 925716
270759 281767
82175 701146
476235 735385
304442 790405
841103 972963
93891 99071
440377 825195
243432 641522
375130 756318
878364 980663
380329 691767
351370 634305
634899 980635
630537 873419
532741 889327
596525 827270
879524 943492
166108 566908
217738 674224
33709 113434
805444 966666
13877 763233
847932 958452
320602 999278
797029 836465
58331 443809
463037 791594
598375 936961
860892 997516
139655 755673
48650 724104
640091 811599
117565 884791
121891 998984
273136 655425
237754 647690
197387 972902
632011 988675
84408 558781
684084 965790
771374 807182
177753 728545
749010 989753
180606 957632
744096 859040
164837 526729
388366 995466
42258 721270
949733 977767
66396 424916
836962 943219
231328 599548
40779 271001
533794 733154
852640 914002
399044 524015
515091 775915
118456 140276
119054 168963
151963 970322
450298 998563
289798 405379
475417 852740
646645 919130
306076 654354
343010 438774
38661 796907
382635 386773
613124 703541
241048 414073
257189 606207
268173 787064
499622 590064
169943 229404
912799 950166
152150 505880
173450 501746
17083 109184
84143 465462
962687 989788
80494 809798
550871 967339
128414 311840
602716 940159
215735 343633
302856 534865
95303 331288
71148 272755
539334 814576
340525 932954
524828 733498
13556 673511
510154 789751
172533 814142
437731 585448
621056 702184
700709 935628
877354 886835
255103 660658
102794 302745
455356 666184
532571 891213
424331 563751
434031 906241
66011 144922
747973 929374
322669 701671
947575 952023
459978 781557
340996 719365
121964 239078
664386 981498
87979 199828
96980 535706
95425 196403
349664 737082
305074 694243
176002 859737
743608 933140
128786 980909
587271 616042
432942 995642
504030 617005
263981 267790
231962 745174
584244 923108
48199 223357
566415 929945
557100 978296
28771 612225
680030 774333
979736 999695
37891 641410
538282 566721
330321 791473
493455 701149
102993 790712
28082 697302
103290 864653
83885 250563
122990 180030
510810 721256
156965 573370
301257 501873
379796 545405
732897 906892
156421 303906
73208 425397
341980 961879
32090 646676
239831 820386
328342 853990
243539 366776
57041 278362
176749 180868
734013 958230
80323 443740
536053 855192
76024 255253
98548 681807
1148 108250
157678 846181
562632 569861
66540 589565
371225 443799
355980 941217
347358 909981
571732 595970
18251 152702
828763 943488
35388 866425
309556 362463
294526 917385
517722 522300
109449 775641
212361 713153
350337 783886
158453 161315
186966 392372
636327 910862
761499 908148
151673 365560
227241 680680
39077 714893
587896 609419
257502 292591
260001 992259
270880 853532
674042 890950
296464 504302
173566 814788
469865 898177
395743 611009
262213 506048
262546 734977
703962 794946
229932 684752
176637 928115
515441 670950
43497 600549
28985 550285
686781 966281
353591 901013
537267 908691
330816 450518
615679 688660
116498 444703
277340 772977
673244 851138
195787 609987
154681 441918
76037 209615
357602 990765
323088 355015
714375 848698
521636 902288
109961 286629
333897 398247
27554 363001
460248 571168
651955 878482
670494 676521
245448 613807
104495 690729
120271 298708
498144 784391
22997 795778
246671 835755
650678 847364
601603 942788
366741 375018
317000 524470
587740 675711
296359 714741
444129 910382
296475 961099
615276 659858
303068 357569
522211 718736
34736 145416
872344 954927
214284 625403
583747 601809
294271 477084
144811 186725
290350 473209
229720 600728
92920 504245
511395 552367
126827 525080
81782 757394
431697 916090
43035 405740
567501 818069
843252 936638
103289 764442
817214 999152
358546 890586
272260 589348
33306 199302
659838 730290
542610 912958
130524 322432
57403 768854
423298 527171
81769 647680
222992 403530
34797 603249
197791 666637
61994 433059
249785 610017
501346 899666
369629 437924
230692 656748
749351 845021
302826 840118
328940 731398
95603 327391
111239 992875
421366 754390
357596 756520
357523 724390
531840 580934
426208 679445
12393 51282
108543 681004
310905 962943
337204 404205
717299 979894
647723 739079
535702 871849
247499 839973
106047 840225
33824 104616
56004 764043
511013 555077
515864 542833
721818 863758
272353 549039
606334 836583
495938 838707
665261 876031
451855 692301
633128 796048
286519 528825
176749 825398
757060 757750
381998 724746
146765 996490
249878 721442
164757 550648
232385 827887
528473 861711
678071 696320
534140 842663
861448 887906
21029 474734
840541 900550
201791 728578
25596 287379
53586 431645
941 196711
824282 996375
908366 969923
154991 541189
350260 485375
740665 782393
580532 674175
3959 126095
15072 901724
816142 892794
110730 278633
91248 704899
74871 675333
264441 471672
518538 834472
245815 876070
796734 915323
579997 870454
452730 828161
39049 56375
85258 551913
56362 659597
258082 831535
105373 837176
393616 866146
206894 848988
470996 559954
108261 165495
724920 945054
43380 481279
451250 647269
828323 876977
66517 624283
538288 636510
368842 714490
51258 141028
820062 916172
220864 567291
558637 750947
214981 650853
556159 863684
284409 747037
97517 235935
314073 608928
481668 985518
535981 660890
420047 837843
426922 444501
107940 518104
635927 715730
504648 563712
672091 935485
364163 806125
190815 808517
304660 577535
196363 420951
233235 912844
165418 599420
175771 852745
445800 930413
410937 945749
280966 633153
343799 723844
140568 446151
557963 582895
674227 706984
18352 142188
135878 737505
290518 696503
54431 540615
446264 561108
543546 763271
25085 37979
714 434543
147331 791643
229523 789656
120393 988800
642777 982301
285796 899213
375401 502494
328351 819593
96630 253826
228317 821472
284795 529333
513877 815330
758685 857671
564213 979791
23317 233121
423581 468265
695796 903781
367598 891939
443814 739931
223053 295708
77408 919295
335064 585953
753641 873235
432384 835034
172162 444538
361501 479762
517392 937934
397918 530391
109774 481356
567399 810621
726476 983892
258683 908247
645239 954600
360534 893483
678501 846580
132678 255324
404831 487145
493363 597614
477974 887093
599883 683398
135259 769852
111380 163680
374468 659126
473983 651042
137208 844323
824462 970942
112048 457482
235592 368657
318970 696323
395423 647017
203713 327682
52304 382250
318398 811808
10086 537013
140038 948063
90589 313296
784356 965412
122015 680936
79464 937915
528027 863618
273580 444525
586525 729459
541245 864347
456104 652077
139395 515655
636660 746889
466743 743624
267926 629227
689172 789959
503610 667467
235520 805004
151519 813267
459901 567066
814740 890438
628353 742169
858242 904010
376389 679353
261596 538633
880360 941902
350236 955373
145171 384282
530506 630927
20276 955494
295166 899870
672799 708925
600434 834211
7597 244959
685149 850670
528710 646101
561690 609313
749305 957771
191551 908165
571911 648196
111327 512831
514259 688138
75208 946643
407353 875298
216245 248994
458621 870820
206497 737567
649549 997039
250308 344349
84293 414232
44428 336233
17261 962869
170770 949722
331575 515302
235743 259704
306796 336002
166383 365371
714771 847924
529230 658027
107317 193358
157992 634719
108246 227947
321099 873867
540956 945792
209039 750326
4357 656884
420168 845013
31272 521399
452358 742702
39426 466801
368057 602232
53305 535480
675983 767719
215759 711096
66227 782533
70574 472434
390497 759356
245813 571044
33587 958735
263501 987273
596754 686818
755719 877732
334353 653005
312345 978184
249627 706093
103784 310459
799472 887963
456091 610595
187762 440374
358942 393179
231298 465963
838822 879242
374977 939802
415687 694385
58359 683458
466028 766447
573489 710019
575544 741102
172916 805590
75462 476322
482535 991105
664165 845825
33723 953508
558573 912954
172113 654776
247906 759448
161168 240225
289551 326788
272770 354366
538615 918890
157064 698286
253496 855752
273941 440148
84142 893401
29265 630396
299165 643970
193533 451481
322275 460712
312808 553652
95585 516097
309189 552405
242329 927653
427267 586325
553116 997609
762026 854364
16986 938819
576475 944968
256098 995250
481368 825582
139811 683736
254184 308710
495192 732334
625736 896787
671111 939351
873755 988659
216942 673460
24103 341882
275472 971696
488775 564210
721333 920980
480075 881169
350301 496546
300214 389341
24794 914756
95454 651747
386850 655445
757504 830657
432137 771778
893141 908372
578582 901108
835546 912673
199530 561287
284335 422625
236943 430365
617959 897111
792910 889792
97898 704331
209630 872267
423738 741418
605217 980335
259577 816681
52444 272589
425896 898996
290301 292882
126417 400546
861273 923276
343253 590650
310085 956729
230591 991364
123791 217228
185023 637160
234250 277972
241202 631124
300954 731685
294218 538141
666554 935604
36640 607815
289483 641810
405251 430316
371005 742646
433085 438794
270271 655501
154875 233130
325123 862612
4241 790813
396234 412387
596726 797956
523553 602891
895669 953821
659240 945303
374408 542928
763196 775960
535781 766503
705800 989934
341368 390038
375007 406457
294607 725489
604377 733839
339494 426169
852175 884151
252425 784689
21855 455580
588100 778279
730400 903058
202118 957189
86897 452236
361648 969944
962941 981078
497495 739339
526661 999175
682873 880738
787897 831215
5585 514307
261696 323522
707609 774758
236502 301088
274915 885886
353204 919340
907716 972126
591615 610030
221009 783313
141396 960877
69042 333709
122863 127972
221452 828570
412388 570783
390643 815896
506624 958711
454573 470495
68031 948736
750000 932501
95746 583800
47220 90753
383365 741235
464738 855704
88972 338846
561786 775459
152960 272403
153538 328163
859343 873453
298949 480970
388340 482673
178930 297816
403250 949632
45367 792296
176050 547223
613138 803779
223182 501638
320413 854486
448378 820891
778175 880529
68365 704683
135922 454170
231848 318771
173078 557189
528301 780766
382909 580559
209675 604412
435060 826799
506167 719131
732465 937127
715 909987
216704 639070
446700 834894
464617 749550
113630 300208
918275 928205
45349 204173
235310 396173
34622 374922
157976 624368
244002 643213
275976 459753
835 4711
331082 553274
446901 851972
567865 595256
17720 695592
685172 705868
126544 714633
46573 676574
808080 920020
401130 610388
218485 409186
107915 552857
332754 549829
324720 428822
822166 843763
330131 595007
120787 786694
544200 902845
835502 960493
645997 823506
33326 625993
229763 745655
110766 905320
1654 789769
110313 338389
321239 707330
795402 975893
753701 759615
349523 572482
784257 801930
891913 983828
441268 649619
259989 879164
200259 590075
819461 826242
466232 678518
264889 271520
567761 712309
187694 714996
116980 574694
87672 681778
169837 854043
425803 864737
270710 613030
663772 916194
215639 351301
165217 878056
60888 263287
376785 787610
66334 858462
112308 753310
206281 418264
139763 871210
387649 506106
185587 745758
102669 721595
549621 916937
885460 993901
362125 387418
95844 791228
277456 468632
716410 913289
250378 512085
264513 452564
66249 478132
175106 936206
2852 621487
622320 636082
272358 441231
244222 430068
890994 933415
177572 237876
99199 438458
172717 569545
705867 736000
379452 555861
207812 556420
92037 817940
390377 423785
282718 804534
79017 741237
303112 882779
469706 743277
180929 872553
270734 604503
30284 682188
377457 487267
420924 655271
408647 748061
278004 613071
352523 922726
308997 527549
660078 741333
189612 500764
13557 592625
801537 921372
218879 377705
109703 891392
13179 765124
694809 774138
85527 127310
281259 591965
809641 827948
553267 901204
71722 294293
280638 763622
814934 907262
220991 412984
362600 938153
175405 614487
326592 832263
424013 496783
103218 924631
632178 998155
915077 924537
44819 718711
771887 999691
548565 782862
174 726054
401773 594059
496616 842686
527291 975362
505682 597173
747577 757710
265200 766855
735637 942287
968356 993935
425923 703890
338129 948109
291606 491246
352402 605018
667434 998997
262593 612302
5749 482486
715019 940975
872703 907873
212679 476222
283164 632253
427374 635672
309484 826631
674617 833080
589976 901470
491372 596344
436205 523218
151058 698221
417032 774644
592919 939482
49001 842435
111927 311787
320844 719613
142452 518146
852169 876825
541031 567353
266283 640323
303293 564757
97803 698037
229327 951495
489395 595326
231520 827437
57903 191382
473870 552877
84589 358228
561947 643277
222751 841651
671113 847460
171882 778497
493591 659331
243989 345055
716509 775685
405408 662387
23269 667486
138981 776706
784688 854107
52342 344343
554386 676387
111032 205619
83875 785363
652583 765095
154641 415545
40088 973099
711660 944343
465313 541516
246049 992831
756570 860133
24177 52300
841066 910811
334262 441701
443687 720086
417763 550173
5469 468813
165750 855063
416020 724833
58583 277957
163979 416607
38503 345602
592708 815673
220870 451966
81652 650999
361800 706069
348490 701049
56394 927706
125225 788438
191697 707867
132129 257531
289630 579871
282728 457033
582333 821878
90447 958978
763814 899636
102078 382030
703016 741398
235238 734534
163194 910757
150988 786968
232151 425465
543085 944245
611111 962979
325497 684036
714825 908963
331047 528109
58053 643887
231713 782376
640783 805155
320450 779547
213466 834832
537189 695155
309631 654424
480482 622227
294773 306193
62647 658540
970371 987300
153301 963657
423594 435838
657473 837108
309312 451752
581304 801131
136072 997516
123313 843339
249029 753401
200665 626146
148888 151941
76096 836170
708645 746818
438991 732549
531158 843796
96418 658725
814515 947533
501013 507341
158579 213057
15324 899937
61490 876347
156381 997808
54854 685961
562358 731237
43302 944621
42858 992254
412944 873401
648133 878929
599044 708028
302601 841598
98450 767363
369557 450642
167460 716268
90620 102403
232633 622132
160479 557996
246612 811292
351629 694651
497431 826641
222425 526984
226843 235238
257050 521482
282398 364765
9085 568812
200023 569569
286074 586489
225971 694493
768356 946659
306172 335212
231069 868024
95060 305936
136914 960066
287824 638106
71216 370576
231719 306803
177617 477984
437798 550204
19817 554883
438579 969488
230610 307658
775381 857997
12512 876449
79952 507100
744593 760921
631416 871165
349732 654380
217122 814343
628374 827472
471491 755538
252466 583084
474464 698849
518081 752977
632913 748169
606465 653251
764576 955781
304402 709289
327048 360966
68477 656966
266792 580792
579793 714612
325554 466162
181678 188407
11887 585091
634213 808916
93574 446568
294208 746439
305110 411198
81654 597354
63779 825079
627855 964124
654580 753113
24531 670838
158437 988223
871009 936972
35296 174003
38944 377318
193844 216422
607835 890760
332905 596439
186771 207195
253761 798346
314070 662860
23783 418841
13700 220920
4368 868842
112655 285051
17044 61045
19119 149328
45742 174399
256543 394182
677796 721069
833129 841004
694110 954279
656784 886477
314165 570367
579756 987608
266952 423189
220982 350471
510750 560222
217144 686786
504336 936719
36851 408155
254865 472700
67000 285817
228778 669559
306820 870641
213113 258242
657270 932330
515644 739139
789347 880536
656546 822416
40871 549799
47849 357692
412049 979187
48530 679530
784876 954115
337888 633363
120891 253836
515564 803238
864630 931161
609361 935327
155471 300648
742671 988655
102809 709849
338139 822764
689377 780760
54075 901902
377091 925352
117163 992654
367591 572493
166230 369908
33243 390526
136721 529092
905353 907430
3980 258366
157790 902817
234324 539771
152608 991855
322896 401698
61565 258395
512599 818507
55813 907457
499980 770477
391341 719310
503237 921929
650024 758553
505309 523926
488580 533337
51118 507106
632414 822498
423417 821319
91257 311636
317598 545779
228107 724153
116626 983304
37687 194283
479040 527163
477837 503328
410725 759410
45681 638461
265185 996751
331277 504345
517277 914485
117640 230622
74239 418251
28462 850274
3108 293891
7214 969045
503342 927337
15325 888660
231142 786677
343258 587565
194910 799132
614415 619598
475397 589163
397642 431986
171195 523225
44458 403232
206460 615722
203052 715236
161843 361795
150375 401513
761204 993187
271366 283524
463900 627852
283306 360001
247571 949551
162010 729743
319094 526352
19519 962961
582205 726375
433100 517054
463888 465104
476809 644751
93438 788132
151103 425573
661004 790712
97473 964466
331432 696512
281948 592623
12799 486919
3293 340460
40494 199674
76563 508497
379961 382910
564118 820420
15448 205460
407175 983782
267644 616008
301450 812460
621246 910738
775737 998964
256585 697355
60638 304007
106827 933434
654654 899986
277507 785089
515103 833263
325873 877462
535797 868893
275911 631017
90056 902847
370719 898018
301232 526292
318426 844515
70862 401320
715013 868633
197767 209203
155925 409981
207692 355436
648305 797151
389226 759790
155818 445468
266876 550414
760741 895656
263656 733879
83567 391981
60772 289678
112197 578015
412826 800153
639265 659963
324541 363422
337878 969813
569355 773750
671870 765533
150606 253597
35489 251522
168773 238881
170437 806387
85978 503697
409776 844936
814139 889796
237245 315215
790313 857247
5237 738249
227023 458066
244767 388036
95063 945460
15855 362893
912059 969352
318512 611191
565778 967209
664417 670037
862697 878900
184193 800270
424766 776589
217751 728769
559311 988613
21458 80157
407262 666987
920 580538
54433 988812
416664 930822
910191 934157
175498 377078
383406 841536
233935 776417
307867 488389
92378 821413
62140 865282
414581 434220
556610 999819
302840 828752
641054 990540
216436 964632
187772 931016
244518 886372
345181 986767
969022 975943
61836 421389
171036 261143
587488 904978
323590 689884
222844 711769
33236 130022
22812 815683
333602 788019
271744 812449
227352 653385
45653 704370
74840 871069
218855 841531
598490 922978
3316 976761
497389 722659
357612 503243
137411 839682
299258 849286
306523 801403
629335 870274
409236 765969
133649 546279
16962 811884
85736 707541
211742 922352
805675 897476
4161 926083
527925 821335
79189 95442
801921 999349
195614 644292
160982 579803
136668 788967
33340 679523
410457 782555
120374 660591
284711 702174
773072 804513
426950 687938
378566 420615
246436 840812
223567 908362
53482 767222
666107 908110
145894 836691
442181 486163
511971 625247
579119 638661
10502 570845
289768 671773
514017 987022
818927 886612
598284 707551
180389 558348
375123 555561
494958 982318
352618 611836
368414 519293
223553 361222
317028 514326
285027 425859
541531 914893
752 794863
290718 355353
311362 910028
93889 909278
3712 61914
705225 820585
579167 874822
225357 414083
138825 285165
407809 859752
365174 645444
232725 509527
676516 727474
443299 558973
646715 716857
437156 861715
32918 673221
283882 525250
366752 879674
374798 750645
30181 44269
289327 370912
727572 883573
146119 933980
907934 949071
489543 585892
518925 949960
293756 313164
774680 907826
400088 857445
76049 390871
357188 707100
105236 655334
219279 452793
196594 942219
116078 268075
147313 935741
444906 885930
58727 528559
526214 714857
370799 945496
1471 780562
732818 919523
698923 986681
505236 940313
776574 952892
269978 844917
896216 982046
686098 749695
166975 717278
87017 905423
6814 137719
31484 983296
400106 890768
216431 303980
293308 295359
92067 768011
296301 820855
251574 872242
444894 549541
226570 303295
197425 569059
126144 670207
580638 681620
226301 304561
190531 534702
246356 421123
79802 576882
423303 691488
443273 540434
204685 341648
649764 709387
370696 751393
309891 531707
235546 985514
39369 158404
114484 450549
84862 555377
85595 609226
20896 911800
419950 495232
120435 771971
198236 219564
248304 760208
91125 904204
435035 866312
275883 500740
978186 994167
74964 861691
688263 880521
427252 548380
64033 824696
220670 645493
263258 631392
503105 546787
822025 924186
15992 506266
110636 373724
350693 465383
359196 942442
52467 155062
244885 556514
55602 664700
678035 692050
268268 729255
90341 591373
657280 790005
656521 792142
190892 992395
27016 45326
667952 843538
142047 921262
209273 384680
677454 680487
919273 941140
512016 666121
47444 659280
6566 571314
268641 851162
117933 592442
145989 181899
430402 763786
261879 394831
225 513989
37151 67762
242041 738495
114589 165973
231645 991366
191798 589306
127769 578742
735865 793586
530369 957995
506263 987347
310849 394122
276180 355562
471745 649279
329862 351290
197886 358791
48109 496855
233925 532306
227374 387989
276092 302711
221414 753271
346699 806152
277075 633960
4812 867722
180532 671888
85144 439723
133151 329078
498529 845391
104096 956033
126875 955000
68270 970199
532103 949680
759602 817337
220173 852819
591440 694329
153139 698599
91657 641964
271537 661165
750690 769602
138556 847309
415221 712682
32431 639251
375545 624855
137404 689386
445064 553074
581228 830356
772645 837754
251103 401698
378454 400661
207965 632123
311927 779978
3032 463597
409183 953597
328634 451767
423886 752297
37994 666693
262704 353855
89056 953636
395417 727463
245160 436207
428526 965938
65791 655815
591246 668948
146857 945992
83462 711437
305266 774662
287434 429556
269036 296647
130008 164970
477221 925351
478559 581320
861150 952658
81708 701774
235841 941151
190258 255627
352361 652709
183035 185341
22466 861747
80116 660439
609651 708345
62681 858588
259881 361479
111001 207094
108864 462520
748105 901167
486764 589187
128539 359819
849 278808
111350 508180
45353 683422
155674 655012
975 56960
599085 892148
326450 908487
62883 218614
303189 817006
379574 590035
190661 465523
161796 515853
79126 421859
173959 988125
76984 392088
544318 884915
20892 561275
14880 790678
304091 651692
244286 310283
683486 929671
155779 316244
459167 758507
5010 590728
218615 681569
56914 726377
315368 696749
93287 241368
250452 672289
501196 593048
110156 160207
41366 776372
93361 147343
629686 925138
864292 933592
2102 492026
865954 877429
357690 444763
277841 503927
270045 912355
728648 930806
418821 561547
664243 991668
252700 723016
208642 430567
174600 633983
840953 878366
586912 665147
36328 360397
120610 206288
360972 771548
50074 555490
151751 291200
327533 442276
827476 885807
102372 296640
84152 695961
203032 476186
227188 363940
395342 795821
241018 497781
45829 376407
293991 452060
486661 815114
92296 597963
92160 100580
263321 419518
431664 592032
126057 238662
276543 377953
578445 675311
276226 396607
257262 722548
151300 949150
681430 700652
824729 920728
337848 522136
627328 921352
419469 483478
295332 872685
274375 339911
511730 634000
2040 362773
650622 739101
255177 884371
245216 584399
12353 35214
191813 397278
189553 828197
293663 538016
168452 810755
265499 698727
908372 969653
542013 918796
278453 456409
769159 951096
593326 793640
316637 384738
231790 759646
439881 868079
143196 910530
573861 861008
364393 397176
615924 634894
416387 825690
168359 299969
114199 143880
77224 584187
278075 673743
106330 375633
436079 673180
653 687857
341303 364466
28344 597409
718320 861736
592437 757092
645135 947595
397198 699254
265687 857758
619504 732037
784809 801647
460421 944845
68933 321762
331871 823102
288504 399537
704566 749399
154649 351969
91884 547700
113770 686241
626025 826657
750722 841384
377623 596284
645566 885389
456947 744881
353518 774607
35092 951438
509076 711799
209985 541217
391444 735032
634153 636737
169557 718679
22078 396144
580686 803243
14484 467704
20292 438997
59134 919747
2391 110834
176409 444442
218056 739413
286108 395131
114175 232003
225249 513490
227652 411466
428946 817538
500147 556066
502435 621609
326871 362524
497855 788615
53519 214344
32598 753061
25615 949278
448955 495353
157994 202338
284010 809171
244244 612674
101827 937456
31256 130835
537895 686366
68537 435174
244718 485934
508376 528456
245622 807715
35192 594309
383732 434663
378095 844091
710698 739248
695029 741648
187754 710205
291734 621159
273138 421074
296538 623897
49712 832656
7219 441367
130295 755947
547360 774348
41970 609657
616927 920357
672650 809019
66387 715055
6009 187818
783914 872302
758540 770554
491469 619006
117644 706125
5881 261415
457901 541724
36093 828453
10599 111927
639409 716802
278173 429163
604981 919520
866792 963826
54589 985595
353465 703991
808075 898683
415668 579032
585134 908250
304923 777255
309364 363930
784028 833455
32476 734069
243343 784280
75746 436194
67737 104977
646235 768376
228001 677592
42770 829452
99072 956921
387447 519844
350815 850192
138709 861912
797720 923558
762337 976134
224850 315395
319912 619319
488979 534787
441086 464046
44468 930359
47847 899871
15775 544824
317928 804647
503619 923937
232348 487381
282533 292879
262926 786395
355336 581535
838157 969731
506443 702074
479915 546271
197918 311058
295380 635993
592386 703423
14078 266996
56543 775851
307872 706329
145714 673578
98103 857452
28690 932957
303820 359497
247830 838735
246615 762577
11475 966650
560668 629494
72764 269776
81342 134173
544888 947038
40568 310337
528433 938677
221353 627402
37462 119802
230566 992412
25699 639997
703620 759361
218903 862022
12167 855708
515517 912111
913598 951493
106563 345388
119806 167239
88701 108150
287147 592438
822160 880839
13420 636497
494755 668084
394793 483682
319308 378017
222614 365247
301038 464156
351188 886420
220811 639088
462000 962196
183763 754278
125635 513188
530517 592741
49087 581275
799086 863569
40673 361227
349327 960167
561824 644956
667980 998349
589107 721523
139294 326540
559116 746841
343883 627492
312969 945545
718683 891654
114285 459400
183813 483509
203758 434051
333487 503259
53396 416262
17163 818868
314247 623107
416231 988633
253916 758165
333680 688172
19192 732148
543992 606343
361653 911066
666654 816797
755770 758956
654259 949137
243432 339344
18289 848763
258957 765499
860614 889270
299790 441617
328707 730145
86003 753900
892228 942521
20944 469901
329864 620081
725626 964343
540599 545373
782851 788898
556237 850718
108764 490135
532757 799673
399855 779924
715309 828487
110109 463795
733500 993139
103115 880204
371662 569782
836767 888407
207865 282432
659592 742628
589204 950763
416020 922231
301341 312756
326032 863333
511920 752569
118279 343151
496007 968671
144128 405255
589982 744132
310222 486703
524280 538865
68875 865700
403801 724619
217284 894556
96690 758999
329401 417932
154681 708293
148927 169663
520196 741512
58760 888105
659154 829147
477829 568317
631615 883087
145496 243468
259734 288303
106155 595221
407551 765383
134413 365253
192864 206571
246825 718619
336608 861235
593368 885417
53251 490696
223156 746641
536286 777416
55327 619539
294344 957028
744343 780241
803660 917004
261932 347381
476063 832179
257258 834214
643770 838731
50141 989623
86970 430084
115708 965208
318959 551607
13760 497579
223839 767469
599921 681036
846205 940381
132621 874679
46623 288513
595945 870381
622402 905677
265926 685926
638957 973165
232436 664840
697169 804460
659509 721458
750310 751219
427250 877319
452637 634063
315689 819004
544088 847641
540894 579207
88432 455604
290414 616212
475206 800217
679183 742275
205829 371462
346222 433327
554983 920403
180312 233543
150732 645959
940722 943167
891482 911869
47245 185628
855887 978316
582997 787552
413211 481680
308084 831265
412868 768967
81316 195640
270230 363574
218725 878266
210342 799894
98358 409947
1098 463751
53891 368477
481941 880437
645464 709704
23444 133254
391938 714533
137462 850029
383249 964235
347380 565032
812801 974730
422820 837559
29285 917240
290049 891495
309038 315376
31745 694984
115249 285105
348325 817019
511967 598599
382884 659301
691648 792748
423340 818038
29823 480057
331182 354118
143869 539921
738925 907888
65049 742284
340487 509853
450036 481428
238288 393878
11072 161796
20298 542410
278257 313678
273224 306277
342954 412257
297950 472372
334000 654773
242111 635901
165058 945744
357216 722122
188055 377587
402001 969810
315854 371896
139355 606649
711760 934676
164703 323838
644551 887886
356762 580821
231949 772051
462971 954461
57001 492300
59670 188763
326375 916785
446278 528257
500897 739206
353631 633484
128240 969295
253682 929180
306127 792862
106272 802313
470208 865528
50018 781877
333313 873526
448886 792342
375627 972400
1446 114342
229938 902151
719350 968392
322903 478469
391884 629979
725923 734892
381246 741143
539436 651159
473516 501417
578015 744866
65496 108084
90288 200352
18905 969446
299409 509638
511426 902726
94111 184745
82888 555885
489055 810648
51773 851506
346579 542820
122813 817041
245371 866139
287859 565980
44788 211695
154230 420742
329625 722256
482331 988144
27296 675180
547695 831479
639370 766174
307466 978552
191281 888606
113836 328252
703727 931484
71909 360207
453782 658592
191668 776743
422381 569238
297794 666537
941985 964245
187091 386146
82571 553498
893454 935037
318626 718407
346182 911448
55331 768427
173469 383608
105560 708028
294175 387930
381568 438433
141749 277830
620878 873813
114941 558656
553729 598625
112339 741163
222955 413095
364312 770436
38688 819546
626843 717709
331809 469739
315959 340163
203347 932555
373831 735617
66846 134223
44354 549327
496879 843054
64647 604534
303316 448997
803133 987446
818542 881036
618056 788091
16038 409032
643840 912109
566612 992137
241160 746513
413868 529521
455647 676617
622725 881034
526181 601715
222738 550585
77069 898424
101893 716330
84926 322075
596301 602539
14024 151305
136145 155060
786441 992368
466630 829070
601194 806374
204691 208197
348918 732906
159274 757274
446884 957278
180123 623577
294120 484353
252933 613220
75205 281706
258024 406933
548267 960687
67991 436322
73265 285500
270709 276363
199109 453802
327691 690245
116130 593578
226465 704245
231418 483927
717696 719694
16156 902022
245880 424327
400050 917267
521019 542883
701926 798986
306836 895697
378655 836578
99314 131097
29443 282522
317466 530049
266558 931954
598596 679567
576767 781589
84816 446234
178191 324893
671981 926280
250609 294474
97056 275179
265382 428181
545109 876264
78198 765450
260583 894997
692988 763488
26629 317453
352317 703353
93629 916015
114670 808512
396935 826689
128570 963508
321038 975852
320055 573434
217891 902572
722398 742042
787224 936240
173207 748692
350234 695424
402757 778554
667145 707204
621468 625067
283889 392829
588063 827865
821702 824831
538799 590364
89857 393671
432439 907518
60477 988658
646673 755634
28123 434054
94203 674529
350639 545780
201303 358772
21390 338497
68058 421376
545092 840035
37890 698823
147582 210030
554313 882980
19125 258057
384994 443749
404060 945800
709865 823401
69045 294756
29718 266487
306516 856829
321898 784089
907475 980264
789921 986780
239298 817880
443447 934643
519192 568258
16459 959412
389380 546081
206402 644795
518441 602141
48522 133036
471584 750741
568880 980266
33052 945961
290563 642112
393102 908510
326479 897047
561658 781328
403314 807289
182893 926323
156404 733442
314603 625542
48001 894150
95257 739059
91197 108431
114808 402831
548493 868944
23046 359270
204303 474503
434005 658167
19214 663453
361054 599252
386780 829030
439524 905289
158544 379444
103297 683249
398870 952054
76624 633382
367519 403786
241024 685641
70012 281690
206741 305883
420792 867005
438180 493004
598939 682899
382070 792118
10795 607860
219585 962683
723209 730755
365784 828542
184950 615640
225359 640284
23896 866640
580897 652175
610206 949281
28143 702773
635513 879021
252917 531125
853672 861660
262757 928962
644174 973071
955434 985562
46734 924990
383947 592561
260621 839448
820134 977786
791016 881701
137957 426947
475080 677893
155407 214489
4493 268811
214098 830654
59370 684221
353590 975481
353376 500066
96351 871320
389825 574025
68165 152325
233611 731579
745075 915479
817175 868235
422749 742576
254806 849967
295907 605611
380387 954029
520416 555313
79906 155641
466834 510956
178135 507614
261320 659920
554034 912653
223633 545405
69212 128943
425651 504123
77340 698387
913067 917611
51646 913815
214646 566999
631369 964225
547572 554705
960885 976034
346675 715073
468301 736474
544632 834301
99770 798332
675352 968952
155170 467438
427707 791848
600209 915816
91204 665089
707537 823511
261447 421826
126890 852794
259232 322773
119060 588594
243392 759094
465603 867858
22709 473693
274139 512824
118808 149349
314414 579243
446362 675030
837097 858979
494557 811329
444156 766959
84829 901495
399052 780458
692399 896147
229937 685096
399206 893911
136594 488599
32018 826473
120843 955031
288269 304284
221304 605030
65417 521349
713410 784280
19127 648335
423025 606596
452166 539283
446804 704309
260486 591937
397381 770549
247029 706528
256096 407886
494169 669153
504524 615941
847190 936767
398343 861786
347765 383654
853824 893798
62893 611311
103507 980346
416099 810733
222806 368393
335008 936575
521922 960224
201849 819072
17334 53814
389355 934395
47361 52042
71019 884128
440767 898172
63770 407929
210851 265064
77807 697258
520233 962155
499911 688903
130144 400964
214643 603915
617618 707301
337104 905470
761314 772924
429058 570265
262574 999708
143825 194956
376226 649892
370826 910850
2835 936469
351156 782372
355643 797594
547539 932109
67672 785146
485423 775929
388636 682261
568560 825118
379968 861418
779591 821026
215646 911563
236913 295891
203718 918389
126503 815216
181496 969993
752967 824737
798615 900513
187021 705711
202474 872267
650335 967081
526407 568530
86001 916637
200864 367583
379278 622106
301355 772947
560156 828820
384863 488347
742311 748103
602783 823855
710781 741811
135083 880977
182380 539324
141849 421177
155328 213411
408573 689556
273035 677220
174666 174912
19868 784714
133971 587845
426927 656569
98438 152649
334520 715054
582073 682902
155762 362371
516963 769474
104805 893863
113707 197758
814189 960353
195068 746452
590989 907919
748463 790268
451237 887937
68552 897786
643765 719434
755196 768439
159504 721153
114623 439035
505397 563809
160221 986474
329125 844222
805165 952962
145537 365241
57224 567054
43720 514856
410396 834286
284579 372854
592711 910891
476245 712894
360777 422811
51981 196505
283959 851856
186278 466049
85257 613470
338812 380167
54712 952894
28815 860257
200926 280873
30910 473967
31179 302581
266423 719134
873747 991679
523333 985119
191213 611437
830048 900454
69915 344455
364508 742128
49738 670236
289186 619614
412492 545051
45592 763514
703543 781001
536123 593680
594143 927122
621825 977345
52187 875544
241331 495514
616138 936347
571605 887848
817043 907364
1279 431454
380847 521081
540017 707975
627929 681403
32037 763782
676880 882534
98980 369727
682525 897279
606128 707798
257235 775952
51378 135452
190216 434065
466541 920300
205875 404723
310302 493450
146949 611951
400430 725125
170881 439506
739488 990600
18993 217322
467550 846753
344452 361502
300739 711472
791570 933182
80076 392569
3266 929422
309518 366956
412162 852250
251499 536185
353736 813984
918592 937062
45337 994550
97172 227362
328444 849834
143630 327529
780001 925651
291547 297946
464502 923436
183361 637775
49500 154953
311671 344442
185572 422537
58577 408004
333750 724387
107959 873245
191759 217220
377280 940208
113656 879563
62575 802295
31834 710938
8457 791392
174736 332551
740472 924076
62267 789659
580098 874089
625368 948966
309676 652089
222888 297487
269992 832516
348806 795186
247047 332481
525710 954398
6203 31498
157509 869655
456328 823871
667184 945205
283250 780087
250376 566231
124697 675619
377719 884705
13536 612185
860343 959003
22081 770150
349425 776758
458955 856897
688241 728540
274893 355813
809787 991757
125678 332651
828838 935555
365773 593377
19453 532651
252937 387380
223707 476240
259718 337676
12058 195192
179741 385612
310463 991465
674957 754449
322886 758235
206868 437475
823507 824793
726037 899438
188589 641768
708172 748504
602187 879861
373994 642914
39315 771728
613873 629120
390841 687984
136631 956691
97937 946950
357365 548535
432199 920643
483800 951397
236056 826451
347490 970435
289781 772379
211328 525951
150224 745349
113052 550032
289969 638277
584639 722358
238634 427801
55332 254245
105114 779415
242990 924337
216663 703514
262235 708493
177115 215877
38049 295752
73999 342109
17739 843515
317941 448470
543816 555271
185126 292417
569774 725141
742779 887689
475556 855594
552520 735446
789375 993303
60911 842718
466162 553695
501575 688668
315403 594464
477429 908172
402904 649545
403931 916883
658700 968234
214373 941191
329351 682197
416086 831794
289292 414865
492412 686897
561185 597108
578608 981583
103589 961864
371779 416371
394757 982170
408630 562053
325581 644381
210725 486972
560796 910608
371335 735932
112467 206102
824649 994667
101318 219579
767502 848639
544992 859204
318883 882750
402254 859707
412992 630156
689651 747943
44914 75027
225466 784175
541834 774131
773630 998283
506816 561170
225491 418105
319266 617287
298408 835413
256734 865409
381425 867548
17818 288670
283241 670833
131039 556390
419124 580618
261505 413078
39122 718935
414325 894655
565959 952867
41027 385645
22609 383210
249054 773940
477991 984581
862709 982050
30327 604421
68200 937847
61936 409690
1254 432970
101255 229106
363078 699830
301760 951956
276375 344979
140540 613408
14804 405475
51146 369159
136154 147385
300249 795004
344675 423350
51151 334356
218274 878274
387322 991162
486742 942619
471567 532443
2207 209809
391010 890850
229191 297381
169112 252483
254220 313354
13130 123723
222406 422626
53292 884224
467341 524142
418141 811070
32716 83507
387432 493756
572368 716002
54899 901986
229198 876201
391519 406110
146134 403358
209931 882157
123461 911414
856682 921848
328473 619537
765477 862524
432020 732980
750786 978934
365645 880552
95551 732354
271334 713945
266084 576583
552188 747540
32200 814995
779662 820320
266634 833965
124695 254763
45702 566199
202678 581939
267631 674016
654971 684436
230581 942512
52741 145215
499445 612600
428165 583707
28970 984562
513412 826230
194879 303759
770745 996899
389087 836322
822176 881009
536767 822936
953101 985236
911744 992755
826706 979408
608759 651988
331092 986893
561900 820159
528015 748910
158086 433550
698273 985560
555566 870975
477888 533366
680773 797399
601448 952326
293328 443091
274098 360750
353244 555146
741505 974776
423306 801518
584416 649851
308618 919300
350634 442052
851053 951905
189512 512063
62793 916879
123677 969236
244165 999237
268085 815241
54926 77083
297660 638485
295480 895798
233778 960706
407701 766885
321550 521294
481636 814620
177051 466773
574005 996170
17877 579430
425710 992738
326331 670736
504834 709764
86093 824487
17290 329909
418200 608784
224332 868085
364446 754079
591685 713626
131276 422357
157375 200698
136902 630712
103887 785039
531042 847415
55949 637212
249492 732566
291255 961587
516831 632346
27985 216647
427221 868495
392310 811066
265350 783742
326517 912801
217142 719875
726606 796081
253561 940855
445492 731593
266508 926311
523166 664965
143848 179974
353606 938370
302275 630009
138747 755795
211077 480292
545564 617485
137639 320208
375613 444034
74145 445086
187224 513699
177985 355724
415021 507130
431940 447267
356884 705701
54884 430861
913563 972898
297403 438559
225387 817072
694088 926683
77166 561098
65933 485033
369312 931670
828659 873804
186597 439304
147165 352579
210650 794439
7411 932714
442284 974771
538978 835240
478954 926925
6264 549251
880890 891869
517380 885155
197991 931414
705478 790882
931226 967159
168947 287015
34606 544918
111535 378864
784818 844967
284073 620128
628963 834396
520784 561629
876333 930321
646110 878634
75166 284447
79813 798613
542444 785991
277088 953463
177468 617792
270874 564282
37192 168079
284084 515450
72222 684910
822490 871113
118595 180683
787718 896893
259362 375036
676710 946728
823009 907711
169674 217138
777600 871748
234606 832925
51290 570035
159478 749558
193925 708433
504977 909495
167480 379187
353541 967402
142623 795549
674959 855352
472855 729802
6784 58519
618177 661609
272011 601040
26897 124751
114667 606888
31334 532606
268176 366470
303821 350957
235839 390653
230635 280348
479887 517035
62355 230773
67918 80319
484924 905012
50960 775738
51198 429833
798238 826945
318742 829447
502702 529145
185163 218294
131925 216503
711059 849832
454720 676373
365617 376524
4722 46321
350389 768469
503671 975171
380270 997017
453547 789219
167416 627684
437819 609887
529176 796718
117052 875008
147411 250187
61071 946492
321946 826179
126693 541356
13171 604697
517051 866034
815757 935762
174646 889590
399343 594807
34817 280927
359502 685792
645309 967976
41728 633219
623357 916733
892636 986114
203578 665297
595627 923276
41791 197629
212494 441021
610263 864352
22089 745626
235318 571927
813202 870008
226762 580433
21045 210568
313565 816860
139777 499657
329557 688019
226337 229850
111553 632643
325868 530155
617828 635707
13679 396765
15415 711775
300077 630737
599653 782639
248644 389086
22766 62999
359722 783694
75859 195342
69642 518397
356783 422781
577276 918514
775947 853746
96873 469932
843132 915304
480935 698923
944611 970481
111106 736905
262553 405588
318221 649415
100629 207404
318481 741415
172605 402467
236160 869393
876992 969466
103175 558254
273746 973482
763317 863366
824203 860455
384620 757569
287987 880361
270812 765154
188730 471107
421349 988332
279793 288482
178296 389187
217503 580165
13437 284149
905564 985978
701233 968823
15932 253869
101875 710783
250885 752922
121103 361090
149770 495387
745212 984048
468548 905030
91342 206070
281785 473127
230461 493020
107223 504417
5685 451414
320482 717733
24215 890512
17438 683443
562401 926070
589857 728936
191086 311142
196573 442985
34435 70799
257513 865617
130387 288781
104742 141992
233678 614851
386951 678859
417032 766077
3807 170503
24390 447218
220514 721096
84015 846976
216958 737954
869411 968436
189735 547373
188013 400531
354623 672372
214569 639117
168712 934260
470985 867114
870598 991091
777282 958002
11539 964219
163172 739602
96630 185119
559403 923596
655885 871908
268551 943736
314632 509880
35628 327263
248030 775277
130066 541085
230070 408957
16523 22318
321648 847859
120544 159998
424283 495317
671243 915755
816671 837337
83649 902329
823867 989357
194371 953100
49700 94296
444569 781252
152648 252135
341446 368846
181704 640468
275471 619926
458354 534469
284691 362339
105603 444563
367827 952426
199510 677556
303217 887063
394567 882909
238005 957229
442707 929811
263864 930585
198061 423285
421800 592135
710030 790889
156461 263362
457379 687897
463139 635608
68584 239930
336222 849537
852216 928368
61757 142052
188991 226261
381772 903074
286453 707682
171289 559106
553993 609095
138779 437517
265077 947943
515228 979795
197125 375160
15499 617526
222996 717267
730008 790387
514089 798481
275122 861289
97508 733052
429993 755651
443542 483208
148185 406676
327996 565666
21601 532310
756007 803467
476102 599909
624932 777712
292931 540307
340567 678267
13272 315143
622407 766620
378011 772551
228584 564593
178667 292320
422129 698823
25465 612951
839607 843826
844593 885684
130069 565889
521679 997024
638875 938392
182204 580643
367996 701070
646120 824293
281410 804594
193051 505225
806577 944647
101577 437396
100476 750862
236280 316201
181747 869638
92302 160432
200392 841714
410697 632154
127338 567465
91789 483830
162646 529171
599424 910081
35464 900690
147703 277399
769346 959486
203017 641304
573216 929404
526984 929605
278125 883034
408793 856857
590299 991093
810099 987126
458256 676083
898539 978027
44235 711731
301701 465058
54550 588448
168422 541357
259599 408489
318895 579635
348686 802100
307361 915936
19418 910222
448213 911804
854009 861131
518305 951787
74112 100108
187109 924059
282552 715913
443779 686811
306841 885686
303558 878562
394034 902502
124155 313647
383828 830927
384243 897428
416377 693439
45208 255441
183528 738267
264203 846948
133268 425683
188171 364042
351591 488689
63605 324153
107450 287884
240423 706227
442710 991824
796668 873405
827399 944376
452041 870526
607560 681523
10770 996208
371090 469208
331020 908453
577495 695459
304962 997768
247572 660192
204818 913859
111321 813894
71293 937837
103540 468593
411098 436452
447410 783197
492585 930513
520998 635297
421882 539104
371812 617111
167297 213107
415127 621166
211628 725867
442369 985423
66482 465883
675349 725608
160853 580041
253728 506004
392730 582069
286555 369908
163075 243922
246165 866526
16847 621813
85267 362849
321279 760620
32066 426897
708184 836670
514813 821521
273626 329658
411949 713779
122841 363945
15391 346495
309324 750645
562901 885200
37732 374006
103595 360451
134355 794641
387183 448091
766105 856956
38890 371123
100274 411923
377920 456771
811232 952821
321005 366009
54760 632324
465388 691379
147556 755446
9422 900507
153683 671302
29416 356336
234050 711384
325139 802272
360300 714643
357216 841699
776266 914145
120163 239131
263183 898368
714413 735421
77201 324363
337964 512590
223652 256514
308573 485362
179265 458397
31668 720488
237383 812075
101250 493261
606719 921979
538834 754502
206527 713380
60819 624179
232140 882030
577972 978688
168009 175399
170886 507205
787395 805442
193538 486670
488215 633460
62416 617881
240462 681432
89631 860520
155856 436895
127010 617041
156608 945489
606620 951441
441277 984148
270418 594767
507135 853288
510272 745585
480064 988847
20843 934561
616164 850803
226450 577027
45866 974936
776976 778422
272497 723617
85787 671908
2001 170969
299141 610142
103491 992824
381211 813351
103106 457952
34311 237758
554779 830982
41858 712000
115085 406374
491613 539484
68926 956140
192474 942125
221657 840676
25711 518524
143476 631818
475426 900597
811076 832140
103244 951042
774444 865218
114154 442203
167309 523242
54406 273540
515660 984828
56997 885608
186624 667107
462285 705533
159178 286125
955399 996101
315920 860683
220570 351346
913475 953547
332595 399276
355454 878963
35354 481853
271254 891107
336326 768800
594990 982224
607276 733924
2404 173374
749489 904235
45617 132732
61048 213258
677723 899926
849807 879694
680646 933718
237023 594635
650948 994309
142241 694832
572960 859371
597471 944249
473410 746279
213943 659220
351521 925494
565038 954486
716366 813869
207398 897958
355499 638772
46335 396779
102415 514244
123713 637830
100305 227585
687717 960358
258038 335376
181436 693136
167238 385905
79555 336660
137333 562705
330134 503227
511062 826105
225930 338702
386915 412481
444448 815203
766308 958761
160578 811570
451785 524506
213866 243542
745749 987568
119607 763615
45770 925241
88108 953741
510674 725538
278480 605370
3617 52121
588937 629757
881290 979302
658590 700585
617306 703592
9975 628702
72203 650653
844448 948613
106413 812688
236352 405293
88140 730167
84569 269150
375234 399716
344739 440056
41255 810907
297089 763890
564468 614587
138228 529025
387606 425611
316723 815788
219541 736187
250575 264648
130408 872445
309554 965512
475233 648779
449256 965267
169380 663657
414846 566758
507423 875623
657070 787596
465546 501057
646276 665082
146630 400100
737326 959389
580083 920065
496374 750187
60150 815696
405000 476771
34489 78642
43892 486006
15613 659206
629694 656048
41707 825844
722332 931748
244995 781479
259442 651551
191360 729548
210784 701379
635508 884140
470210 705369
315338 755631
133501 232713
153944 359828
411124 872383
300264 779465
276121 622984
330044 905272
30120 973910
292093 631557
211043 350073
505020 562487
962786 985627
539488 820489
51750 438974
338402 356363
88269 856152
234251 420619
222343 228982
445267 796841
32493 571196
380805 958313
762922 809853
104835 263456
130429 392193
567396 859607
55619 764514
114240 676614
33999 290697
220504 933684
877130 901369
719841 927504
183770 588151
442325 880317
301875 426138
447655 487015
343382 514259
350771 365743
429434 443760
472308 672557
38695 811458
314179 333833
613736 833754
306807 470384
826225 925786
495005 947269
118557 433250
717515 782824
468244 877686
111808 131517
506928 600849
408376 905079
124819 556603
961583 972570
238381 330698
351805 603513
53470 987071
70033 181602
194802 334644
734714 749782
282097 473344
181182 692597
43417 834675
275629 627047
824167 849634
179238 214938
316606 987779
175148 336718
398440 974619
341501 659192
449139 928679
704625 751650
299570 992296
375035 849393
298190 754938
96044 687239
167454 184612
158856 945531
192979 558873
468380 629686
92379 116492
68247 621447
954740 994829
85761 969074
113408 297028
676910 843686
591097 981136
403939 691873
77257 85429
83459 224856
341622 373663
218156 430567
578486 823723
329910 559902
325782 932330
154285 178995
103419 874988
159352 509267
667054 968054
170532 753035
196701 945114
25038 829136
586530 666390
92418 892261
127338 556570
233200 680493
122875 675182
112532 434023
370662 954697
750715 827322
6724 961849
321068 623949
747864 758412
268860 561114
168830 716004
193517 311582
40483 558255
68162 233871
373045 497220
294576 896169
196174 575699
153529 299151
219295 636427
418576 949638
415842 465366
289960 466065
637135 924186
30671 980455
363927 819789
115055 644461
298056 969085
473935 763124
213818 680717
578768 808740
292869 320873
763122 900546
146406 331703
276084 490275
455427 931274
171509 253927
529737 827821
54756 439877
322799 906721
323755 558518
779723 967917
198378 654791
357917 757454
123202 450800
383412 703776
337051 874032
355530 653031
43316 863603
409184 629564
307655 640071
103585 511580
229356 527689
859452 933380
5199 629484
207885 345360
239339 297384
66642 114995
286475 543772
487835 898789
351382 843526
363632 745556
509233 682315
163172 948985
338912 552050
550431 554777
250591 594304
74259 349269
38933 654616
405343 865764
310478 555565
73428 766427
878707 991083
106452 749174
87597 109535
255777 984674
484355 689979
276323 551983
300784 311442
75380 244695
376169 449670
131503 518818
420191 607419
357164 910708
101013 710809
510451 564474
339557 673196
103499 461398
646907 929145
152837 868234
553663 564336
161596 490642
248902 740448
249654 630212
238974 422106
26589 80603
67311 841877
156082 494364
26201 875618
102355 506299
322221 515287
606346 882605
473156 924853
324475 376873
545784 575082
310578 575391
655655 888059
563720 992200
254522 798674
127316 287651
810678 920795
746206 992779
153344 696555
809583 933350
247707 839433
599696 719986
209947 676790
434874 754633
528327 777306
355801 461486
263770 395638
672365 997974
76171 317334
184726 496306
51278 111027
186957 392476
539242 934853
355184 475415
534357 710901
825553 921987
602946 817819
719777 953638
358024 582274
216729 869278
134519 226985
509603 827967
59841 646700
264461 297105
357853 906699
514403 855737
496837 821674
15975 753031
242440 948185
93059 965088
667194 869189
362838 914934
74775 726349
835290 840947
637905 723852
707059 878608
351537 722251
196073 618459
344986 534862
10407 842219
55987 147412
94166 249559
506828 880823
355326 541064
255109 322375
188965 495682
31369 858752
478 194274
68146 494321
621787 784251
34045 507432
528542 751845
539520 684935
88775 345028
398261 681475
126590 898745
91705 319052
503536 953218
283574 508560
68429 892304
31445 34395
66902 342382
743140 855628
545797 689720
82325 308804
101754 581460
449101 678255
553930 585522
139890 501684
562232 662348
944658 961580
147989 951570
142550 176886
467451 498417
810131 969773
181170 910278
439195 456916
309543 645169
309473 377181
666216 697628
103235 535082
246651 843155
471287 616931
380310 497237
536672 925576
53874 213744
221657 376768
579028 943883
185041 536576
202372 437963
389803 763180
398137 756100
286832 329169
233154 730371
585982 799109
407695 986399
50710 864855
287870 687712
310938 491588
448722 965659
211311 654995
318906 495884
37475 896542
477409 528102
175918 922678
737463 862413
101629 476473
201553 697920
629771 717394
207193 500484
82016 755082
341730 475758
621806 815965
20577 795893
628399 751322
107730 476122
355186 504200
318908 950456
3655 640420
99226 567394
215006 480811
107447 565211
111119 571690
329068 782316
522514 575403
611916 781530
543144 620706
766796 826339
102583 590783
548247 927487
313900 748901
82151 894150
521109 946912
498386 805825
56646 149229
17945 95472
865521 889562
270752 488034
621111 771670
304583 819585
498581 588919
43254 931986
466361 840204
265255 601801
510955 652241
14707 693889
213299 509943
331015 620089
68574 558931
357299 518050
216583 867907
119345 172720
199940 352322
469479 672907
4704 791688
391072 981528
159818 740458
539356 898663
277861 938331
5972 83436
293670 633251
67997 773465
561230 928442
592006 618670
74466 234499
570016 839381
243689 782602
84158 326068
180885 880734
366966 806565
102429 333857
301085 600111
94746 612809
164884 437977
435397 648277
389011 424481
948799 998352
340848 687890
542601 895405
879979 892113
713207 788654
27823 678449
353942 372444
693846 900339
297335 690653
98321 942215
409111 413737
264134 688471
565993 584359
279833 368230
325308 420986
184032 780253
92554 160338
338683 416515
256616 730884
593829 730322
592661 922510
612967 888519
323096 730363
129559 561990
612958 686885
115518 344191
82153 746299
189709 849907
294215 645449
445916 841972
802024 858224
70510 845514
548262 859044
931969 985927
11487 290522
522584 763531
581470 816051
654760 811610
66766 454595
126976 750271
51101 609967
51147 261779
159545 732813
269918 272959
604534 679109
494761 673689
13849 259662
185680 283192
148131 659382
427450 782224
594436 764177
661826 979750
14109 546840
74711 171873
386085 494963
18339 710194
364154 585884
209092 581038
201803 277609
306575 680691
780074 972221
120299 416158
346297 918737
482979 533026
418843 533747
160498 619737
212609 971933
152577 675526
197970 373238
387320 526185
255655 278976
251873 656037
629089 714225
138415 618984
412405 474991
118562 491965
171268 399399
187160 785201
223110 730831
320897 554950
615794 818997
40872 117497
108335 249434
50715 239080
632435 682299
516314 894092
277050 792747
132962 831504
479971 767526
886942 993173
250502 306084
56011 606801
4455 522415
229299 670325
30169 979389
49087 753903
755188 866589
119136 715059
517825 834801
502036 766711
277365 751100
673352 905843
6115 272824
166866 794661
330642 685092
305753 960053
275482 631102
196775 653774
149357 771865
588633 816607
550293 816291
322521 590980
465507 491058
122742 164994
241416 504803
593822 708027
371762 390838
629624 886179
644838 845466
36546 452219
432591 512682
249746 712791
316021 638114
427970 737863
396925 750793
158920 361563
208851 749802
215564 671656
460337 946243
595718 621130
278461 787177
709829 710900
260112 433998
151290 413396
478344 491587
34272 957632
347834 633463
529451 998576
303056 781612
178487 425057
3434 987852
56227 76061
529258 812343
600778 960845
213110 854111
106038 107130
153227 869521
451048 732035
345413 396768
336987 497062
307314 683740
111076 382151
877005 976985
172668 692967
204177 563833
281702 491517
592552 994759
204584 795731
383816 709006
27223 128183
335156 837044
30074 400111
872312 964569
914621 968054
655449 855398
198341 486995
361433 880533
168651 524951
778692 829624
738451 798542
318845 807560
185249 522211
706257 790419
668778 802484
326224 549255
611798 838473
358355 485275
221209 328033
286970 734037
444188 750136
189005 242403
744927 918174
44908 451299
44962 300970
193500 759751
182129 689585
159192 640753
516771 699386
9995 494433
13810 705162
328090 939482
133056 252368
748233 827555
726763 727412
428495 572946
371567 739042
345132 410375
189972 490452
585626 688894
102489 775394
485111 563295
350919 603262
528381 568918
625862 886893
47290 323445
364115 679300
332828 530598
381229 651127
314998 676105
439597 807919
76326 354411
45822 378038
754990 821780
678547 885730
351603 927476
822003 982713
263318 587547
309323 336853
318447 869325
560540 942604
728966 989269
805853 947123
198070 602105
376462 593657
255421 698151
267402 419438
37853 906586
113445 560417
575139 825204
726845 891344
141234 266508
346764 919077
645349 819650
900483 905004
763767 955248
514020 606357
575500 774671
692485 852260
283827 512811
381968 697917
184369 268066
112666 805626
242101 461565
480428 740348
314560 606923
72604 355737
240628 841944
480690 722870
460718 733907
212010 709834
129610 302209
718820 854683
228762 758698
525303 939238
139749 661259
265157 779602
165111 835504
777484 857963
171427 239751
380552 970821
227839 574741
458697 913873
140574 750950
432018 620446
250436 468227
11789 591290
25688 547480
671960 793380
378998 701267
192080 661478
771500 877840
71140 842557
432888 979562
581152 926822
331556 548438
975995 987388
96918 852407
281414 941366
12067 385188
191025 266782
584173 587849
344087 428794
517609 936575
152673 501806
289555 611160
10577 908982
14664 333171
448763 452194
298542 958645
152626 825903
309714 722230
300301 447729
330326 669415
845662 975265
225294 741895
334286 760086
134415 510847
375553 743516
25545 659247
121213 453382
324158 713250
354237 675265
238152 399493
338288 864046
13841 73323
330512 525472
233089 510840
228346 297060
437030 507232
214799 491821
401668 983101
141949 534023
640467 892622
676950 778337
147461 294498
60517 624953
461733 899520
226485 425210
59913 303645
463594 986284
626045 716259
338000 644810
544351 706977
326089 579567
354648 800215
105462 151034
66429 846922
129211 572152
387426 612758
887514 989180
610604 926943
673412 813489
166575 218662
142529 929614
21055 493534
599427 659822
108780 554526
99832 969425
36066 161446
620036 682816
804140 991461
328184 535255
80687 712620
99794 676380
138273 487814
337762 357125
250515 365015
562789 889372
92892 880101
441552 491334
285894 991713
428868 632469
393525 732498
154900 629167
702954 738604
143503 240778
148792 894222
206109 515834
356336 444810
298220 781977
124320 728909
247969 262988
954288 986565
126572 222183
88766 458161
815815 895247
65379 338098
385972 776934
321439 845864
37580 665119
157147 966623
374968 929054
154721 951467
33161 513401
240950 633910
693410 821146
329182 726534
398721 617007
3086 646886
210018 427970
792028 811129
514274 759652
194001 903850
6394 92280
291658 892108
281771 770010
297618 965990
684874 690601
889985 918422
213339 576104
5689 417876
414003 653933
49075 130441
706089 872004
281497 892235
346676 372636
8861 758722
430960 504075
620666 748430
279741 892332
163642 437191
579861 810719
187937 799290
497090 745443
90606 994301
388360 619944
296567 642141
447188 808476
464973 951506
553688 636330
13548 543145
631225 857625
712045 771377
38399 128400
63003 379810
97761 106451
487544 898016
86581 388246
86620 316423
56087 786506
21215 169266
88001 482744
170107 281376
121840 837524
359998 621268
455840 781921
431569 720687
249206 345148
106282 789688
459973 588207
463295 661020
141509 243203
270498 928189
684066 758438
273767 992206
604074 662668
695170 828102
181172 572572
532988 576605
857685 939096
560639 636216
249964 967226
285586 343167
119733 153313
167642 921728
438982 457207
457463 834274
474 257036
237132 722689
253910 908957
186507 226779
61326 418791
555169 800798
43137 791123
859795 969526
107203 911259
803723 895215
293758 800425
103638 519441
690425 967898
61461 923817
6968 47331
280134 648616
90948 306681
564187 603641
73197 696586
426245 787862
54992 812724
56106 694141
296701 681134
40834 476760
253537 603191
331153 774093
676735 980240
93694 274635
586009 765233
235159 840008
309397 676441
34797 44691
761429 775533
506924 899976
101378 384617
111882 580496
400500 579627
26489 223595
336917 790926
192675 711837
168544 305065
387542 561687
161864 636734
256743 589839
488512 571926
164697 602206
281287 504419
185383 953836
432401 934672
175319 178925
481210 971751
430451 678332
134265 525550
301825 499384
557739 741459
345972 849111
282992 370222
524503 626797
737459 766424
28070 731725
267926 735123
307189 800138
571599 583859
355842 838554
75886 76446
402687 567203
41065 851484
843506 888575
422995 499824
169408 681819
131385 179575
759889 929061
589857 994075
428555 527977
441561 801711
287467 546416
470569 811822
774530 780024
144248 648056
789234 908331
252523 865371
728115 735415
496762 840775
458122 994210
599183 890415
230447 329556
839102 967837
147721 215458
294848 499495
274758 518924
196708 929296
214 211997
210376 287085
493944 643834
276862 683873
93149 888835
298828 952884
772495 896637
406769 411709
418502 832046
732418 763057
683087 733228
186569 398960
99975 207066
395100 760698
82032 679373
111390 845386
395689 618563
662574 836432
105006 121742
113921 447129
371002 744824
309145 890956
246856 318018
524359 931645
323882 626856
452036 641104
371653 839104
12552 187788
910158 960845
44862 619593
142874 514473
263317 613938
96143 776164
38224 335133
704509 921547
489023 681430
329236 438906
7945 776811
688814 931171
634963 946134
564600 764006
425046 486140
183219 343331
90072 385607
191226 718768
14052 260907
540094 808556
180190 669465
379617 987862
102530 965849
180557 605963
28205 105666
76960 364013
263130 718968
298002 922999
270171 986886
561906 695112
139265 377493
84078 562656
432038 634606
632099 920765
155898 398358
283988 394505
64495 88426
619723 781637
518043 930609
139458 396070
461039 873151
752585 993140
404604 602956
986447 997519
396522 767835
260479 384538
68595 824998
164651 686555
486629 603312
310234 918422
591437 946683
200266 826761
413936 603352
456487 629098
308723 573509
301033 496715
321590 463177
432020 770329
68274 936183
319332 429863
142284 905198
196019 341665
862824 918140
193728 933529
472549 735783
12247 927155
284714 770999
146014 660428
36077 251274
266750 647956
196701 373571
54497 290756
107178 656820
45717 434189
273334 412716
183235 229403
116486 722175
260160 458373
2295 764476
453083 536585
437839 566509
302517 554815
232513 478608
56972 392412
522809 945645
78704 380488
31211 805476
304780 537811
192768 703100
131979 959073
204319 588691
390374 700401
62334 236189
640076 796753
57125 952922
6525 450841
157901 972973
81860 684609
51373 507258
503774 914998
277999 796503
601710 731123
110802 436472
329367 730458
93386 925671
37934 610269
655614 738531
539667 890201
110295 433831
406646 451449
337952 498367
538852 548056
277793 558477
434091 546744
162100 210163
288751 691204
187892 845019
30310 284723
747438 928461
678210 889997
135129 373778
75328 207904
41959 512717
409482 735637
474972 950182
588327 810485
207377 390872
496062 896304
192294 638740
119248 175963
149690 817028
406002 615588
296661 834923
54396 986866
359231 923505
638288 747132
447204 809011
545469 681044
318309 479099
157072 326331
493206 770007
80051 197464
188652 211820
767847 941169
301932 885433
200371 302430
29380 984038
542266 849428
854414 995318
430764 843725
163644 285764
38490 979653
366023 946603
34153 626664
220627 923739
106815 496757
141237 678504
359654 445182
344743 501334
400297 589005
610719 743937
42526 657721
299661 612376
299318 584211
154194 667734
592921 682406
226096 721359
315320 478909
400448 406768
684386 831249
108059 989522
900007 997317
702459 717884
44822 975373
722609 918948
101086 329417
20636 668629
455959 877647
261342 880860
414656 686988
382369 773899
163884 767788
313736 704011
25352 182040
623432 776522
75335 768843
489484 879363
658143 901620
865158 958180
593468 770729
28935 786276
190573 335187
76999 385147
15243 616262
48010 849562
227611 944933
773588 869574
120682 710202
515156 863998
541066 777158
168644 551658
165651 589138
656794 985087
59774 773922
272105 661858
730380 836279
63230 515959
543962 607702
127231 263021
420908 746895
485558 809295
632057 720710
81107 834183
654885 981915
197636 707297
18124 381038
895279 923045
431748 642490
41429 953452
713152 834901
194165 635181
262407 881597
522186 525525
238417 364236
354611 973826
129861 680677
181152 890052
539369 936624
123003 550830
380794 992793
52797 85420
192220 737977
518558 973309
599246 728104
397387 429001
785474 933585
590485 741501
292170 853204
133379 847013
627140 921502
428982 476683
134121 214507
656715 989974
17766 171799
653958 693234
268993 799786
159155 609965
392254 423714
260396 994609
108244 377422
803829 863364
572962 613004
739570 798944
77407 86431
568086 986853
527734 596533
288401 789165
252242 910359
725206 822202
286266 959256
591244 960562
161993 185390
230892 523110
127515 500806
374791 529776
17663 443124
527127 613287
14448 268406
155595 482574
288880 747834
87393 566186
3182 713932
90077 392349
518609 861814
713945 763940
722581 903196
454547 669974
197382 724295
186577 883218
599297 900028
680029 998742
274910 668673
417189 852084
456795 616381
680226 772898
453595 804963
303742 564342
102263 884067
165702 937212
384918 883142
327826 505354
672099 840247
489276 792783
243094 484357
244410 284261
729547 794945
240416 931241
607336 735967
450493 826642
476626 584230
216101 256296
126880 318553
47625 762054
267314 339634
167577 849601
173873 261248
107340 633883
1252 431823
696227 962181
781241 908612
127814 576907
7940 35731
35874 925518
318255 364050
185815 752953
7248 415864
62832 123552
137399 885080
393988 730097
720451 721151
257207 541387
587656 882709
413158 983606
240834 392436
184406 260472
683613 943173
797335 934733
391761 435972
385719 532861
187353 781831
318959 661150
47162 377028
477337 779208
124574 451743
413039 649055
576220 963582
211150 498740
747782 837080
357015 986941
12196 427841
7542 911822
308573 504993
319707 493616
148542 280025
95464 943448
796540 800161
64489 806119
209379 630176
259344 273233
188079 969875
439969 730761
649903 676041
483559 595029
166497 901646
622023 634358
64371 429297
95411 459731
12620 111484
431343 753872
293379 555307
499174 803842
67994 797025
165387 258921
769233 908990
416012 591147
171187 555755
175864 442280
206010 387487
161281 753499
82036 846539
124045 504346
319901 541042
420291 598950
317768 752867
404794 652854
621532 713085
315377 409088
207571 270079
423645 642312
733945 978304
426116 627495
23904 167902
163618 616142
374061 641677
280669 957188
573588 933193
5876 597270
204683 235908
29611 48774
88401 853168
368156 605902
567679 791347
386900 575655
633014 743161
485736 588236
200295 358539
646610 686488
546441 897510
553034 617811
265783 852965
65819 418506
128865 821444
820665 955331
418671 895238
714736 915638
364402 992022
342039 936265
589516 934613
805146 945148
18116 987328
652422 701168
449246 712819
639212 783046
440375 649839
10593 639521
250172 932349
123880 400875
329188 593635
411524 521051
401316 684304
402374 692292
119040 672520
601848 784969
525222 957885
1363 710524
812465 922437
650058 778153
563987 670698
59839 225789
192879 260459
610046 622988
602297 941876
198430 531358
305066 306422
376507 668398
232671 423267
291668 903957
599431 851785
193297 708292
533603 581341
77232 693844
601007 660112
172131 683211
186936 337948
388388 955344
19766 352392
499981 511303
394246 691603
558744 717821
782079 989488
105300 752904
953236 990289
183762 603504
21395 500414
637882 878668
122749 970379
198984 497345
679537 885914
22594 461241
603485 954012
150247 923375
450294 535180
197824 503378
499321 536128
46186 314904
464704 533564
152285 492202
801119 955535
421421 555900
47357 129805
169452 591437
65740 586131
447385 874587
604458 706929
375902 676648
854526 926719
725973 938334
182075 497929
381262 711320
347460 547397
213144 307487
183882 512615
136946 927430
54144 744472
186590 797406
688100 748619
66169 743299
511224 974479
171325 382707
750116 856392
566429 985129
120697 551882
903178 922711
585439 905071
38139 680021
574053 864116
138139 210464
322811 988542
130660 395243
576073 716596
87719 996428
155851 635531
44599 499556
414774 793595
320773 379212
16501 103061
503482 561723
423903 466048
125185 706341
144007 428901
68847 848908
408353 411406
98853 628161
800741 985228
246203 317618
4464 272321
819166 865160
281478 406947
246227 758218
276540 716426
179397 543796
923894 982479
356448 666932
164010 297487
46909 615755
432451 691565
436943 592396
28748 811338
313174 649110
286980 858326
193474 494223
152469 605665
382879 982623
868261 916724
835214 859876
509781 597396
315508 959258
879721 920523
642449 810289
514073 565377
573418 743455
105045 545355
112121 937076
78196 266510
4862 949633
65131 184599
263272 845538
309718 912349
97282 450607
233359 258577
681875 849222
72882 602050
171953 678185
253913 425275
535116 951831
194082 702227
352518 901787
38237 352454
321348 939189
327510 328108
568915 791603
19937 845601
81893 943720
467684 976387
739676 899629
503256 518597
134011 684030
827588 962492
315896 942836
213367 510823
206753 353520
76739 967601
550035 854306
141971 765633
231561 378587
116686 329037
89171 439695
493630 969141
801836 987126
365362 713795
249656 935452
303259 783666
535499 988695
754095 875630
76471 537491
15220 612627
518403 944653
81287 328527
273956 616812
170853 323728
199 875337
715339 967588
369832 902978
463592 682455
630602 687656
725648 898697
923781 924634
63402 912461
476078 934072
268341 625296
517217 682796
564323 692865
641248 922259
92565 203871
363731 598357
211890 431825
12165 500576
374552 599529
159224 287687
98217 510001
791761 953734
813254 928685
182175 209754
491402 496914
312412 666977
617455 772086
260406 474736
505077 776422
209916 645385
675013 695364
91841 561392
559753 705034
19383 343236
82520 123555
684433 719771
5862 836516
685986 920930
115540 859598
291984 692816
255555 903989
644722 714490
1063 661253
697300 904725
888314 943597
84978 194461
169518 277636
291617 494658
543974 727410
581745 840608
129171 977081
40874 882343
65380 650779
194280 218612
764873 908404
38393 494571
354898 650943
77057 328986
459655 745632
275854 688351
543646 932527
93219 671052
11911 422235
441682 614114
186703 269587
174169 416599
366353 944521
201151 555962
94729 952712
241951 335442
144256 644638
573187 807880
768857 996245
204718 685625
169293 518900
572856 670855
333202 694549
640270 978746
195038 911926
278997 871217
51875 92944
395720 575834
405463 438473
708352 903497
342433 764366
753562 970670
109503 419466
682068 946424
60236 928927
190869 375622
381349 962213
721074 827093
51859 91577
238464 560180
104279 614235
383574 843829
237256 484454
439019 711192
214363 444645
189585 296038
385710 406433
616123 835172
2344 17860
458129 532579
152809 304535
133705 623876
158599 979576
620959 923942
447988 869817
24515 313676
310617 636856
92412 865845
330508 777610
320088 391524
108714 453035
237924 802851
253043 634244
206316 210652
714950 859956
102038 350222
491623 664953
177998 531542
230850 379577
576541 956402
690300 878854
346915 532427
678125 696343
568147 616554
736696 869441
36414 612635
275637 389902
911459 981254
181406 585895
219080 753526
513888 827524
5685 237862
50174 790329
349710 979055
31288 147934
319010 338527
445178 748471
155606 163092
604425 639109
48677 952730
153551 398190
604604 981659
232367 427774
181670 876790
510753 834412
279361 851193
604206 824034
676940 758449
6210 34662
273095 424224
507870 812160
3727 421964
367054 768874
121082 679255
42898 151007
6542 366647
294319 319180
230791 701984
589097 971719
520061 650895
235478 621295
915156 987314
665992 886112
554580 631532
5490 558377
213454 853012
302955 895806
176207 284279
338125 695221
213505 967713
381304 410622
232618 720304
593296 933443
397658 976932
180478 339380
209842 316165
31090 44864
229467 273320
774734 799624
8409 455896
102405 444508
14832 211406
49619 699400
412927 528651
869367 889645
112044 871848
157591 769277
642181 954891
142612 486324
508451 661908
512500 909069
294055 376038
767934 890866
40426 192494
200575 446001
155320 582130
107413 624769
406610 788236
806952 861035
312187 783507
29681 842651
302308 679338
748572 929409
214478 242431
262757 546597
7154 134643
184828 443918
420003 481547
60938 388858
387171 812060
23851 188436
206900 412405
59606 950601
208716 447525
423273 534506
580485 911692
557029 606381
28416 28743
876159 887295
959590 995211
63188 569839
133544 472747
603182 871889
542242 814476
139908 438744
454636 512966
52383 367399
57751 314783
761723 889919
79964 479060
304050 338027
70757 918081
33152 964164
284122 449441
475224 545221
6493 947572
74290 995791
610329 621471
365316 934677
277337 410105
401178 663616
297061 715662
90066 400684
481783 910275
157425 988235
574035 654535
201986 981293
706500 985723
195179 760794
173381 263057
810253 888901
516255 582646
183592 884476
170687 875597
479652 774702
610515 759993
663369 671776
53886 815625
595903 746885
508119 700917
300293 718725
222575 900230
104494 481996
170130 582611
31752 290961
739658 881974
251578 629514
229445 876700
148340 997431
611691 814284
181441 714798
168966 658436
143232 206129
381035 968916
710931 792875
371502 580769
398157 638482
66197 936574
133867 582644
340453 560188
337054 870757
144658 869446
195187 541120
684786 946738
485010 910272
388328 534741
48029 531825
250770 504403
445651 495895
74202 732601
305141 417011
480124 972588
763661 920361
25985 884947
773371 965449
120872 422211
16757 267925
778117 929716
703524 952019
639615 785625
34020 898275
376500 656226
542940 985357
227300 577142
42666 931172
385132 415965
410370 872384
208221 956630
577764 713544
653057 713938
29822 706766
806058 808513
270691 428893
405701 515890
721180 726962
156663 882937
754252 855174
289284 559461
228035 827556
80774 816708
621098 789980
283739 908771
256079 689338
299391 462171
422409 998807
278264 700292
150709 423433
27845 833512
904911 918503
387055 800853
498312 647881
624037 887443
371939 440666
49240 635715
261294 499510
245822 268708
335924 449079
617776 715071
86897 666436
465544 866307
148388 205883
101070 558355
478039 706864
96671 383335
501132 962279
9331 445784
462838 715592
327777 603580
515616 558504
39491 712510
407406 859637
157271 522939
81038 645635
204405 671004
81216 245402
145983 584148
200234 915139
208191 707199
293367 726390
168546 319974
130412 925279
157082 593292
173220 606440
8133 132201
712149 908084
327039 730322
268985 788514
103301 975817
560864 744608
868794 990643
315074 338761
704177 915351
500042 989334
712196 817429
37435 998022
478967 854549
275104 650416
297803 491302
465580 541132
15241 471849
545893 811332
152799 740975
136479 970283
301782 404924
233815 573167
670901 968728
129652 280889
687123 791371
793088 879460
411131 841251
235884 439242
148592 490071
175893 874697
246848 758045
134045 212574
811375 967768
434399 997148
66764 294355
439661 557569
2241 819539
374343 742964
122489 821502
55142 496888
436878 668467
367394 729746
362887 668306
183214 938735
893587 998883
676965 930685
345603 689579
568324 625912
95202 218848
84835 531129
139120 670536
382427 584281
253153 512233
261287 583801
388371 832824
540602 794674
334555 507791
809722 950443
176266 562842
236616 878326
407450 965109
56044 517162
231863 372918
362731 761545
165417 782659
380454 766413
168563 702945
16716 783526
689589 964461
201464 841861
237245 454301
375248 984735
566478 805026
326599 909287
539537 700492
77812 369793
228112 943315
99453 166477
242826 612726
269166 365200
189 818423
239130 768464
170073 216569
272040 388169
202261 272540
252196 624732
742560 941706
257001 529728
27150 483953
123548 967217
935274 956304
80068 651820
359895 517907
84858 902487
712362 732030
788179 863033
108485 783235
522248 860050
68054 719570
514757 802580
701183 888247
110019 481009
436268 909681
83798 165690
601750 970304
335470 860153
183255 473005
327647 340727
15060 943244
75921 972536
4519 298336
536342 619344
434434 982422
302146 827558
110266 807984
424163 818734
575512 917448
22422 86431
132509 541555
320593 524750
271198 679557
335393 799005
485829 511805
75885 955418
401917 532598
20759 441736
727426 778795
103376 381499
420164 689646
359857 376382
114144 711485
243660 551882
328117 590923
213046 624593
706768 854553
683221 702041
68511 634585
87996 760015
282084 857065
793929 958211
471317 478651
673155 727303
119284 974595
515672 638869
181114 722329
653726 850668
172616 351813
557104 817113
3419 440518
133268 150017
40352 81488
332590 842976
478648 761014
206798 206975
592740 904156
2052 530096
579973 878324
344508 905234
386251 881680
106638 348680
57081 199705
437796 483536
435617 587706
104644 621712
522779 975869
341740 851625
550113 808665
381863 653581
26969 396770
343175 419188
276159 610267
34684 376982
83198 280395
713876 906355
264661 992039
395652 845718
426898 970592
266116 970644
200768 257372
73343 869055
71950 186915
146509 544493
457006 738354
192147 686707
139484 938076
283569 761568
430314 822016
50103 873540
210649 285949
64090 527821
149643 632556
229567 504994
82579 481642
224951 987285
194970 344557
382066 936344
56508 787463
124025 453126
334279 868038
383762 738472
257692 557170
463517 532279
135853 166801
711151 870742
291993 495982
310010 516113
131378 780777
13830 205131
109144 775831
254684 980122
304109 970787
368196 969911
185280 692840
357599 492747
1505 174053
562259 644757
512034 818430
28141 948711
600347 769779
91947 332769
513230 768128
30735 803611
66447 80003
23478 339657
76620 460555
293900 699279
228646 877966
866519 978164
114649 348060
131955 878901
263891 372182
23208 878735
293424 798784
85605 388818
295633 495320
170187 681352
133208 681657
83882 520360
116267 171413
177572 252855
25745 866423
307255 587284
631295 678599
109271 406085
62473 252630
126562 685740
553162 805705
367516 411766
304473 414522
739087 851175
90950 723253
774655 964040
222033 974448
114088 461834
357426 900895
411645 668955
231910 478384
494039 956075
4217 514411
329074 403383
46159 840166
482005 869775
297350 751102
562401 956886
145620 438062
527682 533690
466718 507632
25672 316532
231726 308014
428061 462172
384749 618145
181089 575097
270921 862054
866960 994299
261362 910099
289572 588997
892935 974668
38325 718550
146355 159498
80950 928017
23243 898977
17143 41326
635150 730580
508067 518154
630332 954205
867888 904016
367836 851293
66392 632275
651333 854109
28559 779663
54667 862961
268555 659018
562423 896385
126960 781802
243184 836399
139979 573849
166518 755280
448009 802072
823172 963736
727411 942485
10837 891472
581185 821837
229871 758050
108253 833084
708288 845410
188885 926358
54552 196505
105129 310043
137661 567296
211644 639488
248026 380176
415358 988770
409619 860874
73499 957836
616899 917453
482724 674074
353400 877206
596326 796714
619104 905772
446524 782841
440412 620086
432503 882170
83683 359497
68707 210732
303502 328961
275289 280476
272863 953971
765941 770207
535343 607154
28006 341851
79628 666412
608218 743777
164843 425454
12626 794780
60923 454518
452967 838542
325435 370786
739696 754423
17819 408950
127909 479099
543268 907159
195046 925447
104376 776883
147114 996896
8467 458297
753265 908964
653382 815895
394801 961404
275282 943923
212476 322710
36676 216554
415004 967322
80921 587589
404041 433671
232502 660747
241521 926760
528834 630958
173077 994935
272738 343710
862343 863248
363326 915757
173263 402991
213180 225952
453304 886583
240581 797133
33502 296676
693405 949228
655285 885119
826941 891553
25957 641671
228424 736831
144459 639349
534831 900111
650159 950829
454356 755389
243943 528107
95285 300152
179430 630114
357275 878906
468621 638114
178117 599184
358174 937881
284030 735699
948336 975294
758889 814656
651800 726024
323302 546428
21882 125195
75888 377232
741404 989341
437767 672550
838208 926599
32560 757920
280215 372760
805908 871768
901921 998252
215859 726045
800048 972018
202421 796051
300228 802916
266439 299824
883188 961919
117671 303052
445516 943581
32658 175632
322752 844953
394865 642283
276247 659559
343492 535352
497832 812034
635182 665523
600103 887012
460298 784462
12682 617077
526910 897639
373973 767264
909076 957298
49618 137023
70215 855717
389709 554455
329342 433703
289015 348273
369772 692150
41416 531810
509121 577339
177243 383145
305297 688462
8237 488157
490655 915659
130527 641581
428933 798968
5696 849587
207903 861141
76659 525079
583576 973190
953155 977294
862764 984866
574903 783147
398005 538569
395779 678755
422458 627561
285657 900027
687782 961331
267349 474374
11783 611146
287437 937946
228130 684475
748415 998417
477704 702941
557816 588793
18239 305099
51771 776765
432364 488682
261571 350666
680886 977779
597695 665747
36217 152484
44026 723665
87800 901920
428102 916148
11493 473864
555651 705760
245414 328316
121676 307086
771423 995600
386726 622018
145766 865913
284793 730666
354028 743212
10949 986757
73705 92080
287560 298198
703771 985357
429249 467017
659595 895256
367167 609013
106713 270483
219532 694773
55042 84102
101937 920731
226767 761826
910549 940772
548031 772116
279522 875233
578827 745027
482245 740813
605401 923055
256522 908824
739619 814324
74176 552086
198032 851466
438268 706947
206009 681364
288530 353496
42384 396786
184585 957139
768067 824586
236819 358980
66565 875899
695827 952709
133722 989778
165857 551643
656160 859064
205720 735868
501459 672657
222975 614051
866350 984681
16241 622431
199030 540974
305455 986046
417199 911974
83871 183892
105912 401718
533108 910670
312777 573121
279228 387456
605133 830279
267119 422900
276772 601278
634933 713567
228646 776007
697158 814686
317935 840312
168718 807805
516771 907322
297186 968013
231258 387772
369176 925659
15768 658221
259419 327716
322164 508184
198995 694523
207611 860875
850188 938447
389949 805909
720817 800223
106920 736500
70811 201935
686679 733111
796346 861889
406478 649895
293941 605444
527835 798679
127707 647057
878652 944264
41135 801010
433973 652864
706365 833986
297315 526017
838558 896685
81335 464509
181600 560780
217655 974213
657669 894599
243513 527297
16226 592648
309942 807153
391342 924255
487954 661310
116357 831147
246730 883852
448310 917526
448249 783992
105707 651664
574949 868852
180328 968521
328942 363033
126437 274379
127079 356826
464435 722233
235997 863381
934363 985603
337096 814889
208084 868847
409951 892729
314267 987369
60465 904089
290278 993662
405010 814282
439027 542293
417014 734713
338530 810920
66579 102633
285895 708139
324553 845769
212262 448675
358142 609198
143791 911637
383314 839240
25956 110110
780969 949882
540977 987127
624789 924098
639291 941793
463075 660836
240938 462820
95444 455901
636276 736097
374525 736134
166795 455684
154900 276593
64362 764186
133501 786319
228798 643817
74842 240195
502757 979938
55739 976528
689420 985699
400518 740968
109170 957826
237497 834050
651109 812683
153919 385870
236037 937259
484246 987030
649347 931848
117676 367452
91848 105182
1961 704473
83783 936108
302116 559975
120557 264317
204221 462507
60977 88529
170272 533433
201073 446470
159774 314040
5396 683305
51753 477822
266937 689888
614243 735507
17915 847710
793834 890161
93170 162272
786828 916231
42667 984648
85569 212223
266211 464580
518306 878788
486969 578570
265305 886593
171541 952776
267508 686574
105721 572322
292601 382644
274921 953531
399132 761411
141013 902559
362830 445913
229522 567484
252444 733660
600656 640759
75129 996206
908572 961180
503071 678840
350595 533393
396210 776362
164840 883350
518607 657235
274561 984495
424750 749470
336951 710951
591837 921999
444590 870927
341348 563124
168316 837958
40586 339560
94712 400296
512667 930447
389557 793699
602727 920482
411155 917744
22039 557582
289954 378485
37729 935013
262809 662345
276860 502815
32018 503925
259773 561130
690518 743197
149139 576399
349589 791787
327741 380039
116268 362039
110087 243056
47470 569364
247718 639274
164117 735907
217361 463495
790666 996946
30344 782376
202979 511406
305236 941029
39155 631934
321168 659293
544268 615814
251589 647238
208030 270283
642232 996400
230738 533318
7350 868041
295698 961359
328913 439065
64690 485825
250432 302565
702327 724430
80174 944816
104574 209191
461883 880377
396139 855351
117545 942396
690003 909108
84242 719967
283902 612327
375245 709848
682180 732290
537555 892504
776949 844893
360376 825861
574656 594680
354374 703737
703923 902495
73157 276117
391569 690520
477554 903818
3295 40633
51430 515932
438313 992856
173102 785565
14410 842942
16570 240507
305299 757927
53485 976180
148386 799595
779191 910442
121518 396266
120894 672329
472819 753232
242813 402625
215004 240298
98204 131483
117862 346846
432722 467867
664705 934949
574003 814977
269134 342378
756095 898407
441590 639874
94560 353017
136163 822586
300713 433586
187577 673087
758286 925267
370075 817408
7735 992012
594536 714415
347908 713694
26320 548953
150061 191369
611543 758053
391318 797191
340302 492766
389544 496237
240827 814093
714171 805812
459863 778670
527439 939148
613987 941032
461063 904589
487036 947613
568267 645616
274735 686144
128721 261398
40365 665881
329381 748522
356790 542738
745649 994089
662408 865952
16266 510566
625507 739573
526661 838154
333563 389759
365543 398344
230500 300469
541561 758040
447028 988114
303436 581997
277482 601210
462188 497632
1143 297558
589492 647593
319423 667183
465521 472489
716335 752136
112466 533078
371928 826812
521184 724144
769427 953051
292160 842036
211430 850187
16656 852718
439479 752741
420636 731925
566026 881006
422082 746214
28257 435505
102220 899718
321559 355784
147307 371888
500427 973311
319566 675844
623943 847918
4850 506184
565419 979942
82997 499702
296106 684952
591509 739468
52251 674568
396190 578936
180337 566342
41144 733901
290061 435566
115679 418597
222559 984477
556530 675464
358789 629014
449320 596178
361026 753852
863441 892532
96262 365404
197118 574246
505712 843294
483484 724619
196491 489645
733148 933028
2794 993501
163327 874249
406808 860463
99277 123179
293296 991533
372695 570202
277634 737436
237356 338398
60357 762991
301111 423675
9675 85527
127517 471968
302006 635869
179326 482468
42651 199523
164108 867975
650795 804053
514790 536364
533919 555747
359235 385607
492278 846775
192496 865017
12227 489629
52514 800845
278573 434246
364885 485025
557090 639542
394214 782808
61834 619881
109729 513131
809596 891292
13847 898880
425029 683044
224319 343932
288355 366980
188555 881245
247834 622993
447766 485990
84339 295521
71853 98217
145031 804026
654730 825824
486383 516590
670851 735663
143616 641369
33397 58662
155479 437532
306497 913233
399536 577676
902891 996800
646745 786167
806176 968739
509637 672689
203752 317699
582046 764996
7868 26806
81009 986374
82355 814571
15612 968508
611733 687757
280279 584115
305285 717048
115777 181121
261804 618723
140322 419246
192629 347148
15041 879861
342735 810083
366506 445550
529596 857459
990491 992033
37357 197240
492051 649547
433910 857084
308426 332767
315096 499052
26202 242354
16983 462651
231175 856825
707027 984120
181095 990624
40805 580261
171769 794928
379927 465927
650313 962771
800882 902448
765017 984710
498869 904683
588636 648131
28399 576724
78232 782096
42173 824038
308084 783671
516723 664456
72991 617926
94700 432354
375684 454348
732831 919117
830343 994197
198344 367089
133080 926898
537805 865355
220131 343523
14477 749543
17363 174340
89224 461981
134905 342374
367067 918050
13368 602682
407556 771820
484094 808389
833851 908518
481674 941399
75200 96746
120534 611694
190805 678769
184458 395844
756586 761318
446753 827894
323679 756089
114668 443025
339594 725358
157492 627376
622492 709351
100725 605497
472000 853572
358230 362124
563359 763260
167199 758561
81777 435527
313333 700562
40588 467580
230442 641200
542782 903018
309009 441527
84979 368833
295747 735178
240347 272299
223707 268285
760092 947733
514139 796975
277025 582156
547292 547594
162733 571990
231275 420233
41811 843487
449476 903063
398723 530359
217041 631738
174928 490955
102206 620597
400237 479260
387982 544326
91451 979499
575317 609401
166925 474765
93945 759067
563763 924104
148789 461343
810162 828499
555851 737495
274613 454490
564074 848983
140263 182765
266887 389588
529425 644525
182313 946157
163552 643708
162070 544109
231754 301870
339015 924436
129702 771464
40963 303651
65924 370453
274062 979813
67913 878232
246186 536426
319066 710871
329803 367183
43516 92210
620521 651122
199626 653358
920429 976883
730027 925443
364602 831073
237766 937038
520289 908489
97371 485839
90109 923308
344084 414628
706628 892421
220456 912922
743828 948519
83602 970535
266490 688167
22846 797288
144054 697286
220067 776127
485525 818079
156802 488303
37487 670539
472503 716772
605498 914751
18904 653222
740840 859070
223698 449786
698701 898271
417787 447919
554379 783728
451814 866429
295030 636428
361631 936668
797979 834750
336102 746071
200823 886432
435750 599495
321013 326766
344193 633413
49793 382667
440251 806692
778010 796449
176657 526764
83510 591100
243491 432717
240963 946922
648844 913708
266347 808153
33389 90716
55872 123929
246220 568288
303131 516972
494412 818281
60133 500488
60994 961301
253471 990931
635729 710424
56601 383022
208501 696945
750116 786545
650704 872630
83856 296340
336610 382329
219854 503971
187421 445915
756797 862783
204044 897969
450236 771816
153544 572855
687079 711318
277220 502372
569778 639946
230003 583783
528674 542423
290023 341637
120942 436833
86248 998073
117660 440478
690551 991535
105062 631486
661943 977054
228804 945043
204513 210045
464490 969368
547555 719872
371641 856809
75660 361886
929790 987978
562563 568311
569274 928722
336682 384636
176833 576153
26868 46207
462649 547488
341417 414036
408110 596573
839925 923109
6434 62202
39764 330156
212723 681325
94920 596125
195575 246949
332926 864718
784068 983034
214749 754877
431219 632846
344576 910959
577438 626434
30913 523329
119519 146479
108276 853914
143833 247158
393386 879773
109997 860090
551974 929197
867944 892050
693546 727916
67799 130819
141933 231617
895713 967385
146167 450026
44601 287355
412681 688202
22163 911606
627091 773598
170627 276853
711808 823479
208510 668540
323143 831238
1134 302034
106412 173197
661696 970523
343379 568998
373185 522495
14284 285423
611803 842928
279172 338486
147400 268843
628811 657725
552420 697577
525004 598694
282694 689535
80808 224585
159082 499057
69541 942335
441666 475534
450278 618548
81482 136808
76512 501587
316986 391763
4392 102423
314185 644544
451580 506915
42139 740088
35337 688240
187746 811700
209841 301429
706571 910511
119124 895866
614898 623512
18446 597988
372120 791887
174372 590833
162538 308950
150273 934971
328206 676591
17347 22065
10659 271545
619150 682142
476008 776286
647733 769746
454822 847594
127209 418971
706575 870649
4657 40499
468081 799319
284244 548968
371459 929391
108233 550156
398241 879943
364173 785108
493157 500780
78368 965120
467316 699233
81044 222198
284598 829501
57984 818316
352125 650836
545424 881248
741388 745453
330537 778966
138681 714901
11806 717658
26926 795173
448632 679782
263777 612395
227896 712960
3178 330720
215309 845264
405942 638272
364938 718269
122238 260490
226155 786459
414392 461394
316407 687561
116691 350616
584536 944694
259932 598146
286843 975917
268013 575595
310479 326827
193801 840494
371181 781052
399448 401578
230165 808838
69155 390018
392958 941325
187347 563965
282380 884969
70483 85041
185304 744575
357902 535803
468989 472112
844918 861042
142528 837889
704792 823287
615379 821723
12286 539877
51770 235031
678394 792341
428527 732509
255803 682981
825948 997014
152439 393769
608513 843304
16081 802712
87181 168287
709243 913542
326019 949273
383923 875334
904888 980216
292131 861794
380304 690771
42231 291297
518515 897108
180678 798486
738601 887726
51948 971448
650514 925615
354060 438689
362613 682179
231336 745841
945989 999703
526608 565359
654923 675479
253116 341107
937576 964218
342979 348805
662875 985983
210297 588282
215837 234173
103873 232310
77697 130068
557621 904123
109135 251187
148988 421177
300091 629057
753827 973712
134143 602091
264525 902411
447710 599457
596361 805186
939282 988748
32311 221265
374732 718681
49315 643338
394066 963299
125639 709799
105755 524950
251538 745797
628651 864473
589437 970229
791275 847089
152887 752124
10006 467528
204407 208045
122823 814927
259697 418328
301663 512911
61481 688802
227617 793800
681383 905906
594260 926778
278210 819545
911996 935745
629995 652881
684789 950502
229581 313282
610086 745889
445276 459560
500759 725863
107703 261515
818769 941093
380227 899915
176552 551558
154935 265982
180200 234044
611219 965081
457523 636920
304133 633797
22208 236729
109548 503265
77195 327257
906411 992754
470249 664741
113431 448680
2139 390096
339574 899802
530931 910120
199788 287623
762262 826800
625735 947755
105127 825765
615452 877905
270175 810532
440674 719380
35713 870259
372563 972713
629529 661248
20434 620226
398964 954705
440564 614855
826665 968967
513022 527329
368713 644517
196489 279301
18154 336751
491377 768856
222111 514496
796282 959833
108733 697327
408754 646298
173280 847173
3165 855736
570675 924885
103747 848900
287357 739883
235106 429055
446044 822941
680149 778544
604039 622815
412692 841601
13350 511708
272943 561234
312277 413365
55155 897830
261575 591703
187176 713531
244322 723938
356828 729323
673205 802839
773786 800172
301213 422338
387986 787430
185641 466069
727734 867091
669423 776634
485178 658332
21181 520581
207335 900340
198016 756755
155286 746792
68599 964019
961638 997113
658090 682280
415561 672430
524603 914314
654258 911001
250772 683674
498993 506749
202838 288674
119732 758356
45508 635157
346950 889061
37038 52127
244736 285369
474238 825156
204971 416978
385490 669672
493200 748848
500918 533549
151674 645639
43078 449298
288550 653434
573884 933880
454314 853086
412527 494604
597738 779492
556548 707098
219389 736875
49075 400066
116639 365257
158376 446663
142271 537964
446304 781708
413921 525680
275414 305925
137310 209570
117418 990049
403973 967750
282849 384994
212767 330660
920735 976084
629412 694829
122621 154653
123915 663657
119798 470853
17787 108001
251964 418592
596908 881679
646704 695163
512605 871417
208691 762731
237363 898068
7269 659523
419860 458887
112060 790185
383404 621573
75398 460595
583263 653391
11619 542896
102692 435408
629558 658415
377161 948565
149325 843516
302663 698242
547703 879803
587356 718702
135171 994347
621608 800645
35173 495086
586538 949074
322395 339534
504200 847046
68574 619062
563174 759336
449897 956181
44479 474594
390001 867737
369407 795697
721643 879799
285334 400222
679502 817036
712885 837785
19041 227395
103874 691545
226643 752208
174951 361326
528060 539586
969722 997991
454089 549187
533598 812434
285882 918459
527818 731627
754193 762982
613385 905455
660841 697819
39647 596520
25819 787161
183928 420389
716305 775549
48188 714778
171070 289463
61991 159369
82350 647382
166275 219038
156119 910588
498183 655184
228624 965819
272289 786994
103390 517462
101662 737738
747981 812080
829184 993711
100112 832098
120399 847052
328758 664883
15944 417922
96141 996485
574949 608651
44742 537238
221065 392306
421656 825822
3494 389421
336003 855391
413089 624640
491704 655270
136688 258730
98092 401990
303267 869196
560604 875343
69211 311997
379103 904420
187446 553084
570581 696549
14623 691977
341686 603547
327768 781563
545100 903275
302186 717465
70671 998944
571735 595520
278164 851958
64923 947257
898802 934737
632708 635028
352506 567051
64517 109906
106415 558860
447320 821635
659782 714735
39364 887085
401608 876294
29340 541793
105519 492168
39470 317782
454054 578282
201224 895920
837369 867212
37825 202342
403483 976560
432737 697636
746483 923190
344848 848818
531169 940600
44415 515793
56775 345829
401512 906781
187642 205137
16382 373749
330293 821891
33578 429652
52559 588352
418264 757828
374786 409075
354597 494626
70455 161221
293053 550637
484977 776546
110555 457374
757874 898490
268321 794902
23803 905873
499850 743620
13344 122479
265453 907705
384313 721024
194267 879134
37795 322675
494701 512935
122445 666937
334969 517217
142388 949905
507830 589398
678692 862722
90446 871191
685004 837917
94163 983674
884159 914176
190018 948984
235656 977159
306815 629988
667028 922097
872774 949003
659379 910775
807854 823030
502025 927537
528496 982416
209918 271048
234544 712683
693363 912435
193256 979066
310496 421191
519601 785045
772899 937352
560172 748717
406149 571968
343931 513911
11753 556045
31709 665577
487611 994440
520640 583030
28678 591203
46987 600988
466880 855546
152056 235238
462257 478393
233802 796506
419525 799323
397042 606686
432924 760015
585049 699058
438494 880704
306907 448071
832823 895037
49031 670572
700984 786451
564601 665366
827082 920956
359269 768814
138025 154628
70198 356243
103485 254642
359898 497229
87159 931158
545054 698621
16497 864191
156814 229917
561196 715415
170973 315274
714333 789086
809095 853674
335984 389501
167132 922471
169241 453895
312151 479449
126704 768037
464426 672451
715326 732557
229944 777330
109642 655481
256222 726163
273257 925081
326931 989138
26052 308472
83526 346562
404105 981676
318222 938331
63057 98417
569615 748429
86788 183926
62614 514462
674393 940863
414221 460961
327373 382347
367120 740369
4649 268019
405775 594525
496801 631891
202976 332641
351626 731519
961675 982043
624891 944793
557901 741995
367240 654458
305084 911433
394932 973089
196703 783139
273613 354234
333800 882605
117577 179218
511822 869174
405375 541532
608450 701262
149079 253119
457325 857431
926208 947852
596219 747338
192340 448617
421715 458872
426214 868998
598941 878391
172565 563378
46674 381523
465402 913093
607906 736244
69860 153790
269119 807973
57465 390939
512578 591065
178896 537290
233499 480912
459735 792235
471413 819977
805192 922566
92160 932972
211876 769694
611524 986863
382915 965938
67844 103460
89172 985117
480236 692573
817817 892082
7856 356251
66786 268712
655328 874786
218412 866738
71074 129369
273308 278963
657043 687222
267763 962168
169042 792682
102716 348926
311978 783292
629460 858229
261181 668609
91626 508821
89834 300436
294577 774918
60447 878221
354653 370254
841999 986962
329285 751915
42493 453221
204895 531524
170564 267129
898202 910795
88462 956184
743235 894459
343245 579398
24206 968837
641755 952651
415245 987797
273245 579456
600463 964950
110494 251344
574006 957395
135410 472027
307052 554986
72106 767631
579448 986543
204721 588349
458167 461552
283255 515606
413738 804641
47382 668215
309717 422842
510379 875716
14961 308570
520728 754599
476794 596387
792399 934344
196003 842962
210310 323803
434569 649150
294128 571353
1746 480546
124248 544955
51397 536092
101391 300127
88879 252999
405177 718461
480409 952476
378327 929609
328369 417358
88364 269865
83493 136001
209323 235991
99755 169533
124760 558994
216329 911089
62945 87770
132637 657543
287181 629265
188892 634901
259794 498570
735971 850662
325035 512139
386264 869808
63049 532069
253726 970437
554918 795317
338659 918368
262168 518074
671647 697216
298579 514506
63683 289219
725406 853502
599701 951705
448029 758273
511517 988970
18669 735615
609778 881330
57645 893475
373330 898761
305628 485852
569093 666437
400698 909378
318342 402029
341990 696771
780228 860703
82495 282162
48915 738187
94797 586271
223886 886367
382215 668551
880553 903417
187325 346051
431904 579266
525776 943962
78992 664770
701449 779746
749375 921489
468136 476269
215900 756779
799 471872
36777 960406
602326 678538
679872 930011
222746 855555
723609 854794
495031 796403
308486 634938
490953 867408
226316 331003
75437 469546
225457 227151
154314 860895
302296 523194
96679 514740
240027 562301
824335 921278
92688 370073
128373 445299
747762 864702
220244 314030
218991 899819
704976 810773
546827 596696
543052 939421
225578 420256
88250 149356
576870 726516
45674 438523
397803 756843
709457 775076
259583 420253
110807 607133
59073 97692
580849 694910
304659 640234
398041 956514
24202 234550
8907 394754
221108 710104
663327 750056
55231 135120
261199 999246
535755 558266
622282 928340
43037 777938
9513 701106
159699 870412
688123 893449
720551 766135
521501 804794
636150 933891
894754 907158
792878 908838
145252 700412
327273 914902
805365 845725
238524 306941
233534 679737
871034 903666
578195 915914
81242 371989
234555 923550
707236 991891
42735 352503
389965 454841
652968 687470
69100 311586
230151 999274
357360 748062
465887 548555
636847 836847
777241 796659
492332 974535
555222 877625
237927 314466
380268 961768
12243 488700
477437 657223
826913 896679
175589 204480
483556 826158
71202 910079
270601 972841
183667 243615
126344 828964
69309 109120
497645 826066
142264 851810
510797 568101
615178 800310
498450 724869
331301 333499
293897 838261
823585 851550
434210 642255
132644 238957
439339 777913
3311 749204
353243 621603
236297 627860
56646 158198
298202 728211
242682 960589
252526 996343
206540 983490
292827 665581
340122 473325
459440 618902
147781 768790
778666 927869
217431 403928
194858 258109
555144 753136
114906 168656
176927 553979
227817 313442
146443 650110
175590 875084
175731 654585
425212 993402
88823 815928
173363 480756
735165 868550
59435 343216
691590 915025
102161 739402
133194 752957
641090 647992
31825 957467
438772 990132
217668 696006
109072 403790
192870 511505
688321 949219
503961 662005
317838 941942
358912 938346
44557 310539
196502 980138
305376 699597
233214 447547
31959 608073
141010 970573
224755 720814
129283 677213
266577 877767
27775 146234
19109 143052
249983 692959
618802 930893
185538 715903
74439 172566
243268 812500
709426 872908
196121 456444
459379 515152
346475 954065
143160 919897
841208 896096
565316 949426
941494 998811
162186 547254
775241 926550
6085 502759
194056 268747
574577 580473
414978 438726
921721 922707
712705 758001
386078 790020
21723 55091
627969 974296
338544 753493
4168 881210
311928 959222
753207 912306
27642 581875
451457 983979
720948 954403
7309 221631
131585 597639
83986 560296
181325 249678
105321 430538
160801 823051
31313 840718
495909 962764
304695 773172
799869 810063
12312 896499
145589 860414
525073 794576
172047 942854
23816 939208
637712 659922
774274 813812
194935 529025
681229 943830
146489 700890
441770 695708
564900 746634
490336 622163
91751 514136
79323 278452
101303 485128
152941 529782
660633 701506
441700 862523
632525 983660
509951 756684
92792 231691
881993 979293
373609 678558
389646 405874
763441 844347
765863 928853
161835 758341
379591 450878
187543 568662
44324 784416
205668 769651
482465 552043
207281 846853
248768 320731
199390 841751
452400 671177
1128 762277
408233 609268
451105 867158
163698 722046
195375 213171
590365 737553
240684 308019
194204 968973
40853 75352
33071 327446
293898 863715
727275 918080
625387 860281
36330 309156
90750 858662
564005 811639
115532 697190
96196 441095
521692 794273
224491 677579
413567 498979
689040 891490
446510 704967
751415 831461
747243 767868
946697 951324
902026 993699
25674 195384
156995 203042
73753 553160
169031 701874
843215 849390
853136 968776
512175 972568
625376 967161
491904 975543
465029 704267
6834 59007
845432 998080
65986 278088
836701 860721
478941 822031
627583 652998
777609 896382
313151 386802
164285 338962
490664 966930
495850 746477
16987 684742
46586 804921
360467 789598
347837 360975
25007 993720
180768 494172
361965 729602
219151 648781
340616 479267
108529 894222
537790 916972
422280 852098
943859 994495
110159 827172
199820 733154
14139 333410
373001 913106
593344 599293
459382 999703
344821 408778
386902 462450
330987 471119
50265 702526
492664 622234
289090 520548
125783 482200
410783 602703
665540 928114
469168 635233
883 102278
497007 498420
238144 384223
466701 850416
247917 436917
361549 597861
629303 796892
31298 809440
202505 834158
110984 561497
268753 650792
604904 793922
6521 659097
8593 256320
481817 906849
522404 995672
323523 375370
405986 757084
246779 350054
723876 743749
588622 884956
133825 793397
240447 673248
70612 690533
656873 837237
622434 622572
189227 891297
934876 945677
228949 572153
134890 168909
660650 781167
888041 910549
307358 663567
72302 965163
372612 539521
56262 662562
19446 200365
548397 611282
92761 282499
852136 999162
362706 525984
695463 796582
217158 813202
522895 640908
235199 362334
297262 450972
134319 250521
415993 701148
873523 926051
227902 426334
93189 399082
48780 355375
229484 593018
448790 455716
44455 323269
161597 310633
524406 716255
370738 886513
305205 744970
264164 691048
137125 201903
355689 909562
311635 797023
123673 441415
184207 302547
104054 602469
94806 939204
327638 812479
525420 561075
328086 465115
367441 988599
509214 662416
116576 133617
323754 557044
226012 324227
573028 603665
96064 228567
163383 759158
330855 354554
768807 844665
606512 745342
498045 749859
433037 958007
625895 778892
283282 598345
131870 220055
58167 824271
516361 730712
139656 947856
326107 522181
330352 820430
35329 256350
446085 917886
591452 974572
573848 605018
684896 839672
547380 670216
745787 769820
806848 992655
733254 839551
735040 804430
445270 627039
60043 102508
132391 607846
478130 693513
294283 551183
175737 341071
946141 970239
221002 665459
771488 805356
518007 601247
403320 989368
150074 761652
617386 880047
782855 785228
278146 398024
853314 969499
2496 173692
122679 421690
334004 350039
410444 878447
302031 318515
209215 700345
366176 568091
231489 739164
387981 772887
681009 967415
505750 784005
26419 814901
163456 720933
180303 495833
325754 403650
376295 398751
6003 108832
277003 522199
106425 424925
674238 918602
475053 703823
315508 831455
201699 979737
376684 997600
247682 755796
168183 249617
8996 839436
66626 434948
511124 689941
14809 591835
184257 669606
294918 609511
829017 964340
240996 970346
24172 553340
116085 625057
163541 718266
201306 205104
722319 769806
32749 739446
341926 343737
825384 934438
216492 760933
355001 588376
285077 766910
579486 792111
165253 737338
331493 890681
270301 383620
454096 942845
83954 392168
530626 941882
390673 900216
243236 273949
524748 893653
370147 928801
253705 570623
40460 80770
32259 290087
37950 333171
153614 260733
885893 968302
494356 585660
859138 912220
203274 988423
261459 780862
203303 509466
270659 798801
82911 826659
133879 586702
101756 991598
60877 75065
220401 847818
174493 903889
386217 603490
339312 682832
176495 367272
308742 527788
7403 385578
253908 513370
422066 648556
207893 504286
54877 947517
174164 230066
318472 334865
636136 984826
362612 959757
142920 646538
566728 993205
68878 542823
110521 405768
374023 556410
383575 882735
620712 756777
1943 598664
433060 911518
618458 922945
229611 492441
15765 698897
175314 313287
323408 511110
354220 698368
463910 526384
522895 572047
551090 698865
270472 286785
728778 732827
15893 130539
458058 880006
462340 685236
193496 849884
358231 596381
607251 715440
139048 909851
238183 551253
386846 997323
119962 853211
869388 869889
185185 233265
198281 828284
359836 409679
837056 937109
217308 562997
166110 271761
51524 949363
435383 845058
29058 725091
117113 266838
380621 955305
540194 685011
188066 407449
550464 918181
561765 960313
41226 771536
656529 980726
23238 290055
89024 114546
63300 436713
229084 376211
294945 847474
615644 643304
11170 342052
397382 837773
409866 754625
90442 825939
282485 932216
528403 860211
91088 846888
307578 530284
332065 393391
575376 699238
380597 857460
565309 867453
140167 489110
561736 986619
597771 659517
368866 909591
409495 636790
360287 869503
515857 985319
219775 867360
238274 999395
89002 100319
248290 411990
123447 662584
41620 97447
632623 921292
14870 755998
832345 917574
129068 654138
99693 485389
250297 300757
151765 583328
230347 922616
70562 226947
43286 201930
65805 235952
227583 867592
388267 484673
407676 701579
245875 508995
233024 455462
382077 499714
420178 986602
49407 553657
209868 336011
842530 929647
72641 749042
324778 715948
19046 809317
135552 644305
142455 648324
332657 927940
599019 721936
555773 730187
145168 300421
42934 178615
419938 754500
368900 490197
88479 214701
437077 951458
584849 674212
70014 927566
438706 813531
18000 292598
81536 879471
75020 934360
719275 954236
460564 734399
305360 484447
54306 643316
569601 572865
153838 258926
161644 745363
638780 795031
104103 392128
494739 615321
400202 939575
284676 888086
211192 289628
664573 791860
97035 542850
657836 970959
390087 567074
354937 924280
699269 924905
227612 792789
34532 238190
35864 609025
272326 668989
306806 566621
411814 427510
320379 386204
434693 941831
781632 991665
281785 749608
112293 374219
221476 595545
102259 963850
121932 328055
19420 753127
326750 438484
14080 783620
264625 668163
551601 804939
480128 548713
211805 968869
190666 828057
253898 643100
46726 248171
66457 313572
611133 900420
148938 356611
135311 851272
353695 416312
8453 558751
692662 829226
511385 991494
77595 700221
243478 639376
211655 520289
595523 815436
781900 914384
472911 837691
273204 993183
103545 616864
557000 950269
460823 624215
130663 967513
332613 867261
700267 970062
80681 507311
175018 425608
202875 874650
442764 745945
782614 986678
54875 730546
112325 893372
427359 775756
634173 985617
530367 843074
83851 991938
428441 993490
12144 231842
140334 433646
243583 401185
526834 970959
201257 496064
84319 234382
225742 791119
54481 694069
88505 333072
133313 249110
358738 894761
198091 396860
104904 510633
5980 828668
523146 743676
31936 87440
416000 932641
758296 773734
101455 861125
736444 783786
942835 963277
26791 670238
408166 409512
358731 569863
915368 924393
528879 665378
870346 881776
82997 675848
409456 529263
269536 813384
469000 977305
454377 802675
175376 243078
645973 940363
28096 718440
295218 570304
629333 976051
436977 762448
56232 564196
417280 863097
413662 705606
379213 766398
149189 331229
147211 672253
486307 522346
17138 548299
426182 842843
578222 828469
401493 888633
337031 915037
591808 739922
147528 181580
157544 905885
151616 263975
57118 775403
602040 740257
235394 861384
648011 693588
200649 623254
701945 782307
133651 992488
222 164134
79210 803523
644351 829647
739171 776996
49607 517394
494490 763996
299489 388986
496376 947076
788264 821233
829310 988959
804614 930230
71716 731055
493470 810711
545595 856735
5489 75057
706242 918378
422966 562863
372186 813692
146219 960905
332380 458061
272882 345975
663501 980944
97994 227333
127771 502007
402643 430961
572237 942239
454400 855375
458212 858726
235501 767471
105030 217762
726145 963163
178859 724899
115757 272044
64234 243176
250485 881217
274417 905171
436466 448828
347609 670264
142917 745022
187822 831929
308320 329080
460527 758177
550340 981132
456368 638113
536228 748323
193730 758259
156151 490900
583282 777658
56180 187603
235630 732494
369168 581211
666271 918985
14177 831396
127845 394654
359572 371546
397596 531111
801007 868207
342242 848783
283308 828338
443644 517536
109272 899886
73891 977202
105085 974838
148770 529517
140305 857046
91451 325879
592598 941279
34854 350964
335257 982938
301246 715337
105681 251202
48093 493429
73382 445051
384367 925465
665237 978294
316079 514290
269691 758493
534549 698828
159490 356748
910202 986217
172510 612719
432912 534463
390937 705435
250778 822358
510106 594105
197812 435279
345642 918042
203153 759300
3316 194153
117388 254189
68520 551618
259749 748930
724148 850303
179610 983349
752057 895514
405556 973210
253499 538462
429185 434368
181325 301277
167266 764733
165918 220859
706006 890770
25843 217770
471864 556412
221977 427529
87197 773388
852253 951872
450796 917181
18386 965609
322418 353090
930264 975471
307149 677802
503938 641303
117992 930423
516457 743614
22998 610962
151345 639109
136921 795242
488674 546971
226911 730406
245025 951905
385482 420849
96080 454631
601907 994481
15361 218654
386212 885633
117289 723987
76413 296849
194706 561306
88574 680800
238160 306485
360659 930498
71992 354170
241534 752425
219967 460638
87802 275741
36450 633489
215638 655658
53141 966416
57038 525074
373225 504413
476211 873894
763927 809613
43939 795213
149268 805334
138871 197474
258458 441085
116987 332765
510378 748113
704753 891631
124568 207222
109874 788612
788495 866898
38299 415140
140985 970946
43843 529068
538730 563296
259500 953302
62366 274795
310518 520606
2578 848999
38625 920963
216717 968820
167325 346522
133251 247529
107865 955574
270444 509900
204103 824984
211708 957256
858426 870363
145926 642356
490166 991380
302457 423469
139537 744082
507481 740126
455336 511416
35714 99869
3397 103214
596705 765688
169309 305905
519700 833967
170996 822811
718115 769540
623154 693623
549163 665213
255586 447092
432659 631388
761605 990748
131561 547963
360616 505790
86310 632796
199167 792215
120347 248418
626263 670887
536980 951510
425919 777417
522334 688587
540244 750797
384446 763153
308195 434683
92239 699672
63112 869192
256609 780841
161648 700795
327236 878342
454710 967011
40923 589448
477557 841819
335323 987983
724164 840754
457563 642072
240132 662020
235986 375502
507205 896320
475462 873451
58902 690531
584969 960064
405816 769476
278031 433462
234828 938607
146465 850484
5442 257898
163818 903894
271560 745610
528284 802980
4951 293592
675721 888705
379168 664611
468885 798381
456099 604974
623369 972833
17906 255241
445289 542346
527252 556690
397265 639441
683393 887345
451620 543070
57551 281137
167974 977588
967833 995136
758050 805136
64355 886146
319751 519796
466197 746543
411832 620364
659954 909516
384145 738259
345174 751616
319063 483571
240214 800201
24311 691920
386608 769827
457327 699389
448268 595474
262081 962430
327395 735956
156688 595483
455031 812031
119721 894868
291159 707355
21441 948673
248814 711507
457533 771373
455746 581950
628864 797431
330369 531878
489178 982445
101130 325706
168254 878537
677196 986854
64806 162160
21518 360863
171665 228465
70503 432789
85087 860562
140656 696251
224128 584352
583233 648878
767940 968932
356212 871661
132791 945617
295994 355797
47783 455064
157819 348109
256648 678584
53395 698105
750300 887548
141914 890041
8234 714217
117317 610650
373213 897453
299644 304466
249543 582050
457275 514083
459943 889118
908 712000
520481 544061
399829 570406
192843 744686
6798 470817
299442 408769
363526 455874
618590 653563
106161 893038
907576 950464
439535 481191
9768 586640
27071 754984
233520 893836
586505 867077
433172 845176
311166 852163
35935 270080
436900 898060
477652 872260
317344 530377
103903 255621
84637 815409
740740 970737
372907 806447
142046 498597
100120 988090
267705 895864
561182 745126
123453 397248
188021 773589
32412 744596
8896 81306
614326 904354
199763 640931
342108 461449
643455 728292
487611 577100
223773 563384
173949 500269
484368 879102
455837 556416
40813 888295
604712 878143
61379 476371
359134 983258
521244 660859
115699 684568
71265 923189
584374 870093
98047 521285
290326 551029
242197 560020
120536 605459
256149 950383
295345 474758
661798 916141
329758 343661
248630 299768
485998 814690
323323 760712
648917 769966
82535 765357
363848 674178
49396 185014
187317 252626
223739 836275
622908 828746
655564 675106
495763 815675
442523 901679
296720 682470
177865 546612
597727 933105
656256 864673
289677 832895
127358 749687
584616 909469
631436 950610
84479 804465
511513 758344
72444 752119
689693 960530
309319 428846
55381 449196
157741 322729
103444 247947
379098 819438
403458 893162
739832 964634
283177 672688
116629 726686
392190 662455
683976 891691
304939 801299
36308 232132
237382 813371
680695 783409
132291 234970
553280 557906
658244 932851
521515 847243
641354 857827
308539 400568
438764 519746
232268 984135
139142 901825
48857 809380
599563 778942
382449 439327
50617 296813
120609 431154
252046 747676
270491 507942
262490 816061
565575 856194
553764 994199
891311 912527
53298 714787
439486 762157
176729 519704
100241 471409
76306 658182
382571 523590
33853 345822
101771 335971
381917 890277
314497 325639
544387 871310
519352 861750
811941 961724
520533 955508
355232 488874
118756 653989
257009 581221
199641 855136
57990 598078
168203 626997
131326 928764
665945 809403
35210 697840
605418 679035
627913 881218
353855 673257
655828 670665
550718 589086
239495 820265
26294 451043
363607 543699
128289 949689
338953 465663
221339 839682
575215 830441
297551 666189
567754 916231
248957 896492
6307 402616
662702 889964
242742 847098
393271 558713
275425 744085
142136 652939
94090 103637
707574 789601
943319 996583
59421 284341
280520 635087
63916 131333
305326 644752
420152 831920
734663 831236
750850 962622
237790 794439
622578 746834
856943 894941
74464 578468
682284 928473
303038 350765
356170 843980
355064 785880
19202 959506
355319 505073
966715 987838
118316 133876
359429 427268
70943 739514
733875 905490
278839 564169
105362 904787
170539 308655
174804 510735
266352 735627
157915 300703
25791 462722
757966 822263
352871 759654
569792 786990
524576 708641
700742 814943
84819 860054
369926 535487
499545 638138
216365 394941
319358 488636
543791 959290
410101 704540
275932 919791
713140 787590
36273 907429
698014 813201
641070 663125
401448 418445
44892 457512
18718 489534
228346 978775
309857 894437
213257 481535
329692 366347
845787 863279
348926 907042
342229 544280
659334 763940
334304 581651
883563 949908
255977 731280
26264 789004
230468 335812
65321 318835
205520 363456
10199 751880
37395 80125
129344 426636
251621 498389
844880 929508
668471 818611
239739 244283
399062 553371
368454 634115
62784 318879
343667 558166
100586 293047
31254 421067
230793 622888
258592 359105
561330 846781
409270 662477
370972 880062
98869 428668
2599 639917
267489 702920
349625 432538
560819 567562
558007 940528
640895 843305
51832 655249
547765 787159
69618 347982
48677 200169
89381 380665
158907 182478
671776 813326
316703 731924
5559 298326
186324 513195
123680 265472
346982 695928
749646 944601
604213 957102
69189 726804
420979 750179
275804 617265
119589 245022
130018 449681
646751 775206
174504 547749
127304 152618
165660 396903
232623 548475
325480 643417
650545 754157
163743 539847
234887 633186
54114 804538
154442 446467
418031 654644
49077 103487
486668 893713
497921 622569
531471 634178
435656 913085
401205 959610
816377 877463
399482 908653
21943 104378
191549 405644
260183 825132
117779 284396
594363 797175
168340 516017
341642 428217
812548 863617
324890 519765
167841 847541
107225 155396
517451 803949
441112 805135
154110 264986
91613 284467
334122 998627
70651 470741
175135 950471
40381 195953
227139 949039
483645 631801
92362 595934
450719 592464
331205 479758
44205 722598
446393 492233
114904 133549
278805 794625
508151 995413
6135 699773
149115 733201
276501 829306
456503 674452
267404 327392
500548 907980
65808 783689
11323 654643
948286 993523
446379 991088
576659 599890
138387 754479
166121 915782
179839 732849
182550 666144
55848 944076
96610 280454
502644 605331
123712 335442
302019 990580
287835 661993
746918 979120
457681 867194
70578 634678
182410 552713
636065 675861
328811 832166
246454 285937
539682 883302
187831 552866
78658 361455
39483 685248
149125 713366
530514 869123
340730 916412
260953 874477
553668 943472
133558 399739
475772 796949
216106 731631
195798 695653
188698 608224
171706 249338
134801 878996
206108 474449
177029 275059
155324 243085
825920 958899
143106 690656
243081 882231
31122 609029
375876 846855
218683 310617
508561 559692
327414 545558
100066 758645
252660 460192
214120 364739
357682 465626
354118 605369
72846 596783
498798 801277
80479 569577
286586 686507
31917 439361
282840 370259
387647 950577
279712 828514
658738 758545
407531 474472
80297 911242
385443 756187
275851 555816
510354 983386
189574 702055
882534 899472
628079 753739
7677 747938
6055 678703
394716 682037
154637 422681
539263 760132
704059 736181
36847 522135
408540 930069
399317 538712
122340 191577
369750 443588
9753 319148
424391 809149
256884 574914
35894 661816
93529 985738
396305 890858
444692 769827
356830 456632
455048 521918
585849 690407
277973 661294
10747 506918
290994 483197
172909 571020
300611 678145
92191 828856
637335 857207
615517 812343
397544 907698
640430 743596
344332 936634
218150 544885
308789 944703
368858 588952
239819 354483
484736 819181
386479 543159
101490 739833
139511 487957
43033 512288
356117 375654
33540 439464
71539 375967
350128 840465
94403 164574
614861 626053
193056 748572
93423 689595
155193 777657
49366 575812
401929 547321
26119 409835
115198 320174
618354 805591
288957 779980
75051 642558
96700 177620
884405 966252
37241 63862
887119 968904
342615 497411
328451 409149
435415 806093
112240 640679
867617 975251
460087 811102
142399 928647
476297 641434
609663 753588
199335 910853
232920 905134
263716 866357
281909 942964
150837 521990
182280 579627
56170 832068
488936 979270
32513 169704
405108 659397
236298 697261
11373 885368
733804 989851
85505 480921
535260 906363
484823 739841
106014 127170
547157 788683
2688 904003
711031 923631
169089 679428
900940 901787
401265 600728
523925 597522
111863 295347
260933 930809
495822 532608
90215 523571
594501 694018
43874 423164
17000 234798
565498 710938
255165 939893
174463 817706
227710 256016
10114 703849
211198 247370
63572 497482
6905 154374
37153 226381
176414 186303
145743 176577
261653 444026
689589 847871
451826 569310
117402 265262
356495 489151
457756 480365
16847 505645
286261 332010
602131 613320
268875 570245
323381 985994
330706 474640
315700 789679
305573 361475
71231 422365
244708 731665
459245 532282
196912 369634
617475 742818
564110 984474
65758 509447
806858 929239
283586 653457
46080 58248
676665 975028
778913 869170
104582 564957
859626 945002
10661 944424
353330 616799
801803 827824
437129 627399
177071 217124
286350 675607
265900 617326
854968 947431
58397 404166
265936 339931
52943 783624
481835 497567
490720 791684
416351 920918
97927 464097
634077 813489
414835 834332
511505 872191
390282 939666
598250 632131
105119 652143
497259 566975
144396 613713
245145 702075
135355 758359
236127 785385
389515 510502
289659 657398
93910 229853
15110 455472
66295 282085
695796 996469
156682 563043
191911 904703
111229 408676
575629 799933
11795 964306
669579 887398
188296 336753
635840 646170
479930 486405
269479 428412
28790 717240
41812 485783
141470 478328
345521 665944
110618 749376
681797 969304
668740 856802
46975 505826
63952 824513
623901 994515
261484 745605
502156 989863
71059 962766
449840 451309
39703 819259
375640 897624
139842 278194
291669 498220
232656 961747
321864 586779
310233 405254
561112 658818
573376 879188
246425 779715
693215 762359
463555 712822
675247 759126
458570 906398
153643 464212
271051 501512
434746 849829
335939 747006
289833 740169
129295 223028
556866 944601
550527 949852
489338 686542
613927 639427
218730 269068
449573 776464
22371 850834
483573 983667
94753 224756
578149 804352
513783 783302
972 996848
456639 836916
304881 956573
267965 919708
411556 660811
396380 889558
407094 675182
157231 397178
284587 632492
546568 900998
826722 946694
167324 419504
214265 337312
386940 600227
317553 575532
556307 746485
148460 598222
476109 972296
345887 894283
747191 835578
308764 474727
472884 652077
227323 687737
620706 893812
33893 914389
641997 704231
432290 853960
209716 334803
247958 621194
361525 992609
95959 358802
166437 867715
289481 812192
27735 99545
37456 235024
53100 250959
114454 333789
353672 475319
674291 961349
340706 509581
412695 677485
467409 970081
29501 922669
94147 176357
369886 586049
411219 586264
236855 311071
163651 181950
386093 415069
11558 771365
861128 905736
347261 988315
77164 602738
725790 969216
408902 854775
90510 309322
379254 880925
269186 446554
175093 751352
251343 809086
628493 795445
169206 957848
55404 718410
175356 213138
435056 733824
280039 876382
220176 301180
250562 442046
430508 562555
258161 618854
285388 381308
93655 279612
21989 146862
30468 342971
306889 720252
97745 450468
704277 911027
118306 910346
348491 595610
415209 764933
390780 674395
827675 955592
15260 800876
142123 334752
216801 552510
786230 940066
133431 949359
4617 831977
187837 965381
186409 428113
401584 540460
660333 666876
211762 936450
174055 452531
407103 466138
287212 335735
709740 825932
38925 493018
582784 622409
227937 367931
424621 435887
572296 859360
381308 837538
422515 706402
101820 547361
488760 938307
72657 343527
317354 650059
164833 446292
167847 829034
115550 302259
301960 583840
106867 455151
680049 788320
543215 732017
80747 848960
756158 930025
150497 637069
47336 133013
193748 267597
716418 777933
417618 721133
376424 396156
31542 465843
636736 650018
413196 699153
25611 64390
568120 973020
703948 923255
249749 945988
22399 222396
869077 869635
25234 230537
416667 644224
557928 950452
73234 370203
704348 813053
595684 894807
5479 400017
40382 988044
315704 965015
477814 691899
726213 919368
687035 796368
151374 192331
265960 673885
231217 521380
862746 876018
230139 776585
99982 129736
60489 351332
218555 592619
575289 669825
642263 667700
180795 921516
53244 709622
415286 936098
119050 582634
192340 372155
223068 768526
258523 924956
295672 383188
287037 531552
120597 981593
19397 35420
631639 782687
471416 705520
605507 791723
105238 866541
841672 887147
32695 718094
914587 956523
233405 893618
27121 986537
130622 678018
874001 957049
279489 737598
524675 674479
134879 960074
471416 478733
402082 791564
655474 720487
133485 927288
82021 633845
813593 819808
359868 490504
407153 628655
44761 951805
501099 679969
574253 939638
43874 655042
588144 728954
363754 457927
914050 914590
200253 380806
282381 381261
487743 505432
6308 900645
626884 961188
378450 457794
492552 569087
308011 756807
739016 802006
326138 407417
42251 367590
175290 890523
35601 840766
255024 533376
235443 663568
533891 551045
118565 815998
874288 920319
3878 869103
339677 808820
221670 521261
373080 641675
248273 916685
895063 902555
187526 327588
116839 519674
126500 653499
6565 37873
334088 674358
23068 774196
144370 774764
146835 760803
203533 742943
162461 994513
121464 943433
37617 257165
79161 313737
553888 908187
486249 781159
741297 849528
23413 781224
461766 782887
126945 516696
508853 981742
829528 944252
98815 647972
285730 897552
254733 875190
157345 370760
436357 995628
271188 448331
418892 872346
572169 996664
551513 718921
328465 980000
278769 515748
261904 980191
3788 67894
383891 803846
41982 463372
706810 756121
11962 950646
482980 663700
426549 629099
127091 137150
11848 265684
164677 739586
281399 700077
729109 842384
326833 593239
336229 380178
108369 994157
160300 793157
264858 427917
42739 219640
671078 931566
142459 548781
403536 694770
240633 905327
203633 493581
419367 977012
99619 859390
241923 993128
116868 844487
552572 853977
95274 674056
200789 410687
237806 389111
751559 871890
108171 420412
355670 385011
466545 641727
856052 973142
112507 272155
632855 811840
502648 978197
53272 919517
595471 993978
210563 855026
97235 882057
514320 518539
618349 674163
340469 361814
291438 406933
598758 789834
226904 276548
91085 720266
230845 888647
184611 742218
407698 911589
678355 793789
534191 857365
493955 664610
663033 917731
812316 987666
104776 887275
765102 940517
34188 176176
218417 685430
14821 268414
468872 711534
98677 465167
415805 663166
89628 708994
185309 669598
264101 697897
6031 304762
644521 647895
48856 365851
537605 767903
811946 905764
963589 990451
29513 782522
563852 804238
109439 574707
75291 428073
148898 438786
626051 828062
817972 907897
385473 655792
522885 627912
440927 509503
37116 188650
202316 929590
71183 916557
16451 118627
280654 629095
236863 780769
16693 657666
308828 799179
663178 860947
687126 816409
132157 945037
244292 643395
331017 592849
736026 879366
368679 431145
877185 947511
420091 432448
198301 583556
548236 853646
440880 899443
352896 653608
387490 961369
276585 784624
457095 894762
634494 847288
497109 729563
525136 806376
617752 907576
585371 622924
555726 797847
564590 706584
500920 695239
296980 742072
231546 875763
126229 249424
475323 793607
48545 881869
9740 502763
104316 988476
501350 768202
849868 897286
364356 451683
548948 592742
532763 783096
435540 647080
188275 597250
163200 373582
981070 994911
458789 866666
243428 525852
3667 133918
361129 663837
160158 977150
766151 927503
638265 789975
215194 558169
447070 922837
37260 188438
853279 989989
437469 781436
366635 401088
210211 814134
681236 695478
48687 974643
410249 648136
287669 953338
377672 775494
129637 928896
404447 815239
35506 879609
394703 562209
375017 626337
704313 873907
618038 770436
142013 142296
104779 739274
678333 752460
134314 536955
431652 683786
638830 760563
10424 282003
20596 52910
495883 873642
100606 217010
411338 997801
169478 195075
242776 726157
504632 772376
660455 759404
128511 995647
586524 842205
750481 764417
239333 939112
67390 807188
192676 675879
269354 943278
347491 504294
236412 425390
263861 346216
163639 770448
306346 843353
63382 600047
377770 719316
775770 807820
83825 639937
536239 943384
729803 967813
757115 967683
112969 856399
90701 973710
12186 696313
488074 671039
151628 712334
734011 938668
257716 477931
674333 995042
98909 420851
330411 804906
135488 739646
813172 884222
30257 258550
490084 754443
387480 834156
147292 271275
550629 683953
353771 746563
493767 911292
165332 421932
22790 390146
82312 150528
725082 860568
520986 721605
600472 770249
251481 779347
613546 945947
99582 177823
152534 705386
739060 903583
272908 937365
301523 426470
175561 238912
51045 409021
275552 290157
257406 925772
66785 994528
388163 596661
238347 289260
687319 887137
743857 878511
142548 840195
448914 696548
705924 777118
414430 505884
105124 946190
501611 670859
158238 707033
159326 758642
599682 623127
471586 814167
158255 526416
419766 769180
899309 964026
314312 432256
39872 72572
93878 95748
543938 867405
404907 892315
383865 480908
55051 488928
792951 921452
267030 581035
32373 750884
33547 262294
325954 783901
276259 400481
268576 297513
273301 812946
106206 379718
485115 564726
274160 751904
103063 146180
389697 536656
106683 757436
229429 714699
374079 659407
883548 942270
876928 879299
136238 366213
110505 398524
310464 484171
311526 953412
741791 873444
691194 740260
634361 988468
75289 722758
85794 132335
663046 806992
9243 699667
288221 461784
421851 965145
60027 971645
290312 657663
340506 447438
818395 881973
888828 980363
692610 806275
287004 352727
364506 851246
11397 503250
108534 415188
380829 849629
481055 747249
818951 910093
317815 927555
545515 615812
448272 862579
23750 521618
416173 454546
396375 572469
286245 600103
87328 608750
104790 790578
723158 856664
636993 703015
253242 411704
5174 348263
283337 827798
338017 745816
717 326981
214088 675441
399693 678864
606957 823883
73281 942555
712540 847673
416531 575314
77123 159433
690559 701729
773055 896287
238648 860806
365945 553123
539239 574825
70269 292587
359654 497139
59899 878315
249639 696002
150887 303986
297510 882388
8121 776343
250900 915861
65952 724006
230310 330855
451871 633272
367232 508116
498073 944421
418645 766190
461520 898354
4583 327412
908673 990824
258589 816159
633549 762842
707142 898536
461050 495119
355546 981006
110365 550716
676295 680186
70435 654532
328094 528289
507621 999435
644944 984720
617325 969187
382066 732603
104910 785116
314351 782749
196542 792079
119966 705060
164977 969406
351095 870065
409667 958067
117084 854269
540072 813547
786492 848264
445097 532414
225785 602543
138844 567799
267835 352790
102844 404876
299890 867268
346907 658198
188072 575918
18434 766212
313873 421373
477148 636709
825567 900017
214221 867577
303827 336833
424381 654518
399838 504767
409203 539291
290939 767640
49995 76084
83823 938047
327030 582415
93408 934701
333875 518552
177548 791580
748716 980889
471302 963097
748274 888899
432009 863456
174719 405567
254340 634770
372667 392113
41641 297639
129904 374291
31429 620707
160354 205255
576648 822390
31473 168709
197752 966612
382889 667871
267631 931875
213056 590801
143331 183165
259800 633700
467734 718740
215738 672062
690972 936728
228844 345704
708224 864921
551306 935290
153294 921965
79965 99943
864982 918841
203312 418674
74875 977915
609027 739108
377423 750644
559661 700344
449842 987220
143844 556716
55666 181769
720395 960977
213277 322409
178524 187101
30932 917107
400496 789065
593763 744521
77371 109434
118042 902056
297093 698400
456374 868832
389760 458785
161443 628434
158543 393573
90043 854271
135883 564983
345808 440976
129695 604945
863750 986100
300013 914324
293305 349496
21492 793057
90942 708865
170630 397995
357370 801180
92816 816077
460599 476817
17798 356030
180831 576579
358092 437208
422443 930399
147953 315675
1173 199447
76895 493294
421659 813511
595469 894649
139241 700813
182222 851964
635794 935504
41080 197981
139789 352567
234454 566439
239250 827285
196811 683265
515212 836884
114763 475944
290660 373460
119658 902219
577753 769500
693675 754503
380766 906986
344250 852121
40651 155039
260064 684761
753816 974871
117472 773746
288279 967860
274057 575909
331397 743625
132455 450239
242620 887235
819344 849362
580177 888379
385661 728905
291398 993902
966119 986730
358120 882780
51721 485682
269494 932651
77815 598672
27837 180488
199840 472028
241093 606558
630402 823048
16988 342268
113637 420506
959673 963063
333164 714432
502471 841171
36129 854076
220160 987297
329356 854600
23094 36656
222253 917533
44287 238545
464159 698621
8960 369403
153014 586330
99421 181976
171139 451578
529382 884538
276485 755692
100547 574244
664992 737406
39553 175581
96388 121342
166842 347875
26112 331725
54256 609581
82746 844121
84922 960778
680683 947903
20798 673870
7242 950852
307205 982601
91813 604554
410265 604063
404428 935791
71001 727936
447859 479122
926647 984006
3510 891116
41191 182968
149645 437803
145091 402449
157084 377729
550454 690651
104387 460378
481491 603216
824068 829435
194094 908297
470367 991928
189521 352838
173368 642994
390393 641903
316858 749342
172002 725345
171907 451430
413988 904149
159377 642447
453718 673500
359365 436175
89177 974313
187151 370843
38869 908950
824041 924784
270939 281492
129425 720804
196981 485498
208461 971803
150894 997563
73808 718671
271704 598147
186272 197628
330578 918529
24066 465505
67536 753439
124503 688479
448655 606984
292235 625732
86742 291211
78781 933788
508290 787370
120663 291963
394612 817171
269844 932216
254390 419607
359816 496854
708822 713267
348142 426455
188132 533012
788325 878707
9270 508914
217090 936503
38364 365207
323652 971076
688894 959662
282497 956865
397238 969403
223907 347120
118297 950863
12766 546471
62935 959203
512433 534884
459912 622188
26856 173769
982865 992855
67413 732514
660853 913601
176481 605430
542499 941374
86482 586826
478097 769785
500103 764998
547796 967205
45063 118163
64903 846024
470227 501565
170072 988017
400755 552808
124825 428581
576032 595936
752048 983114
69014 268172
122867 297659
479576 566539
401619 649617
394808 567218
647963 738261
501524 795222
238816 410613
323198 551751
735521 910347
230545 480792
280431 311666
95935 125555
467815 753317
685770 805073
66657 615939
645681 926742
473009 999791
345462 826398
237804 364844
747027 806486
338484 883928
290551 744258
129756 951377
41451 529337
10772 950532
652258 934983
164553 652259
634664 995859
100228 429012
951267 979835
292538 833744
532526 705802
529794 572575
69192 411292
812557 877348
897815 932427
175939 702310
3934 299061
321860 672321
176610 218270
696757 988784
325766 346080
742326 852427
145557 952278
410834 690183
167865 423197
154654 243465
795116 816948
73603 570984
170507 303818
558489 762137
128016 536021
653079 747274
379641 391053
584509 623278
585181 727050
192396 432560
112452 816289
90601 589713
96212 103780
96424 961073
290048 633739
530691 876095
695957 938953
757055 967153
491528 625262
306890 940530
356401 622734
54909 922325
306135 837810
127664 193338
848191 865874
854672 993888
712818 860249
155613 852440
206094 443178
404315 570021
469748 773828
202630 870798
97355 150969
30757 348922
99355 488969
153574 389531
492597 979958
315247 789725
446134 789248
264902 476802
826060 975534
267670 444945
380089 911522
22481 383411
498999 693015
347085 465452
673343 695817
358506 682571
703909 978099
125484 267105
302053 617153
338584 406209
234289 826021
271108 801110
150740 269204
229617 313680
83921 925277
408765 621211
63104 299836
24987 686622
554458 648061
40307 122699
427815 866081
28503 211787
53320 380373
592265 963214
383163 702599
70125 385631
264351 564419
619020 937411
141128 363160
885235 911597
215656 704441
198465 742863
54356 916660
724245 768262
216278 959973
160087 558530
325677 698958
422503 790591
108312 664789
481919 706645
253358 560377
184669 788992
663236 952555
326648 532138
150335 772240
392023 535777
156274 286585
565347 697598
85202 747895
254384 558137
486591 693150
482030 833193
108764 825331
167703 626099
9543 911378
386018 513956
414152 798941
639632 658220
281938 479321
230711 888105
515316 607467
534097 843985
96837 323784
290612 388921
59847 829097
77606 349877
324847 911839
576343 907232
100719 581939
104153 504655
147223 371369
159485 979275
398095 587881
434249 557405
499828 522513
492975 824616
192666 546365
352408 881826
185855 597272
10485 20553
54118 913520
297642 936622
476627 765400
406317 608330
368254 971386
701423 800361
248788 657531
715331 996308
645141 845643
315725 879661
369717 405282
463536 631154
270730 781943
274221 340107
383157 544620
298890 885605
273523 442689
266523 780157
727630 824201
627220 889870
353095 554412
173586 874143
547988 645536
62548 513857
70903 699315
351335 424647
676131 982364
316487 813047
191461 564450
463133 692508
190751 437895
85290 973126
234234 917510
529285 554317
22273 379571
94700 741113
332490 623778
6666 387961
906590 922492
259791 805395
331981 994865
353251 445664
472801 818239
446980 627033
264438 877723
6543 343593
528757 740876
126696 388031
305777 696807
379343 429513
588202 843182
610119 948266
284575 830223
580919 845606
45211 929026
75932 323576
179261 596534
80599 618977
63097 525319
131215 350184
585359 709359
325825 824681
272392 369874
145707 161363
322781 951412
259616 348505
294354 455426
247250 931764
260062 760549
291396 897603
521298 625849
345105 570920
37893 856664
182065 575904
515073 704548
507887 988250
444504 714567
145973 948795
62082 312568
269416 723487
198706 695414
146397 860119
98718 797805
22576 614054
55582 722328
261862 698188
553247 625142
216730 402013
514286 671937
430046 719662
542682 684012
158430 247120
134672 806384
497132 803505
81911 741731
112963 701740
13455 858544
355320 715875
249721 959323
675462 985156
293395 366366
163252 614587
163845 585147
331133 990427
477633 911215
352072 814233
105021 283002
362823 670272
748404 871124
186938 528180
263435 553855
236179 713332
954681 992078
822974 866412
243950 610156
493333 524609
166874 979171
301839 605793
478131 666984
595658 683016
834194 936580
170154 731139
10858 585573
478725 644640
79923 821775
888156 970898
93364 668202
64068 111883
273203 645196
553414 603432
927983 934890
856601 896260
494178 837722
734135 907042
49970 309706
6717 917617
110819 959846
4073 345305
295289 362794
510843 694816
149917 258826
11688 829802
226909 841583
415179 849215
599718 881783
604411 604548
112944 769060
342539 368130
127397 838550
540 504742
430396 821186
189282 367761
650825 740238
114274 127689
174027 781889
221190 506890
143831 968179
138214 413767
95662 807001
416124 929652
124757 955111
42765 86071
69227 476064
109150 947966
478505 534289
160738 530983
324439 584745
685382 804609
195658 401704
186867 929484
423240 513600
202967 847223
512050 732302
352411 984829
106846 680947
22688 809443
476329 593078
35337 692784
26281 550371
456142 707847
118115 824398
128790 817425
177786 976359
69809 752667
168041 813381
354811 368752
233473 406394
197649 806402
63737 385843
291313 853967
499444 715642
489960 989889
288849 339237
382981 573379
562492 710365
245752 783242
428751 780345
58161 100355
345269 678250
199034 661929
266194 360826
183128 630153
120627 263183
338460 366016
602375 795270
292537 602235
806894 942805
252938 907795
13382 202345
24884 330722
461431 827925
129850 466611
344763 992080
635255 735760
306473 690194
207722 757295
267420 634832
151694 626771
63533 240501
842474 914004
310494 782078
500412 707185
386107 796424
658070 873459
85262 226996
37715 168692
327066 338766
610563 888548
698665 808270
712811 766227
210154 792909
509548 690702
72663 482546
556923 754394
523364 906090
239169 455550
433724 520561
1795 866355
577577 827385
233499 380558
170197 394799
274940 738930
427319 553533
819552 931417
461990 743755
93669 608947
201014 522124
5797 618418
728140 753376
408787 878449
94472 489050
317635 400837
379701 625314
233101 780307
7856 118197
280447 413318
259377 266782
620835 934516
448349 896964
234273 645005
186447 644245
851098 954712
319261 842341
240506 345968
122537 730697
322340 877718
274121 416340
242063 831057
254988 829165
66772 153532
219751 883469
22769 604370
538401 725979
198610 928380
213266 235954
175734 895678
248846 605206
409212 986386
200188 903158
64135 571393
73618 178691
322837 728476
110646 845442
40597 647548
347022 801466
245452 923971
340380 976049
135920 828559
158528 525280
189436 453643
772090 912709
568674 930471
84977 339976
64557 700879
481726 650666
439102 925982
408271 804998
495989 725179
69162 262029
219532 443726
613476 828845
46438 483794
350417 588963
591721 652660
414348 440710
478305 723670
397175 923501
319244 833732
74159 636779
39729 363093
245808 983084
100491 150997
797518 964296
264148 892574
213618 587418
44487 531400
349738 818722
140526 688008
296873 990633
190038 627309
51541 471695
316735 355715
387041 695432
602063 823683
432144 538404
25775 301104
465826 768599
73787 159589
50360 371806
8763 507215
456126 652243
279420 500473
97767 936203
76978 434339
115777 291700
654462 952976
80314 881924
5669 359406
690634 986897
269671 950241
760023 894704
483236 919346
135621 678939
326785 609233
133252 975944
80455 630481
373102 789840
835783 843126
28516 506218
63849 543998
223264 817033
67475 849682
340983 746854
129722 575618
376007 901561
185489 744168
165323 621244
497237 812962
283136 477017
58950 623400
378528 528691
125775 390635
376683 658394
60510 221966
84855 713616
408658 534328
800567 825837
98693 741027
100450 992479
149914 540282
697806 883177
680775 762561
564609 985770
133099 924606
402349 660150
28489 492294
38232 832871
537010 775722
397812 489667
331717 782660
66134 885516
381184 778897
676223 844650
176315 636388
411504 478988
388191 854102
169141 185487
361500 964715
214324 517812
11317 506298
241594 793542
238051 307541
4455 832310
354063 921512
392133 924422
113453 599426
441626 792460
40317 873691
917688 987278
79526 245847
965171 990477
826123 831408
312829 735139
62718 96240
89003 289715
96022 149606
228030 575885
367559 582137
136961 427921
609067 935808
720150 754689
132695 333292
405062 497090
238250 511291
223794 227423
293866 697257
424602 780188
455031 642174
459645 830820
346316 486445
421507 842350
792853 817536
139887 324612
96116 965888
1465 389931
246391 610718
85381 770030
143408 986837
906885 956722
136923 274849
77992 577288
648168 933256
86610 680215
300177 391797
816631 952214
593735 848941
560748 701617
776950 867515
242356 339545
145112 952194
91895 525063
112734 471026
714493 839927
59295 441640
396694 468961
115766 440264
687943 849932
389973 605687
19648 967581
397219 952053
286175 998344
52700 429609
419333 861622
482062 575074
134557 899632
336089 666024
647982 685886
423779 575656
593084 806242
67584 714112
433889 528037
549838 934898
45725 165661
20773 581062
372597 563844
8830 914919
142866 447146
838186 994816
111658 163030
100911 200580
48164 295075
32929 481729
585878 852259
467639 608439
632702 895595
79344 330743
77862 108696
448838 497275
508265 901481
501567 655047
336610 341781
603759 687944
493794 754482
380951 455005
271580 388897
558162 676416
210363 973664
32609 944123
241944 267603
181560 761483
25413 726541
91114 139894
47690 652860
315474 394407
98568 848086
691063 698501
39832 258153
127497 194587
530711 863107
448119 647336
126015 535029
61472 940845
421767 745807
273707 986363
141031 742166
172025 793621
109100 500088
111842 280110
175558 528422
6890 622788
126389 332047
593615 645504
141953 603729
396542 750736
204939 606368
581782 952433
371940 874430
846749 853449
948362 975432
214708 450549
94009 769865
383739 781222
249680 366815
269392 381071
817298 865527
349818 630295
666911 745171
648316 769947
658601 909121
483285 503163
355250 723033
154125 611829
293350 895379
103325 235660
451478 745144
462124 565221
514401 822921
297871 626965
261773 506498
178566 293755
732246 918437
85398 955591
40903 387827
100471 594215
556270 946232
58280 159642
587985 880349
256431 990340
341683 902779
126152 992502
131338 527617
221661 521251
216518 863922
94967 767813
716063 716070
460200 832977
82099 715610
125681 733842
362497 419101
15340 674051
161660 554048
414053 706181
399444 805326
105245 536632
4447 313113
356889 980606
372934 458068
191162 807943
727649 741519
419801 499338
267935 965223
550401 567424
267393 316068
125584 331319
424919 790846
27686 615439
471678 975382
789727 811547
33448 128110
68280 887901
238209 504596
109292 683334
503260 766166
529848 619380
390370 814718
545870 717532
293356 317439
355353 997924
849742 879819
23599 79277
519986 867286
419847 862403
441140 676447
814783 843861
33615 792984
13811 598030
579304 883766
156587 200526
28786 746025
656261 828229
122211 445098
256103 538557
580558 906099
278029 859671
514027 575734
44743 832368
624830 794371
742292 851408
163081 744869
508073 891040
54541 379101
848260 946051
772704 841691
244969 387060
120742 298683
328112 714114
531558 907157
48274 606789
43912 734927
235918 539061
528551 747448
891153 966923
170094 226018
721001 777452
262631 658801
351889 543636
665556 848752
270431 764188
689270 820548
31687 853480
77319 233677
323185 582391
694604 887037
11297 255660
103818 588174
43355 688582
280207 405811
227215 262549
726180 819759
296573 804036
348973 534569
128675 965115
13505 409040
598245 805788
282721 760711
460485 933190
689150 941069
43096 495392
341094 718408
417475 745486
323832 669077
114305 291095
117301 995712
433963 676916
449854 564818
772556 933679
472658 802906
230817 330655
461614 635007
639458 748398
137412 778177
39398 222045
244030 792820
731640 804656
323764 479069
484588 905906
412601 679165
91550 594641
13672 994245
155233 219902
99464 319721
708504 733226
291562 386545
226371 593971
523065 730795
714088 943661
700151 814585
184258 587702
634679 666230
356281 370897
801132 904311
315887 842714
652325 671973
777840 993678
110758 465982
258530 622597
714005 772176
653189 776555
181796 570351
56683 77931
269169 851387
762418 817276
480288 933744
494731 984033
565867 742761
273256 824712
343118 908951
139563 390624
711373 991671
100759 409541
77917 569778
500775 881363
280500 955815
60553 588740
32452 980373
787505 930917
30077 621117
169725 230236
337979 836950
996 905285
902356 964510
675652 988776
486990 839926
642783 732391
118114 532874
58824 456062
275409 688064
781119 793436
872406 999532
524321 764102
34225 478303
403064 621642
104786 495287
3934 197625
122313 151589
282518 609746
72685 613781
48527 790521
463563 532688
580782 957295
846764 957366
176400 743636
110593 301125
303165 671306
72130 733975
166800 433868
343970 656425
94971 160766
374358 443768
134553 170420
389075 578188
75066 371641
358638 558140
728365 876019
158582 871953
740765 970266
26586 876724
387218 633485
223649 775571
71157 295262
268052 324021
532894 969920
199436 745568
194289 450058
18595 100607
155935 795824
250141 436249
227973 820057
246946 267172
90213 189274
371673 710469
51557 655289
375467 438467
636194 947268
595777 870435
161349 961050
723366 846006
308647 694528
351615 937889
848307 953430
753443 792309
278514 647940
401069 988613
547729 803503
321733 978374
259376 719430
781635 898953
353428 602822
509288 779295
94365 381160
20097 565242
305651 875903
12227 121976
267376 975097
705975 857295
705975 751495
333104 408167
118189 672712
56770 596171
81276 170891
952354 969160
327603 411695
120144 847274
873529 876364
398704 676917
203387 635337
282532 474494
401481 689663
131411 966084
47466 542816
549767 832900
241264 826258
644179 749508
41491 701386
142767 792767
315000 749333
186539 933483
137708 585521
256390 580803
461718 649455
261344 694900
474402 932172
196774 204315
411291 570351
702601 718966
337261 965360
97846 193355
60960 779996
306011 900574
47938 485411
784621 890943
540600 784675
319341 716999
9435 605800
159144 290449
29191 186632
423239 923097
646900 832244
144260 473264
578144 720304
90843 748682
34306 371533
131482 861376
337050 368582
359626 365194
61709 80702
219479 890004
10232 256106
120857 284589
238770 804155
339681 835098
851233 968775
188894 524410
111505 437533
403446 834157
390886 560467
460404 756373
388572 608755
677373 791326
318924 579328
362061 682009
683236 894274
468932 669390
425617 730145
426169 482935
3348 231608
300888 481735
372771 633778
182792 862638
259784 505969
143114 692496
875556 891086
73353 860479
67540 553860
41447 99183
260105 387098
146766 355174
94104 101187
285248 549725
276550 656417
138241 650419
41893 593481
37866 934915
158519 691024
429720 578705
144117 963886
314807 541479
404811 513261
288994 351813
107995 233606
334578 698427
284231 941514
298690 637849
627252 737912
135736 234743
215895 601432
682427 772902
159153 695090
298306 343514
261471 291083
563418 733217
175977 829257
187754 256012
196246 827221
449406 653296
217616 684916
254 511426
153413 547461
532670 704638
530567 598570
578511 848418
492202 962850
151625 257315
71050 797426
267555 887056
242734 779717
197962 234434
664863 846217
398799 444856
437105 507056
707500 814145
204873 284028
228812 766192
17396 157197
847232 915624
122494 754359
391578 637449
216206 657874
533826 657601
150525 571182
543265 905262
491060 893841
887027 943385
44690 476031
87506 856402
619265 927236
672087 837830
87717 886254
209919 438664
679496 980177
832878 896035
52028 676097
204465 291745
408868 684730
51834 226454
628893 907822
249728 297724
130015 581133
178861 543767
517840 957706
557833 881323
150076 604974
600269 807975
40981 572334
578699 733634
214834 907438
177399 674167
240888 883018
151739 860308
11327 691325
336434 570842
606401 855737
94409 788813
80377 287977
329219 572484
421976 840636
267013 279306
475626 695654
372169 742498
255866 627063
53164 309102
266966 364872
157106 434937
972495 985908
449208 773987
203192 704727
365518 818383
331074 761396
160969 370826
767764 926075
491736 995387
147595 881450
262241 502865
451389 981067
366613 974529
80318 884384
220824 850888
88384 951708
112940 931867
178544 773006
256942 698401
244093 263589
64632 256466
20590 368846
71791 247409
322546 508393
271851 847131
613160 674094
201261 707968
402663 483744
887383 937815
473571 950425
264812 661844
113571 139470
853867 926394
601688 692739
545326 691157
26128 727624
202669 359639
620174 707675
587434 883141
111335 757263
420932 666750
242084 828019
206474 973638
808689 974518
702078 845957
210204 306181
193184 893283
350599 364187
244508 601391
502213 612527
267090 816866
37394 532995
18968 351714
920396 965681
356778 534098
710645 901513
467117 945123
516130 730071
77639 658303
123727 196374
270103 896275
473138 570549
334031 705991
301853 420761
648263 957862
150569 401026
746292 764641
495221 979744
677422 721156
763189 838022
150955 962611
184859 787423
480273 576257
111508 885645
248650 579549
308478 808536
34399 235773
134829 893457
685271 752896
11855 158161
372818 576824
698040 837175
91941 589227
615429 804535
33682 187594
52198 300504
738016 749919
6098 844454
249636 349159
727565 780403
208556 304072
123131 930873
443163 900100
738076 793921
195612 484279
288198 383047
43947 44390
344234 725171
24407 491410
403681 569100
966872 989621
563582 948929
687282 936103
96008 184741
43891 722775
344919 848316
76029 421586
644812 938123
764479 908183
601575 963187
589484 905339
111409 195692
29346 198845
233982 762049
596053 771302
230339 291590
373810 614776
256397 492587
136284 372293
147447 456117
571608 898636
420862 586788
359302 808809
560573 601280
62538 962354
707568 855239
335996 551228
460214 530836
202347 326725
458851 514427
638166 696501
742111 746963
487242 715949
597139 653745
496859 915119
373914 817632
38346 788697
224432 330010
318164 707019
812354 889844
191786 464891
524713 560070
433661 685850
406360 799741
53469 684870
187016 356678
368822 939961
217627 753865
25670 566912
44869 47564
490603 649846
729749 873451
468955 721309
600180 909812
126411 675830
139611 714837
489087 863507
242560 907387
554330 648041
47066 550659
346237 429595
296750 536049
655317 987542
706005 895026
435058 875911
96738 811313
502773 641989
312267 388487
470399 840561
149036 776910
378907 608359
249490 680917
19515 192436
412071 888694
652060 833249
262129 334371
132316 871648
25067 697797
332063 802443
716143 746853
203587 453299
376788 659079
53618 794639
193862 594325
188065 740181
478059 665763
849131 872426
484374 940665
624698 822348
528569 790897
14720 224846
203522 718109
149960 970880
406514 637718
829391 891787
495713 806622
126671 685061
647511 738388
528517 926270
540666 795458
499319 879000
663516 961033
612169 883151
474232 998047
409064 618423
734739 930655
137003 241078
514604 992030
40015 714575
620941 715881
221231 717310
123914 417884
778806 969296
695658 991138
498270 903890
135537 886632
676934 808295
16133 965701
545450 741346
42790 283303
389808 424617
356397 406165
390428 957877
81697 116856
45822 144891
390858 402085
637514 766609
255236 392784
334471 878479
14418 830788
50691 648251
709232 963872
534223 868325
205005 793419
556767 849459
177324 961015
573121 867998
677475 706673
291163 812027
172443 696701
139497 512924
233292 423358
60688 535882
149420 489375
305955 404379
404570 677702
281435 796042
402180 870585
93621 752450
462747 746428
720766 799707
205170 533499
232554 814513
254199 709720
514139 690649
807314 981846
115505 594178
326870 363826
346498 719582
351222 405770
91907 941518
598846 603318
651302 815261
237789 373186
723421 968811
433470 838418
60695 462052
26015 218923
346213 702300
314839 787936
5449 828840
92765 370075
251363 564147
222338 445162
107215 700831
46547 470304
241799 967678
380825 720099
324725 574136
556283 588485
258232 856458
684750 783049
536158 796403
86090 542337
617982 930114
461168 555011
151670 693402
588795 778238
72635 871835
597674 671566
25377 69901
568628 629681
61311 595529
656160 820306
670206 758229
362394 885811
354092 800279
381333 423086
202512 370865
166255 653542
69652 949949
50015 124785
464489 493761
651354 979592
235248 487219
408544 760668
280212 439003
498563 882041
25126 444064
343474 750681
690607 883980
467261 813763
462098 629638
488919 870551
169043 635086
434140 939543
84854 918737
728845 782236
172217 808446
370443 709223
113768 138527
253604 555479
140066 769263
80669 272171
246525 330401
496771 725341
57233 911664
754849 921577
91899 950286
409688 865876
407292 573394
148892 203487
263646 618527
194759 244818
204066 523481
472179 942993
38119 732825
103521 792990
223301 922794
240462 717371
364948 625820
339918 746387
298080 404794
650306 765771
611012 824969
466973 615200
665989 704992
6091 264164
300700 460910
256021 653704
818987 888784
826487 903834
318476 636890
416631 710756
712436 925473
451232 981249
587576 802722
64465 763610
181603 563871
340858 977202
59103 190225
97840 131688
130515 469793
99013 309887
604994 618841
140068 290357
707155 890725
27126 639189
364968 506927
95775 694139
585546 638066
146802 370410
808612 824412
272106 767508
441457 511333
532704 855013
436674 982528
901933 974773
390203 542980
643928 694283
578791 794942
111246 362722
331764 851278
63924 574533
87572 375270
246749 567744
240117 602518
84011 284261
116460 244190
391328 405473
502569 733602
379493 384516
74491 952307
421006 506454
281862 820478
595034 931878
536869 779733
601216 705446
73670 712448
394543 883413
246605 530005
423327 631678
263167 525962
678817 986133
614232 636362
91979 128682
430346 449754
264760 453315
337744 742891
155725 900999
145044 324901
130005 460075
651696 654990
354288 513664
34571 503083
275174 736118
46240 824112
601687 650439
343438 527317
346870 859990
227326 267360
474571 821926
7991 717719
456364 565066
79833 271017
659043 778857
324322 892736
462564 727916
219196 969012
926134 947944
109522 271963
2301 600318
378353 901379
2455 252946
533280 949129
5637 235641
47910 634463
139778 535540
152857 428432
769894 999022
150017 462322
43180 987289
255315 788242
310661 348269
83039 434315
275588 617281
34005 605294
648679 966978
341582 505299
390179 708407
140087 864814
504025 522543
310915 798043
227169 786883
460871 979650
796999 888681
325142 537120
377020 597536
73511 432101
711768 791842
362514 395892
829 805578
105915 773713
799643 906960
241917 530837
169197 575714
167873 645903
207319 256587
691083 702824
74392 760848
217525 767512
633701 922014
210120 366951
52139 982039
130748 531127
65957 269067
208133 868036
356144 667953
504423 906720
402974 446102
276307 600872
154818 659922
179629 531735
464172 981906
154756 662811
884797 961020
402350 591455
533388 655067
875151 999728
460281 883929
304693 996200
592851 658839
396675 727937
89378 902637
10065 679490
42185 821304
487688 509229
75157 320198
344071 410788
583592 747528
597142 934971
16049 135984
103673 165295
41923 644564
60660 312419
480564 992046
825534 867456
579232 741283
40517 60191
458933 546587
643038 906110
257999 823696
320362 790252
545668 573494
440635 930546
159693 190437
98960 297994
382361 516146
83722 146941
35622 449095
151573 988625
828893 833836
356198 536028
52351 786296
121383 595443
706053 982081
360969 884839
829962 911138
218089 552444
82692 519724
270992 948946
198734 705316
370248 620939
557472 863733
236260 624273
337021 928448
101579 616643
476829 761317
224019 447219
97319 481469
475712 906427
68534 624468
45831 908496
553070 696693
92216 839155
76735 918756
1411 217056
263216 385717
212334 587185
381351 828518
726385 932810
436479 646677
142222 799761
457357 983755
71196 751716
33285 265148
191240 320311
328023 451060
396771 638865
419338 839814
164554 866988
568656 806839
507856 832051
413746 527845
185112 826394
12010 476438
59387 951328
111156 474146
301365 622358
855338 945323
62426 691020
535282 806156
648104 830043
404288 567655
681432 844818
708336 803313
381586 396660
166440 222035
743415 814512
47472 107600
563051 706833
775207 780969
590183 636140
489194 545511
187764 883594
288839 794898
265236 868872
486479 563661
521132 856092
94534 925125
438816 837500
506518 914220
185754 843688
242683 722584
610364 622691
720326 824517
31022 837638
253841 583142
625908 858793
786821 859109
784944 818116
412373 764005
263231 637640
563408 866438
384493 996352
698744 718866
195377 264546
426179 471434
185139 193176
398341 523534
159085 887903
508279 964804
62415 787588
499568 819252
252213 764312
163454 391850
213483 985692
551579 653185
225364 504314
419365 695446
161947 972613
432473 643323
420571 514641
824172 909990
914499 918277
421212 842514
426719 464527
256254 947724
299332 737348
155893 962288
108958 240800
231551 738786
47615 238355
614996 768454
554542 728544
184554 224592
